recordTypes ACK=23289 GENOME=11239 MIGRATION=23290
migrations 23290
acks 23289
genomeRecords 11239
distinctMigrantEntities 20495
distinctMigrantGenomes 10385
firstRecordedAt 2026-08-03T20:26:34.415000Z (1785788794415)
lastRecordedAt 2026-08-04T14:13:14.202000Z (1785852794202)
lanes:
  slot 2 -> slot 3  9926
  slot 1 -> slot 2  7151
  slot 3 -> slot 1  6213
bySourcePeer:
  slot-1  7151
  slot-2  9926
  slot-3  6213
migrantEntityIds:
  -2147482765
  -2147409980
  -2147174861
  -2146732694
  -2146588221
  -2146220494
  -2146063597
  -2145793525
  -2145254578
  -2144982282
  -2144769122
  -2144545865
  -2144477280
  -2144272805
  -2144267015
  -2143807849
  -2143599016
  -2143585524
  -2143156338
  -2143062597
  -2143042249
  -2143007423
  -2142914956
  -2142546875
  -2142215627
  -2141452605
  -2141283963
  -2140970453
  -2140549615
  -2140258209
  -2139906082
  -2139554471
  -2139461656
  -2139121259
  -2138350727
  -2137948599
  -2137629605
  -2137597658
  -2137111592
  -2137067372
  -2137016203
  -2136817270
  -2136807344
  -2136492128
  -2135528164
  -2135314227
  -2135105792
  -2134959777
  -2134762183
  -2134023043
  -2133895090
  -2133586165
  -2133283969
  -2133033356
  -2132730131
  -2132629927
  -2132082124
  -2131520500
  -2131395295
  -2131174129
  -2130425545
  -2130212466
  -2129840010
  -2129649177
  -2129642416
  -2129566633
  -2129487032
  -2129252651
  -2129000579
  -2128942042
  -2128890967
  -2128474906
  -2128248606
  -2128138624
  -2127908210
  -2127736606
  -2127202920
  -2126715144
  -2126565859
  -2126494712
  -2126486893
  -2126263227
  -2126066987
  -2125638063
  -2125366428
  -2125223577
  -2125166846
  -2125112334
  -2124973331
  -2124867558
  -2124406038
  -2124339350
  -2124104313
  -2124003560
  -2123880331
  -2122740145
  -2122642260
  -2122347901
  -2121916973
  -2121620596
  -2121212098
  -2120283783
  -2120277254
  -2119946428
  -2119626652
  -2119590704
  -2119568543
  -2119558239
  -2119456593
  -2118979900
  -2118837149
  -2118755938
  -2118586951
  -2118401206
  -2117989023
  -2117803329
  -2117658958
  -2116997062
  -2116983771
  -2116654024
  -2116494356
  -2116493143
  -2116370693
  -2116354099
  -2116217302
  -2116203723
  -2115951777
  -2115440318
  -2115093156
  -2115075559
  -2114683739
  -2114571258
  -2114521808
  -2114208430
  -2113359131
  -2113075334
  -2113001740
  -2112987539
  -2112671254
  -2112640026
  -2112576299
  -2112487555
  -2112430440
  -2112369174
  -2112057856
  -2111844143
  -2111573862
  -2110780258
  -2110760010
  -2110675947
  -2110517899
  -2110489023
  -2110180377
  -2110159376
  -2110011014
  -2109995683
  -2109946752
  -2109723412
  -2109654609
  -2109600618
  -2109006592
  -2108907622
  -2108880944
  -2108686990
  -2108617535
  -2108369181
  -2107486566
  -2107272502
  -2107176869
  -2107042310
  -2107036767
  -2106136110
  -2105907009
  -2105706291
  -2105553867
  -2105488237
  -2105362535
  -2105329916
  -2105202791
  -2104728454
  -2104637533
  -2104449327
  -2104424972
  -2104146148
  -2103672374
  -2103663451
  -2103255502
  -2103052191
  -2102610478
  -2102140103
  -2102024790
  -2101926169
  -2101924622
  -2101800546
  -2101703599
  -2101669917
  -2101548794
  -2101380352
  -2101358271
  -2101164918
  -2101021302
  -2101016648
  -2100946404
  -2100754427
  -2100592563
  -2100238314
  -2100079910
  -2100050713
  -2099967666
  -2099734156
  -2099493321
  -2099295301
  -2099119665
  -2099046377
  -2098481443
  -2098470621
  -2098233756
  -2098214993
  -2097901476
  -2097030861
  -2096853273
  -2096351105
  -2096257427
  -2095448964
  -2095342108
  -2095281253
  -2095266961
  -2094731068
  -2094531401
  -2094345384
  -2094137482
  -2094056060
  -2093932854
  -2093710227
  -2093485454
  -2093175207
  -2093114544
  -2093046906
  -2091611713
  -2091539037
  -2091458762
  -2091288074
  -2091086837
  -2090806647
  -2090441414
  -2090349048
  -2090272339
  -2090134918
  -2089706441
  -2089077792
  -2088992521
  -2088653153
  -2088292735
  -2088283806
  -2088212789
  -2088101388
  -2087450997
  -2086969679
  -2086832887
  -2086632085
  -2086398981
  -2086314227
  -2086301203
  -2086183073
  -2086089345
  -2086047587
  -2086031419
  -2085973391
  -2085822814
  -2085761217
  -2085106379
  -2085086251
  -2084841324
  -2084809203
  -2084744004
  -2084691472
  -2084688217
  -2084444219
  -2084222188
  -2083835419
  -2083619575
  -2083606560
  -2083523603
  -2083470568
  -2083463498
  -2082954871
  -2082736249
  -2082226710
  -2082180949
  -2081457711
  -2081251276
  -2081135527
  -2081024338
  -2080762661
  -2080563986
  -2080303378
  -2080301779
  -2080256791
  -2080179279
  -2080165435
  -2079947627
  -2079889247
  -2079887492
  -2079817977
  -2079508810
  -2079165792
  -2078635179
  -2078345311
  -2078327015
  -2078312223
  -2078032501
  -2077863157
  -2077174911
  -2076821827
  -2076707917
  -2076318855
  -2076068584
  -2075897059
  -2075140763
  -2074958538
  -2074958040
  -2074374185
  -2074351802
  -2074187402
  -2073864643
  -2073841607
  -2073523566
  -2073400872
  -2073094077
  -2072871211
  -2072768425
  -2072690327
  -2072677120
  -2072425491
  -2072390591
  -2072210534
  -2071966003
  -2071819310
  -2071805635
  -2071640463
  -2070610337
  -2070230247
  -2069718445
  -2069705687
  -2069194129
  -2069145803
  -2069103995
  -2068903676
  -2068627053
  -2068499102
  -2068352691
  -2068173148
  -2067881346
  -2067566987
  -2067397204
  -2067355508
  -2067122633
  -2067115819
  -2067042225
  -2067013123
  -2066360101
  -2066316819
  -2066299755
  -2066021347
  -2065986821
  -2065917836
  -2065744207
  -2064625523
  -2064400956
  -2064115796
  -2063971155
  -2063565339
  -2063395889
  -2063227349
  -2063218334
  -2063018713
  -2062644373
  -2062363304
  -2062345685
  -2062280560
  -2062146264
  -2062020040
  -2061900013
  -2061433363
  -2061333144
  -2060993997
  -2060378800
  -2060047878
  -2059989239
  -2059832059
  -2059398114
  -2059188602
  -2059162069
  -2059152287
  -2058995730
  -2058805073
  -2058789540
  -2058531423
  -2058179914
  -2057638140
  -2057399162
  -2056539727
  -2056200394
  -2055751143
  -2055674252
  -2055616715
  -2055569542
  -2055515297
  -2055266881
  -2054946664
  -2054770731
  -2054715729
  -2054561496
  -2054293830
  -2054186998
  -2054171831
  -2054070994
  -2053408734
  -2052835869
  -2052788921
  -2051854776
  -2051799824
  -2051748781
  -2051709043
  -2051656183
  -2051597175
  -2051413035
  -2051402711
  -2051321242
  -2051207728
  -2051071149
  -2051055114
  -2050895890
  -2050362176
  -2050282024
  -2050187859
  -2049860123
  -2049265605
  -2049263106
  -2049008062
  -2048893593
  -2048655096
  -2048636424
  -2048543879
  -2048151083
  -2047453005
  -2046970096
  -2046872893
  -2046844189
  -2046775615
  -2046759055
  -2046694178
  -2046343271
  -2046337040
  -2046305068
  -2046061102
  -2045952292
  -2045920419
  -2045583049
  -2045140998
  -2045047208
  -2044785412
  -2044692327
  -2044547888
  -2044537646
  -2044121938
  -2044019339
  -2043966434
  -2043887356
  -2043397317
  -2042872495
  -2042772442
  -2042648773
  -2042529701
  -2042018173
  -2041421696
  -2041351972
  -2040223066
  -2040065691
  -2039458645
  -2039282915
  -2039250537
  -2039037452
  -2038828603
  -2038739985
  -2038680856
  -2038594022
  -2038244249
  -2037927286
  -2037828234
  -2037342984
  -2036839310
  -2036475500
  -2036229270
  -2036003056
  -2035899378
  -2035018930
  -2034254359
  -2033747456
  -2033391706
  -2033148661
  -2032602643
  -2032466943
  -2032193736
  -2032025650
  -2031278349
  -2031269152
  -2030456669
  -2030331953
  -2030246458
  -2030037366
  -2029837762
  -2029382710
  -2029369291
  -2029071444
  -2029016259
  -2029010227
  -2028756836
  -2028661100
  -2028204504
  -2028166660
  -2027137800
  -2027099746
  -2026863161
  -2026751652
  -2026207580
  -2026024606
  -2025978370
  -2025940116
  -2025770312
  -2025661563
  -2025559442
  -2025435440
  -2025357746
  -2025068103
  -2024816585
  -2024726943
  -2024550765
  -2024250599
  -2023819595
  -2023734400
  -2023640276
  -2023529115
  -2023321766
  -2023286010
  -2023278232
  -2023241763
  -2023178366
  -2023166596
  -2022894932
  -2022630118
  -2022624452
  -2022370106
  -2022339337
  -2022170982
  -2021780602
  -2021660888
  -2021330757
  -2021284879
  -2021198941
  -2020948912
  -2020929623
  -2020878719
  -2020808689
  -2020547993
  -2020513854
  -2020248391
  -2020164897
  -2019546599
  -2019167858
  -2019075165
  -2019065192
  -2019027293
  -2018940376
  -2018501973
  -2018112502
  -2018111611
  -2018017992
  -2017745343
  -2017589738
  -2017292957
  -2016988848
  -2016940459
  -2016906465
  -2016597243
  -2016521311
  -2015892699
  -2015833783
  -2015701761
  -2015598524
  -2015246476
  -2014880604
  -2014811921
  -2014753566
  -2014642976
  -2014571755
  -2014569337
  -2014068583
  -2013692271
  -2013093324
  -2013064875
  -2013062870
  -2012841750
  -2012767155
  -2012129700
  -2012129016
  -2012015104
  -2011933211
  -2011861613
  -2011710528
  -2011351962
  -2011185081
  -2010989504
  -2010474895
  -2010174958
  -2009786050
  -2009451753
  -2009449117
  -2009443956
  -2009216381
  -2009053713
  -2008848044
  -2008700546
  -2008527281
  -2007993373
  -2007681216
  -2007534815
  -2007506545
  -2007504572
  -2007273318
  -2007229200
  -2007214588
  -2006390811
  -2006315489
  -2005933056
  -2005889456
  -2005832982
  -2005610887
  -2005429234
  -2005308011
  -2005163616
  -2005096086
  -2004556162
  -2004483893
  -2004437620
  -2004005026
  -2003857839
  -2003750655
  -2002062212
  -2001410039
  -2000801466
  -2000675772
  -2000218271
  -2000197269
  -2000095504
  -1999828695
  -1999004298
  -1998837950
  -1998514435
  -1997968075
  -1997945065
  -1997403462
  -1996961263
  -1996960570
  -1996312109
  -1996139498
  -1996012665
  -1995004156
  -1994710445
  -1994687984
  -1994453256
  -1993846829
  -1993532071
  -1992975122
  -1992904029
  -1992581598
  -1992264631
  -1991187477
  -1991141024
  -1990961471
  -1990898049
  -1990704801
  -1990485297
  -1990455642
  -1989817450
  -1989369853
  -1989112583
  -1988946379
  -1988939393
  -1988821878
  -1988681867
  -1988607177
  -1988139554
  -1988090014
  -1987651221
  -1987631883
  -1986824211
  -1986618667
  -1986169849
  -1985701014
  -1985694223
  -1985689539
  -1985281492
  -1983839540
  -1983744469
  -1983640453
  -1983555020
  -1983434146
  -1983426769
  -1983359382
  -1983251906
  -1983001973
  -1982921171
  -1982854291
  -1982757331
  -1982280062
  -1982225393
  -1982189445
  -1981958163
  -1981873190
  -1981431102
  -1981337363
  -1981200890
  -1980647110
  -1980284714
  -1979917820
  -1979880156
  -1979764634
  -1979641354
  -1979288043
  -1978817144
  -1978337830
  -1978177830
  -1978163203
  -1978014299
  -1977651289
  -1977648065
  -1977623696
  -1977471807
  -1977335617
  -1977297049
  -1977093579
  -1977027063
  -1977005047
  -1976916230
  -1976843666
  -1976251209
  -1976075936
  -1975721179
  -1975389994
  -1975308609
  -1974925370
  -1974807195
  -1974769027
  -1974520060
  -1974269902
  -1973987007
  -1973947187
  -1973898441
  -1973594697
  -1973252297
  -1973047096
  -1972930127
  -1972801109
  -1972422505
  -1971588785
  -1971313547
  -1971296216
  -1971074201
  -1970911713
  -1970827348
  -1970698648
  -1970247534
  -1970033766
  -1969298790
  -1969178140
  -1969158114
  -1968553001
  -1968478147
  -1968349126
  -1968167213
  -1967809335
  -1967548760
  -1967414218
  -1967008828
  -1966917448
  -1966835838
  -1966802746
  -1966452004
  -1966384450
  -1966260323
  -1965994760
  -1965958001
  -1965611259
  -1965389228
  -1964777910
  -1964690243
  -1964658926
  -1964157809
  -1964083856
  -1963134511
  -1962755547
  -1962722787
  -1962404237
  -1961725822
  -1961634926
  -1961458862
  -1961260216
  -1960841496
  -1960766219
  -1960546719
  -1960225425
  -1960047831
  -1960035423
  -1959790250
  -1959493156
  -1959490016
  -1959443292
  -1959112770
  -1958615830
  -1958609976
  -1958524936
  -1957932869
  -1957671288
  -1957651208
  -1957519443
  -1957201858
  -1957179081
  -1956949202
  -1956693382
  -1956115378
  -1955982284
  -1955513547
  -1955172688
  -1955059423
  -1954707611
  -1954637413
  -1954564897
  -1954356558
  -1954297402
  -1954175829
  -1954154037
  -1954001889
  -1953727732
  -1952765190
  -1952059827
  -1951896264
  -1951583042
  -1951443012
  -1951300865
  -1951089655
  -1950598991
  -1950465829
  -1949875882
  -1949818172
  -1948828356
  -1948588266
  -1948327522
  -1947258379
  -1947194739
  -1947165062
  -1946941479
  -1946345538
  -1946318138
  -1946305053
  -1946224131
  -1946062296
  -1945839253
  -1945742092
  -1945720213
  -1945610508
  -1945449442
  -1945363075
  -1945164314
  -1944774185
  -1944207810
  -1944161055
  -1943842474
  -1943752728
  -1943654723
  -1943219104
  -1943211366
  -1943152193
  -1942490820
  -1941847576
  -1941725583
  -1941552716
  -1941065937
  -1940630012
  -1940349107
  -1940323809
  -1940142768
  -1940014933
  -1939942289
  -1939592163
  -1939300758
  -1939282633
  -1939130515
  -1938852034
  -1938764399
  -1938183271
  -1938148794
  -1938107192
  -1937934800
  -1937892205
  -1937642136
  -1937414520
  -1937279103
  -1936660448
  -1936559427
  -1936346330
  -1936171099
  -1935900406
  -1934863383
  -1934570661
  -1934569472
  -1934547202
  -1934413757
  -1934333275
  -1933757400
  -1933660933
  -1933561237
  -1933386636
  -1933079283
  -1932772997
  -1932714813
  -1932681909
  -1932060780
  -1931848421
  -1931357417
  -1931265652
  -1931247649
  -1931176915
  -1930883331
  -1930792942
  -1930713698
  -1930612020
  -1930472106
  -1930463986
  -1930435630
  -1930009329
  -1930004863
  -1929575882
  -1929282085
  -1928994831
  -1928870617
  -1928738362
  -1928727602
  -1926666826
  -1926426675
  -1926288390
  -1926265707
  -1926056618
  -1926055854
  -1925363878
  -1925267655
  -1925147985
  -1924583042
  -1924558375
  -1924395356
  -1923629557
  -1923355152
  -1923290423
  -1922565046
  -1922364686
  -1922311380
  -1922158191
  -1922072295
  -1922060150
  -1921766588
  -1921727811
  -1921570426
  -1921337100
  -1921204837
  -1920940426
  -1920933377
  -1920788823
  -1920743898
  -1920431524
  -1920332072
  -1920247303
  -1920219715
  -1920149563
  -1919776253
  -1919429508
  -1918920761
  -1918857840
  -1918650143
  -1918278715
  -1918275582
  -1918255672
  -1918183290
  -1918047877
  -1917982374
  -1917883852
  -1917647120
  -1917478441
  -1917458953
  -1917256219
  -1917041179
  -1916952460
  -1916696864
  -1916604738
  -1916457522
  -1916430636
  -1916386125
  -1915966179
  -1915695775
  -1915641380
  -1915428984
  -1915389553
  -1915086559
  -1914742367
  -1914509346
  -1914423003
  -1914249150
  -1913969570
  -1913878416
  -1913515917
  -1913439731
  -1913413906
  -1913101639
  -1913095416
  -1912171623
  -1911832280
  -1911762266
  -1911678275
  -1911580261
  -1911132786
  -1911039126
  -1910948369
  -1910730453
  -1910679547
  -1910678648
  -1910658466
  -1910394610
  -1910071564
  -1909985647
  -1909905356
  -1909546391
  -1909416097
  -1909382196
  -1909351597
  -1909316960
  -1909289108
  -1909179856
  -1908496056
  -1908391382
  -1908066993
  -1907523982
  -1907366038
  -1907334316
  -1907280257
  -1907259378
  -1906834226
  -1906702246
  -1906339082
  -1905966004
  -1905348862
  -1904347999
  -1904238651
  -1904224842
  -1904151857
  -1903624411
  -1903432491
  -1902934077
  -1902143208
  -1901220895
  -1901053443
  -1900902811
  -1900887842
  -1900690968
  -1900651195
  -1900591035
  -1900503253
  -1900475130
  -1900419584
  -1900175480
  -1899637408
  -1899387384
  -1899343555
  -1899302571
  -1899267336
  -1899195546
  -1899108511
  -1898925144
  -1898786091
  -1898743326
  -1898552214
  -1898483040
  -1898322508
  -1898202259
  -1898063440
  -1897674481
  -1897620424
  -1897101194
  -1896749125
  -1896572917
  -1896169975
  -1896038993
  -1895759126
  -1895649591
  -1895330524
  -1895066918
  -1895058716
  -1894644791
  -1894229143
  -1894145016
  -1893623222
  -1893547223
  -1892952330
  -1892790302
  -1892679277
  -1892527179
  -1892152573
  -1891881603
  -1891791415
  -1891667336
  -1890785365
  -1890600365
  -1890257723
  -1890121945
  -1890116142
  -1890035496
  -1889378804
  -1889248665
  -1889096092
  -1888851677
  -1888698027
  -1888611619
  -1888164241
  -1888086728
  -1887640650
  -1887237049
  -1887200256
  -1887006901
  -1886856680
  -1886579228
  -1886560686
  -1886501643
  -1886461832
  -1885913632
  -1885861263
  -1885747940
  -1885743072
  -1885724849
  -1885627664
  -1885529911
  -1885323561
  -1885277667
  -1885215847
  -1885148184
  -1885033397
  -1885009011
  -1884316471
  -1884099289
  -1883869695
  -1883575380
  -1883418735
  -1883365552
  -1883290344
  -1882896815
  -1882641321
  -1882598530
  -1882356995
  -1881513282
  -1881242565
  -1881211172
  -1881094383
  -1880961017
  -1880542020
  -1880496025
  -1880442770
  -1880232701
  -1880154630
  -1879739991
  -1879451934
  -1879312247
  -1879261644
  -1879156321
  -1878930463
  -1878512088
  -1878461993
  -1878043157
  -1877482215
  -1877464591
  -1876862009
  -1876324357
  -1876293204
  -1875599801
  -1875507635
  -1874832918
  -1874529222
  -1874518744
  -1874404369
  -1874356201
  -1874339016
  -1874093508
  -1874033517
  -1874005933
  -1873856562
  -1873401874
  -1873370544
  -1873335151
  -1873182928
  -1873058067
  -1872862988
  -1871952604
  -1871681723
  -1871322172
  -1870993414
  -1870993087
  -1870968245
  -1870964583
  -1870890284
  -1870538048
  -1870512457
  -1870221898
  -1870110635
  -1869753042
  -1868985515
  -1868925476
  -1868304153
  -1868132590
  -1867874208
  -1867780600
  -1867558193
  -1867451581
  -1867425130
  -1867265929
  -1867040201
  -1866929280
  -1866690143
  -1866564554
  -1866223026
  -1865640475
  -1865581939
  -1865552965
  -1865152735
  -1865021142
  -1864738717
  -1864645226
  -1864405899
  -1864242632
  -1862966302
  -1862903317
  -1862427490
  -1862320603
  -1861967395
  -1861906424
  -1861823281
  -1861666388
  -1861483968
  -1861375656
  -1861014102
  -1860978061
  -1860574943
  -1860437032
  -1860303430
  -1860202242
  -1860135818
  -1860043660
  -1859588342
  -1859134630
  -1858594929
  -1858382809
  -1858073753
  -1857878097
  -1857842013
  -1856962750
  -1856883548
  -1856861344
  -1856670809
  -1856584096
  -1856492156
  -1856332631
  -1856006257
  -1855550474
  -1855415743
  -1855113705
  -1854845818
  -1854804822
  -1854734042
  -1854664012
  -1854423713
  -1854091528
  -1854040626
  -1853724276
  -1853654693
  -1853402839
  -1852986041
  -1852858882
  -1852034465
  -1851688413
  -1851543456
  -1851216908
  -1851044248
  -1850825169
  -1850800684
  -1850638135
  -1850445695
  -1850240152
  -1850180148
  -1850179898
  -1850087948
  -1849769999
  -1849657680
  -1849584653
  -1849436489
  -1849306086
  -1848735767
  -1848704592
  -1848220111
  -1847803609
  -1847689584
  -1847406182
  -1847203017
  -1847143676
  -1847058991
  -1846941551
  -1846628458
  -1846571419
  -1845996604
  -1845873785
  -1845849049
  -1845581031
  -1845184999
  -1844636273
  -1844610475
  -1844580085
  -1844470208
  -1844022582
  -1843911656
  -1843710068
  -1843304073
  -1843011594
  -1842861884
  -1842800603
  -1842504534
  -1842460758
  -1841937833
  -1841742063
  -1841653631
  -1841624954
  -1841416699
  -1841415490
  -1841350883
  -1841116136
  -1840487527
  -1840278481
  -1840203426
  -1840156230
  -1840102762
  -1839956407
  -1839884045
  -1839826545
  -1839399025
  -1839356937
  -1839227191
  -1838456386
  -1837370509
  -1836834315
  -1836730772
  -1836724089
  -1836692150
  -1836232683
  -1836133559
  -1835834359
  -1835734375
  -1835679782
  -1835481929
  -1835323840
  -1835191701
  -1834912842
  -1834843949
  -1834732798
  -1834678203
  -1834535470
  -1833926842
  -1833731599
  -1833627467
  -1833362439
  -1833332644
  -1833081339
  -1832944098
  -1832594726
  -1832445255
  -1832363083
  -1832075716
  -1831994562
  -1831891578
  -1831866080
  -1831615209
  -1831198456
  -1830497133
  -1830219405
  -1830015651
  -1829937092
  -1829805414
  -1829733137
  -1829631343
  -1829531890
  -1829459226
  -1828869613
  -1828538444
  -1828365705
  -1828308186
  -1827832954
  -1827828788
  -1827760947
  -1827685752
  -1827589426
  -1826769233
  -1826695949
  -1826554608
  -1826487188
  -1826216730
  -1826182277
  -1825495668
  -1824897041
  -1824879461
  -1823605901
  -1823576765
  -1823330950
  -1823277370
  -1823073829
  -1822814328
  -1822568585
  -1822363097
  -1822194830
  -1822140046
  -1821842373
  -1821674025
  -1821527053
  -1821369543
  -1821363371
  -1821053060
  -1820893312
  -1820739301
  -1820491847
  -1820249821
  -1819976480
  -1819881128
  -1819627645
  -1819423669
  -1819169151
  -1818859464
  -1818838256
  -1818793468
  -1818791602
  -1818635472
  -1818326205
  -1818303762
  -1817992196
  -1817957968
  -1817937440
  -1817762295
  -1817267694
  -1816925252
  -1816627918
  -1816576603
  -1816533882
  -1816513443
  -1816236265
  -1816165451
  -1816156406
  -1816148486
  -1816123602
  -1816065193
  -1815957142
  -1815763559
  -1815462150
  -1815413881
  -1815248527
  -1815139962
  -1814992089
  -1814777472
  -1814614431
  -1814486846
  -1814310427
  -1814231311
  -1814165239
  -1814081169
  -1814061421
  -1813981433
  -1813760457
  -1813463934
  -1813029272
  -1812958025
  -1812901924
  -1812804775
  -1812446809
  -1812386005
  -1812384130
  -1812380155
  -1812344297
  -1812087755
  -1811881780
  -1811700434
  -1811571642
  -1811565989
  -1811177493
  -1810881858
  -1810727597
  -1810562211
  -1810353847
  -1809798354
  -1809602533
  -1809586094
  -1809258442
  -1809212624
  -1808955112
  -1808742572
  -1808528739
  -1808285295
  -1808153741
  -1807997131
  -1807815750
  -1807697643
  -1807567984
  -1806968838
  -1806960573
  -1806742748
  -1806677976
  -1806587883
  -1806425191
  -1806410909
  -1806116722
  -1806103137
  -1805699159
  -1805693442
  -1805637843
  -1805563890
  -1805555404
  -1805481130
  -1805220633
  -1805190881
  -1805055000
  -1804964352
  -1804762086
  -1804732625
  -1804550592
  -1804521521
  -1804443661
  -1804413012
  -1804412978
  -1804166923
  -1804047477
  -1804013304
  -1803123882
  -1803100415
  -1802863107
  -1802597492
  -1802546007
  -1802077672
  -1801829533
  -1801685503
  -1801366424
  -1801048032
  -1801017563
  -1800864310
  -1800709209
  -1800708514
  -1800396977
  -1800268829
  -1800061910
  -1800004566
  -1799918658
  -1799816421
  -1799724466
  -1799516762
  -1799173381
  -1798536042
  -1798325307
  -1798038053
  -1797622289
  -1797608938
  -1797393391
  -1797118186
  -1796909581
  -1796870784
  -1796531435
  -1796289344
  -1796094956
  -1795865560
  -1795105462
  -1795086788
  -1794638309
  -1794504068
  -1794355511
  -1793837754
  -1793622922
  -1793555395
  -1793496950
  -1793356112
  -1793175528
  -1792431919
  -1792421152
  -1792405302
  -1792004770
  -1791884067
  -1791636760
  -1790811801
  -1790659692
  -1790636482
  -1790497302
  -1789498525
  -1789286456
  -1789245615
  -1789193110
  -1788962242
  -1788075683
  -1787709265
  -1787646680
  -1787379230
  -1787068001
  -1786966459
  -1786747722
  -1786582958
  -1786394614
  -1785848712
  -1785796452
  -1785425571
  -1785001817
  -1784888418
  -1784647813
  -1784593745
  -1784513123
  -1784453329
  -1784341251
  -1784241766
  -1784168568
  -1784004832
  -1783985611
  -1783817853
  -1783808414
  -1783795692
  -1783704113
  -1783688386
  -1783679921
  -1783636803
  -1783474753
  -1783077532
  -1783050090
  -1782982144
  -1782617701
  -1782556625
  -1780197248
  -1779860361
  -1779482655
  -1779327651
  -1778894124
  -1778881346
  -1778636673
  -1778552763
  -1778535233
  -1778463393
  -1778181962
  -1778045602
  -1777931548
  -1777914576
  -1777838002
  -1777610100
  -1777513003
  -1776668785
  -1776272787
  -1776123659
  -1776089160
  -1775972669
  -1775803233
  -1775744545
  -1775588959
  -1775415689
  -1775176731
  -1774592760
  -1774201300
  -1774108549
  -1774078550
  -1774015766
  -1773891847
  -1773866322
  -1773802988
  -1773587268
  -1773551517
  -1772285821
  -1772268417
  -1772241002
  -1771877281
  -1771865195
  -1771682311
  -1771673782
  -1771504483
  -1771503271
  -1771294991
  -1771108630
  -1770989172
  -1770881686
  -1770763465
  -1770628253
  -1770619514
  -1770370774
  -1769560126
  -1769358338
  -1769269425
  -1769248529
  -1769174817
  -1769011485
  -1768948429
  -1768818628
  -1768600460
  -1768546302
  -1768448339
  -1768242478
  -1768202667
  -1767738995
  -1767264738
  -1767172090
  -1766745874
  -1766568237
  -1766458438
  -1766103283
  -1765882684
  -1765648864
  -1765176517
  -1764487756
  -1764397660
  -1764054624
  -1764043914
  -1763811555
  -1763787681
  -1763653907
  -1763617581
  -1763482395
  -1763474035
  -1763373610
  -1763372832
  -1763348071
  -1763263191
  -1763134718
  -1763080023
  -1762993979
  -1762709217
  -1762607256
  -1762511304
  -1762485077
  -1762401598
  -1762337201
  -1762298546
  -1762075512
  -1762042035
  -1761767511
  -1761712967
  -1761626327
  -1759836935
  -1759679814
  -1759156009
  -1758290026
  -1757701520
  -1757575701
  -1756811937
  -1756188295
  -1756167872
  -1756086953
  -1755924170
  -1755923552
  -1755603297
  -1755471055
  -1755041435
  -1754917803
  -1754767608
  -1754315448
  -1753811584
  -1753517732
  -1753516658
  -1753404612
  -1753021824
  -1752320606
  -1751992145
  -1751830213
  -1751404185
  -1751218482
  -1751118874
  -1751042919
  -1751026544
  -1750526079
  -1750176793
  -1750003630
  -1749766638
  -1749734567
  -1749681210
  -1749511319
  -1749019256
  -1748514495
  -1748396788
  -1748387009
  -1748386208
  -1748364981
  -1748300683
  -1748261338
  -1748104360
  -1747475704
  -1747332013
  -1746979186
  -1746253181
  -1745818238
  -1745733973
  -1745409511
  -1744708561
  -1744659421
  -1744647357
  -1744623166
  -1744053358
  -1743906775
  -1743825282
  -1743449410
  -1743447240
  -1743440184
  -1743402666
  -1743162790
  -1742987668
  -1742632610
  -1742329551
  -1742312392
  -1741841442
  -1741806488
  -1741593974
  -1741023477
  -1740987469
  -1740847916
  -1740637763
  -1740634126
  -1740074932
  -1740036241
  -1739793368
  -1739455197
  -1739446333
  -1739218670
  -1739032128
  -1738996955
  -1738599206
  -1738536430
  -1738297960
  -1737970182
  -1737844221
  -1737291783
  -1737063421
  -1736634798
  -1736448039
  -1736425286
  -1736256019
  -1736188092
  -1736136130
  -1735588283
  -1735568964
  -1735485254
  -1735215372
  -1735167713
  -1735116325
  -1734805680
  -1734780435
  -1734759816
  -1734598374
  -1734584220
  -1734440843
  -1734433194
  -1734369466
  -1733469471
  -1733299506
  -1733190477
  -1733055332
  -1733035185
  -1732673277
  -1732627649
  -1732174320
  -1731890005
  -1731645483
  -1731560365
  -1731535721
  -1731515726
  -1731065033
  -1730666114
  -1730545065
  -1730077029
  -1729853047
  -1729750281
  -1729583473
  -1728890238
  -1728876800
  -1728813560
  -1727932006
  -1727369597
  -1726743222
  -1726711207
  -1726608977
  -1726293823
  -1726120513
  -1725867753
  -1725848840
  -1725383253
  -1725354409
  -1725248655
  -1724888865
  -1724672856
  -1724184209
  -1723712299
  -1723100093
  -1723084160
  -1723006428
  -1722784410
  -1722763563
  -1722703313
  -1722493510
  -1722424126
  -1722416935
  -1722233420
  -1721992025
  -1721922653
  -1721892133
  -1721815175
  -1721656697
  -1721488027
  -1721314555
  -1721258939
  -1720682282
  -1720402421
  -1719987006
  -1719842899
  -1719777451
  -1718958651
  -1718861691
  -1717957946
  -1717441330
  -1717301803
  -1716947231
  -1716892729
  -1716850393
  -1716681727
  -1716501907
  -1716339923
  -1716223589
  -1715862697
  -1715601776
  -1715275469
  -1715143993
  -1714896642
  -1714626874
  -1714514624
  -1714462328
  -1714082261
  -1713422180
  -1713192806
  -1713062710
  -1712951492
  -1712921192
  -1712860164
  -1712843557
  -1712750082
  -1712517015
  -1712345665
  -1712039493
  -1711564678
  -1711204562
  -1710935207
  -1710927713
  -1710888686
  -1710509372
  -1710485207
  -1710475267
  -1710420473
  -1710420091
  -1710185367
  -1710170572
  -1710167665
  -1710053284
  -1709817635
  -1709422427
  -1709254144
  -1709107212
  -1708760370
  -1708318642
  -1708173221
  -1707728386
  -1707302866
  -1707073494
  -1707023966
  -1706885266
  -1706310660
  -1706255928
  -1706042034
  -1705865997
  -1705800054
  -1705720224
  -1705596712
  -1705575477
  -1705478880
  -1705421037
  -1705119318
  -1704919949
  -1704895753
  -1704653750
  -1704423673
  -1704369784
  -1704211850
  -1704069183
  -1703832834
  -1703679696
  -1703399054
  -1703297522
  -1703284712
  -1702777809
  -1702642671
  -1702639540
  -1702470172
  -1702158197
  -1701998278
  -1701903428
  -1701670167
  -1701402402
  -1700658114
  -1700634807
  -1700107316
  -1699286117
  -1699109033
  -1699089304
  -1699073887
  -1699041026
  -1698966885
  -1698870011
  -1698682116
  -1698547704
  -1698463858
  -1698455939
  -1698368379
  -1698320251
  -1698045492
  -1697860920
  -1697702241
  -1697587215
  -1697584174
  -1697234972
  -1697196560
  -1697169343
  -1697084875
  -1696965279
  -1696898059
  -1696815317
  -1696634034
  -1696342627
  -1696267101
  -1694949427
  -1694612301
  -1694176256
  -1693993145
  -1693771713
  -1693323054
  -1692990889
  -1692959244
  -1692860821
  -1692720545
  -1692286561
  -1692259963
  -1692077275
  -1691623740
  -1691006969
  -1690968662
  -1690560566
  -1690271439
  -1690172874
  -1690041649
  -1689951224
  -1689942190
  -1689740978
  -1689387736
  -1689272421
  -1689241779
  -1689191993
  -1688460934
  -1688356408
  -1687912430
  -1687421781
  -1687113035
  -1687095452
  -1687056790
  -1686853259
  -1686789169
  -1686519628
  -1686473899
  -1686457437
  -1686239360
  -1686226185
  -1685945723
  -1685613843
  -1685493846
  -1685220434
  -1685135488
  -1684305987
  -1684223168
  -1684191804
  -1683494322
  -1683444484
  -1683117035
  -1682572200
  -1682542507
  -1681948298
  -1681768238
  -1681557110
  -1681306638
  -1681161485
  -1681053944
  -1681046069
  -1680886226
  -1680542585
  -1680286466
  -1679792939
  -1679764953
  -1679574466
  -1679226175
  -1679190369
  -1678808438
  -1678785245
  -1678773112
  -1678595206
  -1678532103
  -1678480090
  -1678382716
  -1677480015
  -1677383127
  -1677305739
  -1677298993
  -1677246491
  -1677134447
  -1677017901
  -1676569077
  -1676414476
  -1676405903
  -1676232129
  -1676072344
  -1676042760
  -1675951449
  -1675743210
  -1675315981
  -1675166132
  -1675110919
  -1675018599
  -1674775385
  -1674759711
  -1674713627
  -1674381401
  -1674277469
  -1673659882
  -1673605095
  -1673582543
  -1673243844
  -1673103251
  -1672892663
  -1672523811
  -1672490953
  -1672374142
  -1672301107
  -1672218017
  -1672054145
  -1671600807
  -1671466614
  -1670900095
  -1670828816
  -1670760524
  -1670331566
  -1670195941
  -1669945233
  -1669562511
  -1669379220
  -1669265571
  -1669128215
  -1669032414
  -1668612100
  -1668313884
  -1667747517
  -1667530295
  -1667182444
  -1667002691
  -1666499786
  -1666364782
  -1666351678
  -1665990317
  -1665683324
  -1665633151
  -1665383749
  -1665340786
  -1665278916
  -1664488684
  -1664152886
  -1664143371
  -1663791508
  -1663577917
  -1662948825
  -1662577736
  -1662268675
  -1661932345
  -1661929495
  -1661875113
  -1661785994
  -1661550298
  -1661378887
  -1661349115
  -1661344999
  -1661261925
  -1660736324
  -1660646828
  -1660637897
  -1660571473
  -1659985000
  -1659981578
  -1659775541
  -1658860093
  -1658831051
  -1658615785
  -1658363370
  -1658159556
  -1657635217
  -1657480895
  -1657046772
  -1656377535
  -1656359699
  -1655704856
  -1655564710
  -1655178370
  -1654910333
  -1654894788
  -1654652776
  -1654619849
  -1654347862
  -1654150170
  -1654054800
  -1653514079
  -1653342324
  -1653193778
  -1653109075
  -1653081959
  -1652908350
  -1652772733
  -1652728803
  -1652517352
  -1652395764
  -1652295958
  -1652201970
  -1651720096
  -1651120703
  -1650595145
  -1650550301
  -1650220582
  -1649981415
  -1649743247
  -1649445160
  -1649404942
  -1649305445
  -1649301921
  -1649230259
  -1648888533
  -1648824038
  -1648726559
  -1648340163
  -1648134875
  -1648000380
  -1647983858
  -1647665706
  -1647494892
  -1647170676
  -1647040097
  -1646464469
  -1646161780
  -1645858034
  -1645830772
  -1645746181
  -1645724494
  -1645715225
  -1645660866
  -1645645285
  -1645092286
  -1645059544
  -1644857770
  -1644807586
  -1644685999
  -1644663477
  -1644399663
  -1643541589
  -1643540647
  -1643340201
  -1642946269
  -1642864580
  -1642862706
  -1642818833
  -1642709312
  -1642632364
  -1642417731
  -1642062065
  -1641754409
  -1641662365
  -1641495522
  -1641421611
  -1641252615
  -1640919956
  -1640808173
  -1640654512
  -1640641250
  -1640538465
  -1640483402
  -1640268839
  -1640084220
  -1639990350
  -1639925771
  -1639557631
  -1639261993
  -1638793719
  -1638591286
  -1638514867
  -1638025366
  -1637938300
  -1637612232
  -1637610955
  -1637565552
  -1637529848
  -1637168688
  -1636685996
  -1636613667
  -1636586256
  -1636272308
  -1636180286
  -1636099998
  -1635951221
  -1635867298
  -1635628414
  -1634804682
  -1634769423
  -1633608451
  -1633422541
  -1633316940
  -1633121060
  -1632966086
  -1632808711
  -1632254305
  -1632011171
  -1631879048
  -1631813448
  -1631617367
  -1631461582
  -1631092341
  -1630880023
  -1630843282
  -1630514976
  -1630506368
  -1630454598
  -1630211761
  -1630182390
  -1630006722
  -1629962175
  -1629852455
  -1629200989
  -1628765216
  -1628672331
  -1628560087
  -1628353130
  -1626814945
  -1626648705
  -1626481715
  -1626248990
  -1625995631
  -1625312015
  -1625297535
  -1625055129
  -1625033134
  -1624935782
  -1624792797
  -1624291913
  -1624137870
  -1623918047
  -1623888387
  -1623283260
  -1622596252
  -1622138003
  -1621983464
  -1621952438
  -1621665568
  -1621524182
  -1621483896
  -1621269465
  -1621096249
  -1620862560
  -1620757003
  -1620224307
  -1619889299
  -1619302243
  -1619301680
  -1618985150
  -1618893475
  -1618792976
  -1618678105
  -1618651740
  -1618234507
  -1617658557
  -1617646059
  -1617072015
  -1617031495
  -1616748554
  -1616413275
  -1616243096
  -1615965471
  -1615910281
  -1615649990
  -1615649984
  -1615558484
  -1615231081
  -1615097257
  -1614831414
  -1614805226
  -1614739177
  -1614024495
  -1613850184
  -1613728620
  -1613404998
  -1613110775
  -1613104103
  -1613047291
  -1612940868
  -1612438396
  -1612351935
  -1612301416
  -1612253992
  -1612226543
  -1612205517
  -1612083144
  -1611790133
  -1611351169
  -1610607884
  -1610527499
  -1610351538
  -1610131133
  -1610098655
  -1609986157
  -1609915746
  -1609831727
  -1609807395
  -1609416383
  -1609195597
  -1609097526
  -1609045606
  -1608784616
  -1608292473
  -1608246272
  -1608096248
  -1608000924
  -1607898859
  -1607788932
  -1607770014
  -1607745259
  -1607689333
  -1607503831
  -1607274554
  -1606981712
  -1606903133
  -1606832812
  -1606367136
  -1606209202
  -1605620825
  -1605474135
  -1605146119
  -1605057623
  -1605049698
  -1604964991
  -1604898744
  -1604876857
  -1604800782
  -1604755605
  -1604618347
  -1604156537
  -1603568451
  -1603037869
  -1602407282
  -1602261148
  -1602017327
  -1602007278
  -1601758132
  -1601741429
  -1601598077
  -1601234684
  -1601224127
  -1601211091
  -1601174558
  -1600805401
  -1600729144
  -1600729139
  -1600683360
  -1600582151
  -1600101289
  -1600093613
  -1599912879
  -1599871766
  -1599666858
  -1599463237
  -1598980769
  -1598681550
  -1598633893
  -1598625770
  -1598541554
  -1598454165
  -1598412156
  -1598091175
  -1597983077
  -1597912152
  -1597536712
  -1597349300
  -1596671996
  -1596580590
  -1596553944
  -1596336731
  -1596300993
  -1596290024
  -1596266811
  -1596209408
  -1595743811
  -1595629684
  -1595329972
  -1594711791
  -1594645702
  -1594247791
  -1594237756
  -1594024984
  -1594010634
  -1593458797
  -1593448553
  -1593066568
  -1592581464
  -1592156875
  -1591766274
  -1591691814
  -1591566210
  -1591002890
  -1590959257
  -1590570390
  -1590568415
  -1590565072
  -1590099098
  -1589770491
  -1589341238
  -1588894389
  -1588550226
  -1588329570
  -1588220707
  -1587935012
  -1587463922
  -1587449793
  -1587082015
  -1587076067
  -1586969330
  -1586933440
  -1586697232
  -1586556734
  -1586455542
  -1586394994
  -1586238528
  -1585909063
  -1585895827
  -1585830864
  -1585805370
  -1585613498
  -1585432914
  -1584266603
  -1583514480
  -1582754671
  -1582481287
  -1582418034
  -1582158375
  -1582102218
  -1581581808
  -1581339392
  -1580998387
  -1580760000
  -1580100403
  -1579623127
  -1579263313
  -1579211623
  -1579099799
  -1578952374
  -1578891958
  -1578730832
  -1578544846
  -1578496533
  -1578410358
  -1578156149
  -1578054015
  -1577630825
  -1577549165
  -1577481667
  -1577216274
  -1576540212
  -1576373438
  -1576350691
  -1576248653
  -1576193276
  -1575876376
  -1575753482
  -1575683680
  -1575484901
  -1575083880
  -1575058359
  -1575010683
  -1575005880
  -1574648356
  -1574551530
  -1574538765
  -1574437978
  -1574331233
  -1574140879
  -1574026519
  -1574018509
  -1574002008
  -1573709768
  -1573665397
  -1573577304
  -1573367852
  -1573196898
  -1573094923
  -1573023548
  -1573012174
  -1572802706
  -1572485790
  -1572392380
  -1572381452
  -1572375301
  -1572275973
  -1571985590
  -1571976190
  -1571966247
  -1571865512
  -1571768387
  -1571571225
  -1571447521
  -1571176203
  -1571170411
  -1571112408
  -1571040057
  -1570995455
  -1570982150
  -1570969883
  -1570737412
  -1570668678
  -1570534624
  -1570529619
  -1570458685
  -1570346909
  -1569881327
  -1569670162
  -1569625102
  -1569356460
  -1569348819
  -1569252102
  -1568947461
  -1568878023
  -1568712257
  -1568574635
  -1568433287
  -1568401761
  -1568267356
  -1568096689
  -1567860617
  -1567519217
  -1567505547
  -1567289519
  -1567282548
  -1567174476
  -1567134773
  -1566925448
  -1566868369
  -1566596291
  -1566221108
  -1566169719
  -1566078381
  -1565594335
  -1565314467
  -1565303628
  -1564822243
  -1564524718
  -1564270899
  -1564059415
  -1564032900
  -1563290551
  -1562851619
  -1562840867
  -1562723318
  -1562573241
  -1562158047
  -1562138981
  -1562128806
  -1562097904
  -1561926193
  -1561827096
  -1561699310
  -1561674531
  -1561348034
  -1561207625
  -1561162730
  -1560586497
  -1560134369
  -1560055564
  -1559884329
  -1559330100
  -1558836514
  -1558727015
  -1557940989
  -1557611403
  -1557579195
  -1557070802
  -1556594660
  -1556416101
  -1556370701
  -1556293460
  -1555768470
  -1555552092
  -1555381331
  -1555222944
  -1554846591
  -1554550392
  -1554328556
  -1554038612
  -1554008584
  -1553547427
  -1553534295
  -1553330975
  -1553274830
  -1553128938
  -1553085694
  -1552821181
  -1552739813
  -1552549323
  -1552144392
  -1552019435
  -1551537412
  -1551306074
  -1550988662
  -1550803847
  -1550705950
  -1550078182
  -1550030135
  -1549885822
  -1549684105
  -1549481837
  -1549411900
  -1549084175
  -1549066576
  -1548770609
  -1548385573
  -1548279138
  -1548000169
  -1547982911
  -1547917522
  -1547885148
  -1547484679
  -1547483802
  -1547378717
  -1547280285
  -1546562302
  -1546186246
  -1546109741
  -1545944542
  -1545714278
  -1545697973
  -1545667525
  -1545625882
  -1545564253
  -1545499896
  -1545427628
  -1544879386
  -1544466501
  -1544432959
  -1544382088
  -1544085896
  -1544036047
  -1543987954
  -1543901008
  -1543730371
  -1543584200
  -1543344834
  -1542572642
  -1542222255
  -1542106911
  -1542058729
  -1541657733
  -1541593539
  -1541348434
  -1541334746
  -1541194991
  -1541085522
  -1540953375
  -1540932322
  -1540874701
  -1540427574
  -1540288726
  -1540283423
  -1540281788
  -1540208716
  -1539107767
  -1539003685
  -1538858298
  -1538786274
  -1538498368
  -1538248580
  -1538149863
  -1538073601
  -1537927728
  -1537508219
  -1537334491
  -1537226635
  -1537093274
  -1536670161
  -1536452701
  -1536098414
  -1536087433
  -1535910281
  -1535380463
  -1535153572
  -1534713093
  -1534582155
  -1534552912
  -1534234798
  -1534127923
  -1534033092
  -1533844843
  -1533272350
  -1533142054
  -1532988279
  -1531910795
  -1531810069
  -1531561993
  -1531530539
  -1531143168
  -1530946997
  -1530934127
  -1530778122
  -1530401397
  -1529814238
  -1529729353
  -1529691385
  -1529561872
  -1528947551
  -1528291569
  -1528172901
  -1528048866
  -1527864064
  -1527630235
  -1527495424
  -1527492551
  -1526843864
  -1526742403
  -1526622386
  -1526561606
  -1526443747
  -1526032484
  -1526022396
  -1526011174
  -1526006380
  -1525923424
  -1525784785
  -1525632553
  -1525467609
  -1525418348
  -1525363863
  -1525361701
  -1524811784
  -1524539376
  -1523995431
  -1523980490
  -1523899564
  -1523763561
  -1522795812
  -1522728731
  -1522703479
  -1522407444
  -1522379607
  -1521954226
  -1521854596
  -1521743876
  -1521478848
  -1521140705
  -1521113482
  -1521095800
  -1521061402
  -1520925903
  -1520770246
  -1520688414
  -1520639555
  -1520416235
  -1520237779
  -1519912736
  -1519907980
  -1519598048
  -1519229512
  -1518963337
  -1518955334
  -1518640809
  -1518638710
  -1518532252
  -1518319329
  -1518054407
  -1517969151
  -1517922692
  -1517847721
  -1517773800
  -1517301993
  -1516560048
  -1516461105
  -1516017330
  -1514980325
  -1514905823
  -1514704103
  -1514646098
  -1514351107
  -1514281167
  -1514277518
  -1514262776
  -1514119024
  -1513962129
  -1513749179
  -1513710415
  -1513506230
  -1513155009
  -1512818010
  -1512689839
  -1512201598
  -1512157979
  -1512121487
  -1511521399
  -1511502006
  -1511490080
  -1511170709
  -1511033060
  -1510866449
  -1510718739
  -1510672200
  -1510672038
  -1510238077
  -1509947274
  -1509693989
  -1508835294
  -1508711345
  -1508645421
  -1508632148
  -1508540130
  -1508517342
  -1508372401
  -1508003401
  -1507951241
  -1507887234
  -1507325801
  -1507077105
  -1507019859
  -1506872313
  -1506841773
  -1506646209
  -1506433959
  -1506128029
  -1506126655
  -1506096408
  -1506073423
  -1505839632
  -1505776357
  -1505701071
  -1505649349
  -1505573686
  -1505541867
  -1505501466
  -1505301381
  -1504951461
  -1504939852
  -1504770314
  -1504694643
  -1504154610
  -1503863575
  -1503741444
  -1503207890
  -1502600150
  -1502508161
  -1502292653
  -1502100620
  -1502004742
  -1501954781
  -1501517673
  -1501247437
  -1500726907
  -1500275960
  -1500269687
  -1500134056
  -1499616420
  -1499604360
  -1499256629
  -1499250200
  -1498696895
  -1498492551
  -1498350113
  -1498318312
  -1498213550
  -1498049750
  -1497829855
  -1497800314
  -1497778913
  -1497661546
  -1497396824
  -1497279014
  -1497055487
  -1496957896
  -1496259189
  -1496213188
  -1496113787
  -1496002627
  -1495891100
  -1495764581
  -1495612006
  -1495077733
  -1494680989
  -1494536540
  -1493760726
  -1493506454
  -1493427262
  -1493397788
  -1492685152
  -1492673999
  -1492638313
  -1492573315
  -1492302147
  -1492264854
  -1492071199
  -1491293536
  -1490916529
  -1490675264
  -1490218405
  -1490117878
  -1490063854
  -1489884457
  -1489512019
  -1489154151
  -1489003053
  -1488989678
  -1488819810
  -1488715706
  -1488710182
  -1488696692
  -1488594580
  -1488408423
  -1487906781
  -1487684647
  -1487480441
  -1487176085
  -1487152290
  -1487113180
  -1486952540
  -1486613766
  -1486597423
  -1486566965
  -1486263809
  -1486139437
  -1486030453
  -1485901358
  -1485821940
  -1485811637
  -1485810855
  -1485675819
  -1485667697
  -1485554870
  -1485531399
  -1485468972
  -1485389661
  -1485350365
  -1484986981
  -1484982250
  -1484683904
  -1484529108
  -1484317886
  -1483871497
  -1483740752
  -1483648811
  -1483589036
  -1483571467
  -1482933607
  -1482835991
  -1482704037
  -1482638813
  -1482624015
  -1482550100
  -1482409460
  -1482177163
  -1482022259
  -1481963158
  -1481517539
  -1481449925
  -1481131830
  -1481123438
  -1480680510
  -1480324839
  -1479927338
  -1479723587
  -1479710699
  -1479567454
  -1479352479
  -1479277121
  -1479075052
  -1478903425
  -1477847101
  -1477794845
  -1477717203
  -1477286065
  -1477119630
  -1476820710
  -1476743209
  -1476256336
  -1475842512
  -1475743676
  -1475077981
  -1474839376
  -1474219944
  -1473603193
  -1473300655
  -1472011400
  -1471409895
  -1471302520
  -1471174490
  -1470994928
  -1470680417
  -1470522649
  -1470490755
  -1470288437
  -1469769685
  -1469577193
  -1469402099
  -1469260186
  -1468976052
  -1468861951
  -1468842298
  -1468802474
  -1468672691
  -1468470289
  -1468416501
  -1468281232
  -1468222206
  -1468124043
  -1468094678
  -1468032270
  -1467898998
  -1467810976
  -1467612830
  -1467604473
  -1467353586
  -1467200962
  -1467088782
  -1466822087
  -1466814291
  -1466583742
  -1466506879
  -1466284498
  -1465791279
  -1465676185
  -1465484578
  -1465318406
  -1464662383
  -1464440863
  -1464218182
  -1464061394
  -1463999174
  -1463952607
  -1463888828
  -1463519877
  -1463358063
  -1463302610
  -1462702321
  -1462529213
  -1462196298
  -1462191945
  -1462181849
  -1461714855
  -1461618350
  -1461053855
  -1460938290
  -1460750894
  -1460715328
  -1460231114
  -1459910399
  -1459863125
  -1459210008
  -1458577794
  -1458105046
  -1457864724
  -1456904857
  -1456447771
  -1456413526
  -1456107171
  -1455831857
  -1455812780
  -1455700498
  -1455601958
  -1455342465
  -1454913421
  -1454388999
  -1454359745
  -1454222108
  -1454015183
  -1453929521
  -1453643869
  -1453174127
  -1453151567
  -1453100236
  -1453047190
  -1452925807
  -1452549467
  -1452489225
  -1451921450
  -1451833548
  -1451312132
  -1450994623
  -1450944053
  -1450869085
  -1450598641
  -1450588610
  -1450283870
  -1450027416
  -1449992495
  -1449890208
  -1449821752
  -1449798790
  -1449774321
  -1449625091
  -1449589712
  -1449385075
  -1449361669
  -1449304406
  -1449163073
  -1449052885
  -1448851130
  -1447993058
  -1447749827
  -1447347679
  -1447170582
  -1446615946
  -1446517314
  -1446428014
  -1446381629
  -1446194873
  -1445862458
  -1445686605
  -1445301729
  -1445157824
  -1445023252
  -1444964243
  -1444225700
  -1443740338
  -1443519517
  -1443456580
  -1443376685
  -1443275831
  -1443126868
  -1442570301
  -1442373329
  -1442159254
  -1442076947
  -1441992103
  -1441619074
  -1440639011
  -1440633143
  -1440282878
  -1440230011
  -1439849973
  -1439742947
  -1439324397
  -1439096986
  -1438964673
  -1438875480
  -1438787273
  -1438572387
  -1438235617
  -1437929017
  -1437427919
  -1437204252
  -1436398297
  -1436293619
  -1436272474
  -1436180142
  -1436036106
  -1435671593
  -1435581693
  -1435555680
  -1435480139
  -1435376438
  -1435083439
  -1434883674
  -1434726113
  -1434664650
  -1434663789
  -1434547728
  -1434502237
  -1434487959
  -1434301650
  -1434002175
  -1433519107
  -1433245358
  -1433022844
  -1432837710
  -1432729641
  -1432409355
  -1432293061
  -1432113002
  -1431538676
  -1431449568
  -1431338263
  -1431332945
  -1431266199
  -1431254080
  -1431052142
  -1430991336
  -1430834083
  -1430805311
  -1430638456
  -1430572349
  -1430540436
  -1430498517
  -1430435201
  -1429067416
  -1428728006
  -1428502689
  -1428351987
  -1428264374
  -1428129728
  -1427651557
  -1427636415
  -1426930619
  -1426247718
  -1426207180
  -1426079547
  -1426025774
  -1425799136
  -1425767903
  -1425596173
  -1425586163
  -1425562757
  -1425554218
  -1425409673
  -1425359069
  -1425137369
  -1425004420
  -1424700790
  -1424447626
  -1424369863
  -1424287223
  -1423623494
  -1422844640
  -1422568775
  -1422509312
  -1422095745
  -1421849115
  -1421696965
  -1421206712
  -1421065964
  -1421028413
  -1420885688
  -1420780448
  -1420747678
  -1420649498
  -1420593444
  -1420016445
  -1419735542
  -1419604790
  -1419331974
  -1418920475
  -1418634275
  -1418427662
  -1418028857
  -1417564713
  -1417168118
  -1416689305
  -1416590833
  -1416197175
  -1416126022
  -1416059727
  -1415926514
  -1415810541
  -1415787724
  -1415615867
  -1415271827
  -1414866880
  -1414725828
  -1414447012
  -1414371754
  -1414277726
  -1414149454
  -1414138185
  -1414133957
  -1414126940
  -1413904204
  -1413838251
  -1413651396
  -1413553937
  -1412857398
  -1412638737
  -1412299607
  -1412267992
  -1412062034
  -1411589773
  -1410772378
  -1410417785
  -1410330618
  -1410169930
  -1410159633
  -1409857254
  -1409825649
  -1409737987
  -1409625346
  -1409591396
  -1408838208
  -1407880050
  -1407760951
  -1407495355
  -1407463413
  -1407339720
  -1407215762
  -1407205096
  -1407190740
  -1406773801
  -1406610263
  -1406479236
  -1406204288
  -1406160658
  -1406158122
  -1406155172
  -1405817308
  -1405716149
  -1405702611
  -1405500098
  -1405467545
  -1405349312
  -1405216125
  -1404896541
  -1404693695
  -1404587147
  -1404515206
  -1404318810
  -1404198968
  -1404045023
  -1403911240
  -1403762760
  -1403649625
  -1403466372
  -1403407496
  -1403388908
  -1403155133
  -1402876098
  -1402741849
  -1402580895
  -1402565035
  -1402447868
  -1402432653
  -1402290439
  -1402264265
  -1402242365
  -1402032893
  -1402023752
  -1401883433
  -1401259732
  -1401099074
  -1400995949
  -1400869730
  -1400451496
  -1400072221
  -1399722318
  -1399329986
  -1399186309
  -1399165528
  -1399135699
  -1398868916
  -1398621687
  -1398521183
  -1398401128
  -1398387356
  -1398386234
  -1398272248
  -1398237288
  -1398032689
  -1397595072
  -1397433162
  -1397361249
  -1397204732
  -1397128410
  -1397105382
  -1396925998
  -1396732404
  -1396709737
  -1396656885
  -1396537704
  -1396332905
  -1396164568
  -1395475548
  -1395297700
  -1394971341
  -1394508572
  -1394119979
  -1393937131
  -1393915795
  -1393757721
  -1393738670
  -1393639799
  -1393508467
  -1393310876
  -1393237493
  -1393115196
  -1392990316
  -1392974898
  -1392949538
  -1392801735
  -1392795428
  -1392582307
  -1392379187
  -1392328869
  -1392311363
  -1392087044
  -1392007254
  -1391973520
  -1391553275
  -1391039374
  -1390414118
  -1390268873
  -1390170035
  -1390167319
  -1390100924
  -1389961831
  -1389853332
  -1389842217
  -1389832600
  -1389494026
  -1389036005
  -1388995794
  -1388853051
  -1388742046
  -1388534227
  -1388284020
  -1387956934
  -1387736108
  -1387572872
  -1387502976
  -1386905983
  -1386880905
  -1386800613
  -1386698561
  -1386090370
  -1385683739
  -1385608245
  -1385569350
  -1385565756
  -1385525819
  -1385468805
  -1384975504
  -1384860235
  -1384790679
  -1384654745
  -1384478421
  -1384218510
  -1384166348
  -1384112198
  -1384024025
  -1384015351
  -1383937773
  -1382632386
  -1382632153
  -1382564274
  -1382425111
  -1382371193
  -1382258145
  -1382240935
  -1382165459
  -1381389451
  -1381279770
  -1381134552
  -1380856225
  -1380591506
  -1380499527
  -1379545569
  -1379426872
  -1379385435
  -1379169154
  -1379148940
  -1378337806
  -1378311346
  -1378180595
  -1377531169
  -1377178734
  -1377113979
  -1376877368
  -1376330742
  -1376310756
  -1376253822
  -1376037417
  -1376019848
  -1375693081
  -1375572029
  -1375299037
  -1375112399
  -1374703633
  -1374462089
  -1373915302
  -1373646764
  -1373631002
  -1373607177
  -1373570184
  -1373406954
  -1372756024
  -1372649216
  -1372110089
  -1372104614
  -1371912642
  -1371785763
  -1371727854
  -1371723798
  -1371444298
  -1371441763
  -1371383052
  -1371330218
  -1371030172
  -1370897155
  -1370713232
  -1370561429
  -1370523336
  -1370511539
  -1370479492
  -1370342319
  -1370284041
  -1370132284
  -1369838881
  -1369586538
  -1369523540
  -1369330024
  -1368992070
  -1368906417
  -1368331853
  -1368057769
  -1367676733
  -1367624633
  -1367318309
  -1367282752
  -1367167388
  -1366777480
  -1366532707
  -1365555054
  -1365254706
  -1365082815
  -1364974870
  -1364555301
  -1364090054
  -1364046815
  -1363974133
  -1363794656
  -1363583306
  -1363240625
  -1363214005
  -1362811212
  -1362208798
  -1362153486
  -1361948679
  -1361498374
  -1361105617
  -1361044027
  -1360893133
  -1360873746
  -1360850117
  -1360814426
  -1360666210
  -1360277575
  -1360075317
  -1359986182
  -1359833427
  -1359704438
  -1359644167
  -1359462745
  -1359424722
  -1359147297
  -1358492684
  -1358187504
  -1357815129
  -1357641099
  -1357472976
  -1357269179
  -1357223550
  -1356990055
  -1356773531
  -1356746263
  -1356566012
  -1356263756
  -1356088576
  -1356046487
  -1355424049
  -1355172458
  -1355042398
  -1354884149
  -1354802323
  -1354527655
  -1354479133
  -1354298648
  -1354275858
  -1353887037
  -1353761394
  -1353308759
  -1352885438
  -1352832280
  -1352340496
  -1352292558
  -1352238202
  -1352208371
  -1352111063
  -1351460748
  -1351142733
  -1350945906
  -1350771107
  -1350406348
  -1350130620
  -1350064211
  -1349705514
  -1349665681
  -1349545714
  -1349404347
  -1349350841
  -1348913677
  -1348613624
  -1348190473
  -1347892752
  -1347437578
  -1347378299
  -1347164685
  -1347083678
  -1346727164
  -1346187882
  -1345601041
  -1345312052
  -1345012415
  -1344938000
  -1344586595
  -1344397043
  -1344241946
  -1343881821
  -1342477214
  -1342446587
  -1342319260
  -1341624020
  -1341437347
  -1341243679
  -1341046223
  -1340994479
  -1340828125
  -1340731018
  -1340542006
  -1340124032
  -1339936871
  -1339501119
  -1339406415
  -1339066050
  -1338822405
  -1338768914
  -1338764445
  -1338693151
  -1338624678
  -1338518231
  -1338243443
  -1337368130
  -1337093948
  -1336806141
  -1336777023
  -1336564044
  -1336470580
  -1336214422
  -1336179552
  -1336028739
  -1335708554
  -1335496163
  -1335248991
  -1335094336
  -1334992020
  -1334067353
  -1333682814
  -1333382312
  -1333275849
  -1332474188
  -1332291678
  -1332187390
  -1332109906
  -1331964852
  -1331893040
  -1331850568
  -1331664563
  -1331509814
  -1331459543
  -1331363829
  -1331350453
  -1331318844
  -1331016396
  -1330727122
  -1330575647
  -1330556236
  -1329842758
  -1329823921
  -1329552720
  -1328969709
  -1328955386
  -1328847529
  -1328081090
  -1328072934
  -1327905891
  -1327374802
  -1327233576
  -1327086915
  -1327006907
  -1326661445
  -1326346889
  -1326237747
  -1326232869
  -1325881764
  -1325880758
  -1325870173
  -1325839732
  -1325578953
  -1325435186
  -1325345365
  -1325306191
  -1325170211
  -1324632091
  -1324319232
  -1323967449
  -1323928220
  -1323608037
  -1323569921
  -1323366663
  -1323299669
  -1322986766
  -1322959845
  -1322915720
  -1322643498
  -1322471513
  -1322253370
  -1322005549
  -1321817234
  -1321667128
  -1321645122
  -1321548659
  -1321366177
  -1321277532
  -1321147420
  -1321014819
  -1320948344
  -1320518888
  -1320518023
  -1319956785
  -1318830358
  -1318786757
  -1318727151
  -1318697044
  -1318520416
  -1318515193
  -1318313918
  -1318214168
  -1318186373
  -1318084924
  -1317891271
  -1317502640
  -1317290423
  -1317206783
  -1317141339
  -1316704779
  -1316354981
  -1316166238
  -1316117414
  -1315902974
  -1315773527
  -1315307661
  -1314999684
  -1314992509
  -1314974586
  -1314965872
  -1314883330
  -1314773624
  -1314689151
  -1314498055
  -1314485263
  -1314356065
  -1314057795
  -1314023995
  -1313998325
  -1313945966
  -1313931385
  -1313866941
  -1312899327
  -1312529727
  -1312461568
  -1312223833
  -1312015954
  -1311808402
  -1311524960
  -1311484904
  -1311370926
  -1311353696
  -1311076614
  -1310949772
  -1310808043
  -1310687910
  -1310589784
  -1310474216
  -1310085071
  -1309853449
  -1309764555
  -1309713232
  -1309558437
  -1309336676
  -1308737741
  -1308440685
  -1308131158
  -1307745416
  -1307609763
  -1307420338
  -1307346723
  -1307307056
  -1307281256
  -1306384054
  -1306052651
  -1306039213
  -1306028996
  -1306014281
  -1305791768
  -1305637637
  -1305596558
  -1305563566
  -1304863482
  -1304591849
  -1304326092
  -1304145674
  -1304050532
  -1303505680
  -1303500574
  -1303405622
  -1302785804
  -1302654396
  -1302610425
  -1302512154
  -1301950580
  -1301779949
  -1301392180
  -1301188829
  -1301033877
  -1300950833
  -1300378025
  -1299898011
  -1299818427
  -1299815558
  -1299792678
  -1299214784
  -1299150234
  -1299052087
  -1298658404
  -1298568800
  -1297743786
  -1297613532
  -1297601330
  -1297261147
  -1297248360
  -1297197792
  -1297079405
  -1296306808
  -1296164089
  -1295771451
  -1295755997
  -1295446815
  -1295314063
  -1294866302
  -1294831133
  -1294634813
  -1294581265
  -1294530724
  -1294397087
  -1294137237
  -1293593736
  -1293579396
  -1293361626
  -1293355762
  -1292844001
  -1292642577
  -1292485096
  -1292434151
  -1292421512
  -1292138752
  -1291914946
  -1291860194
  -1291670145
  -1291318239
  -1291210711
  -1291209604
  -1291202893
  -1291122841
  -1291109154
  -1291019411
  -1290994589
  -1290664133
  -1290444088
  -1290376963
  -1290235043
  -1289756019
  -1289517739
  -1289489540
  -1289484424
  -1289188540
  -1288929136
  -1288325024
  -1288279451
  -1288042320
  -1288016615
  -1287667159
  -1287626624
  -1287626196
  -1287235880
  -1287108312
  -1287103685
  -1287088877
  -1286866749
  -1286798493
  -1286773226
  -1286639414
  -1286368282
  -1286364506
  -1286182047
  -1286160562
  -1286118143
  -1285469422
  -1285283053
  -1285007308
  -1284997797
  -1284986973
  -1284228488
  -1284159450
  -1283949305
  -1283053665
  -1282695148
  -1282575584
  -1282107634
  -1281990412
  -1281867144
  -1281615826
  -1281487062
  -1281342772
  -1281136734
  -1280753006
  -1279241436
  -1279143684
  -1279055568
  -1279010730
  -1278920986
  -1278837784
  -1278688884
  -1278680130
  -1278539002
  -1278040229
  -1277702866
  -1277197029
  -1277191617
  -1277090322
  -1276921483
  -1276911012
  -1276824498
  -1276756795
  -1276318860
  -1276283836
  -1276137379
  -1276110910
  -1275860754
  -1275759047
  -1275656223
  -1275577336
  -1275405424
  -1275235479
  -1274855989
  -1274415169
  -1273764313
  -1273693976
  -1273667775
  -1273230885
  -1273160264
  -1272917891
  -1272697049
  -1272694674
  -1272564838
  -1272553002
  -1272466886
  -1272327848
  -1272104782
  -1271923830
  -1271769649
  -1271764493
  -1271207496
  -1271117304
  -1271003563
  -1270910678
  -1270759817
  -1270603133
  -1270474076
  -1270337545
  -1270307330
  -1269950299
  -1269352449
  -1269252079
  -1268808995
  -1268749935
  -1268449186
  -1268371653
  -1268345961
  -1267988689
  -1267983338
  -1267972044
  -1267920538
  -1267891661
  -1267889813
  -1267878059
  -1267709680
  -1267495352
  -1267453981
  -1267056465
  -1266831050
  -1266502660
  -1266382915
  -1266322093
  -1266282113
  -1265816566
  -1265757643
  -1265002681
  -1264616769
  -1264210130
  -1263493553
  -1263444089
  -1263387402
  -1263350211
  -1263329756
  -1263286185
  -1263222215
  -1262627272
  -1262270396
  -1262258379
  -1262233685
  -1262111727
  -1262020658
  -1261862504
  -1261828938
  -1261432923
  -1261397012
  -1261394216
  -1261374703
  -1260859490
  -1260676797
  -1260093687
  -1259693070
  -1259318469
  -1259075083
  -1258703086
  -1258465157
  -1258065407
  -1257807113
  -1257465860
  -1257411041
  -1257301416
  -1257200400
  -1256923343
  -1256540459
  -1256466559
  -1256359537
  -1256212662
  -1255978057
  -1255928523
  -1255776867
  -1255701771
  -1255696798
  -1255511641
  -1255462304
  -1255225814
  -1255206471
  -1255080587
  -1254946607
  -1254850348
  -1254439294
  -1254212884
  -1254209719
  -1254159011
  -1253966396
  -1253950091
  -1253503980
  -1253233471
  -1253029792
  -1252553291
  -1252367706
  -1252274157
  -1252201870
  -1251322284
  -1251300961
  -1250799826
  -1250617045
  -1250581277
  -1250530537
  -1250484985
  -1250270641
  -1250235568
  -1249974758
  -1249748877
  -1249449072
  -1249251120
  -1248785519
  -1248713322
  -1248406239
  -1247764275
  -1247748764
  -1247635967
  -1247448077
  -1246917369
  -1246866468
  -1246656261
  -1246629854
  -1246624449
  -1246610715
  -1246510979
  -1246510218
  -1246414861
  -1245683418
  -1245405751
  -1245182704
  -1245105004
  -1245016493
  -1244929442
  -1244534358
  -1244461702
  -1244454243
  -1244426154
  -1244246069
  -1243935363
  -1243864417
  -1243455034
  -1243158106
  -1243134905
  -1243011911
  -1242592337
  -1242313820
  -1242189587
  -1241896893
  -1241518811
  -1241443917
  -1241261717
  -1240615901
  -1240594023
  -1240584453
  -1240509387
  -1240318777
  -1240251271
  -1240078127
  -1239919566
  -1239827366
  -1239750074
  -1239488255
  -1239394906
  -1238999810
  -1238705620
  -1238197024
  -1238049338
  -1238047763
  -1237474524
  -1237418293
  -1237390095
  -1237244847
  -1236975038
  -1236772461
  -1236655843
  -1236449176
  -1236280868
  -1236254024
  -1236231554
  -1236062050
  -1236032477
  -1235930293
  -1235892586
  -1235879388
  -1235828227
  -1235292330
  -1235283141
  -1235030980
  -1234898126
  -1234227070
  -1234047680
  -1233777524
  -1233758289
  -1233560200
  -1233387507
  -1233332373
  -1233129334
  -1233001291
  -1232958794
  -1232818968
  -1232597843
  -1232527897
  -1232509479
  -1232478542
  -1232436304
  -1232147225
  -1231960106
  -1231289347
  -1231231308
  -1231145107
  -1231131128
  -1231047206
  -1230892753
  -1230870691
  -1230749050
  -1230730443
  -1230371824
  -1230349497
  -1230311256
  -1229642686
  -1229584592
  -1229560834
  -1229409710
  -1229285637
  -1229187260
  -1229132406
  -1228829207
  -1228618211
  -1228553902
  -1228383456
  -1228210261
  -1227646230
  -1227461690
  -1227420277
  -1227033276
  -1226912012
  -1226895790
  -1226890992
  -1226860809
  -1226834724
  -1226605392
  -1226600112
  -1226559081
  -1226252233
  -1226058861
  -1225783226
  -1225048853
  -1224940774
  -1224858043
  -1224564635
  -1224261094
  -1224156452
  -1223848819
  -1223716868
  -1223689322
  -1223405677
  -1223285330
  -1223244632
  -1223201594
  -1222830221
  -1222792550
  -1222134331
  -1221970001
  -1221689127
  -1221604709
  -1221511540
  -1221297893
  -1221168793
  -1221031088
  -1220967929
  -1220908087
  -1220355663
  -1220330384
  -1220213480
  -1220173567
  -1220166044
  -1220019464
  -1219716617
  -1219373932
  -1219320263
  -1218697525
  -1218290888
  -1218153051
  -1217455409
  -1217035053
  -1216946825
  -1216877287
  -1216721883
  -1216479032
  -1216087159
  -1216064821
  -1215890054
  -1215826372
  -1215416400
  -1215251919
  -1214576117
  -1214378368
  -1214312233
  -1214249310
  -1214159265
  -1214092941
  -1214019931
  -1213615202
  -1213310524
  -1213267952
  -1212813925
  -1212729484
  -1212674074
  -1212474296
  -1211898389
  -1211804891
  -1211215174
  -1210820815
  -1210739899
  -1210695935
  -1210599865
  -1210444347
  -1210072584
  -1209401444
  -1209297973
  -1208586551
  -1208586420
  -1208575465
  -1208447069
  -1207916168
  -1207566079
  -1207218274
  -1206968344
  -1206868845
  -1205970151
  -1205719371
  -1205576004
  -1205399808
  -1205202798
  -1204788196
  -1204643615
  -1204433032
  -1204424475
  -1204204766
  -1204174031
  -1204042939
  -1203966596
  -1203962895
  -1203935042
  -1203914871
  -1203696303
  -1203587980
  -1203408573
  -1203129160
  -1203111893
  -1202969786
  -1202644915
  -1202577503
  -1202505388
  -1202229101
  -1201392698
  -1201384048
  -1200753641
  -1200625753
  -1200415736
  -1200290768
  -1199990074
  -1199714852
  -1199438540
  -1199419198
  -1198676974
  -1198210504
  -1198092631
  -1198063203
  -1197905719
  -1197837763
  -1197456828
  -1197089819
  -1196558402
  -1196452573
  -1196284711
  -1196269651
  -1196223967
  -1196156139
  -1195623432
  -1195590992
  -1195380401
  -1195077329
  -1194909100
  -1194879937
  -1194556058
  -1194550811
  -1194525012
  -1194201926
  -1194186113
  -1194117369
  -1194056261
  -1194026245
  -1194011749
  -1193950410
  -1193630994
  -1193626657
  -1193586204
  -1193426985
  -1192689970
  -1192600171
  -1192289005
  -1192197191
  -1192063833
  -1191959549
  -1191513804
  -1190925876
  -1190459550
  -1190423977
  -1190326450
  -1190004625
  -1189965606
  -1189900694
  -1189739319
  -1189295858
  -1189183478
  -1189156473
  -1189123921
  -1188919450
  -1188908503
  -1188730440
  -1188548242
  -1188447088
  -1188346925
  -1188141606
  -1187955710
  -1187906273
  -1187649643
  -1187395432
  -1187359334
  -1187160079
  -1187043174
  -1186868380
  -1186656650
  -1186592094
  -1186575069
  -1186329156
  -1186320492
  -1186237174
  -1185800442
  -1185780588
  -1185711307
  -1185662991
  -1185190484
  -1184811809
  -1184625051
  -1184534925
  -1184203107
  -1184189726
  -1184148084
  -1184085710
  -1183999719
  -1183841264
  -1183660442
  -1183498132
  -1183484795
  -1183173278
  -1182412376
  -1182317533
  -1182091654
  -1181799053
  -1181713922
  -1181695225
  -1181577363
  -1181235196
  -1181018195
  -1180666564
  -1180477530
  -1180217454
  -1180034186
  -1179676876
  -1179561831
  -1179039372
  -1178980125
  -1178945103
  -1178934200
  -1178866652
  -1178313953
  -1178297220
  -1178030172
  -1177620520
  -1177479554
  -1177440366
  -1177308772
  -1176972383
  -1176837802
  -1176791000
  -1176724325
  -1176614088
  -1176408401
  -1176135442
  -1175547592
  -1175409780
  -1175336772
  -1175307421
  -1175283068
  -1174693901
  -1174589893
  -1174522465
  -1174398197
  -1174342073
  -1174159116
  -1173861641
  -1173707761
  -1173578946
  -1173442237
  -1173415841
  -1173345844
  -1173194003
  -1173083539
  -1172763418
  -1172753019
  -1172629227
  -1172467792
  -1172452111
  -1172433231
  -1172305110
  -1171985846
  -1171921094
  -1171491810
  -1171415802
  -1171075511
  -1170913708
  -1170757433
  -1170704623
  -1170530754
  -1170478196
  -1170421576
  -1170343373
  -1170094357
  -1169909348
  -1169781490
  -1169769753
  -1169677029
  -1169147235
  -1168874027
  -1168651862
  -1168601480
  -1168413709
  -1168276159
  -1168257017
  -1168143382
  -1168008510
  -1167702500
  -1167266514
  -1167192650
  -1167019285
  -1166887075
  -1166863098
  -1166823150
  -1166764075
  -1166195187
  -1166049059
  -1166012270
  -1165804475
  -1165469886
  -1165443822
  -1165318447
  -1165115034
  -1164439309
  -1164382101
  -1164270874
  -1164270847
  -1164105565
  -1163861682
  -1163793646
  -1163521226
  -1163374110
  -1163013204
  -1162901379
  -1162614285
  -1162195559
  -1160910184
  -1160527900
  -1160269214
  -1160223643
  -1160186412
  -1160076130
  -1159634311
  -1159401651
  -1158859507
  -1158445529
  -1158310006
  -1157693592
  -1157693585
  -1156924693
  -1156558677
  -1156514723
  -1156400991
  -1156101207
  -1155966951
  -1155779946
  -1155640607
  -1155291152
  -1155258707
  -1155151505
  -1154861624
  -1154631292
  -1154222801
  -1154173511
  -1153562659
  -1153498770
  -1153273459
  -1153167960
  -1153076680
  -1153073894
  -1152686476
  -1152668129
  -1152284247
  -1152174971
  -1151793458
  -1151503052
  -1151480646
  -1151431024
  -1151315016
  -1151221591
  -1149799461
  -1149291645
  -1149251308
  -1149086374
  -1149045870
  -1149035595
  -1148810280
  -1147622187
  -1147434517
  -1147267079
  -1147072199
  -1146872922
  -1146684990
  -1146497594
  -1146480716
  -1146472637
  -1146411304
  -1146298935
  -1146140597
  -1145891911
  -1145788509
  -1145729322
  -1145083157
  -1145059143
  -1144906314
  -1144418611
  -1144397980
  -1144261507
  -1144035886
  -1143806606
  -1143609560
  -1142566777
  -1142555125
  -1142407763
  -1142315987
  -1142288407
  -1141649048
  -1141487895
  -1141227405
  -1141217316
  -1140861092
  -1140820543
  -1140809523
  -1140284162
  -1140192538
  -1140062777
  -1139711197
  -1139329314
  -1139294755
  -1139250619
  -1139201595
  -1138936455
  -1138695534
  -1138353010
  -1138328396
  -1138185552
  -1137936802
  -1137440453
  -1137410944
  -1137279290
  -1137136332
  -1136998690
  -1136786220
  -1136724021
  -1136566668
  -1136383405
  -1136268032
  -1135876964
  -1135831610
  -1135664429
  -1135585014
  -1135577674
  -1135450056
  -1134894356
  -1134682135
  -1134497579
  -1134043319
  -1133994834
  -1133945378
  -1133942088
  -1133921453
  -1133910423
  -1133625733
  -1132922821
  -1132870637
  -1132431401
  -1132148602
  -1132055167
  -1132031730
  -1131843817
  -1131338071
  -1131253073
  -1130642568
  -1130636389
  -1130548892
  -1130544773
  -1129644183
  -1129465609
  -1129441681
  -1128973456
  -1128895998
  -1128778088
  -1128168668
  -1127487366
  -1127434922
  -1127275571
  -1126839435
  -1126806810
  -1126643047
  -1126566248
  -1126535195
  -1126335290
  -1125980938
  -1125777980
  -1125768958
  -1125590689
  -1125535997
  -1125379900
  -1124985282
  -1124938302
  -1124909558
  -1124839752
  -1124828955
  -1124696913
  -1124515772
  -1124136207
  -1123592107
  -1123574538
  -1123489040
  -1123474015
  -1123464507
  -1123399825
  -1123366601
  -1123345700
  -1123345120
  -1123172151
  -1123039454
  -1122961871
  -1122775567
  -1122667347
  -1122398962
  -1122379953
  -1122275419
  -1122171134
  -1121573092
  -1121354019
  -1121092567
  -1120933958
  -1120884979
  -1120587717
  -1120251168
  -1119926553
  -1119919757
  -1119464776
  -1119388599
  -1118608055
  -1118595131
  -1118572980
  -1118472631
  -1118331470
  -1118065130
  -1118029723
  -1117822190
  -1117818414
  -1117772427
  -1117768020
  -1117364706
  -1117019079
  -1116866397
  -1116767563
  -1116756752
  -1116321214
  -1116181277
  -1115883189
  -1115696426
  -1115664587
  -1115585219
  -1115581214
  -1115577140
  -1115555606
  -1115516153
  -1115378209
  -1115315151
  -1115170957
  -1115098118
  -1114523745
  -1114398956
  -1114364272
  -1114123877
  -1113929565
  -1113897434
  -1113442628
  -1113255943
  -1113200335
  -1112813891
  -1112355130
  -1112164960
  -1111872409
  -1111455469
  -1111435848
  -1111425480
  -1111386566
  -1111342426
  -1111088839
  -1111017249
  -1110849174
  -1110518899
  -1110470756
  -1110375809
  -1110270297
  -1110017833
  -1109974406
  -1109808865
  -1109801800
  -1109709549
  -1109640364
  -1109158179
  -1108352151
  -1108156123
  -1108077072
  -1108048557
  -1107389597
  -1107371680
  -1106909926
  -1106854019
  -1106692963
  -1106454026
  -1106218675
  -1106027742
  -1105926910
  -1105678557
  -1105621588
  -1105538273
  -1104921374
  -1104766280
  -1104761605
  -1104670055
  -1104643171
  -1104163061
  -1104077177
  -1103928749
  -1103536176
  -1103514381
  -1103514070
  -1103251676
  -1103203098
  -1102906219
  -1102866238
  -1102821841
  -1102643882
  -1102392682
  -1102187201
  -1101914914
  -1101903780
  -1101661939
  -1101627408
  -1101257003
  -1100962441
  -1100734104
  -1100616349
  -1100274066
  -1100145325
  -1100020937
  -1099799149
  -1099656703
  -1099301667
  -1099070670
  -1098681752
  -1098650196
  -1097931733
  -1097695741
  -1097681705
  -1097433242
  -1097332359
  -1097191313
  -1097071470
  -1096743518
  -1096687401
  -1096665047
  -1096662236
  -1096606645
  -1096224670
  -1095827836
  -1095733123
  -1095190645
  -1095165445
  -1095095761
  -1094843115
  -1094833614
  -1094412116
  -1094187389
  -1093931270
  -1093843161
  -1093731549
  -1093605461
  -1093556238
  -1093288125
  -1093119687
  -1093076752
  -1092528984
  -1092387767
  -1092233622
  -1092214250
  -1092150274
  -1091882805
  -1091803406
  -1091693419
  -1091642264
  -1091383439
  -1091196346
  -1091079122
  -1091016271
  -1090740478
  -1090627243
  -1090166892
  -1090048103
  -1089764980
  -1089190658
  -1088817525
  -1088724797
  -1088600709
  -1088075509
  -1087905366
  -1087554230
  -1087291140
  -1087260609
  -1086811127
  -1086592529
  -1086030446
  -1085991135
  -1085919092
  -1085768599
  -1085644844
  -1085437427
  -1085368503
  -1085000479
  -1084898566
  -1084875723
  -1084554734
  -1084367344
  -1084139031
  -1083282925
  -1083017210
  -1082855809
  -1082541953
  -1082358415
  -1082276686
  -1082217494
  -1081408850
  -1081074942
  -1080370138
  -1080005111
  -1079966366
  -1079910523
  -1079712972
  -1079645209
  -1079627710
  -1079278722
  -1079133315
  -1079031048
  -1078606286
  -1078254057
  -1078011588
  -1077600025
  -1077508005
  -1077263523
  -1077023467
  -1076468528
  -1076441050
  -1076325419
  -1076189001
  -1076114630
  -1076107520
  -1075544576
  -1075542379
  -1075483589
  -1075101693
  -1074826103
  -1073595897
  -1073476205
  -1073347926
  -1073112075
  -1072976469
  -1072624205
  -1072515797
  -1072261879
  -1072186610
  -1071767116
  -1071613171
  -1071545748
  -1071505674
  -1071419668
  -1071335723
  -1071318977
  -1071257921
  -1071188962
  -1070919548
  -1070821601
  -1070782170
  -1070548942
  -1070472569
  -1070447203
  -1070093116
  -1069988830
  -1069866711
  -1069859842
  -1069801205
  -1069794568
  -1069715627
  -1069658696
  -1069616377
  -1069548445
  -1069122437
  -1069038788
  -1069009920
  -1068892298
  -1068857567
  -1068795401
  -1068719209
  -1067797490
  -1067676756
  -1067418058
  -1067085410
  -1066895821
  -1066480698
  -1066449817
  -1065874988
  -1065729729
  -1065651624
  -1065395212
  -1065152260
  -1065076981
  -1065034416
  -1064562754
  -1063914294
  -1063835625
  -1063575351
  -1063548507
  -1063110609
  -1063030913
  -1062451102
  -1062450305
  -1062198185
  -1062146608
  -1061801533
  -1061162706
  -1061105612
  -1060960432
  -1060952763
  -1060924984
  -1060631833
  -1060354754
  -1060265900
  -1060207389
  -1059620772
  -1059519252
  -1059209832
  -1059190263
  -1058994820
  -1058848890
  -1058241114
  -1057938100
  -1057642517
  -1057458577
  -1057356518
  -1057350447
  -1057164337
  -1056940525
  -1056782435
  -1056528975
  -1056287248
  -1056088621
  -1056032316
  -1055972964
  -1055966583
  -1055830765
  -1055673962
  -1055477815
  -1055167324
  -1054213770
  -1053610451
  -1052958136
  -1052587398
  -1052512324
  -1052263875
  -1052263385
  -1051777701
  -1051602950
  -1051285302
  -1051058668
  -1050343451
  -1050129902
  -1049832227
  -1049597897
  -1049286213
  -1049113420
  -1048897264
  -1048834259
  -1048364087
  -1048331033
  -1048280345
  -1048120430
  -1048055140
  -1047687834
  -1047520010
  -1047427879
  -1047274577
  -1046985837
  -1046679615
  -1046528659
  -1046492271
  -1046458520
  -1046291638
  -1046254581
  -1046158404
  -1045956311
  -1045946336
  -1045915647
  -1045678558
  -1045672460
  -1045426615
  -1044372462
  -1044354105
  -1044353762
  -1044267588
  -1044136927
  -1044076380
  -1043316555
  -1042798693
  -1042362995
  -1042050671
  -1041928341
  -1041842075
  -1041686832
  -1040713141
  -1040176431
  -1039823429
  -1039497852
  -1039436086
  -1039413634
  -1039196888
  -1039000656
  -1038291556
  -1038058947
  -1037870831
  -1037849061
  -1037408173
  -1037277085
  -1037052367
  -1037034427
  -1037015468
  -1036800238
  -1036788735
  -1036772543
  -1036107641
  -1035821357
  -1035759836
  -1035521006
  -1035317636
  -1034989068
  -1034927290
  -1034919076
  -1034324918
  -1034270825
  -1034058458
  -1033727365
  -1033675214
  -1033620445
  -1033559640
  -1033460642
  -1033399283
  -1033182718
  -1032804093
  -1032536480
  -1032461970
  -1032353342
  -1032316326
  -1032216275
  -1032203153
  -1032135354
  -1032129503
  -1032016186
  -1031991356
  -1031915758
  -1031663863
  -1031454388
  -1031322605
  -1030784927
  -1030670953
  -1030347443
  -1030051861
  -1029817622
  -1029734349
  -1028518783
  -1028434951
  -1028332435
  -1028267993
  -1028234074
  -1027979227
  -1027968271
  -1027386335
  -1027358627
  -1027150788
  -1027112549
  -1027061416
  -1026916679
  -1026880734
  -1026333547
  -1026300392
  -1026253992
  -1025997247
  -1025912118
  -1025772375
  -1025736537
  -1025696720
  -1025486741
  -1025152942
  -1024766805
  -1024604757
  -1024462498
  -1024128194
  -1024110294
  -1024023426
  -1023828355
  -1023556537
  -1023355554
  -1023269157
  -1023122945
  -1023100437
  -1022911155
  -1022756633
  -1022715517
  -1022529442
  -1022503464
  -1022003273
  -1021964865
  -1021905141
  -1021536721
  -1021179284
  -1021094904
  -1020931175
  -1020874550
  -1020799745
  -1020417053
  -1020083562
  -1019992078
  -1019863020
  -1019857988
  -1019843354
  -1019637367
  -1019629820
  -1019448971
  -1019397343
  -1019219848
  -1019096447
  -1018775166
  -1018492013
  -1018329509
  -1018199723
  -1018125958
  -1018116042
  -1017996722
  -1017715803
  -1017677568
  -1017630871
  -1016881069
  -1016403312
  -1016236570
  -1015671169
  -1015351203
  -1015255412
  -1015153444
  -1015107636
  -1015066305
  -1014743688
  -1014584843
  -1014568932
  -1014501297
  -1014308479
  -1013771743
  -1013706570
  -1013378659
  -1013307798
  -1012748727
  -1012399306
  -1012366254
  -1012225861
  -1012155930
  -1011542776
  -1011356120
  -1011207262
  -1011127930
  -1011009970
  -1010786412
  -1010784937
  -1010509002
  -1010087850
  -1009897135
  -1009833320
  -1009823617
  -1009741295
  -1009718725
  -1009642144
  -1009543420
  -1009488350
  -1009322546
  -1008798669
  -1008706978
  -1008552511
  -1008220357
  -1008075123
  -1008004494
  -1007883240
  -1007645206
  -1007556864
  -1007452253
  -1006972667
  -1006433657
  -1006284299
  -1005912857
  -1005640482
  -1005498439
  -1005184640
  -1004676551
  -1004424556
  -1004227811
  -1004211287
  -1003915162
  -1002950732
  -1002434384
  -1002302849
  -1002093707
  -1002076151
  -1001228456
  -1001183150
  -1001173819
  -1001134300
  -1001050293
  -1001000922
  -1000845444
  -1000756263
  -1000614507
  -1000308697
  -999999931
  -999407163
  -999384237
  -998957084
  -998933495
  -998910783
  -998127714
  -997270201
  -997173538
  -997123785
  -996842911
  -996616358
  -996287862
  -996188555
  -996165282
  -995986583
  -995755036
  -995663437
  -995432704
  -995400610
  -995202837
  -995192725
  -995012018
  -994975246
  -994687125
  -994683429
  -993738869
  -993555694
  -993496937
  -993488000
  -993312364
  -993029905
  -993021447
  -992691989
  -992560791
  -992453485
  -992332791
  -992228611
  -992109012
  -991987211
  -991631389
  -991614612
  -991433972
  -991281575
  -991123220
  -991067885
  -990923034
  -990915679
  -990600871
  -990578541
  -990511718
  -990493766
  -990385279
  -990172486
  -989674440
  -989254944
  -989245971
  -989149982
  -988244015
  -988029745
  -987994880
  -987945342
  -987859214
  -987587691
  -987581517
  -987555923
  -987468698
  -987443605
  -987375344
  -987299493
  -986987786
  -986870944
  -986754818
  -986739389
  -986532719
  -986509455
  -986259984
  -986056759
  -985905468
  -985257311
  -985240858
  -985134899
  -984735885
  -984511722
  -984183841
  -983816846
  -983699485
  -983510452
  -983116678
  -982905990
  -982700150
  -982546209
  -982165313
  -982157353
  -981797053
  -981446666
  -981284043
  -980918980
  -980860455
  -980772719
  -980707858
  -980382387
  -979993494
  -979933085
  -979738972
  -979627596
  -979321071
  -979304951
  -979258560
  -979182457
  -978868566
  -978740701
  -978687993
  -978673063
  -978339038
  -978180001
  -978142185
  -977845339
  -977114697
  -976876824
  -976789732
  -975976539
  -975751476
  -975704093
  -975117270
  -974614145
  -974304581
  -974048088
  -973880368
  -973873797
  -973255019
  -972919819
  -972863469
  -972711836
  -972628843
  -972604484
  -972531481
  -972465004
  -972018278
  -971462968
  -971239587
  -971233479
  -971222993
  -971051220
  -970866085
  -970832310
  -970810347
  -970727612
  -970622849
  -969991831
  -969982872
  -969878541
  -969663334
  -969382075
  -969059120
  -968855589
  -968632525
  -968443686
  -967858010
  -967831151
  -967707634
  -967452478
  -967188640
  -966950590
  -966909503
  -966659442
  -965878398
  -965265316
  -964760243
  -964424637
  -964411889
  -964373272
  -964342146
  -964323562
  -964260979
  -964115356
  -963947401
  -963907143
  -963496877
  -963427661
  -963024367
  -962369562
  -962235653
  -962182235
  -962034784
  -960995572
  -960925850
  -960783778
  -960534336
  -960438419
  -960141026
  -959898402
  -959858591
  -959563812
  -959398737
  -958941151
  -958764885
  -958512909
  -958444684
  -958387866
  -958060927
  -958056281
  -957995239
  -957759270
  -957738394
  -957618080
  -957548416
  -957342963
  -957193054
  -957105118
  -956990800
  -956728050
  -956572537
  -956501722
  -956328362
  -956304220
  -956248714
  -956236769
  -956158655
  -955907571
  -955740227
  -955405486
  -955365745
  -955008731
  -954856198
  -954789107
  -954473624
  -954255812
  -952530431
  -952511769
  -952425059
  -952224231
  -952083404
  -951588648
  -951001735
  -950842421
  -950803428
  -950781582
  -950139070
  -950067490
  -949673877
  -949651801
  -949602844
  -949094587
  -948835406
  -948600301
  -948244860
  -947884004
  -947854140
  -947586478
  -947553393
  -947300070
  -947170417
  -946714661
  -946634931
  -946524063
  -946099753
  -945740433
  -945547162
  -945480721
  -945327288
  -945316014
  -944910300
  -944729155
  -944490214
  -944450677
  -944250927
  -943649716
  -943528711
  -943477105
  -943424441
  -943179301
  -942716625
  -942653775
  -942598824
  -942327114
  -942042255
  -940657865
  -940420901
  -940398436
  -939559341
  -939258402
  -939110987
  -938902477
  -938863392
  -938845344
  -938665590
  -938134084
  -938040199
  -937922988
  -937686199
  -937428907
  -937055799
  -936663523
  -936646286
  -936306693
  -936104672
  -935815863
  -935560667
  -935493382
  -935470152
  -935157796
  -934952278
  -934777563
  -934731060
  -934583411
  -934579398
  -933112759
  -932903723
  -932713390
  -932502858
  -932369165
  -932124107
  -931863703
  -931154241
  -931134825
  -930337035
  -930032620
  -929986140
  -929961843
  -929643370
  -929549238
  -928243129
  -928235838
  -928173214
  -928063542
  -927782494
  -927752905
  -927095039
  -926990386
  -926918808
  -926713691
  -926602413
  -926423957
  -926273398
  -926039742
  -925757936
  -925655539
  -925493834
  -924997063
  -924936891
  -924105503
  -923361889
  -923009828
  -922624682
  -922361094
  -921870414
  -921374557
  -921304734
  -921287306
  -921282120
  -920913737
  -920514210
  -920486112
  -920474110
  -920463723
  -920229532
  -920125705
  -919996152
  -919927619
  -919866113
  -919819892
  -919763835
  -919677606
  -919497444
  -919407746
  -919228100
  -918808595
  -918216071
  -918066084
  -917369180
  -917328359
  -917103164
  -916685962
  -916602582
  -916376293
  -916081829
  -915751645
  -915676086
  -915094077
  -914358858
  -914282419
  -914262564
  -914043774
  -914017068
  -914009149
  -913956550
  -913897812
  -913802287
  -913518120
  -913469004
  -913375825
  -912896682
  -912584192
  -912515009
  -912086195
  -911596418
  -911318054
  -910977096
  -910864320
  -910812750
  -910291017
  -910148996
  -910105322
  -909957144
  -909871911
  -909531078
  -909478108
  -909372683
  -909263421
  -909149902
  -908794608
  -908557549
  -908467412
  -908408238
  -908251851
  -907879407
  -907740357
  -907712112
  -907546762
  -907307139
  -906926542
  -906746672
  -906724718
  -906107865
  -905924447
  -905825150
  -905105081
  -904760614
  -904512155
  -904498880
  -904468096
  -904290938
  -904078812
  -903879969
  -903633380
  -903344553
  -902902817
  -902860528
  -902858068
  -902837656
  -902683301
  -902620897
  -902478931
  -902054816
  -901734286
  -901665901
  -901484305
  -901035617
  -901016413
  -900833355
  -900692029
  -900498457
  -900173212
  -899505745
  -899180514
  -899072962
  -899042567
  -898767802
  -898715569
  -898229864
  -898123221
  -897959353
  -897439246
  -897420507
  -897262086
  -897228279
  -897075093
  -896895710
  -896506278
  -895663182
  -894864537
  -894787325
  -894573098
  -894379159
  -894363301
  -894136579
  -894106074
  -893803235
  -893772541
  -893379789
  -893135756
  -892588231
  -892439421
  -892074540
  -891984503
  -891366693
  -890894546
  -890670190
  -890297226
  -890137399
  -890063951
  -889782289
  -889051284
  -889039191
  -889029057
  -889004869
  -888581472
  -888396229
  -888286977
  -888208962
  -887844496
  -887379975
  -887222842
  -887073903
  -887011792
  -886823448
  -886785028
  -886706405
  -886581376
  -886417697
  -886142445
  -886068121
  -886065526
  -885798059
  -884951821
  -884848072
  -884752875
  -884576857
  -884304126
  -884197119
  -884188321
  -884082213
  -884028969
  -883903312
  -883529102
  -883524221
  -883505132
  -883410120
  -882977331
  -882950460
  -882804305
  -882708964
  -882451643
  -882346296
  -882089679
  -881990617
  -881839656
  -881686813
  -881634638
  -881583290
  -881577158
  -881402672
  -880965168
  -880923255
  -880805671
  -880789815
  -880694620
  -880413937
  -880404376
  -879763399
  -879598100
  -879555275
  -879503988
  -879420559
  -879386975
  -879128403
  -878719573
  -878329036
  -878317437
  -878275806
  -878091629
  -877995007
  -877856044
  -877841218
  -877835194
  -877788223
  -877455778
  -877119392
  -877051237
  -876541739
  -876476711
  -876368936
  -875909220
  -875843399
  -875837900
  -875805189
  -875303823
  -875095417
  -874765705
  -874713988
  -874682736
  -874454020
  -874425210
  -872894468
  -871986059
  -871893395
  -871892295
  -871590563
  -871427519
  -871003865
  -870048200
  -869971774
  -869961850
  -869843455
  -869805509
  -869528711
  -869485047
  -869169564
  -869131023
  -868753308
  -868750555
  -868565933
  -868433503
  -867886071
  -867624179
  -867374032
  -867313781
  -866682322
  -866466984
  -866444319
  -866214590
  -866039000
  -865899958
  -865643439
  -865357903
  -864624241
  -864618480
  -864461634
  -864352175
  -864239379
  -863165389
  -862379492
  -862328947
  -861980375
  -861916414
  -861588261
  -861267570
  -861231239
  -861210397
  -860978706
  -860719071
  -860671698
  -860316827
  -860287247
  -859811012
  -859674973
  -859196793
  -859082872
  -859054535
  -858808831
  -858742433
  -858670970
  -858535693
  -858328495
  -858317463
  -858104886
  -857841574
  -857691763
  -857453870
  -857447864
  -857349160
  -856856712
  -856222261
  -855942038
  -855818072
  -855729240
  -855608733
  -855560291
  -855482342
  -855219704
  -855013056
  -854822912
  -854517196
  -854324466
  -854150418
  -854087946
  -853843387
  -853591011
  -853575380
  -853178071
  -853068150
  -852538806
  -852379608
  -852357017
  -852341982
  -852163304
  -851442511
  -851440636
  -851336873
  -851218298
  -851198561
  -851180319
  -850973500
  -850736689
  -850541398
  -850278555
  -850159709
  -850081010
  -849978462
  -849435790
  -849402721
  -849387334
  -849177147
  -848654756
  -848571187
  -848493607
  -848348222
  -848166115
  -848147779
  -847854645
  -847822987
  -847763389
  -847517536
  -846701819
  -846428874
  -846218396
  -846130132
  -845984073
  -845766094
  -845713011
  -845684103
  -845650206
  -845207086
  -845144909
  -845105706
  -845069605
  -845068416
  -844997829
  -844794744
  -844322887
  -844179533
  -844076992
  -843923786
  -843817263
  -843808924
  -843458963
  -843329600
  -843294183
  -843293399
  -843157932
  -843097549
  -842730523
  -842501187
  -842274658
  -842052468
  -841961461
  -841946148
  -841576878
  -841433800
  -841138825
  -840972770
  -840931454
  -840578673
  -840354677
  -840145258
  -840121252
  -840094469
  -839981047
  -839895980
  -839430801
  -839168907
  -838870966
  -838798471
  -838537312
  -838337368
  -837787965
  -837500522
  -837482759
  -836443935
  -836316831
  -836233967
  -835330742
  -835145053
  -834912339
  -834781157
  -834736161
  -834498026
  -834482898
  -834460727
  -834132472
  -834107011
  -834005486
  -833988881
  -833346556
  -833117012
  -833089048
  -832949704
  -832928612
  -832896985
  -832817177
  -832773447
  -832609385
  -832277584
  -832261306
  -832088420
  -832073834
  -831745881
  -831567352
  -831566020
  -830927830
  -830685182
  -830568017
  -830361086
  -830265800
  -830223479
  -829695853
  -829537446
  -829427611
  -829137688
  -829129982
  -828999075
  -828632737
  -828608039
  -828420496
  -827770705
  -827394375
  -827218846
  -826975580
  -826719524
  -826519729
  -826455595
  -826339442
  -826062562
  -825968148
  -825860717
  -825853910
  -825631562
  -825237575
  -825037349
  -824974553
  -824910760
  -824819456
  -824691125
  -824668918
  -824640730
  -824581686
  -824341675
  -824276126
  -823812641
  -823733708
  -823535393
  -823519259
  -823358769
  -823213360
  -822978581
  -822642157
  -822579683
  -822112543
  -821813251
  -821204112
  -821119767
  -821092277
  -820805481
  -820715728
  -820438280
  -820430649
  -820325178
  -819664964
  -819372492
  -819229195
  -818907278
  -818639547
  -818528177
  -818405785
  -818056867
  -817660331
  -817193074
  -817130649
  -816752384
  -816566202
  -816561498
  -816224805
  -816078754
  -816041597
  -816033750
  -815989365
  -815881839
  -815876117
  -815224786
  -815154071
  -814970449
  -814759444
  -814624464
  -814619862
  -814520680
  -813987075
  -813765082
  -813232959
  -813053433
  -812673865
  -812616341
  -812594312
  -812002235
  -811965456
  -811426616
  -811420783
  -811212882
  -811079213
  -810795246
  -810765656
  -810479556
  -810011096
  -809947026
  -809627575
  -809506911
  -809490824
  -809399956
  -808274989
  -808208994
  -807846169
  -807527452
  -807451544
  -806369455
  -806272564
  -806216837
  -805207818
  -805180841
  -805088443
  -804600011
  -804108035
  -803727583
  -803710474
  -803653630
  -803528408
  -803386642
  -803105609
  -802937518
  -802802037
  -802735782
  -802735375
  -802632074
  -802478520
  -802222963
  -802042250
  -801608098
  -801409894
  -800765011
  -800753949
  -800390982
  -799615476
  -799503805
  -799362757
  -799180112
  -799157775
  -799103270
  -798998155
  -798956346
  -798808519
  -798776597
  -798724993
  -798576916
  -798561723
  -798390689
  -798212777
  -798168226
  -797648993
  -797434301
  -796801468
  -796058547
  -795783298
  -795614087
  -795449082
  -795103631
  -795099868
  -794747879
  -794074533
  -793754991
  -793479178
  -793241346
  -793196560
  -792955970
  -792615318
  -792534472
  -792398139
  -792331930
  -792326476
  -791950068
  -791824439
  -791795555
  -791729153
  -791398334
  -790477489
  -790311318
  -790256041
  -789671637
  -789462644
  -789445574
  -789419988
  -789346350
  -789343057
  -789304107
  -789114692
  -789050454
  -788572409
  -787798303
  -787768922
  -787377678
  -787205294
  -787183550
  -786836670
  -786581940
  -786517149
  -786488205
  -786473591
  -786002076
  -785448889
  -785368020
  -785287539
  -785131625
  -784876705
  -784782102
  -784598202
  -784580810
  -784537103
  -784128495
  -784023418
  -783984725
  -783898184
  -783632560
  -783537748
  -783227648
  -783224167
  -783176550
  -783076108
  -782630313
  -782056086
  -781668444
  -781344820
  -780911731
  -780675432
  -780536320
  -780259424
  -780075822
  -780070765
  -779512426
  -779468028
  -779137243
  -779114064
  -778379389
  -778364056
  -778310460
  -778285970
  -777956013
  -777941755
  -777539576
  -776744346
  -776694318
  -776516272
  -776129927
  -775941236
  -775653755
  -775034462
  -774989702
  -774952993
  -774837156
  -774554769
  -774496451
  -774285038
  -774203307
  -774136522
  -774061332
  -773938269
  -773359072
  -772669160
  -772478416
  -772218646
  -772187404
  -772176715
  -772166338
  -771948745
  -771911727
  -771845507
  -771814583
  -771568158
  -771542525
  -771401482
  -770402810
  -770369882
  -770052818
  -770037530
  -769761012
  -769600238
  -769448686
  -769212418
  -768805009
  -768619765
  -768437510
  -768382350
  -768326103
  -768052977
  -767971040
  -767832203
  -767525153
  -766778440
  -766407742
  -765956441
  -765562516
  -765540894
  -765523810
  -765487557
  -765252522
  -765202459
  -765193596
  -765176332
  -764677196
  -764528409
  -764405226
  -763799324
  -763779414
  -763645868
  -763616727
  -763575172
  -763296837
  -762835564
  -762277884
  -762127863
  -762096159
  -761848581
  -761649897
  -761500685
  -760847809
  -760832505
  -760829706
  -760752111
  -760285588
  -760179301
  -760155824
  -760044697
  -759967364
  -759368550
  -759049685
  -758912312
  -758786291
  -758775607
  -758298540
  -758170125
  -757708222
  -757526448
  -757357982
  -756699805
  -756612334
  -756589863
  -756571505
  -756559246
  -756359478
  -755972799
  -755864259
  -755825053
  -755332377
  -755239991
  -755227478
  -755087620
  -754700391
  -754182557
  -753733938
  -753582492
  -753508096
  -753301170
  -753296670
  -753156115
  -753148640
  -752883504
  -752701922
  -752086237
  -751986871
  -751776339
  -751691846
  -750892513
  -750851977
  -750796970
  -750653427
  -750432339
  -750350928
  -750307722
  -750212490
  -750008278
  -749566026
  -749315413
  -749308344
  -749274068
  -748994789
  -748743184
  -748500438
  -748310355
  -748260291
  -748088562
  -747373870
  -747177177
  -747082438
  -747067488
  -747023806
  -746946799
  -746837204
  -746828767
  -746805465
  -746562736
  -746402755
  -746103469
  -745926491
  -745843257
  -745704390
  -745422038
  -745138897
  -745130139
  -745057447
  -744434190
  -744361115
  -744357222
  -744338070
  -744277845
  -744255624
  -744023751
  -743970448
  -743795098
  -743512225
  -743218783
  -743025574
  -742895728
  -742387435
  -742325332
  -742215508
  -742152159
  -742063552
  -741402857
  -741311681
  -741307419
  -741274038
  -741227678
  -740965650
  -740856363
  -740775655
  -740548670
  -740257353
  -740180616
  -739495790
  -739426094
  -738978181
  -738912879
  -738785479
  -738620117
  -738326150
  -738062337
  -737973171
  -737749240
  -737445677
  -737340520
  -737134977
  -736951548
  -736885912
  -736736862
  -736512516
  -736164545
  -736024755
  -735783011
  -735410089
  -735344515
  -735078989
  -734884159
  -734848271
  -734823421
  -734466791
  -734258517
  -734143097
  -734142184
  -734052837
  -734019881
  -733942764
  -733900627
  -733803716
  -733653154
  -733091178
  -732468243
  -732167017
  -731850214
  -731677879
  -731585256
  -731461741
  -731410288
  -731296317
  -731174308
  -730996204
  -730401128
  -730374704
  -730303213
  -730159595
  -729961884
  -729772674
  -729720507
  -729259637
  -728505357
  -728456329
  -727926676
  -727875571
  -727816040
  -727712751
  -727663808
  -727554581
  -727381005
  -727168678
  -726658592
  -726480265
  -726392042
  -726169258
  -725683637
  -725313054
  -724790355
  -724662875
  -724515268
  -724362277
  -723957869
  -723468844
  -723200666
  -723031977
  -723000772
  -722393325
  -722367708
  -722203108
  -722194191
  -721672944
  -721045662
  -720573682
  -720567853
  -720561235
  -720295400
  -719811128
  -719713225
  -719431649
  -719307019
  -719302276
  -719078683
  -718812817
  -718767580
  -718420476
  -718184120
  -717978386
  -717930591
  -717861295
  -717181043
  -717144090
  -716940586
  -716611908
  -716242539
  -716207106
  -715801237
  -715741032
  -715434993
  -715383920
  -715223100
  -714719783
  -714592030
  -714368290
  -714142085
  -714040324
  -713984486
  -713949436
  -713856474
  -713845497
  -713484710
  -713423861
  -713307839
  -713134041
  -712997957
  -712633341
  -712628261
  -711903536
  -711702954
  -711617107
  -711581242
  -711038032
  -710747810
  -710618670
  -710590155
  -710537682
  -710517998
  -710516484
  -710193973
  -710149748
  -709449462
  -709407747
  -709086994
  -707991033
  -707879513
  -707713101
  -707668034
  -707650585
  -707187688
  -707036976
  -706784467
  -706480957
  -705964067
  -705707327
  -705370757
  -705200125
  -705016431
  -704877024
  -704833453
  -704506064
  -704483876
  -703775375
  -703741048
  -703711430
  -703409432
  -703079810
  -702983148
  -702982179
  -702308346
  -701901261
  -701897245
  -701865983
  -701028954
  -700902698
  -700793358
  -700442789
  -700396827
  -700259876
  -700158788
  -699883767
  -699840733
  -699763806
  -699706045
  -699616663
  -699035344
  -698867494
  -698603094
  -698485260
  -698432392
  -698284635
  -698238754
  -698236178
  -698129705
  -697408386
  -697314647
  -697072864
  -697064000
  -696886226
  -696760939
  -696753580
  -696722656
  -696149034
  -696009874
  -695859861
  -695744434
  -695632296
  -695480487
  -695210304
  -694921477
  -694844027
  -694826306
  -694809092
  -694573277
  -694393484
  -693771096
  -693744080
  -693604458
  -692979950
  -692641325
  -692544972
  -692461321
  -692099719
  -691676135
  -691462316
  -691422315
  -690561563
  -690450165
  -689858258
  -689492223
  -689414443
  -689372282
  -689123844
  -689068229
  -688989923
  -688955941
  -688451110
  -688236663
  -688108530
  -687915727
  -687786302
  -687753471
  -687668962
  -687624628
  -687374741
  -687030145
  -687016798
  -686808280
  -686715541
  -685508225
  -685220714
  -685020480
  -684819700
  -684803111
  -684240470
  -683871812
  -683646141
  -683639321
  -683487000
  -683404362
  -683397809
  -683283278
  -682944657
  -682739120
  -682686371
  -682618070
  -682249642
  -682056474
  -682047059
  -682032035
  -682013797
  -681849984
  -681564207
  -681420848
  -681317813
  -681162486
  -681108334
  -680968825
  -680413210
  -680171678
  -680089795
  -679953414
  -679621394
  -679366334
  -679209819
  -679195523
  -678556295
  -678365102
  -677788135
  -677700820
  -677688161
  -677415414
  -677366729
  -677175517
  -677151288
  -676718033
  -676593806
  -676506892
  -676145539
  -676076942
  -675417463
  -675380464
  -675275100
  -674552482
  -674469324
  -674453688
  -674098059
  -673985831
  -673946759
  -673874840
  -673852969
  -673793272
  -673578772
  -673058853
  -672924228
  -672496740
  -672304947
  -672281521
  -672268635
  -672240486
  -671782298
  -671705118
  -671704058
  -671524243
  -671417888
  -671091298
  -670730637
  -670619279
  -670605642
  -670339540
  -670021819
  -669813675
  -669685315
  -669536486
  -669419894
  -669379920
  -668727911
  -668405459
  -668385237
  -667825751
  -667789747
  -667738508
  -667574913
  -667564598
  -667518986
  -666427696
  -666415519
  -666359729
  -666142237
  -665918074
  -665833105
  -665756854
  -665601873
  -665589725
  -665384627
  -664880769
  -664826223
  -664769994
  -664510989
  -664501828
  -664297027
  -664199111
  -664193891
  -663752594
  -663737116
  -663585274
  -663360674
  -663287866
  -663118287
  -663049868
  -662969208
  -662568798
  -662335041
  -662161209
  -661959962
  -661904611
  -661410962
  -661230972
  -661164790
  -660686523
  -660568786
  -660147688
  -660095300
  -659930363
  -659752939
  -659706102
  -659330269
  -659291873
  -658961941
  -658622827
  -658467724
  -658198038
  -658018905
  -657874731
  -657300964
  -656912579
  -656573408
  -656392369
  -656193452
  -656168043
  -655700572
  -655526819
  -655423792
  -655371295
  -655144669
  -655096868
  -654830177
  -654663211
  -654342916
  -653641984
  -653620060
  -653568869
  -653387155
  -653061893
  -653027775
  -652867171
  -652671297
  -652200219
  -651653004
  -651248119
  -651216649
  -650633940
  -650457743
  -650094086
  -650010689
  -649508643
  -649417924
  -649124646
  -648386477
  -648025664
  -647026693
  -646984394
  -646602269
  -646527526
  -646367362
  -646300122
  -646227426
  -646166521
  -646141195
  -645687743
  -645646196
  -645561621
  -644534736
  -644180570
  -643552489
  -643236810
  -643194853
  -643115031
  -642606011
  -642348289
  -642109416
  -641931561
  -641225620
  -640645363
  -640557513
  -640110102
  -639902059
  -639774167
  -639655965
  -639392606
  -638660497
  -638394324
  -638145120
  -638091581
  -638083144
  -638003108
  -637529579
  -637300127
  -636699929
  -636540959
  -636470567
  -636448768
  -636414393
  -636122907
  -635852983
  -635608678
  -635517763
  -635467756
  -635282661
  -635129349
  -634956050
  -634641601
  -634447299
  -634423095
  -633782176
  -633200052
  -632513963
  -632207781
  -631598528
  -631540153
  -631360999
  -630967630
  -630773107
  -630599484
  -630543667
  -630192622
  -630109130
  -630077590
  -630014409
  -629743501
  -629712192
  -629688610
  -629533095
  -629299421
  -629261755
  -629251179
  -628562903
  -628548052
  -628395402
  -628263722
  -628208463
  -628103476
  -627947672
  -627928804
  -627818353
  -627249640
  -627079932
  -627049204
  -626906703
  -626738907
  -626450864
  -625989437
  -625673890
  -625520766
  -624594574
  -624462465
  -624018972
  -623589078
  -623408719
  -622941955
  -622877782
  -622624556
  -622202808
  -622083060
  -622069546
  -621453717
  -621273825
  -621242343
  -621173432
  -620728749
  -620603836
  -620175913
  -620049979
  -619913975
  -619680623
  -619659059
  -618795819
  -618289871
  -618167049
  -617660910
  -617239018
  -617226833
  -617226584
  -617110252
  -616987438
  -616817122
  -616637688
  -616637291
  -616192041
  -616135917
  -616117677
  -616096607
  -615845697
  -615762156
  -614993803
  -614913609
  -614244686
  -613863455
  -613726565
  -613553772
  -613429689
  -613364546
  -613360933
  -613219831
  -613068014
  -613024315
  -612955468
  -612874387
  -612594524
  -612470431
  -612142486
  -611505341
  -611431446
  -611354713
  -611238103
  -611187226
  -610777902
  -610675484
  -610580815
  -610309288
  -610107043
  -609794436
  -609763181
  -609602596
  -608721484
  -608384533
  -608354356
  -608296866
  -608168378
  -608089382
  -608077951
  -608027562
  -607521144
  -607305282
  -606549145
  -606539126
  -606510645
  -606325762
  -606128513
  -605962390
  -605934670
  -605862951
  -605471579
  -605128056
  -605034776
  -604594600
  -604528720
  -604497588
  -603746007
  -603720963
  -603471962
  -603467290
  -602840148
  -602735164
  -602682768
  -602652544
  -602531966
  -602378734
  -602324812
  -601990203
  -601854013
  -601771341
  -601509233
  -601502655
  -601182608
  -600915710
  -600786480
  -600736403
  -600712413
  -600019642
  -599898475
  -599867923
  -599093627
  -598869375
  -598614480
  -597765225
  -597760921
  -597344496
  -596727139
  -596557272
  -595970496
  -595736321
  -595664830
  -595434421
  -595143764
  -595051770
  -594968332
  -594563989
  -594399768
  -594326631
  -594307045
  -594208615
  -594092780
  -594019616
  -593761808
  -593613875
  -593560871
  -593150858
  -592842107
  -592841185
  -592508116
  -592449557
  -592090761
  -592073654
  -591731674
  -590777864
  -590262498
  -589804843
  -589745403
  -589675665
  -589248430
  -588996717
  -588853166
  -588824805
  -588671617
  -588479762
  -588298884
  -588224718
  -588178932
  -587842425
  -587761831
  -587558093
  -587446650
  -587312897
  -587171777
  -586111062
  -585692800
  -584682672
  -584580325
  -584140754
  -583935207
  -583222059
  -583064866
  -582834316
  -582810062
  -582427950
  -582141422
  -581311432
  -580864102
  -580425995
  -580324416
  -580000773
  -579965149
  -579890581
  -579868587
  -579566551
  -579269290
  -578873519
  -578434450
  -578330742
  -577883877
  -577844459
  -577452747
  -577394329
  -577372404
  -577147322
  -576283590
  -575873802
  -575596405
  -575465887
  -575454308
  -575182854
  -574735444
  -574569280
  -574485778
  -574480998
  -574231768
  -573935014
  -573624558
  -573507528
  -572970304
  -572954376
  -572389723
  -572278710
  -571755504
  -571654371
  -571604520
  -571524260
  -571438537
  -571356228
  -570986045
  -570952430
  -570513957
  -570296437
  -570133527
  -569923201
  -569631332
  -569409416
  -568983089
  -568456644
  -567988332
  -567885152
  -567829217
  -567493863
  -567415143
  -567364371
  -567056196
  -566733437
  -566589573
  -566481944
  -566413720
  -565223013
  -565206820
  -564985698
  -564840678
  -564655863
  -564648211
  -564640635
  -563989621
  -563917241
  -563421436
  -563085481
  -562739378
  -562538148
  -562338358
  -562224572
  -562011433
  -561396881
  -560909453
  -560843688
  -560547137
  -560491690
  -560435243
  -560373743
  -560277506
  -560196217
  -560049441
  -559537990
  -559533168
  -559405354
  -559341456
  -559156371
  -559056836
  -558622743
  -558604200
  -558221556
  -558112449
  -557842666
  -557739517
  -557686179
  -557477112
  -557409856
  -557235218
  -556533967
  -556469030
  -556331703
  -556296734
  -555777264
  -555717183
  -555285411
  -554987627
  -554915074
  -554588651
  -553842725
  -553794907
  -553132425
  -552252659
  -552077845
  -551841749
  -551755523
  -551686037
  -551513484
  -551398405
  -550457910
  -550410725
  -549900021
  -549459899
  -549331982
  -549286148
  -549069647
  -548711701
  -548689165
  -548452139
  -548370852
  -548132796
  -547937538
  -547517824
  -547500339
  -547420398
  -547112344
  -546918520
  -546796205
  -546677294
  -546486554
  -546261513
  -546157627
  -545987621
  -545891352
  -545845438
  -545695821
  -545335547
  -545279509
  -545031791
  -544468757
  -544231890
  -544207353
  -544163526
  -544098719
  -543792330
  -543761499
  -543732943
  -543423343
  -543374627
  -542869611
  -542484305
  -542300324
  -541967853
  -541831322
  -541770420
  -541702703
  -541563401
  -541542301
  -541450174
  -541422923
  -540528286
  -539755834
  -539155185
  -539125936
  -539060050
  -538739890
  -538464787
  -538167922
  -538165141
  -538144984
  -537953740
  -537501803
  -537434738
  -537057317
  -536637266
  -536301976
  -536002149
  -535612214
  -535609561
  -535328085
  -535297209
  -534821187
  -534794723
  -533414510
  -533358584
  -533215223
  -532606356
  -532178947
  -532137598
  -531858335
  -531294676
  -531275288
  -531001472
  -530995980
  -530722348
  -530678294
  -530610473
  -530596247
  -530493039
  -530364215
  -530013384
  -529968970
  -529888525
  -529714067
  -529613744
  -529475260
  -529461330
  -528962155
  -528959702
  -528815440
  -528730171
  -528535047
  -528140857
  -527607269
  -527605219
  -526985844
  -526754671
  -525909395
  -525873863
  -525803348
  -525774308
  -525564379
  -525366830
  -525356601
  -525250263
  -525141125
  -525081695
  -524984355
  -524609859
  -524360200
  -524060291
  -523741505
  -523702465
  -523594475
  -523414792
  -523376555
  -523171984
  -523154696
  -522681438
  -522335638
  -522268864
  -522237940
  -522005819
  -520767117
  -520383915
  -519978441
  -519771412
  -519563504
  -519562304
  -519355311
  -519235909
  -519083595
  -518583160
  -518476512
  -518027579
  -517429468
  -517117762
  -516796907
  -516733168
  -516620406
  -516419259
  -515495875
  -515296767
  -514906814
  -514834918
  -514562511
  -514236211
  -514084256
  -514054567
  -513773518
  -513469050
  -513206751
  -513054842
  -512933812
  -512896944
  -512646135
  -512352909
  -511703163
  -511699137
  -510607531
  -510469755
  -510434910
  -510206255
  -510053681
  -510038629
  -509929075
  -509775769
  -509773033
  -509642533
  -509515887
  -508990867
  -508559624
  -507758004
  -507572515
  -507149302
  -507068948
  -506840448
  -506700696
  -506587693
  -506331179
  -506242078
  -506207462
  -506033347
  -505969800
  -505685673
  -505307587
  -505093774
  -504937735
  -504886231
  -504875268
  -504835089
  -504572320
  -504349517
  -504236538
  -504062507
  -503649823
  -503219168
  -503145389
  -503038389
  -503023292
  -503010899
  -502846281
  -502559741
  -502301686
  -501832931
  -501738939
  -501654432
  -501545342
  -501462635
  -500887676
  -500786854
  -500742722
  -500559024
  -500484537
  -500054417
  -499971737
  -499742175
  -499682602
  -499623894
  -499034685
  -498899109
  -498840311
  -498682681
  -498543723
  -498197769
  -498112613
  -498094436
  -497989866
  -497764354
  -497705963
  -497434803
  -497377425
  -497070363
  -496727558
  -496530198
  -496407851
  -496377195
  -495721606
  -495691214
  -495551448
  -495533084
  -495430073
  -495239130
  -494945346
  -494586396
  -494565799
  -493975183
  -493952128
  -493872115
  -493710845
  -493408856
  -493377513
  -493292898
  -492869582
  -492768062
  -492737166
  -492661299
  -491655887
  -491622588
  -491539244
  -491360806
  -491251983
  -491220065
  -491218086
  -490106807
  -489479160
  -489403167
  -489261074
  -489038011
  -488797782
  -488410465
  -488267956
  -488126175
  -487874150
  -487798995
  -487762016
  -487741269
  -487423585
  -487274360
  -487222086
  -487122150
  -486842516
  -486788347
  -486773074
  -486735147
  -486678856
  -486481688
  -486317886
  -486213098
  -486084754
  -485866392
  -485686328
  -485484143
  -485307083
  -485053221
  -484990955
  -484358073
  -483999618
  -483892066
  -483775891
  -483711176
  -483547072
  -483505418
  -483475856
  -482863889
  -482444283
  -482059100
  -482042015
  -481915000
  -481842190
  -481705005
  -481633460
  -480661024
  -480018049
  -479998688
  -479729412
  -478986493
  -478944417
  -478282472
  -478228753
  -478179971
  -478166872
  -477745732
  -477617215
  -477441500
  -477342808
  -477087380
  -476983818
  -476642257
  -476483729
  -476424969
  -476422521
  -476414851
  -476260695
  -476157976
  -475930739
  -475886624
  -475846985
  -475788427
  -475526967
  -475508823
  -475402201
  -474777478
  -474651129
  -474407602
  -474063191
  -473897997
  -473489342
  -473412102
  -473346702
  -473078977
  -473056278
  -472807718
  -472746440
  -472609212
  -472481928
  -472190353
  -472106908
  -471916070
  -471789992
  -471659876
  -471617250
  -471403384
  -471174869
  -470600506
  -470468016
  -470373863
  -469817508
  -469636108
  -469240798
  -468826014
  -468711371
  -468658946
  -468556154
  -468296244
  -468224806
  -467934100
  -467895714
  -467869435
  -467377523
  -467139140
  -467075424
  -466884172
  -466783868
  -466351657
  -465802830
  -465753540
  -465406702
  -465221099
  -465204326
  -465100467
  -464635199
  -464405891
  -463930514
  -463739044
  -463702698
  -463614159
  -463274435
  -463023254
  -463002365
  -462932307
  -462765468
  -462689447
  -462303470
  -462227590
  -461658065
  -461624051
  -461244181
  -461102608
  -460907207
  -460211607
  -459577368
  -459507416
  -458850375
  -458834739
  -458652158
  -458342487
  -458171117
  -457772142
  -457300256
  -457238721
  -457115651
  -456998275
  -456964487
  -456952908
  -456732303
  -456400971
  -455604038
  -455346883
  -454989516
  -454951254
  -454767767
  -454736548
  -454666376
  -454666333
  -454347690
  -454245280
  -453777082
  -453771604
  -453440141
  -453383515
  -453304147
  -453137687
  -453111252
  -452917197
  -452739026
  -452026742
  -452003145
  -451914981
  -451887684
  -451120332
  -450729613
  -450085309
  -449864565
  -449137590
  -448117796
  -447965883
  -447752155
  -447701773
  -447661259
  -447353999
  -447182134
  -447104588
  -447034132
  -446954226
  -446932486
  -446790854
  -446734757
  -446287385
  -445689027
  -444472629
  -444285945
  -444168819
  -444082137
  -443731340
  -443513208
  -443367536
  -443115124
  -442629428
  -442598859
  -442515618
  -442456142
  -442335213
  -442162633
  -442011369
  -441964218
  -441744171
  -441477019
  -441092961
  -440908504
  -440642875
  -439412341
  -438869412
  -438652488
  -438586344
  -438159794
  -437982189
  -437719488
  -437378642
  -437330844
  -437112538
  -437107817
  -436778900
  -436529120
  -436496202
  -436292461
  -435983023
  -435852542
  -435484362
  -434860126
  -434625476
  -434453623
  -434401718
  -434149900
  -434141385
  -434050780
  -433853353
  -433775423
  -433696463
  -433603295
  -433416836
  -433296378
  -433262744
  -433160125
  -432801683
  -432558162
  -432408953
  -432218970
  -432085813
  -432074656
  -431813313
  -430511370
  -430407203
  -430297641
  -430073321
  -429547134
  -429505993
  -429454915
  -429380880
  -429234533
  -428631390
  -428403281
  -428307705
  -428218938
  -428148548
  -428090288
  -427734934
  -427523325
  -427168173
  -426893351
  -426829835
  -426402661
  -426264211
  -426182372
  -425991396
  -425788947
  -425706342
  -424608350
  -424229942
  -424111310
  -424084788
  -423769030
  -423634915
  -423594792
  -423533506
  -423400006
  -423248080
  -422991528
  -422717553
  -422695365
  -422546774
  -422457770
  -422451130
  -422145579
  -422022456
  -421933041
  -421508251
  -420748999
  -420683496
  -420627168
  -420529094
  -420140733
  -420030114
  -419708103
  -419520260
  -419505604
  -419262954
  -418809942
  -418599576
  -418475364
  -418106784
  -417888966
  -417874994
  -417459480
  -417321387
  -417212873
  -416603857
  -416171600
  -415985930
  -415899257
  -415381486
  -414788757
  -414551613
  -414283328
  -414250032
  -414015319
  -413994635
  -413815777
  -413486857
  -413447292
  -412811954
  -412703605
  -411995091
  -411966015
  -411538088
  -411340982
  -411254567
  -410101917
  -410050180
  -409971367
  -409651255
  -409601113
  -409553265
  -409361311
  -409356424
  -409036291
  -409009732
  -408851555
  -408189749
  -408137996
  -407968177
  -407833099
  -407511323
  -407219017
  -406610827
  -406519018
  -406392314
  -406319986
  -405988191
  -405815763
  -405758974
  -405703480
  -405580862
  -405509971
  -405248020
  -405179917
  -404651467
  -404647392
  -404369500
  -404145866
  -403790218
  -403389185
  -403364471
  -403041230
  -402832497
  -402606173
  -402464929
  -402019639
  -401962847
  -401820577
  -401818150
  -401678370
  -401125236
  -401082312
  -401064602
  -400988946
  -400931102
  -400841642
  -400419038
  -400265575
  -400237017
  -400079737
  -399971714
  -399952887
  -399881273
  -399869047
  -399853272
  -399802900
  -399258550
  -399121279
  -398476083
  -398378837
  -398343637
  -398339478
  -398110413
  -398097172
  -397587149
  -396785173
  -396758181
  -396684810
  -396551568
  -396414948
  -396343918
  -396286413
  -396285475
  -396147675
  -395874357
  -395752476
  -394294219
  -394272928
  -394249165
  -394100792
  -393875233
  -393801900
  -393462727
  -392700512
  -392609741
  -392601526
  -392241415
  -392045393
  -392019663
  -391777881
  -391507109
  -391106917
  -390883186
  -390853211
  -390734839
  -390701126
  -390669231
  -390637698
  -390509527
  -390348991
  -390013290
  -389532009
  -389279121
  -389149602
  -388963273
  -388623399
  -388606168
  -388472362
  -388434436
  -388006777
  -387879432
  -387345403
  -387325458
  -387313668
  -387221319
  -387201982
  -387158548
  -387129091
  -387122840
  -386960116
  -386952484
  -386922252
  -386022252
  -385734448
  -385659774
  -385405686
  -385294771
  -385184643
  -385001724
  -384850956
  -384842723
  -384494824
  -384096238
  -383600542
  -383566622
  -383498973
  -383399548
  -382853047
  -382833076
  -382658571
  -382366304
  -382350515
  -382284023
  -382253155
  -382176621
  -382118169
  -381928923
  -381857752
  -381582567
  -381505160
  -381334674
  -380919913
  -380796723
  -380789020
  -380769991
  -380757451
  -380741432
  -380225438
  -380205904
  -380145108
  -380117077
  -379829858
  -379819455
  -379783434
  -379469552
  -379440632
  -379330319
  -379257469
  -379197588
  -379139923
  -379079646
  -378155578
  -378090818
  -378018152
  -377866736
  -377559397
  -377514182
  -377434953
  -377250775
  -376956547
  -376871614
  -376832571
  -376267451
  -376233310
  -375311598
  -374875230
  -374841066
  -374790972
  -374645948
  -374645906
  -374588240
  -374338858
  -374281142
  -374073016
  -374011013
  -373922938
  -373812948
  -373531287
  -373396238
  -373295914
  -372953557
  -372785127
  -372449742
  -372258153
  -372097427
  -371647085
  -371403825
  -371392358
  -371190274
  -370073094
  -370060283
  -369602657
  -369253721
  -369060572
  -368707434
  -368486873
  -368441062
  -368275609
  -367915093
  -367804666
  -367695872
  -367483149
  -367385054
  -367163082
  -367003270
  -366888335
  -366195671
  -366050509
  -365669715
  -365528348
  -365387452
  -365247866
  -365151305
  -364599022
  -364469224
  -364381073
  -364028944
  -364017604
  -363413988
  -363330480
  -363315126
  -363269359
  -363223687
  -363175056
  -363104446
  -362955639
  -362761856
  -362327921
  -362320117
  -362168110
  -362031396
  -361891826
  -361871483
  -361607747
  -361531114
  -361506255
  -360820008
  -360421416
  -360297657
  -359717729
  -359674517
  -359405342
  -359229614
  -359103222
  -359019457
  -358454835
  -358265362
  -358049703
  -357650623
  -357306052
  -356878285
  -356534658
  -356480542
  -356197401
  -356148902
  -356069388
  -355833623
  -355766462
  -355163851
  -355073293
  -355032022
  -354904664
  -354884931
  -354573093
  -354438014
  -354042519
  -353995443
  -353973111
  -353647588
  -353632456
  -353594551
  -353444735
  -353420180
  -352711169
  -352411610
  -352306040
  -352215337
  -351811334
  -351418528
  -351349976
  -351056023
  -351016359
  -350757412
  -350714810
  -350637414
  -350512880
  -350333242
  -350235143
  -349910779
  -349821368
  -349803178
  -349733201
  -349589233
  -349555181
  -349277699
  -349272876
  -349055438
  -348956046
  -348931511
  -348803169
  -348774542
  -348677632
  -348458009
  -348218765
  -347922093
  -347494006
  -347413489
  -347256735
  -347083678
  -346899275
  -346834970
  -346827192
  -346746787
  -346687121
  -346539843
  -346536665
  -346498903
  -346355384
  -346053726
  -345998661
  -345897622
  -345892372
  -345707352
  -345430309
  -345059635
  -344969248
  -344899422
  -344870732
  -344669182
  -344421914
  -344094347
  -343573197
  -343553130
  -343511317
  -343035290
  -343021416
  -342989216
  -342900083
  -342888970
  -342881395
  -342519321
  -342376580
  -342326588
  -342053560
  -341812480
  -341693852
  -341572266
  -341474440
  -341273839
  -341110598
  -341067679
  -340963099
  -340897335
  -340608289
  -340222899
  -339900489
  -339826915
  -339811465
  -339715099
  -339603042
  -339199903
  -339177690
  -338806527
  -338688635
  -338463782
  -338262890
  -337667484
  -337618052
  -337546276
  -337413159
  -337356972
  -336989540
  -336988815
  -336684688
  -336476709
  -336274230
  -336057577
  -335302435
  -334776475
  -334628379
  -334588399
  -334408381
  -334320548
  -334303491
  -334219948
  -333967585
  -333858020
  -333772968
  -333694675
  -332907621
  -332675039
  -332658084
  -332535867
  -332210848
  -331912412
  -331633463
  -331444079
  -331436607
  -331431754
  -331198861
  -331183130
  -331152287
  -331052707
  -331012332
  -330819598
  -330334445
  -330244036
  -330240089
  -329981164
  -329966327
  -329875894
  -329775712
  -329598993
  -329546842
  -329214057
  -329111345
  -329020716
  -329017010
  -328773308
  -328732411
  -328724344
  -328263918
  -328118360
  -327863765
  -327823558
  -327648709
  -327112073
  -327008593
  -326507063
  -326479388
  -326247876
  -326194562
  -325650630
  -325566816
  -325300583
  -325237352
  -325094678
  -325014205
  -324303663
  -324138162
  -323954172
  -323799911
  -323579425
  -323412677
  -323386145
  -322986179
  -322646940
  -322644967
  -322455895
  -322195057
  -322153517
  -321993524
  -321878139
  -320882230
  -320865075
  -320852778
  -320844500
  -320666916
  -320666374
  -320366352
  -320131294
  -320126857
  -320077837
  -319740350
  -319591994
  -319299313
  -319289278
  -319217287
  -318340717
  -318286390
  -318194199
  -317991992
  -317887281
  -317676922
  -317635477
  -317594391
  -317205810
  -317017249
  -317006448
  -316740538
  -316532494
  -316170707
  -316154900
  -316060857
  -315255188
  -315235279
  -315021681
  -314987890
  -314985582
  -314959367
  -314848965
  -314720196
  -314129120
  -314103590
  -313179718
  -313168561
  -312944560
  -312772668
  -312743503
  -312559667
  -312344235
  -312200052
  -311964371
  -311598907
  -311271090
  -311202668
  -311182272
  -311067766
  -310151562
  -310135016
  -310051247
  -310016874
  -309893989
  -309643459
  -309295735
  -308865756
  -308769242
  -308726360
  -308548611
  -308419234
  -307922170
  -307911710
  -307617335
  -307591884
  -307099040
  -306763737
  -306674028
  -306537127
  -306239023
  -306205527
  -305952723
  -305461778
  -304781834
  -304638345
  -304366561
  -304303100
  -304283095
  -304276339
  -304269072
  -304237806
  -304131342
  -303613780
  -303529341
  -303526666
  -303494479
  -303468105
  -303399734
  -303377930
  -303114003
  -302606097
  -302515695
  -302447220
  -301908817
  -301751488
  -301722157
  -301657185
  -301284410
  -301031776
  -300918611
  -300830152
  -300699109
  -300430688
  -300405695
  -300110167
  -300003388
  -299698788
  -299493123
  -299435710
  -299335810
  -299066062
  -299007394
  -299001854
  -298794674
  -298753664
  -298588254
  -298419472
  -298291269
  -298017268
  -297820804
  -297603648
  -297598035
  -297589801
  -297532612
  -297324089
  -296518201
  -296476929
  -296368070
  -296328135
  -296173825
  -295658468
  -295629131
  -295475750
  -295382160
  -295295979
  -295069143
  -294856426
  -294643952
  -294492763
  -294287223
  -294182963
  -293709622
  -293046107
  -292956917
  -292799796
  -292793718
  -292786747
  -292629766
  -292310609
  -291856536
  -291834323
  -291829525
  -291793358
  -291758554
  -291575620
  -291373467
  -291347902
  -291102213
  -290787760
  -290777007
  -290686071
  -290531286
  -290272776
  -290016593
  -289994073
  -289992773
  -289930463
  -289619599
  -289538608
  -289267224
  -289070458
  -288918090
  -288724273
  -288620863
  -288412953
  -288316345
  -287999898
  -287678311
  -287502050
  -287129632
  -287052632
  -286976126
  -286626069
  -286447965
  -285647565
  -285426729
  -284554545
  -284462152
  -284375829
  -284349836
  -284181086
  -283978171
  -283852861
  -283584982
  -283428751
  -283254012
  -282893127
  -282888494
  -282853859
  -282727904
  -282374067
  -282320886
  -282272463
  -282162337
  -282150067
  -282098042
  -281924483
  -281878542
  -281073345
  -281063099
  -280960172
  -280898674
  -280774372
  -280681877
  -280209105
  -279531219
  -279521206
  -279374115
  -279135744
  -279121992
  -278994983
  -278452756
  -278322685
  -278171872
  -278038748
  -278025615
  -277659277
  -277336754
  -276756915
  -276490482
  -276412500
  -276408064
  -275952658
  -275804458
  -275751573
  -275377287
  -275066954
  -274677317
  -274664619
  -273954214
  -273744947
  -273264500
  -273035170
  -272967759
  -272943812
  -272673073
  -271961211
  -271935401
  -271870049
  -271741376
  -271642986
  -271527098
  -271301497
  -271100525
  -270646556
  -270643356
  -270629733
  -270603832
  -270205164
  -270136679
  -269955699
  -269747985
  -269599385
  -269377796
  -269118391
  -268730672
  -268591839
  -268583910
  -268553355
  -268516030
  -268292429
  -268064777
  -267651092
  -267595261
  -267499610
  -267294424
  -267270356
  -267259256
  -267181155
  -267141405
  -267051342
  -266801007
  -266696667
  -266522584
  -266378687
  -266272349
  -266213683
  -266190469
  -266036419
  -265827548
  -265811613
  -265735997
  -265009235
  -264685118
  -264670692
  -264628151
  -264614053
  -264478116
  -264150598
  -263845679
  -263718572
  -263661660
  -262639862
  -262486811
  -262409749
  -262343897
  -262234310
  -261950171
  -261891517
  -261345873
  -261045119
  -260589238
  -260554443
  -260546915
  -259902510
  -259801057
  -259627939
  -259457154
  -259251178
  -258772095
  -258597230
  -257952947
  -257837923
  -257820887
  -257671509
  -257553413
  -257187648
  -256934202
  -256805810
  -256767801
  -256547525
  -256507187
  -256463677
  -256442639
  -256389392
  -256218543
  -255957155
  -255854679
  -255826243
  -255682804
  -255163331
  -254913834
  -254834882
  -254763507
  -254616228
  -254463365
  -254145253
  -254116090
  -254103266
  -253931035
  -253523926
  -253482936
  -253227954
  -253096391
  -252959802
  -252729233
  -252688454
  -251976744
  -251528553
  -251469746
  -251163150
  -250875554
  -250854186
  -250668487
  -250639211
  -250370861
  -249801962
  -248947742
  -248532995
  -248513158
  -248428973
  -248378181
  -248355962
  -247827146
  -247613366
  -247221034
  -245912439
  -245834554
  -245729987
  -245368313
  -245177353
  -244913412
  -244687785
  -244656630
  -244529086
  -244473599
  -244334291
  -244153602
  -244052196
  -243635398
  -243561649
  -243469297
  -243456888
  -243213981
  -243156981
  -242960251
  -242782036
  -242774072
  -242483967
  -242426641
  -242062957
  -241940397
  -241828460
  -241794015
  -241619593
  -241410726
  -241050780
  -240836609
  -240831739
  -240647878
  -240393645
  -240017860
  -239656564
  -239190334
  -238079603
  -237868384
  -237611235
  -237468151
  -237420625
  -237279355
  -237072593
  -237007278
  -236712507
  -236479643
  -235905447
  -235889112
  -235260119
  -235036315
  -234885781
  -234504802
  -234474410
  -234299331
  -234027839
  -233855570
  -233673078
  -232969220
  -232742792
  -232424799
  -232192644
  -231893852
  -231749510
  -231599726
  -231451459
  -231248082
  -231052802
  -231052376
  -230621604
  -230381684
  -230220904
  -229664665
  -229519611
  -228889224
  -228877925
  -228761131
  -228554510
  -228517133
  -227890236
  -227701283
  -227509075
  -227040295
  -227035795
  -226866006
  -226605366
  -226050033
  -225937138
  -225824291
  -224997818
  -224912729
  -224866330
  -224802444
  -224730995
  -224527866
  -224177346
  -224119364
  -224117919
  -223980979
  -223721902
  -223712303
  -223634726
  -223346097
  -223229925
  -223095684
  -222836935
  -222788857
  -222677155
  -222675408
  -222666032
  -222655017
  -222580964
  -222294424
  -222199256
  -221755831
  -221400008
  -221337787
  -220895734
  -220856353
  -220644930
  -220595202
  -220124034
  -219721039
  -219702898
  -219409620
  -219408456
  -219125257
  -219074800
  -219048871
  -218919655
  -218835925
  -218799770
  -218606592
  -218492803
  -218487812
  -218479100
  -218189004
  -218146152
  -218005370
  -217859214
  -217820765
  -217499976
  -217415634
  -217369761
  -217022720
  -216851163
  -216847887
  -216707655
  -216690361
  -216656300
  -216616125
  -216173999
  -216146390
  -216138081
  -215718655
  -215571553
  -215508527
  -215502399
  -215488379
  -215461730
  -215313231
  -215113570
  -214939136
  -214673469
  -214106879
  -214050071
  -214030940
  -213956614
  -213860562
  -213451709
  -213375553
  -213049415
  -213007359
  -212290712
  -212265515
  -212124288
  -211864346
  -211857018
  -211760417
  -211670150
  -211496092
  -211026112
  -210891892
  -210041762
  -209801237
  -209785344
  -209707613
  -209122377
  -209079621
  -208903843
  -208861659
  -208547479
  -208531638
  -208414704
  -208036032
  -207873901
  -207741685
  -207666197
  -207660730
  -207481985
  -207261087
  -207017474
  -206787259
  -206610214
  -206490529
  -206370192
  -206223959
  -206176329
  -205814376
  -205659835
  -205376968
  -205351534
  -205015951
  -204879288
  -204808397
  -204748969
  -204658199
  -204367000
  -203930791
  -203726203
  -203349171
  -203239431
  -202456229
  -202228069
  -202011492
  -201987120
  -201894179
  -201281196
  -201222983
  -201029614
  -200930279
  -200652019
  -200651894
  -200447340
  -200314917
  -200205709
  -200092889
  -200047916
  -200026070
  -199878080
  -199615063
  -199585356
  -199522453
  -199483990
  -199393842
  -199331465
  -199267974
  -198700285
  -198527319
  -198453517
  -198387135
  -198326116
  -198121126
  -197799912
  -197725087
  -197637502
  -197511605
  -197293549
  -197068914
  -196892435
  -196883533
  -196679467
  -196648104
  -196460573
  -196199945
  -195788043
  -195753513
  -195657062
  -195506578
  -195157655
  -195062696
  -195050457
  -194771282
  -194735028
  -194279250
  -193790380
  -193696203
  -193670689
  -193330092
  -193292460
  -192498276
  -191589498
  -191502177
  -191481911
  -191456473
  -191364379
  -190867198
  -190684359
  -190544603
  -190452567
  -190390566
  -190011383
  -189928608
  -189871060
  -189869224
  -189151824
  -189027948
  -188693216
  -188027093
  -187902956
  -187301316
  -186986120
  -186900338
  -186709127
  -186212733
  -186173419
  -186099091
  -185767303
  -185681486
  -185529195
  -185520956
  -185335313
  -185236568
  -185198513
  -184866229
  -184633516
  -184477717
  -184165412
  -184135327
  -183805344
  -183753485
  -182983665
  -182948642
  -182874169
  -182759442
  -182694907
  -182691715
  -182578257
  -182182181
  -181934206
  -181737893
  -181640259
  -181415259
  -181374441
  -181334172
  -181333176
  -181310000
  -181235075
  -180723212
  -180678107
  -180669055
  -180574266
  -180175716
  -179808363
  -179732716
  -179678858
  -179578260
  -179485066
  -179475467
  -179256062
  -179124926
  -179049427
  -178845823
  -178815002
  -178621166
  -178562681
  -178121026
  -177635383
  -177581116
  -177190304
  -177051094
  -176953125
  -176682432
  -176553207
  -176327514
  -176154329
  -176153441
  -176107283
  -175717478
  -175650455
  -175524547
  -175489879
  -175453950
  -174928688
  -174776508
  -174442421
  -174052372
  -173863686
  -173607972
  -173600939
  -173450287
  -173232582
  -173140409
  -173058502
  -172767147
  -172691375
  -172685690
  -172609914
  -172485604
  -172338167
  -172325540
  -172212323
  -171490429
  -171325020
  -170888752
  -170292448
  -170271798
  -170241940
  -170110998
  -170056698
  -169524661
  -169341464
  -169319377
  -169205093
  -169134957
  -168991902
  -168928948
  -168562792
  -168553941
  -168412098
  -167846764
  -167746021
  -167475725
  -167436523
  -167357704
  -167267890
  -167253201
  -166903612
  -166717355
  -166390326
  -165339786
  -165133483
  -164788154
  -164686618
  -164267092
  -164192565
  -164102618
  -164097692
  -164040495
  -163861959
  -163822365
  -163473078
  -163361016
  -162617605
  -162488691
  -162254782
  -162154583
  -161624447
  -161280428
  -160989381
  -160602533
  -160517271
  -160243955
  -158819999
  -158289461
  -158167472
  -157955036
  -157230914
  -156817241
  -156558709
  -156488181
  -156449252
  -156144777
  -156010741
  -155972613
  -155930781
  -155891032
  -155890624
  -155618205
  -155513105
  -155384313
  -155358455
  -155344072
  -155062757
  -154974473
  -154712477
  -154183975
  -154069250
  -153903287
  -153811621
  -153785573
  -153428413
  -153398187
  -153365152
  -152988419
  -152684814
  -152646911
  -152480512
  -152354500
  -152166518
  -152041312
  -151988150
  -151843577
  -151814476
  -151787605
  -151759299
  -151626937
  -151303549
  -151283228
  -151006995
  -150925099
  -150679434
  -150411296
  -150407231
  -150308966
  -150300879
  -150202486
  -149759059
  -149655310
  -149558350
  -149119771
  -148932127
  -148752563
  -148558791
  -148406267
  -148373012
  -148338303
  -148271831
  -147969176
  -147935874
  -147792612
  -147234735
  -147186302
  -146981777
  -146915836
  -146910286
  -146898730
  -146539478
  -146459040
  -146412629
  -146349259
  -146233748
  -146018400
  -145652006
  -145121138
  -144449252
  -144332675
  -143277341
  -143073852
  -143036504
  -142978973
  -142951218
  -142834613
  -142685020
  -142683011
  -142453238
  -142058311
  -141701251
  -141415069
  -141188308
  -140774422
  -140716524
  -140490738
  -140309765
  -139981569
  -139967631
  -139810120
  -139766321
  -139308725
  -138696287
  -138679520
  -138639656
  -137984707
  -137498416
  -137309268
  -135550651
  -135170155
  -134955018
  -134866809
  -134755905
  -134670340
  -134643973
  -134616040
  -134426630
  -134232406
  -134117718
  -134094232
  -133407514
  -132912048
  -132679695
  -132665900
  -132622315
  -132505863
  -132300158
  -132266941
  -132242123
  -132141688
  -132138736
  -132040779
  -131937280
  -131406255
  -131138275
  -130520095
  -130355213
  -129999367
  -129835418
  -129783270
  -129164028
  -129130980
  -129036362
  -128496253
  -128432250
  -128330588
  -128089548
  -127807780
  -127790415
  -127072805
  -126789467
  -126460709
  -126249651
  -126137341
  -126128019
  -126039063
  -126007092
  -125331320
  -125276926
  -125269999
  -125181811
  -125071243
  -125010646
  -124593514
  -124414811
  -124254005
  -124210842
  -124195935
  -123865613
  -123839369
  -123509404
  -123399768
  -122747563
  -122606201
  -122605114
  -121995074
  -121084237
  -121027257
  -120679353
  -120586334
  -120487492
  -119854123
  -119748613
  -119650378
  -119506791
  -119314915
  -119143224
  -118864544
  -118505505
  -118420141
  -118349987
  -118218309
  -118169942
  -118076992
  -118051186
  -117901510
  -117872245
  -117793891
  -117555902
  -117187378
  -117179337
  -116939203
  -116907906
  -116756763
  -116593417
  -116394391
  -116326453
  -116208421
  -115772112
  -115571772
  -114856724
  -114324633
  -114036854
  -113378630
  -113347760
  -113294947
  -113237393
  -112839709
  -112670057
  -112660731
  -112550602
  -112471454
  -112389900
  -112139514
  -111913375
  -111844319
  -111817520
  -111745433
  -111378384
  -111272165
  -111228959
  -111179566
  -111176247
  -111172855
  -110893428
  -110803721
  -110532468
  -110400527
  -110371430
  -110170904
  -109951639
  -109701157
  -109700994
  -109568794
  -109456030
  -109124194
  -109017350
  -108637150
  -108440014
  -107802320
  -107589139
  -107493919
  -107405218
  -107125009
  -107008912
  -106875499
  -106377103
  -106374962
  -106189685
  -105978540
  -105842289
  -105633921
  -105458288
  -105422277
  -105405847
  -105366358
  -105346658
  -105284710
  -105201157
  -105200020
  -105038374
  -104582740
  -104291633
  -104053219
  -103928966
  -103848862
  -103845316
  -103585028
  -103562516
  -103328089
  -103116586
  -102699640
  -102698574
  -102625628
  -102545125
  -102472258
  -102447882
  -102391578
  -102346224
  -102320727
  -101999454
  -101475466
  -101457655
  -101360149
  -101296288
  -101093301
  -100913201
  -100621367
  -99934338
  -99802854
  -99771617
  -99073626
  -98969138
  -98924915
  -98867220
  -98753558
  -98550906
  -98218450
  -98141638
  -97894107
  -97384513
  -97176067
  -96664693
  -96591498
  -96260416
  -95938483
  -94829280
  -94646675
  -94388914
  -94382901
  -94237933
  -94232147
  -94044560
  -93246429
  -93016730
  -92737864
  -92598787
  -92549316
  -92084775
  -92000617
  -91898371
  -91865471
  -91639330
  -90845783
  -90843480
  -90343125
  -90281131
  -90095504
  -89913941
  -89706806
  -89260347
  -89116862
  -89096142
  -89029386
  -88666877
  -88458311
  -88010027
  -87960688
  -87913496
  -87903119
  -87713309
  -87693607
  -87585190
  -87199858
  -86858900
  -86734448
  -86622144
  -86181352
  -85956936
  -85523557
  -85328600
  -85008215
  -84700739
  -84690539
  -84645970
  -84254631
  -84163861
  -84135231
  -84067485
  -83975031
  -83758439
  -83539605
  -83506956
  -83496864
  -83404797
  -82377690
  -82170361
  -81933150
  -81871557
  -81826331
  -81718964
  -81551242
  -81440833
  -81377102
  -81366643
  -81191965
  -80989249
  -80688467
  -80475196
  -79663688
  -79500755
  -79383010
  -79346980
  -79267547
  -79177694
  -79133712
  -79117791
  -78723375
  -78662515
  -78646925
  -78452899
  -78319099
  -78282545
  -77463324
  -77358924
  -77241071
  -76814005
  -76252959
  -75356715
  -75157970
  -74911184
  -74650341
  -74639944
  -73950576
  -73808842
  -73804489
  -73697793
  -73333100
  -72802091
  -72763362
  -72285609
  -72127123
  -71881717
  -71723169
  -71490834
  -71372075
  -71122557
  -71111486
  -70970825
  -70842384
  -70650537
  -70607641
  -70329217
  -70308020
  -70266506
  -69622002
  -68919942
  -68723871
  -68241269
  -67907106
  -67860960
  -67606522
  -67472154
  -67063943
  -66749217
  -66243041
  -66090505
  -66005881
  -65773390
  -65415332
  -65260440
  -65165162
  -64859037
  -64656599
  -64196366
  -64122114
  -63868603
  -63610652
  -63131485
  -62921943
  -62773373
  -62769584
  -62721961
  -62583354
  -62044464
  -61649885
  -61548291
  -60982246
  -60740727
  -60670584
  -60616387
  -60585016
  -60420116
  -59883577
  -59566373
  -59478846
  -59409919
  -59345826
  -59263057
  -59226893
  -58750724
  -58634578
  -58029531
  -57649082
  -57616471
  -57528793
  -57483910
  -57433343
  -57227697
  -57147309
  -57125609
  -56540478
  -56193592
  -55993632
  -55895864
  -55861110
  -55671702
  -55496675
  -55482036
  -55338890
  -54742963
  -54706366
  -54323010
  -54246651
  -54131185
  -53950419
  -53943763
  -53722716
  -53260237
  -53215054
  -53178154
  -52954199
  -52793319
  -52593869
  -52298101
  -51969548
  -51961532
  -51872339
  -51537828
  -51511535
  -50937298
  -50841549
  -50333808
  -50247466
  -49852717
  -49682630
  -49516663
  -49411495
  -49338566
  -49187597
  -49054396
  -49040819
  -48678009
  -48307822
  -48283911
  -48250443
  -48147062
  -47971027
  -47718493
  -47617594
  -47377125
  -47078160
  -46921620
  -46696072
  -46641657
  -46635842
  -46183106
  -46150760
  -46005504
  -45923231
  -45921830
  -45709368
  -45352946
  -44709537
  -44556929
  -44307169
  -44299571
  -44282932
  -43848382
  -43764170
  -43301611
  -43095015
  -42993756
  -42778013
  -42513407
  -42432933
  -42427307
  -41989114
  -41884222
  -41783737
  -41751016
  -41429087
  -41413892
  -41162065
  -40961280
  -40848777
  -40822802
  -40613407
  -40530636
  -40278786
  -39891857
  -39723263
  -39689888
  -39678342
  -39508058
  -39244332
  -38872660
  -38721484
  -38598546
  -38566905
  -38413520
  -38128219
  -37868615
  -37679341
  -37654472
  -37121536
  -36972138
  -36696655
  -36645427
  -36502838
  -36317524
  -36260934
  -35541533
  -35405107
  -35360475
  -34470718
  -34095533
  -34016891
  -33937820
  -33856544
  -33317976
  -33195483
  -33110414
  -32886640
  -32689919
  -32374811
  -32171212
  -32169087
  -32164830
  -31869356
  -31713275
  -31649144
  -31648474
  -31587914
  -31513960
  -31459572
  -31455841
  -31391448
  -31305274
  -31135635
  -31086102
  -31047835
  -30855085
  -30835566
  -30800712
  -30433543
  -30332457
  -30331476
  -30233440
  -29778144
  -29732720
  -29685922
  -29671250
  -29532028
  -29441875
  -29344754
  -28976856
  -28951100
  -28876280
  -28644564
  -28559233
  -28460559
  -28203900
  -27701263
  -27463381
  -27174341
  -27146556
  -26951948
  -26765258
  -26742387
  -26063835
  -25775882
  -25126807
  -25106609
  -24627291
  -24617729
  -24523172
  -24227606
  -24113052
  -24085904
  -23735960
  -23651883
  -23540608
  -23184870
  -22183469
  -22174732
  -21716777
  -21405321
  -21076366
  -20441544
  -20245761
  -19731079
  -18513925
  -18420985
  -18295565
  -18055424
  -17856154
  -17740744
  -17475511
  -17256716
  -16981927
  -16753354
  -16255559
  -16126184
  -16089056
  -15943827
  -15709744
  -15684442
  -15066185
  -14870815
  -14419550
  -13505043
  -13265393
  -13008122
  -12989941
  -12938624
  -12857190
  -12831519
  -12750248
  -12707767
  -12407153
  -12182885
  -12078675
  -11926415
  -11235893
  -10789929
  -10649217
  -10584406
  -10444818
  -10218075
  -9546694
  -9367180
  -9346718
  -9212264
  -9195279
  -9089243
  -8575578
  -8324876
  -8058764
  -7729119
  -7671627
  -7396222
  -7147486
  -6686415
  -6525681
  -6188602
  -5780229
  -5740683
  -5437177
  -5289590
  -5187346
  -4892774
  -4867278
  -4721607
  -4652891
  -4394999
  -4324869
  -4061279
  -3495058
  -3013196
  -2381710
  -2370732
  -2293020
  -2291383
  -2081678
  -1895771
  -1756999
  -1384216
  -1383284
  -1367216
  -939434
  -872636
  -766236
  -622065
  -308122
  -245488
  -95393
  -23336
  128201
  273232
  388888
  705951
  768001
  877913
  926730
  1423009
  1890961
  1952997
  2220608
  2243933
  2380267
  2671788
  2760258
  2793481
  2865612
  3293084
  3749927
  3756501
  3875645
  4068343
  4341580
  4352389
  4987228
  5136421
  5327691
  5518608
  5646089
  5988694
  6069217
  6243680
  6268086
  6480521
  6528611
  6639188
  7020579
  8123574
  8560973
  8677513
  8759186
  8800844
  8922673
  9165906
  9532564
  9586410
  9707879
  10189818
  10501411
  10562649
  10590366
  10662120
  10786642
  10808059
  10839521
  10867489
  11039204
  11120433
  11222497
  11259568
  11263279
  11436116
  11838487
  11922143
  12547829
  12893233
  13018474
  13146500
  13373619
  13437182
  14306655
  14470709
  15208569
  16115227
  16178761
  16339335
  16433252
  17349928
  17399514
  17985196
  18286359
  18498247
  18540289
  18971518
  19418185
  20016280
  20287060
  20325146
  20458935
  20467325
  20476510
  21054578
  21184064
  22086428
  22323078
  22368107
  22382339
  22914490
  22968146
  22989541
  23000222
  23175549
  23845327
  24315286
  24648153
  25280447
  25374704
  25379087
  25549055
  25643142
  26000965
  26102305
  26231461
  26281737
  26653436
  26862595
  26942117
  27316244
  27395511
  27515543
  27993702
  28154929
  28410098
  28489294
  28575252
  28600088
  29197156
  29279728
  30064703
  30647469
  30716930
  30921441
  31296057
  31351226
  31417023
  31457344
  31467285
  31481851
  31568845
  31579884
  31810296
  31816990
  31904275
  32447354
  33210939
  33365534
  33426202
  33694803
  33707031
  33808477
  33862597
  33986223
  33990115
  34244267
  34588935
  34724506
  35745814
  36158755
  36175754
  36291540
  36454937
  36605149
  37060528
  37301464
  37528941
  37543686
  37740971
  37847136
  38030624
  38613553
  39266582
  39462737
  39541646
  39681810
  39715614
  39787807
  40251705
  40461950
  41174363
  41189969
  41229755
  41242526
  41298956
  41410819
  41593426
  41698692
  41756846
  41892578
  41976282
  41995703
  42173065
  42203458
  42600820
  42776096
  42835863
  42988866
  43498283
  43693939
  43936685
  44881527
  45122721
  46066155
  46316521
  46730610
  46787788
  46904353
  47339291
  47406884
  47599685
  47988081
  48011875
  48633165
  48652521
  48706601
  49252887
  49334728
  49367371
  49521693
  50200049
  50207363
  50290909
  50301281
  50616457
  50827775
  51295347
  51889334
  51919700
  51981358
  52824487
  52938659
  53000632
  53143737
  53177902
  53455088
  53576886
  53673957
  54143484
  54184278
  54277075
  54277865
  54326911
  54328701
  54717859
  54732443
  55663950
  56258714
  56258766
  56277771
  56344464
  56369009
  56433216
  56693270
  56910188
  57076472
  57231076
  57454715
  57478366
  57736095
  57849198
  58105237
  58125256
  58157538
  58235692
  58273904
  58455520
  58604172
  58806653
  58813800
  59129042
  59229815
  59482965
  59718681
  59874434
  60079777
  60251929
  60452195
  60482092
  60605422
  60646949
  60647286
  60790901
  60948346
  61224817
  61249874
  62004572
  62069265
  62133568
  62278022
  62565595
  62738953
  63025104
  63098246
  63183953
  63267961
  63692254
  63711917
  64054427
  64417663
  64832293
  65280131
  65301822
  65700320
  65819025
  66028442
  66456657
  66586840
  67005390
  67108459
  67245953
  67250239
  67734580
  67753023
  67843303
  67846164
  68124882
  68207550
  68395685
  68582921
  68626618
  68851539
  68936437
  68958308
  69159284
  69277497
  69448235
  69853548
  70320374
  70393651
  70598763
  70880730
  71076894
  71896930
  72022989
  72361373
  72601426
  73062920
  73353880
  73357294
  73366217
  73927347
  74342513
  74917380
  75014044
  75121445
  75124606
  75165060
  75202475
  75247791
  75313113
  75468523
  76093571
  76160167
  76509256
  76638774
  76934687
  76992239
  77269556
  77286735
  77575806
  77614384
  77785802
  77999610
  78136895
  78493710
  78662633
  78845716
  79046188
  79329105
  79454943
  79867250
  79970302
  80142944
  81497650
  81656092
  81814423
  82019227
  82164807
  82538871
  82713706
  82809730
  82916446
  82996940
  83217332
  83356297
  83688062
  83832754
  84115716
  84478687
  84795349
  85019211
  85164255
  85265463
  85627661
  85986218
  86037340
  86244485
  86264186
  86578409
  86861646
  87074833
  87139105
  87498903
  87673979
  87822381
  88021860
  88484834
  88791142
  88955115
  89459490
  90066371
  90132871
  90154008
  90316085
  90322474
  90481105
  90697157
  91121028
  91609488
  91821856
  92050408
  92268036
  92511124
  92569454
  92657886
  92695888
  92818880
  93245649
  93250411
  94215244
  94842098
  94900514
  94937118
  95023396
  95024023
  95036826
  95576388
  96207318
  96390521
  96742562
  96790871
  96943800
  97034968
  97236490
  97295237
  97568614
  97609376
  97643573
  98940527
  98968456
  99055991
  99107071
  99153422
  99232388
  99389976
  99399020
  99411157
  99483835
  99684072
  99763705
  100394270
  100415520
  100798100
  100907888
  101124285
  101195744
  101198949
  101244334
  101322798
  101465029
  101567320
  101576803
  101614826
  101707343
  101992155
  102206885
  102255173
  102293170
  102373013
  102622846
  102824710
  102833124
  102892004
  102992616
  102995206
  103011143
  103342453
  103368059
  103625663
  103853876
  104576511
  104689520
  104763195
  105045089
  105453162
  106033644
  106189717
  106527997
  106579255
  106788620
  106812039
  106936833
  107180374
  107602210
  107685319
  107704011
  107735661
  108010246
  108443439
  108670649
  108726977
  108793417
  108922677
  109051295
  109304020
  109326406
  109508758
  109706412
  109879897
  110420201
  110474845
  110577381
  110873211
  111214272
  111367703
  111458402
  111761528
  111808908
  112025589
  112090137
  112179113
  112437004
  112654861
  112666469
  112757762
  112860473
  113251303
  113673771
  113731531
  113866039
  113893320
  114066618
  114158043
  114252851
  114467265
  114762393
  114795885
  114871931
  114890575
  114948596
  115124696
  115141926
  115371568
  115572993
  115941071
  116036694
  116372144
  116400975
  116892789
  117281619
  117473890
  117483844
  117856914
  118293949
  118321917
  118335672
  118404116
  118588898
  118594194
  119192346
  119373773
  119461728
  119567632
  120033188
  120468627
  120523370
  120601303
  121132654
  121266471
  121524079
  121543166
  122319856
  122591439
  122680874
  123034017
  123102395
  123197834
  123434991
  123863896
  123945791
  123976634
  123981279
  124035397
  124278476
  124604515
  124719600
  124798309
  125186874
  125755747
  125875274
  126584581
  126683143
  126888774
  127232573
  127547620
  127818875
  128015429
  128040118
  128041570
  128138017
  128963984
  129350198
  129534158
  129612929
  129661774
  129664216
  129853648
  129904938
  130432186
  130483426
  130765482
  130784214
  130788080
  130795045
  131092658
  131115190
  131274965
  131320430
  132230191
  132436170
  132730585
  133159020
  133505247
  133704639
  133725282
  133849907
  134157248
  134328249
  134811217
  135472958
  135589419
  135667755
  135736131
  135796276
  135880459
  136121918
  136376476
  136716707
  136747473
  136995094
  137037881
  137055925
  137116234
  137189981
  137395687
  137526649
  137923032
  137940493
  138117969
  138176894
  138180917
  138422360
  138442370
  138553684
  138693077
  138759644
  139573964
  140118840
  140205961
  140319166
  140498392
  140649310
  140709342
  140822685
  141380590
  141577596
  141696631
  141733011
  141943992
  142069209
  142137993
  142321603
  142348381
  142389501
  142519945
  142707908
  142876020
  142906097
  142966186
  142981139
  143013486
  143227126
  143362038
  143544917
  143566623
  143657871
  143816014
  144039579
  144066325
  144120844
  144315374
  144603038
  144860648
  145166267
  145582987
  146349723
  146940190
  147123583
  147440926
  147525706
  148141974
  148223099
  148437542
  148562493
  148657004
  148865889
  148909353
  149004650
  149503679
  149644909
  149725274
  149924929
  150013958
  150105818
  150126086
  150325777
  150344922
  150479435
  150502582
  150561605
  150641712
  151706537
  151928607
  152308939
  152332726
  152462014
  152484013
  152534924
  152608134
  152661437
  152687961
  152892989
  152923211
  153303192
  153525229
  153967789
  153999979
  154119151
  154137056
  154168180
  154470360
  154498965
  154982388
  155058712
  155119830
  156014730
  156068295
  156303984
  156377267
  156438887
  156521010
  156785695
  156886145
  157000832
  157081696
  157429467
  157440996
  157474787
  157689513
  157997319
  158785038
  159077809
  159204381
  159541671
  159544439
  160126881
  160288158
  160490981
  160875475
  160992895
  161311675
  161450889
  161557330
  161589926
  161930601
  162229626
  162250781
  162368218
  162392684
  162479572
  162787472
  162913051
  162938519
  162949048
  163077202
  163452631
  163491241
  163587320
  163638970
  163789814
  163795984
  163831506
  164206569
  164309666
  164397929
  164731344
  164815031
  165291695
  165395003
  166050561
  166137831
  166233349
  166275103
  166294923
  166366513
  166466628
  166633659
  166971156
  167023211
  167082260
  167090881
  167439220
  167591556
  167683248
  168227767
  168241785
  168280743
  168427406
  168436311
  168632160
  168767219
  168964997
  169140678
  169229591
  170126114
  170206286
  170275808
  170277630
  170520492
  170730460
  170763849
  170985663
  171253951
  171478821
  171897473
  172158845
  172359968
  172500987
  172562302
  172674852
  172723829
  172726482
  173007053
  173141992
  173444363
  173505134
  173647158
  173920113
  174200786
  174475592
  174517668
  174677189
  174749806
  174874801
  174971574
  174977538
  175145998
  175701483
  175869926
  176007373
  176023212
  176205319
  176252315
  176297091
  176364374
  176496605
  176570014
  176797794
  177839199
  177942409
  178003131
  178270590
  178899600
  179606759
  180072181
  180143643
  180498787
  180834628
  180843055
  181241318
  181708107
  181835888
  182190483
  182253547
  182281595
  182544156
  182747422
  183316957
  183444256
  183559265
  183710010
  185182191
  185345384
  185385268
  185717012
  185783341
  186075370
  186211730
  186502147
  186554319
  186722221
  186816450
  186834020
  187186815
  187618699
  187895976
  187942886
  188035486
  188142736
  188367150
  188485371
  188876472
  189087427
  189271566
  189290201
  189529940
  189582036
  190235804
  190341013
  190412900
  190524402
  190541639
  190832307
  190935992
  191894791
  191924602
  192100906
  192509798
  192510297
  192915990
  193303420
  193786307
  194023870
  194085894
  194736668
  194830977
  195192063
  195200399
  195462998
  195786289
  195940037
  196188963
  196201426
  196449514
  196471936
  196715595
  196826680
  196928815
  197115029
  197281919
  197688845
  197842733
  198050012
  198092456
  198214956
  198478709
  198559446
  198801636
  198818488
  198848417
  198947067
  199624444
  199685232
  199722601
  199783316
  199858074
  199862726
  200120028
  200339955
  200572072
  200914435
  201085999
  201691492
  201796066
  202010817
  202385631
  202432524
  202662211
  202946996
  203107197
  203109367
  203243698
  203626923
  203708689
  203896544
  204067933
  204490702
  204693007
  204836970
  204934606
  205493425
  205562862
  205566608
  206198790
  206871803
  207144825
  207220137
  207548252
  207746779
  208109031
  208323603
  208571468
  209073653
  209302806
  209401212
  209448751
  209738275
  209762391
  209977585
  210689463
  210912738
  211127235
  212024426
  212096499
  212109585
  212724340
  213338502
  213389479
  213510936
  213651433
  213721153
  214146264
  214330319
  214692245
  214794190
  215173952
  215752546
  215949240
  215981833
  216365328
  216990848
  217495748
  217739089
  217927704
  218127014
  218358967
  218688329
  218870571
  218885970
  218980892
  219055457
  219399904
  219553550
  219820179
  219918726
  220384353
  220483366
  220998831
  221021683
  221088788
  221455154
  221611826
  221704410
  221900865
  222024545
  222199034
  222343394
  222480660
  222996617
  223119358
  223190717
  223329887
  223605684
  223758091
  224343266
  224425435
  224782601
  224797109
  224818659
  225015063
  225972355
  226261721
  226386314
  226758647
  226875558
  226884421
  226983616
  227158905
  227300782
  228151587
  228167413
  228658607
  228767321
  228775048
  228943666
  229924479
  229972949
  230276193
  231254485
  231584669
  231657792
  231693346
  231750150
  231872658
  232396978
  232512344
  232909474
  232998565
  233028995
  233178764
  233264805
  233307118
  234162187
  234793890
  234990648
  235010692
  235135752
  235344607
  235427396
  235640650
  235846791
  236104394
  236595496
  237066521
  237843194
  238160395
  238574427
  238583067
  239021745
  239280556
  239484037
  240207817
  240274638
  240485732
  240568679
  240729740
  240768522
  241222463
  241981339
  242087155
  242122195
  242225241
  242269703
  242427161
  242744803
  242791016
  243134301
  243302756
  243334995
  243564781
  243569226
  243619253
  243886724
  244059953
  244153288
  245063699
  245445179
  245522960
  245731671
  246622884
  246682209
  247406563
  247514611
  247669181
  247746777
  248045275
  248355146
  248890293
  248966986
  249212573
  249474815
  249751985
  250138903
  250741965
  251786553
  251847249
  251848461
  252224267
  252439464
  252757271
  253013376
  253088893
  253132303
  253147337
  253422038
  253430846
  253865740
  254295472
  254342367
  254470138
  254540578
  254864941
  254931923
  255020377
  255146356
  255418858
  255486597
  256708247
  257132160
  257412676
  258505746
  258941926
  259336761
  259554124
  259631984
  259801580
  259965622
  260029230
  260113224
  260313183
  260446362
  260487427
  260639016
  260787432
  261029370
  261153775
  261204701
  261287691
  261335591
  261499682
  261553056
  262751900
  263178065
  263275736
  263444962
  263972548
  264310366
  264531457
  264568806
  264588738
  264641849
  264710619
  264911543
  264946873
  265417289
  265658957
  266061390
  266085716
  266649255
  266808296
  267321163
  267322620
  267576216
  268015807
  268042927
  268373011
  268545189
  268759013
  268849763
  268872780
  269055698
  269078971
  269371117
  269375796
  269401536
  269435043
  269504055
  270224765
  270375734
  270554200
  270910073
  270991016
  271218038
  271517213
  271581480
  271688371
  272080722
  272169421
  272314210
  272687853
  272826141
  272895702
  273075107
  273195926
  273274042
  273332854
  274126313
  274152385
  274155720
  274537168
  274714899
  274900699
  275008607
  275033951
  275215188
  275249843
  275270843
  275552487
  275632878
  275696586
  275803572
  276296807
  276327708
  276474660
  276878011
  276882006
  276952227
  277097642
  277428183
  277486618
  277689116
  277700596
  277750230
  277795078
  277851893
  277984469
  278262149
  278311099
  278450218
  278729006
  278752291
  278818060
  278942638
  279403191
  279434214
  279597766
  279671526
  280312967
  280451050
  280661919
  280798704
  280954244
  280967709
  281321612
  281632673
  282275977
  282287345
  282432718
  283207489
  283316596
  283370090
  283496402
  283550761
  283743984
  284047814
  284159263
  284379446
  284438215
  284799686
  284874816
  285166669
  285170819
  285325267
  285376966
  285483382
  285590116
  285784518
  286491390
  286573427
  286791884
  286841186
  287364573
  287980676
  288494889
  289058688
  289591854
  289788286
  289804592
  289933330
  290261991
  290564162
  291126182
  291348145
  291548833
  291582002
  291641097
  291669371
  292069630
  292133619
  292528046
  292657107
  292878260
  293015533
  293409208
  293615978
  293779485
  294206732
  294326343
  294367317
  295574621
  295709105
  295733955
  295749505
  295933563
  296227147
  296463638
  296575931
  296614426
  296664998
  296845684
  297184171
  297481456
  297836114
  297889129
  298593655
  298737611
  298933688
  299063829
  299121802
  299132820
  299290414
  299300529
  299372957
  299800676
  299858735
  299886439
  300013965
  300843075
  300961612
  300987564
  301422125
  301473792
  301629122
  301646312
  301760754
  302053918
  302222822
  302324960
  302710877
  303233471
  303479390
  303576314
  303867318
  303899136
  304004386
  304071692
  304201454
  304217568
  304283944
  304340422
  304479082
  304595030
  304712575
  304889447
  305100920
  305110654
  305304142
  305919383
  306112059
  306203050
  306320099
  306339844
  306913699
  306946507
  307073377
  307151931
  307237000
  307397727
  307470802
  307481049
  307575379
  307629958
  307740157
  308066161
  308157039
  308160863
  308523480
  308845644
  308854692
  309047170
  309062200
  309387801
  309657124
  309868384
  309926278
  310574013
  310831060
  311232703
  311401977
  311614072
  311826849
  311964117
  311994118
  312320374
  312372025
  312725805
  312894040
  312993195
  313005777
  313017283
  313220602
  314270548
  314500137
  314996614
  315108546
  315179318
  315455582
  315469497
  315473155
  315508366
  315603429
  315806830
  315850719
  316236507
  316546918
  316827822
  316874564
  316928999
  316975882
  317517852
  318100092
  318294796
  318446229
  318563167
  318614621
  318659126
  319126317
  319326844
  320277071
  320433676
  320581296
  321090569
  321695932
  321754577
  321760720
  321840916
  321845590
  322358509
  322481444
  322612974
  323076390
  323258301
  323860673
  323946810
  324201257
  324338926
  324593441
  325012431
  325208129
  326195218
  326274823
  326375147
  326950872
  327367053
  327586510
  328300726
  328348047
  328988235
  329014960
  329151404
  329233084
  329297835
  329471895
  329630276
  329791366
  329822307
  329838218
  330042663
  330244924
  330280403
  330379699
  330430083
  330863906
  330964304
  331076619
  331104423
  331153735
  331232791
  331322558
  331380178
  331489582
  331534498
  331540002
  331567279
  331686481
  331744351
  331938455
  332001884
  332300316
  332362943
  332468730
  332692112
  333248823
  333250816
  333357632
  333650514
  333667715
  334110611
  334161113
  334683306
  334865825
  335472804
  336194737
  336228059
  336490482
  336597768
  336762110
  336788524
  336999256
  337102208
  337159567
  337250179
  337753374
  337753489
  338588532
  338744777
  339260329
  339352054
  339604063
  339632907
  340008900
  340219608
  340700961
  340735402
  341453810
  341504225
  341768247
  342505025
  342752315
  342788178
  343042278
  343243825
  343294455
  343548084
  343683924
  344037374
  344127400
  344484629
  344517546
  344769781
  345015001
  345317306
  345372925
  345650588
  346230214
  346340983
  346740765
  346891871
  346957450
  346977134
  347115944
  347776049
  348210504
  348226682
  348332795
  348347580
  348681890
  349335842
  350046738
  350080752
  350218397
  350337912
  350484532
  350498328
  351187618
  351244948
  351506457
  351587468
  351954547
  352566985
  352860476
  353420351
  353465409
  353874843
  353880822
  354315018
  354344145
  354827267
  354915109
  354917432
  355055642
  355104301
  355801684
  355860788
  356077883
  356159898
  356218499
  356411061
  356461652
  356532801
  356727503
  356836231
  357055696
  357145810
  357355443
  357561040
  357604539
  357807647
  357899115
  358422467
  358686992
  359229425
  359764441
  360285811
  360566553
  360745093
  360836593
  361078623
  361294864
  361581081
  361881283
  362088240
  362403349
  362606344
  362610554
  362702042
  362855065
  362996469
  363139519
  363369237
  363560700
  363664965
  363874957
  363996578
  364025284
  364039404
  364187517
  364424026
  364617283
  364663183
  364859997
  365143273
  365160168
  365304126
  365642871
  366121760
  366235926
  366735740
  366811825
  366967056
  368322754
  368375377
  368443793
  368586903
  368745322
  369081053
  369176552
  369178821
  369351829
  369401320
  369420288
  369601183
  369678013
  369689904
  370245046
  370367235
  370503387
  370628523
  370800420
  371197784
  371267860
  371336252
  371425593
  371512701
  371665136
  371685599
  371732964
  371875461
  372654683
  372839756
  372864487
  373250521
  373277927
  373333388
  373468972
  373762411
  373958612
  373992673
  374067155
  374691709
  374986085
  375211199
  375372812
  375419368
  375422377
  375710142
  375810003
  376804637
  377572624
  377690617
  377732468
  377772392
  378029773
  379176758
  379414894
  379535748
  379919600
  380030871
  380045835
  380222767
  381450623
  381663956
  381673707
  381719916
  381807926
  382148017
  382189727
  382342495
  382403230
  382412512
  382454078
  382803069
  382901727
  383080672
  383242555
  384041152
  384462403
  384489902
  384570343
  384833467
  384931579
  385360519
  385467606
  385482384
  385522532
  385665506
  385825828
  386353576
  386538343
  386609570
  387377307
  387560452
  387997011
  388287297
  388298673
  388353035
  388377173
  388390452
  388525275
  388586075
  388675904
  388779214
  388907966
  389156110
  389206202
  389504353
  389708362
  390140145
  390157309
  390235849
  390484096
  390681215
  390748985
  390785084
  390810058
  390976460
  391682706
  391758235
  391892836
  392118661
  392261265
  392465444
  393191529
  393350626
  393647887
  393698669
  394060608
  394067188
  394357825
  394723296
  394748416
  394780115
  394859714
  394884511
  394911176
  394985124
  395160911
  395532294
  396213563
  396390763
  396630436
  396648345
  396860890
  397034293
  397048949
  397138825
  397420552
  397762441
  398528729
  398632603
  398931891
  399098376
  399232918
  399368764
  399975713
  400155744
  400532320
  400717291
  400765867
  400845308
  401146968
  401799945
  402011579
  402355911
  402538195
  402541812
  402913753
  403418759
  403466444
  403496105
  403774819
  403905450
  404245205
  404309360
  405027893
  405278394
  405389285
  405495130
  405591639
  405865289
  405888203
  405922141
  405961802
  406108098
  406356389
  406399989
  406894400
  406930289
  406974912
  407361520
  407398752
  407903664
  408144243
  408357282
  408415514
  408418762
  408513741
  408615786
  408778343
  408916909
  408920661
  409380335
  409475835
  409524395
  409920776
  410076079
  410102511
  410282168
  410505694
  410607004
  410919567
  410974150
  411012027
  411187661
  411243523
  411331343
  411975306
  412128461
  412489015
  412717610
  412843502
  413068043
  413238195
  413297666
  413367529
  413419353
  413553756
  413737831
  414202266
  414330954
  414734119
  415129931
  415813235
  415956745
  416688849
  416996785
  416999759
  417023688
  417137979
  417558758
  418214940
  418296825
  418466282
  418787072
  418847010
  418927923
  419371476
  419382860
  419659199
  419767639
  419795361
  419818057
  419908970
  419969149
  420496022
  420951706
  420995521
  421257719
  421259408
  421557328
  421912573
  421954902
  422417924
  422470391
  423108901
  423149837
  423393978
  423654483
  423846288
  423996638
  424102935
  424155353
  424449987
  424464072
  424603554
  424882959
  424990404
  425271050
  425408001
  425563542
  425823256
  426049077
  427029051
  427136625
  428174219
  428203872
  428337970
  428635958
  428675060
  428808642
  429484245
  429484622
  429977860
  430204923
  430205678
  430364512
  430497375
  430653572
  430664187
  430874293
  430958890
  430987995
  431009392
  431217169
  431265728
  431310610
  431503350
  431624086
  431949264
  432266136
  432324345
  432364616
  432773415
  432855160
  432864388
  433282948
  433285761
  434554311
  434626577
  434724302
  434730378
  435201354
  435283387
  435288142
  435455754
  435521372
  435530446
  435851132
  436252260
  436366802
  436581008
  436804249
  437040893
  437108328
  437132826
  437730985
  437744348
  437955926
  438211909
  438252196
  438490451
  438640597
  438774400
  438871700
  438876490
  439147464
  439280602
  439382644
  439488973
  439966567
  439981885
  440068732
  440138529
  440216540
  440286533
  440337384
  440395796
  440472628
  440928648
  441099188
  441196454
  441411912
  441497949
  441585997
  441646321
  441672746
  441796369
  442141917
  442184922
  442211840
  442249919
  442352238
  442479527
  443336559
  443597734
  443640130
  443999015
  444172155
  444213486
  444536151
  444958174
  445044643
  445059571
  445367443
  445459741
  445612518
  446916193
  447047891
  447428864
  447696941
  447962462
  447969405
  448124860
  448230952
  448338676
  448493312
  448624640
  448696718
  448861861
  448879377
  449233225
  449717542
  449771381
  450829536
  450883650
  450963945
  451114370
  451198791
  451376725
  451474441
  451878371
  452072714
  452218393
  452239870
  452492141
  452710448
  453241294
  453267367
  453328804
  453343550
  453368134
  453438394
  453703503
  453803535
  453866724
  454084973
  454591186
  454725313
  454735149
  455095784
  455179152
  455905540
  455912929
  455984125
  456399829
  456711205
  457177487
  457217404
  458092737
  458608476
  459186035
  459689001
  460006876
  460291616
  460565029
  460727056
  460852034
  460932241
  461480208
  461524234
  461632678
  461763226
  461849804
  461920998
  462049117
  462079499
  462424399
  462523269
  462827499
  463226898
  463693994
  463788358
  463866634
  464075369
  464126685
  464194335
  464213357
  464682322
  464778645
  465115892
  465538295
  465600015
  465642945
  465736098
  466080300
  466090199
  467022117
  467059089
  467558080
  467814211
  468033809
  468046173
  468121993
  468686616
  468749798
  468884214
  469012372
  469123007
  469285423
  469323843
  469476584
  469577243
  469730167
  469748578
  469779438
  469936889
  469977093
  469983405
  470671644
  470833262
  471000991
  471105266
  471453135
  471690843
  471762971
  471919482
  472013815
  472071225
  472083030
  472263043
  472292007
  472456236
  472482437
  473089720
  473110560
  473552463
  473656210
  473777018
  473940863
  473979136
  474075778
  474083694
  474178269
  474219801
  474572193
  474923088
  475181655
  475506533
  475549392
  475660739
  475783232
  475788583
  475860120
  475914697
  475949756
  475991093
  476122867
  476625178
  476638609
  476746424
  476951537
  477112017
  477231867
  477535177
  477732460
  478109531
  478169369
  478651841
  478676926
  478884761
  479087259
  479130579
  479167958
  479251608
  479291491
  479297336
  479722169
  480027206
  480046338
  480051051
  480803083
  480815035
  480930853
  481234575
  481248432
  481338782
  481391830
  481500282
  481794777
  481859785
  482156087
  482157503
  482163617
  482502359
  482889973
  483120289
  483347106
  484319996
  484339930
  484698049
  484857312
  484965798
  485061033
  485406822
  485414598
  485574280
  485585369
  485601572
  485666319
  485879912
  486006965
  486072656
  486123548
  486453850
  486814708
  486876830
  487438960
  487479931
  487523484
  487612626
  487743967
  487994590
  488332480
  488353618
  488560825
  488581133
  488841736
  488946842
  489300935
  489680314
  489861752
  490056468
  490281498
  490825477
  490970514
  491036785
  491129460
  491725004
  491923723
  492398771
  493031092
  493132957
  493850651
  493859951
  494051779
  494414429
  494584942
  495175478
  495182152
  495408577
  495619906
  495885137
  496204497
  496411350
  496552930
  496612835
  496649130
  496829154
  497185361
  497421320
  497591996
  497918515
  497949840
  498196214
  498512971
  498671619
  498890006
  499230595
  499472154
  499582647
  499683030
  499733988
  499746522
  499884080
  500097080
  500106126
  500502932
  500796472
  500818022
  500865248
  501233409
  501312416
  501610382
  501638813
  501702152
  501913591
  502155891
  502174222
  502263407
  502327060
  502403124
  503018420
  503349774
  503478533
  503751617
  504159209
  504164022
  504298205
  504376672
  504673616
  504859446
  505010245
  505024596
  505156270
  505647793
  505680258
  505859943
  506026110
  506075046
  506119227
  506458809
  506490041
  506645610
  506835498
  507192122
  507525895
  507746355
  507778781
  508022906
  508067826
  508174753
  508656816
  508807644
  509018790
  509185926
  509236840
  509757643
  510108996
  510609962
  511565728
  511589556
  511878525
  512223211
  512522413
  512676846
  512704144
  512792934
  512869144
  512908350
  513004456
  513073456
  513301746
  513365247
  513419061
  513807107
  513810097
  513987488
  514144396
  514280149
  514304882
  514792487
  515162689
  515246743
  515601106
  515658766
  515930759
  515938682
  516097856
  517043787
  517578033
  517768649
  517788635
  518093538
  518158263
  518239156
  518790365
  518935374
  519248605
  519291805
  519428393
  519821413
  520082294
  520082647
  520850382
  520874812
  520953291
  521162755
  521344551
  521873708
  522743765
  523758998
  524792222
  525273054
  525372878
  525466895
  525600940
  525668650
  526092292
  527013547
  527317584
  527868264
  527930403
  528304386
  528464767
  528589553
  528715133
  528754791
  528894480
  529088830
  529507572
  529557771
  529577428
  529696461
  529762166
  530160321
  530573008
  530640883
  530735623
  530778659
  531031305
  531499060
  531754864
  531793074
  531951079
  531986150
  532115216
  532136598
  532639450
  533027189
  533036978
  533037173
  533090676
  533456778
  533719122
  533728060
  533763214
  533784659
  534291421
  534406464
  534938610
  534970382
  535019114
  535174347
  535207904
  535241225
  535360959
  535538160
  535808329
  535902693
  535944172
  536034796
  536096783
  536261754
  536338516
  536657736
  537320171
  537413862
  537542189
  537632217
  537708005
  537918597
  537993903
  538075409
  538107230
  538248271
  538760665
  538813295
  539188123
  539209666
  539621440
  539786513
  539971429
  540160927
  540478579
  540866483
  540994359
  541222344
  541517810
  541629054
  541668155
  541810148
  541921400
  542092131
  542181206
  542250555
  542372721
  542398094
  542512153
  542700876
  542801428
  542927644
  542954483
  543079704
  543279085
  543433698
  543481074
  543587205
  543655739
  543690189
  543763395
  543784652
  544021871
  544289917
  544502530
  544808676
  544832972
  545584657
  545729222
  546353090
  546455022
  546883453
  547196053
  547267509
  547268978
  547461126
  547550013
  548616197
  548649244
  548712333
  548834508
  549065953
  549110098
  549289539
  549877997
  550304163
  550599312
  550635912
  550647490
  550726647
  550835181
  551010160
  551444380
  551758887
  551803256
  552331769
  552520964
  552527687
  552535610
  552628733
  552642792
  552688620
  552905343
  553163509
  553788140
  554141173
  555379778
  555618110
  555918059
  555933150
  555960789
  556286514
  556566971
  556601341
  556793784
  556836338
  556928710
  557031062
  557348313
  557367854
  557551781
  557652357
  557680367
  557850887
  558035188
  558388182
  558614733
  558823520
  559123745
  559215349
  559471902
  559635910
  559878962
  561215752
  561227269
  561287425
  561299096
  561548485
  561609597
  561639413
  561706172
  561713317
  561765773
  562631095
  562907279
  563388699
  563759025
  563854361
  563872960
  563882096
  563902237
  564015811
  564141449
  565456091
  565914429
  566278266
  566312264
  566450974
  566452062
  567133657
  567278425
  567431206
  567531243
  567681718
  567714786
  567834253
  567862101
  567905868
  567972305
  568171073
  568730226
  568855527
  568881041
  568996721
  569080158
  569167579
  569277551
  569348102
  569390558
  569539336
  569608411
  569656100
  569877123
  569925010
  569938219
  569978994
  570735093
  571001240
  571077808
  571256269
  571648514
  571719609
  571895310
  571937133
  571953101
  572171810
  572788099
  573207635
  573301392
  573330252
  573566432
  573972304
  574077042
  574911707
  575050751
  575126286
  575558576
  575772971
  575870106
  575894521
  576061747
  576117706
  576626726
  577008880
  577020799
  577278653
  577642475
  577715855
  577957997
  577997718
  578070999
  578406526
  578417647
  579043347
  579069368
  579076194
  579261315
  579517018
  579990075
  580145412
  580354047
  581116219
  581403063
  581500888
  582279770
  582825187
  582918727
  583160483
  583240172
  583828080
  583918826
  584221280
  584363556
  584596303
  585064258
  585198721
  585306906
  585339772
  585418262
  585570767
  585745809
  585873578
  586345206
  586369098
  586567897
  586632343
  586702865
  587141032
  587245777
  587528838
  587572396
  587581050
  587924177
  588802052
  589190216
  589261980
  589533261
  589634412
  589843235
  589872214
  589984513
  590356605
  590410995
  590597554
  590730155
  590900070
  591306270
  591450944
  591460757
  591463353
  591606662
  592003129
  592136200
  592281748
  592355739
  592467804
  592473559
  593277491
  593350322
  593362255
  593388900
  593429190
  593492697
  593915769
  593988578
  594106497
  594221491
  594661466
  594729881
  594790615
  595357095
  595402118
  595444256
  595462891
  595567559
  595584991
  595730899
  595819927
  596014800
  596059739
  596452628
  596598239
  597075090
  597108094
  597146686
  597302624
  597335325
  597595336
  597744459
  598129412
  598200961
  598396649
  598400035
  598494499
  598720786
  599095070
  599312246
  599621064
  600200843
  600230000
  600336308
  600416877
  600417708
  600531343
  600621243
  600829272
  601276419
  601558168
  601861337
  602778637
  603627418
  603649726
  603747296
  603847515
  603960000
  603987438
  604131674
  604204753
  604259436
  604281374
  604518918
  604538407
  605007209
  605338916
  605346106
  605878477
  605886376
  606017423
  606080545
  606175546
  606316019
  606673306
  606728360
  606748635
  606848171
  607046838
  607287312
  607315323
  607724892
  607959876
  607992396
  608055612
  608237835
  608297966
  608314213
  608695713
  608855522
  608922567
  609114584
  609433193
  609651028
  610121014
  610136066
  610718195
  610829310
  611405793
  611952017
  612200679
  612564145
  612569491
  612650512
  612836923
  613141947
  613256906
  613328571
  613397198
  613479152
  613517793
  613648059
  613883337
  614138954
  614236692
  614359053
  614443381
  614650675
  614810995
  615283335
  615406967
  615435705
  615502151
  615534176
  615602806
  616015345
  616274741
  616286773
  616409776
  616985803
  617016924
  617059208
  617174532
  617291064
  617301426
  617449921
  617722183
  618016878
  618348747
  618633528
  618781807
  618846004
  619285401
  619408951
  619539892
  619886423
  620115707
  620288349
  620376801
  620887806
  621012768
  621218251
  621832373
  622159666
  622179669
  622192576
  622321778
  622400024
  623060506
  623126506
  623263659
  623315933
  623755267
  623956646
  624049621
  624056413
  624100141
  624140898
  624215878
  624294395
  624381709
  624777430
  624844260
  625307787
  625378272
  625530652
  625682264
  625832174
  625899020
  626006812
  626112746
  626310518
  626575259
  626736883
  626947064
  627089041
  627205041
  627288357
  627547689
  627582355
  627902613
  627936018
  628023982
  628469628
  628575966
  628665308
  628864207
  628936710
  629168591
  629482736
  629526502
  629612659
  630201663
  630228282
  630283604
  630415645
  630622726
  630655079
  630778774
  630957820
  631477390
  631511839
  631786386
  632363606
  632492142
  632578131
  632822403
  632987486
  633066737
  633200392
  633683401
  633816960
  634523635
  635337268
  635648505
  635668653
  635678641
  635744024
  636072285
  636168641
  636239125
  636253843
  637110294
  637265185
  637531448
  637827381
  638546411
  638649359
  639536183
  639895768
  640156211
  640176472
  640483764
  640880878
  641317139
  641607638
  641909095
  642115682
  642285961
  642717553
  642811330
  643027021
  643174196
  643184406
  643233688
  643493372
  643823451
  643853323
  644095680
  645078131
  645249941
  645305700
  645596036
  645660559
  645758679
  645943512
  646066315
  646066639
  646284685
  646294933
  646598387
  646729112
  647045988
  647147763
  647261308
  647371875
  647511316
  647519718
  647656365
  647854567
  647956683
  647985815
  648076924
  648197763
  648290225
  648869404
  648957365
  649224596
  649350794
  649892185
  649909459
  649995051
  650107719
  650307155
  650340179
  650401660
  650409519
  650500136
  650502267
  650673585
  650734416
  651264019
  651549375
  651660855
  651730539
  652048230
  652111420
  652697336
  652928659
  653209055
  653342620
  653385379
  653608715
  653669878
  653696899
  653738249
  654081296
  654096779
  655138954
  655422249
  655694302
  655818620
  655936446
  656024962
  656132345
  656708336
  656888068
  657077806
  657313254
  657383310
  658142388
  658176870
  658757393
  659874503
  659887002
  659894864
  660114970
  660153125
  660315460
  660462828
  661078587
  661087009
  661329198
  661387631
  661447652
  661576777
  662496192
  662545533
  662600173
  662600304
  662972941
  663117501
  663294023
  663858979
  664916053
  664986096
  665591573
  665632532
  665785720
  665938037
  666775446
  666844698
  666942250
  667013285
  667179440
  667477847
  667631350
  667968129
  667972328
  668260445
  668767694
  668964262
  668987623
  669002125
  669185167
  669339095
  669357754
  669423838
  669439739
  669603319
  669818677
  669878088
  669957951
  670064346
  670285649
  670677078
  670889679
  671202227
  671695928
  671703729
  671767287
  671779705
  671819092
  671924982
  672116542
  672217126
  672258319
  672283593
  672598506
  672836553
  672909348
  672978203
  672982795
  672988784
  673162037
  673230681
  674277065
  674925185
  675548064
  675765368
  676032127
  676277492
  676322647
  676589329
  676720215
  676947380
  677207899
  677311048
  678523664
  678561192
  678636028
  678928757
  678957468
  679127513
  679237859
  679431600
  679495031
  679567136
  679724535
  680347268
  680420584
  680486792
  680520219
  680613500
  680661606
  680750850
  680817790
  680993630
  681039947
  681112830
  681466381
  681759635
  682301686
  682436690
  682846157
  682925529
  682941863
  682985064
  683075567
  683219943
  683343123
  683429125
  684090812
  684181659
  684288219
  684516088
  684730139
  684932622
  685452650
  685775507
  686460097
  686475651
  686576498
  686967191
  687403092
  687825530
  688402121
  688725026
  688991459
  689016989
  690233088
  690289346
  690534100
  690569269
  690608962
  690853769
  690989906
  691132945
  691221467
  691306838
  691544424
  691584435
  691603112
  692182464
  692240789
  692263582
  692416887
  692626454
  692638023
  692694450
  692845083
  693085011
  693332041
  693434009
  693886268
  694197456
  694391949
  694398038
  694476342
  694511791
  694796688
  694962150
  694972146
  695045288
  695163826
  695382801
  695692526
  695904767
  696205643
  696225932
  696705041
  697206989
  697337253
  697389990
  697414549
  697836099
  697959075
  698095097
  698398278
  699089535
  699104609
  699201799
  699501190
  699639452
  699965848
  700019448
  700091017
  700182558
  700710446
  700948667
  701087667
  701117902
  701119365
  701642166
  701694988
  701954298
  702317041
  702493797
  702542451
  702715631
  702994892
  703992935
  704014719
  704270074
  704389537
  704650684
  705306246
  705538588
  705579071
  705696792
  705994755
  706604290
  707128624
  707203030
  707242383
  707262207
  707367515
  707666337
  707668548
  708119868
  708174663
  708593559
  708621223
  708698421
  708722429
  708799376
  709271639
  709555994
  709696975
  709749577
  710142042
  710255805
  710443256
  710748108
  710841469
  710870645
  710898524
  711212998
  711228060
  711243678
  711344050
  711401543
  711408130
  711637337
  711777990
  711897645
  712432374
  712571946
  713191365
  714129413
  714887727
  714941730
  714996662
  715297195
  715353557
  715590774
  715609118
  715966081
  716104863
  716454225
  716685000
  717185910
  717272950
  717489595
  717691191
  718267329
  718317033
  718414627
  718431380
  718508063
  718690045
  718741970
  718764278
  718796193
  718877165
  718967481
  718986913
  719415764
  719546008
  719573103
  719689516
  719834115
  719840725
  720039857
  720171852
  720469360
  720806288
  720964442
  721040380
  721119867
  721233274
  721460329
  722103426
  722120642
  722471252
  722517983
  722662908
  723036962
  723482792
  723484451
  723487671
  723499007
  723572056
  723694198
  723939855
  723986208
  723994383
  724061510
  724210277
  724283988
  724385879
  724401718
  724407420
  724419165
  724612379
  724779235
  725367179
  725395327
  725404264
  725727952
  725752045
  725842371
  726081039
  726181595
  726265097
  726309299
  726830128
  726984782
  727101962
  727461516
  727904500
  728272724
  728605033
  728679379
  728877097
  729064836
  729129707
  729168954
  729192964
  729363881
  729531635
  729550085
  729561655
  729812472
  729938589
  730075329
  730329185
  730364186
  730448864
  730922019
  731510584
  731574334
  731719225
  732740021
  732798533
  733106947
  733157467
  733229236
  733901842
  733982359
  734065840
  734487360
  735482719
  735679452
  735962868
  736245501
  736751785
  736770117
  737192676
  737575275
  737642530
  737659275
  737927583
  737965510
  738064214
  738587205
  738936804
  739383948
  739564579
  739586540
  739735851
  740052127
  740067896
  740125846
  740283843
  740313621
  740998953
  741019286
  741111565
  741149014
  741595629
  741673971
  741898355
  741993877
  742124691
  742389224
  742430582
  742902002
  743220278
  743232903
  743384436
  743491808
  743713155
  743794030
  743796572
  743862315
  744539884
  744577712
  744729247
  744818719
  745320076
  745335071
  745938430
  746322206
  746391648
  746586425
  746682618
  746845194
  747437784
  747484786
  747520346
  747574908
  747586358
  747643790
  747996023
  748063549
  748131059
  748240010
  748244912
  748447390
  748569531
  748575526
  748632123
  748638149
  748689999
  748768243
  749201769
  749227375
  749615760
  749757192
  750013483
  750069992
  750090276
  750177655
  750711865
  751022451
  751079635
  751277321
  751296952
  751398407
  751594057
  751765260
  751811288
  751990570
  752195398
  752262073
  752360212
  752547652
  752626954
  752644638
  753221156
  753426722
  753581647
  753794467
  754041478
  754212204
  754372770
  754439838
  754635301
  754835653
  754862731
  754868914
  755238523
  755464769
  755488419
  755667717
  755873249
  756192980
  756220410
  756302828
  757168082
  757198990
  757357312
  757435250
  757563253
  757822903
  757893689
  758064444
  758066279
  758364835
  758570172
  758582516
  758779716
  759226642
  759478379
  759657917
  759704944
  759772664
  760215954
  760550758
  760715143
  760846651
  761458395
  761497324
  762294925
  762353661
  762910938
  763140041
  763148641
  763303133
  763544304
  763656647
  763729574
  763737760
  763854552
  764066242
  764274501
  764757459
  764842598
  765032965
  765349348
  765481019
  765501846
  765999800
  766016819
  766059172
  766746190
  766855104
  767107362
  767469985
  767619364
  767643928
  767998406
  768087924
  768089266
  768189000
  768860741
  768882237
  769062592
  769072052
  769200127
  769268710
  769400261
  769542939
  769776872
  770127087
  770569601
  770656131
  771164256
  771165450
  771376872
  771641182
  771739976
  771965110
  771966270
  772221875
  772479166
  772549555
  772610818
  772754561
  772830362
  773211045
  773429223
  773523411
  773541729
  774053780
  774524588
  774653335
  775033711
  775085068
  775087923
  775604022
  775620878
  775741094
  775867441
  776032831
  776255957
  776438773
  777779207
  777950156
  777972977
  778227730
  778232889
  778243143
  778281561
  778605850
  778752171
  778945245
  779105829
  779559604
  779735192
  779868494
  780437051
  780496375
  780528655
  780603797
  780678088
  780853028
  781257993
  781530163
  782102808
  782144640
  782180892
  782239166
  782671261
  783169800
  783251040
  783341885
  783456545
  783724760
  784543419
  785004751
  785368898
  785469750
  785528448
  785689143
  786226436
  786752071
  786871602
  787088083
  787594024
  787664092
  788226016
  789101052
  789406168
  789493963
  789531371
  789687888
  790266543
  790449206
  790488318
  790597486
  790885828
  791300152
  791774914
  791825219
  791862083
  792692311
  792925803
  793002033
  793100411
  793337645
  793569315
  793939879
  794029328
  794059708
  794362014
  794503799
  794625705
  794708529
  795302704
  795775490
  795922466
  796082151
  796196708
  796841428
  797485414
  797537747
  797751685
  797918348
  797991464
  798130338
  798750992
  798777886
  799041916
  799148481
  799249994
  799442173
  799730576
  799859109
  799965933
  799991904
  800039153
  800114662
  800404013
  800734992
  800857635
  800929965
  801012962
  801898937
  802079162
  802092915
  802396791
  802405577
  802801620
  803629171
  803916400
  804197683
  804580906
  805203800
  805237402
  805316812
  805355165
  805408464
  805456103
  805766965
  805898137
  806069299
  806114620
  806267709
  806407363
  806635877
  806706502
  806900120
  807149129
  807274613
  807356721
  807970852
  808422728
  808768285
  809139152
  809213158
  809336907
  809508920
  809602197
  810185729
  810272773
  810791760
  810823321
  810869594
  810987260
  811114269
  811136177
  811286279
  811469893
  811482654
  811682532
  811812516
  811963134
  812020832
  812078415
  812218640
  812256789
  812588371
  812646536
  812748039
  813426959
  813462269
  813514877
  813666476
  814091409
  814224434
  814404864
  814509263
  814891681
  815527668
  815561149
  815750518
  815836436
  815923040
  816374392
  816599617
  816614119
  816776299
  816928820
  817128422
  817129556
  817135236
  817229511
  817438991
  817473647
  817478623
  817501939
  817570035
  817582914
  817728813
  817801774
  817836673
  818300014
  818340752
  818376246
  818667296
  818757522
  819177254
  819422426
  819617145
  820195907
  820204428
  820259638
  820637795
  820987422
  821658088
  821913020
  821938302
  822295349
  822338989
  822806988
  823244193
  823762238
  823933894
  823980422
  824014091
  824565068
  824673012
  824782211
  825140369
  826000368
  826557091
  826843937
  827114765
  827260103
  827294975
  827433364
  827541044
  827545566
  827627347
  827703014
  827909436
  828234997
  828383812
  828611071
  828661837
  829489923
  829495399
  829641020
  829714831
  829717603
  829774212
  829847069
  830208924
  830526176
  830541393
  831006496
  831168414
  831318155
  831377580
  831503300
  831578611
  831995638
  832368628
  832695407
  832770595
  832960003
  833407741
  833591211
  833768981
  833991926
  834080075
  834097604
  834274807
  834662987
  835124051
  835143165
  835516656
  835525534
  835536738
  836064478
  836334512
  836370073
  836531676
  836702792
  836935477
  837184296
  837322757
  837790724
  837828750
  838285128
  838427514
  838623928
  838629471
  838848978
  839054414
  839260223
  839528051
  839544541
  839712273
  839844561
  839844964
  839886512
  840186593
  840448130
  840681217
  840708428
  841192294
  841568557
  841769292
  841809224
  841958873
  842028409
  842194714
  842543746
  842687340
  842704415
  842750241
  843045101
  843112865
  843118530
  843328411
  843386540
  843463855
  843513241
  844030126
  844065551
  844413254
  844806994
  844972500
  845057758
  845069049
  845117367
  845310455
  845339516
  845356592
  845461541
  846554166
  847079850
  847106701
  847119753
  847427070
  847537223
  848305607
  848372188
  848766661
  848818110
  848884970
  848934153
  849087157
  849349080
  850064762
  850434956
  850437366
  850785379
  850874213
  850990838
  851226739
  851724388
  851865901
  851884698
  852005015
  852241010
  852750355
  853030411
  853379426
  853430634
  853512635
  853607099
  853802885
  854486060
  854499563
  854524900
  854642202
  854803065
  854960366
  855032321
  855116657
  855207060
  855754638
  855817031
  855906298
  856330379
  856375960
  856514932
  856646494
  856694899
  856854842
  856883676
  856894375
  857298331
  857528213
  857596646
  857688114
  857829604
  858220931
  858249757
  858721653
  858944113
  859269853
  859336947
  859751477
  860373477
  860506940
  860560388
  861050047
  861303410
  861792152
  861800967
  861822657
  861901661
  862291123
  862665315
  862764348
  863059538
  863131826
  863212154
  863256975
  863296031
  863412262
  863706865
  863746795
  863892450
  863923599
  864037140
  864249965
  864290699
  864570349
  864607552
  864973189
  865483015
  865730505
  865905070
  865971763
  866390039
  867034728
  867227165
  867284097
  867361200
  867631094
  867742065
  867877272
  868004184
  868602917
  869046975
  869065399
  869085750
  869093533
  869162542
  869227409
  869856303
  870019305
  870236590
  870238288
  870429567
  870535781
  870735379
  870751442
  870939626
  870976726
  871608880
  871842984
  872267499
  872418295
  872639733
  872648354
  872699607
  873273382
  873296255
  873549437
  873695185
  873772067
  873884586
  874041194
  874431353
  874526221
  874676240
  874834329
  874940098
  875022937
  875434536
  875758287
  875774931
  876057893
  876393813
  876502338
  876543683
  876896395
  877057670
  877094089
  877486173
  877536718
  877695664
  877916252
  878026352
  878474052
  878475057
  878778775
  879327832
  879353270
  879744665
  879970295
  880142766
  880355476
  880711422
  881036328
  881049229
  881583229
  881602970
  881605399
  881644597
  881906942
  882256461
  882317904
  882757494
  882978965
  883106394
  883180440
  883217292
  883384921
  883861489
  883933708
  884300703
  884328425
  884377648
  884585215
  884596140
  884714324
  884793589
  884804742
  885558611
  885581218
  885589139
  885647291
  885750747
  885835281
  886022719
  886124123
  886156310
  886184950
  886812492
  886945501
  887013929
  887140557
  887523724
  887822016
  888055610
  888166364
  888170752
  888209560
  888289025
  888313251
  889201090
  889212293
  889225660
  889404518
  889615957
  889684916
  889685147
  890118432
  890420629
  890598135
  890997836
  891201543
  892282361
  892629377
  892779736
  892785411
  892922443
  892928754
  893698808
  894105278
  894121509
  894130760
  894225892
  894885446
  895082093
  895320940
  895999540
  897070997
  897287632
  897576337
  897586095
  897662794
  897743615
  897821737
  898001422
  898210362
  898228817
  898377377
  898434028
  898695211
  898868189
  898931465
  899055718
  899066038
  899490836
  899744004
  900111088
  900126493
  900273832
  900336499
  900632581
  900691056
  900799343
  900959547
  901076875
  901273016
  901436331
  901676955
  901741975
  901982539
  902086194
  902434277
  902772205
  902947978
  902989773
  903188702
  904026985
  904196812
  904332208
  904394238
  904541273
  904575480
  904788620
  904985610
  905142359
  905265159
  905611419
  905615744
  905744873
  905745779
  905749133
  905759324
  905764300
  905785573
  905852611
  906191481
  906418328
  906783200
  906921598
  906962163
  907205725
  907315891
  907813507
  907821141
  907880643
  907897229
  908134516
  908885930
  909036677
  909265825
  909350777
  909628566
  909962378
  910081722
  910769585
  911250409
  911378876
  911624623
  911643818
  911695195
  911805017
  912235106
  913099902
  913434055
  913534541
  913683782
  913722001
  913906198
  914062015
  914341056
  914471819
  914591112
  914660583
  914717871
  914978320
  915457169
  915574469
  915645111
  915689204
  915865408
  916125291
  916190511
  916232746
  916506177
  916616998
  917502325
  917831871
  917865605
  917896596
  917998502
  918437063
  918649069
  919501952
  919844201
  919911127
  919958964
  921199182
  921319161
  921321127
  921529725
  921984541
  922230007
  922368371
  922479518
  922719952
  922726824
  922941142
  923084990
  923202486
  923440511
  923858721
  924344355
  924424524
  924708409
  924834337
  925121217
  925218202
  925397287
  925590467
  926233561
  926257300
  926445014
  926680147
  927306869
  927329559
  927390520
  927641666
  927802136
  928107569
  928155503
  928314386
  928340679
  928356576
  928482033
  928500871
  928799725
  928853321
  929044385
  929050471
  929371743
  929413996
  929474070
  929488899
  929503817
  929556569
  929763372
  929794248
  929840568
  929854408
  929944957
  930058507
  930062638
  930425414
  930467393
  930507143
  930536363
  930624975
  930851521
  931086338
  931941077
  932727701
  932902439
  932969458
  933451925
  933578822
  933734198
  934102664
  934105800
  934193678
  934348286
  934559483
  934621915
  934907453
  934920902
  934991827
  935085365
  935117881
  935590139
  936072876
  936391351
  937427190
  937708710
  937842944
  938525536
  938606914
  938931708
  939192390
  939550023
  939864746
  939886324
  940482730
  940972976
  941414494
  941629887
  941649478
  941741360
  941835121
  941976428
  942345212
  942913059
  942965200
  943086074
  943090063
  943203979
  943747848
  943926367
  944317121
  944509612
  944577225
  945152754
  945186191
  945288527
  945311867
  945392899
  945411128
  945718366
  945901715
  945963866
  946047399
  946097110
  946100255
  946103867
  946582805
  946824627
  946878310
  947249580
  947319534
  947474634
  947644457
  947728075
  947799556
  947862489
  948035950
  948260373
  948306655
  949393323
  949543370
  949803134
  949982868
  951157777
  951186940
  951243369
  951401737
  951647860
  951721411
  951941673
  952080147
  952115441
  952362855
  952406841
  952942460
  953353036
  953689750
  953695268
  953857674
  953975104
  954119675
  954331879
  954562250
  955477876
  955614068
  955684545
  956118003
  956127020
  956646668
  956773857
  957302568
  957477154
  958198773
  958340766
  958480293
  958689661
  958858794
  959038669
  959276677
  959479192
  959504266
  959727014
  960790178
  961188802
  961304071
  961646617
  962133581
  962392325
  962482249
  962485466
  962596553
  962767691
  963083319
  963288848
  963339631
  963363789
  963477202
  963626882
  963881587
  963893639
  964558054
  965172728
  965238364
  965277631
  965556225
  966117541
  966246384
  966341313
  966457739
  966736386
  966856131
  966900678
  967014374
  967171858
  967264334
  967417185
  967449879
  967557812
  968088304
  968088748
  968431050
  968751200
  969036610
  969491930
  969512247
  969544148
  969780323
  969825384
  969925103
  970237537
  970381566
  970444274
  970485646
  970672978
  970913412
  971352878
  971480193
  971815904
  972055289
  972094993
  972328053
  972430084
  972999288
  973013953
  973302777
  973394093
  973713505
  973951091
  973994483
  974146320
  974385913
  974430310
  974792126
  974832857
  974996899
  975392937
  975404675
  975509207
  975642154
  975728304
  975786961
  976048631
  976641963
  976643231
  976950632
  977018585
  978080763
  978288432
  978528873
  978773224
  978830628
  979285066
  979917310
  980070383
  980159616
  980831750
  980995760
  981254216
  981761943
  982002610
  982005447
  982599162
  982648255
  982782636
  983035501
  983227529
  983316208
  983355841
  983601879
  983606174
  983696094
  984308855
  984393908
  984631783
  985189942
  985473523
  985847396
  985981777
  986799693
  986847208
  986948506
  987034656
  988310526
  988369524
  988444927
  988878999
  989146995
  989244743
  989278011
  989557325
  989737203
  990098653
  990218464
  990261809
  990358275
  990661962
  990779528
  990896731
  990984002
  991237809
  991694550
  991798633
  992127578
  992220124
  992473050
  993058507
  993285603
  993777729
  994187919
  994288897
  994562327
  994680999
  995468223
  995539311
  995679398
  995696567
  995872290
  996123981
  996204973
  996349438
  996429277
  996955247
  997173875
  997647996
  998067939
  998082513
  998145476
  998214233
  998331835
  998356827
  998359179
  998543641
  998703054
  998921866
  998971289
  999080908
  999159163
  999716954
  999798556
  999895964
  999931533
  999993793
  1000003106
  1000070347
  1000174185
  1000570755
  1000759423
  1000787262
  1000883413
  1000888250
  1001734888
  1001916494
  1001948138
  1001998751
  1002195469
  1002209684
  1002499111
  1002552413
  1002770767
  1003084050
  1003383337
  1003396613
  1003599829
  1003625693
  1003834050
  1004071183
  1004288443
  1004316406
  1004414440
  1005995015
  1006002703
  1006072905
  1006479804
  1006479903
  1006480968
  1006576194
  1006700892
  1006768393
  1006886453
  1007020809
  1007670352
  1007744798
  1007816120
  1007823872
  1007840805
  1007920012
  1008113555
  1008236100
  1008484254
  1008629784
  1008841217
  1008897296
  1009524264
  1009686870
  1009715785
  1010370703
  1010470752
  1010516451
  1010605466
  1010778047
  1010800284
  1010922196
  1011010349
  1011235875
  1011360861
  1011423911
  1011504158
  1011551057
  1011551209
  1011745436
  1011930692
  1011967951
  1012069195
  1012536731
  1012743719
  1012770263
  1012814824
  1013115160
  1013190872
  1013840334
  1013889227
  1014358862
  1014384907
  1014481185
  1014629175
  1014712623
  1014841516
  1015059160
  1015578888
  1015603615
  1015664510
  1015808236
  1015945163
  1016281300
  1016294952
  1016489257
  1016531558
  1016642972
  1016705717
  1016735966
  1016746538
  1016925929
  1017001296
  1017027914
  1017386959
  1017456456
  1017517244
  1017771330
  1018014395
  1018423146
  1018493652
  1018846109
  1018891175
  1018978526
  1019534307
  1019733445
  1019769370
  1019962468
  1020514687
  1020544156
  1020677504
  1020846382
  1020965364
  1020980359
  1021042151
  1021308213
  1021365992
  1021424974
  1021846211
  1022006429
  1022226410
  1022396477
  1022423835
  1022476387
  1023215210
  1023247274
  1023268876
  1023579463
  1023764739
  1023980318
  1024253073
  1024579781
  1024646862
  1024865355
  1024889822
  1025389704
  1025557695
  1025570196
  1025572211
  1026036080
  1026413806
  1026467150
  1026607821
  1026768170
  1027552058
  1027630120
  1027766062
  1028256852
  1028804574
  1028899794
  1028931767
  1029031009
  1029098644
  1029200908
  1029454481
  1029756920
  1029988123
  1030890432
  1031189743
  1031502998
  1031505494
  1031539641
  1031697246
  1031892951
  1032086324
  1032430119
  1032646148
  1032680614
  1032727461
  1032837122
  1033642969
  1034043369
  1034642507
  1034960594
  1035411143
  1035422634
  1035799540
  1036066868
  1036075680
  1036131869
  1036193368
  1036206787
  1036247700
  1036807327
  1037039821
  1037091222
  1037256437
  1037465480
  1037713500
  1037912634
  1038344155
  1038738870
  1038889668
  1039064771
  1039123864
  1039450489
  1040604798
  1040935000
  1041166030
  1041388343
  1041849764
  1041915153
  1041915492
  1042034662
  1042532144
  1042959016
  1042996560
  1043325968
  1043433993
  1043568031
  1044438896
  1045448305
  1045453939
  1045586096
  1045590939
  1045612234
  1045624620
  1045639944
  1045965978
  1046441162
  1046826012
  1047251076
  1047396998
  1047705806
  1048260723
  1048875814
  1049107396
  1049138044
  1049545814
  1049798161
  1049829928
  1050047814
  1050214592
  1050352678
  1050568700
  1050662350
  1050893935
  1050954345
  1051474108
  1051613796
  1051775792
  1051776685
  1052195179
  1052238385
  1052390937
  1052408086
  1052501495
  1052613720
  1052721538
  1052740858
  1052902336
  1053427632
  1053594560
  1053958963
  1054510938
  1054637049
  1054693493
  1054900170
  1055646140
  1055660438
  1055732288
  1055990257
  1055993486
  1056014954
  1056083515
  1056144158
  1056199621
  1056208334
  1056474906
  1057057974
  1057233333
  1057333746
  1057788001
  1057944536
  1058309978
  1058965060
  1059155139
  1059324659
  1059381401
  1059383460
  1059428234
  1059468051
  1059551970
  1059583743
  1059639347
  1059944655
  1060450367
  1061004635
  1061057376
  1061606859
  1061690152
  1061896431
  1062003534
  1062047271
  1062188968
  1062267466
  1062314424
  1062330075
  1062472229
  1062549234
  1062656581
  1062720465
  1062818702
  1063375065
  1063448189
  1063452223
  1063465090
  1063593672
  1063641235
  1063705363
  1063769963
  1063875577
  1063978001
  1064095554
  1064228661
  1064401341
  1064655831
  1064970532
  1065038595
  1065128258
  1065298075
  1065322394
  1065338096
  1065643578
  1065748818
  1065903993
  1065927957
  1066392473
  1066528324
  1066942072
  1067101616
  1067289100
  1067442654
  1067446216
  1067616161
  1068335567
  1068561543
  1068614683
  1068907889
  1068974303
  1069034038
  1069074249
  1069074815
  1069221036
  1069407205
  1069600722
  1069630588
  1069940270
  1069968175
  1070139104
  1070218937
  1070364592
  1071027957
  1071281152
  1071663061
  1071666611
  1072007111
  1072138907
  1072562691
  1072628663
  1074005448
  1074110160
  1074199909
  1074956076
  1075093425
  1075902040
  1076141412
  1076243939
  1076271189
  1076688312
  1076695688
  1076758400
  1076795693
  1077124524
  1077305535
  1077484934
  1077597880
  1077637245
  1077827454
  1078070468
  1078418167
  1078490536
  1078490976
  1078535936
  1078689462
  1078791914
  1078943037
  1078999233
  1079025071
  1079087535
  1079274872
  1079289485
  1079398721
  1079879781
  1079888515
  1079945611
  1079957370
  1080009398
  1080320947
  1080502810
  1080548377
  1080886389
  1081031446
  1081397632
  1081547488
  1081561479
  1081704288
  1081815042
  1081899185
  1082014778
  1082447211
  1082633108
  1082722308
  1082818353
  1082830908
  1082938663
  1083021551
  1083585017
  1083593066
  1083696034
  1083722896
  1083817010
  1084363586
  1084395771
  1084474626
  1084680798
  1084892125
  1085065465
  1085330680
  1085339111
  1085446464
  1085623892
  1085894086
  1086193246
  1086249294
  1086504358
  1086969559
  1087066946
  1087318804
  1087431948
  1087573454
  1087643349
  1087879850
  1088204431
  1088381976
  1088746449
  1089034668
  1089214008
  1089717024
  1089740485
  1089873134
  1090162553
  1090198150
  1090912041
  1091127672
  1091181829
  1091403547
  1091515180
  1091708793
  1091876068
  1092031442
  1092281282
  1092420847
  1092516498
  1092552553
  1092623918
  1092815872
  1092880896
  1093370468
  1094042624
  1094440537
  1095532484
  1095554881
  1096205851
  1096406441
  1096991609
  1097011716
  1097393849
  1097635365
  1097728589
  1097900913
  1098016607
  1098018010
  1098185764
  1099108078
  1099258335
  1099274751
  1099454679
  1099598027
  1099660937
  1099803158
  1100833754
  1100864240
  1100954427
  1101222478
  1101373446
  1101412853
  1101664649
  1101948540
  1102168020
  1102291979
  1102370841
  1102382712
  1102739736
  1102936210
  1103233573
  1103298140
  1103299839
  1103611758
  1103616220
  1103851782
  1103969770
  1104482344
  1104620698
  1104750288
  1104759224
  1104856568
  1105477609
  1105666538
  1105684704
  1105922366
  1105985081
  1106281165
  1106957143
  1107006399
  1107809833
  1108046829
  1108163921
  1108460831
  1108471899
  1109288189
  1109306877
  1109738206
  1109925219
  1110300277
  1110390161
  1110412985
  1110453218
  1111034203
  1111499082
  1111656875
  1112102930
  1112105878
  1112249647
  1112447416
  1112540821
  1112791945
  1113047526
  1113147083
  1113180173
  1113381854
  1113750785
  1114139142
  1114197206
  1114211605
  1114249738
  1114291835
  1114382516
  1114402109
  1114455856
  1114782977
  1115031085
  1115428241
  1115771354
  1115857233
  1115866569
  1115959055
  1116155176
  1116268888
  1116603361
  1116661539
  1116662532
  1116720639
  1116724292
  1116862270
  1117117416
  1117174787
  1117181531
  1117277127
  1117624469
  1117675398
  1117706498
  1117744017
  1117808620
  1118140014
  1118160985
  1118526206
  1118980029
  1119219553
  1119597575
  1119743434
  1119752353
  1119868425
  1119893475
  1120396066
  1120722338
  1120936613
  1121782564
  1121959743
  1122071967
  1122123086
  1122297736
  1122394468
  1122442004
  1122447993
  1122849204
  1123098481
  1123417331
  1124147645
  1124415477
  1124447772
  1125009492
  1125349588
  1125394518
  1125397229
  1125414883
  1125529112
  1125630572
  1125733610
  1125918063
  1126177642
  1126238470
  1126482132
  1126560854
  1127032442
  1127451225
  1127592109
  1127631657
  1127826779
  1127842939
  1127951113
  1128003141
  1128003595
  1128015835
  1128026979
  1128347230
  1128437197
  1128587603
  1128777505
  1129437798
  1129934334
  1130028125
  1130145732
  1130519955
  1130548534
  1130795168
  1131061417
  1131277470
  1131390139
  1131525724
  1131666102
  1131829240
  1132169645
  1132249654
  1132253200
  1132299035
  1132604345
  1132719032
  1132780911
  1133082225
  1133218418
  1133345581
  1133401292
  1133427229
  1133903338
  1134307274
  1134550882
  1134593015
  1134616422
  1134750716
  1134834002
  1135152884
  1135266262
  1135644682
  1135941158
  1136003996
  1136135873
  1136303829
  1136317058
  1136628203
  1137063560
  1137742458
  1138256253
  1138460626
  1138579401
  1138679604
  1139215042
  1139270513
  1139498875
  1139604474
  1139613419
  1139763353
  1139772304
  1140101196
  1140358727
  1140502022
  1140529376
  1140615260
  1140770719
  1140830762
  1140880390
  1141348946
  1141358862
  1141945622
  1142317852
  1142583372
  1142678678
  1142729716
  1142816624
  1143061123
  1143803923
  1143970013
  1144202615
  1144761785
  1144962188
  1145047813
  1145316565
  1145367018
  1145544443
  1145773434
  1145864972
  1145908918
  1146324448
  1146683715
  1146692782
  1147245488
  1147365287
  1147573508
  1147734721
  1147827331
  1148101974
  1148245645
  1148493275
  1148673490
  1148717465
  1149079214
  1149154594
  1149155519
  1149159478
  1149310573
  1149382419
  1149506659
  1149635917
  1149722808
  1150316075
  1150403093
  1150427406
  1150906293
  1151202679
  1151205366
  1151293680
  1151777269
  1152265836
  1152331027
  1152379282
  1152423918
  1152531592
  1152563911
  1152855869
  1152900179
  1152957016
  1152982881
  1153188761
  1153415260
  1153671238
  1153726974
  1153741862
  1153788964
  1153926852
  1154456412
  1154536723
  1154614685
  1154823133
  1155016122
  1155203661
  1155255767
  1155303336
  1155598547
  1156065294
  1156072427
  1156671482
  1156804482
  1156964276
  1157595667
  1157656481
  1157719091
  1157773809
  1158180537
  1158215764
  1158462485
  1158963385
  1159168320
  1159217839
  1159470178
  1159814758
  1160277978
  1160368185
  1160865962
  1160943214
  1161130178
  1161267708
  1161747404
  1161999052
  1162115537
  1162512686
  1163060764
  1163141984
  1163684582
  1163749863
  1163878366
  1163971506
  1164607754
  1164666232
  1164763699
  1164801471
  1164893726
  1165373220
  1165391031
  1165425673
  1166341295
  1166660292
  1166896816
  1167120194
  1167127422
  1167345183
  1167397812
  1167757791
  1167764605
  1167778743
  1167943757
  1168574053
  1168576893
  1168691093
  1168769229
  1169424987
  1169446495
  1169501932
  1169675273
  1169681861
  1169740214
  1169902377
  1170655806
  1171208866
  1171853981
  1171878063
  1172490388
  1172638942
  1172984186
  1173034380
  1173151531
  1173429816
  1174066361
  1174292878
  1174561874
  1174782724
  1175047906
  1175411597
  1175843005
  1175999297
  1176238971
  1176401615
  1176407012
  1176569522
  1176643106
  1176646934
  1176960508
  1177228166
  1177364319
  1177529206
  1177555209
  1177800726
  1178032416
  1178365612
  1178369995
  1178593398
  1178891019
  1179004014
  1179060907
  1179120556
  1179294703
  1179300086
  1179841925
  1180011266
  1180492052
  1180523460
  1180523843
  1180643878
  1180954580
  1181071970
  1181724806
  1181763905
  1182066671
  1182133815
  1182199807
  1182223073
  1182278183
  1182804958
  1182998882
  1183082656
  1183543870
  1183710197
  1183846935
  1183921241
  1184115449
  1184218098
  1184349543
  1184767725
  1185245905
  1185260680
  1185321704
  1185401777
  1185489924
  1185602573
  1185716394
  1185828460
  1186151238
  1186293901
  1186412946
  1186423559
  1186466290
  1186466717
  1186530052
  1186782931
  1186803807
  1186820807
  1186844559
  1187406214
  1187569605
  1187723909
  1187896249
  1188140859
  1188398314
  1188702458
  1188816343
  1188993542
  1189202527
  1189272027
  1189402408
  1189497122
  1190093633
  1190157090
  1190548073
  1190763877
  1191310083
  1191745459
  1192114653
  1192179332
  1192260695
  1192547919
  1192609435
  1192800774
  1193312477
  1193399179
  1193505733
  1193557883
  1193708075
  1193825649
  1194267267
  1194281864
  1194366327
  1194449180
  1194829920
  1195398722
  1195621079
  1195661195
  1195694236
  1196151354
  1196242446
  1196736552
  1196973130
  1197072701
  1197177416
  1197372514
  1197410022
  1197551964
  1197599616
  1198161731
  1199043547
  1199230108
  1199388197
  1199565645
  1199849230
  1200230785
  1200462248
  1200818918
  1200939055
  1201576574
  1201592231
  1201722157
  1201793513
  1202179614
  1202213466
  1202284312
  1202307293
  1202478754
  1202636234
  1202638683
  1203520184
  1203994444
  1204176012
  1204244658
  1204540928
  1204585788
  1204617143
  1204883370
  1204967526
  1205046815
  1205350255
  1205410176
  1205564553
  1205760055
  1206170134
  1206362596
  1206528955
  1206844807
  1206957307
  1207074185
  1207164635
  1208022024
  1208108142
  1208215346
  1208359648
  1208628378
  1208679789
  1208696767
  1208828140
  1209140650
  1209334813
  1209372331
  1209721303
  1210040936
  1210232739
  1210486722
  1210682038
  1210800198
  1210891914
  1210977078
  1211136141
  1211233501
  1211289172
  1211374814
  1211633293
  1212198500
  1212533168
  1212799849
  1212967913
  1213045883
  1213165148
  1213172172
  1213462902
  1213504084
  1213511947
  1213704293
  1214277700
  1214404548
  1214740942
  1214985775
  1216056923
  1216082289
  1216170896
  1216180980
  1216187766
  1216276542
  1217048544
  1217260793
  1217302987
  1217478920
  1218461067
  1218541827
  1218556332
  1218621252
  1218725742
  1218790680
  1219148647
  1219198972
  1219226487
  1219274051
  1219429663
  1219634259
  1219789519
  1219799297
  1220028129
  1220548306
  1220615996
  1220813511
  1220920749
  1220992889
  1221030395
  1221298817
  1222064171
  1222347467
  1222402493
  1222648437
  1222688159
  1222970557
  1223052071
  1223079173
  1223084720
  1223336642
  1223984444
  1224088009
  1224113271
  1224213848
  1224292277
  1224457740
  1224624613
  1225352568
  1225409678
  1225452271
  1225609540
  1225630429
  1225693797
  1225917647
  1226160741
  1226289217
  1226650470
  1226959101
  1227008154
  1227501720
  1227896072
  1227993991
  1228088840
  1228510897
  1228627133
  1228716943
  1228960812
  1228986870
  1229132628
  1229305712
  1229352209
  1229514978
  1229599784
  1229806235
  1229897823
  1230153147
  1230423763
  1230441053
  1230490757
  1230550532
  1231041955
  1231157631
  1231159233
  1231615139
  1231893242
  1231905541
  1232264955
  1232281857
  1232290010
  1232388704
  1232507950
  1232527074
  1232543179
  1232620848
  1232844379
  1233722451
  1233831461
  1233911776
  1234221575
  1234442235
  1234452438
  1235327816
  1235367003
  1235636866
  1236225806
  1236397826
  1236531768
  1236549272
  1236844366
  1236935630
  1236987643
  1237185008
  1237341891
  1237391472
  1237396846
  1237400710
  1237591391
  1237650733
  1237718767
  1237807598
  1238181334
  1238742286
  1239008071
  1239011187
  1239272032
  1239704485
  1239845273
  1239947526
  1240007871
  1240079082
  1240148198
  1240151672
  1240236374
  1240489529
  1240692347
  1240877037
  1240919753
  1241102923
  1241169138
  1241361301
  1241551551
  1241626203
  1241848615
  1241939040
  1242101267
  1242562168
  1242648770
  1242808911
  1243015168
  1243355240
  1243526578
  1243700516
  1244257727
  1244334159
  1244418954
  1244434682
  1244571515
  1244750651
  1244869919
  1244979244
  1245128973
  1245369480
  1245682721
  1245925672
  1246509086
  1246843655
  1246906366
  1247026927
  1247139377
  1247222308
  1247765944
  1247852041
  1247877115
  1247880324
  1248211332
  1248279797
  1248538311
  1248965035
  1249379065
  1249547398
  1249886845
  1249921554
  1250013873
  1250178150
  1250589768
  1250595741
  1250711785
  1250956591
  1251745674
  1252082375
  1252181392
  1252268999
  1252497028
  1252672599
  1252847336
  1253174271
  1253654962
  1254454610
  1254565859
  1254858738
  1254885758
  1255160293
  1256232543
  1256337144
  1256448918
  1256590218
  1256643923
  1256796753
  1256846297
  1256882378
  1257081599
  1257479991
  1257509035
  1257627103
  1257631036
  1257752619
  1257909956
  1258248822
  1258587146
  1258764488
  1258812178
  1258980177
  1259255458
  1259502717
  1259718694
  1260041562
  1260256814
  1260605589
  1260611065
  1260859919
  1260954380
  1261007954
  1261203335
  1261212949
  1261398815
  1261453087
  1261533518
  1261752427
  1261927444
  1262369538
  1262657439
  1262711881
  1262761106
  1263277500
  1263864566
  1264410669
  1264539647
  1264720350
  1265163073
  1265237041
  1265271399
  1265421041
  1265430546
  1265587211
  1265859499
  1265929926
  1266766211
  1266847831
  1267035147
  1267089614
  1267110404
  1267159848
  1267315724
  1267581407
  1267794331
  1267891819
  1267935268
  1267952515
  1268251762
  1268411980
  1268481350
  1268491938
  1269016806
  1269251019
  1269969221
  1270033378
  1270151737
  1270205163
  1270253223
  1270306640
  1270314933
  1271326556
  1271415779
  1271437563
  1271642507
  1271889300
  1272079507
  1272417555
  1272513355
  1272659158
  1272688068
  1272703513
  1272900848
  1273194325
  1273817544
  1273948206
  1274074983
  1274169454
  1274331456
  1274756870
  1275231022
  1275367064
  1275828243
  1275909970
  1276438929
  1276888754
  1277588765
  1277951270
  1278233602
  1278924411
  1278956858
  1278979210
  1279587300
  1279736425
  1279959588
  1280502650
  1280749642
  1281037870
  1281113904
  1281200129
  1281245104
  1281745502
  1281850911
  1281853305
  1281992326
  1282030736
  1282241152
  1282313906
  1282823648
  1282887997
  1283503541
  1283527494
  1283707335
  1283733001
  1283826368
  1283938770
  1284190072
  1284228595
  1284333978
  1284523250
  1284733485
  1284831257
  1284905654
  1285090919
  1285259307
  1285713459
  1285782058
  1286028325
  1286096247
  1286133783
  1286215915
  1286297848
  1286311948
  1286313389
  1286526095
  1286658359
  1286810891
  1287023886
  1287167555
  1287735713
  1287805693
  1287916987
  1288241471
  1288407374
  1289597631
  1289741156
  1289891526
  1289993869
  1290290048
  1290413724
  1290633633
  1291139430
  1291222752
  1291227472
  1292736455
  1292995576
  1293262753
  1293352636
  1293490266
  1293697656
  1293726918
  1293778475
  1294151593
  1294231193
  1294832157
  1294835160
  1295560789
  1295626056
  1295814562
  1296026029
  1296335075
  1296453321
  1296545073
  1296566610
  1296994277
  1297281842
  1297390387
  1297667399
  1297784763
  1297799851
  1298255377
  1298916350
  1299073973
  1299143332
  1299157944
  1299323127
  1299512443
  1299816085
  1299980755
  1300140420
  1300483518
  1300604008
  1300625431
  1300705171
  1301518142
  1302289253
  1302291977
  1302411811
  1302569990
  1302643950
  1302838104
  1303315548
  1303318933
  1303807060
  1303877472
  1303962943
  1304194338
  1304267262
  1304463558
  1304502891
  1304637753
  1305121370
  1305466311
  1305703355
  1305709365
  1306320462
  1306345484
  1306539281
  1306615940
  1306689946
  1306724683
  1306730653
  1306746353
  1307204320
  1307347374
  1307584343
  1307746346
  1308085632
  1308531156
  1308657433
  1308690434
  1308715163
  1308924281
  1309055809
  1309072649
  1309138689
  1309222870
  1309668217
  1310364109
  1310775713
  1310931428
  1311050286
  1311888591
  1312065224
  1312121915
  1312272940
  1312631418
  1312747666
  1312816754
  1313018004
  1313119398
  1313127448
  1313363329
  1313391559
  1313392662
  1313872165
  1313901642
  1314278458
  1314456708
  1314522454
  1314994603
  1315024891
  1315549278
  1315580857
  1315913018
  1316063580
  1316099526
  1316228767
  1316245185
  1316696191
  1316758592
  1316989061
  1317199068
  1317312198
  1317668861
  1317757762
  1318067643
  1318111257
  1318451963
  1318552021
  1318683232
  1318767790
  1318808429
  1318945459
  1319146506
  1319252096
  1319255141
  1319378757
  1319402802
  1319459367
  1320241448
  1320554858
  1320645974
  1320967923
  1321144540
  1321261398
  1321281074
  1321411382
  1321911786
  1322004624
  1322353660
  1322375928
  1322924612
  1323202539
  1323217683
  1323252083
  1323607078
  1323654648
  1324188995
  1324421491
  1324470217
  1324856582
  1324966416
  1325338482
  1325409407
  1325641427
  1325688697
  1325700209
  1326025454
  1326257010
  1326317718
  1326484060
  1326632914
  1326920468
  1326949313
  1327093942
  1327628962
  1327941715
  1328024987
  1328113561
  1328375419
  1328551401
  1328607455
  1328665965
  1328675955
  1328793717
  1328807394
  1328919158
  1328970859
  1329062634
  1329091229
  1329356822
  1329492983
  1329550326
  1329564660
  1329570465
  1330049733
  1330452390
  1330605904
  1330684922
  1330898493
  1331559119
  1331600731
  1331745728
  1331802517
  1332104707
  1332326949
  1333057099
  1333241050
  1333294734
  1333568368
  1333678410
  1333746373
  1334512765
  1334970836
  1334974286
  1334995678
  1335020087
  1335356084
  1335452693
  1335460189
  1335515066
  1335552956
  1335575966
  1335765113
  1335796131
  1335899535
  1335959564
  1336055402
  1336057122
  1336104291
  1336169775
  1336484026
  1336736206
  1336843091
  1336964399
  1337013742
  1337098940
  1337113032
  1337506375
  1337757004
  1337827621
  1338075807
  1338541268
  1338577219
  1338658874
  1338976002
  1339077909
  1339320899
  1339357351
  1339567395
  1339636444
  1339784333
  1339860001
  1339877877
  1339941344
  1339942547
  1340023769
  1340200638
  1340234083
  1340661391
  1341388179
  1341439248
  1342333707
  1342728003
  1342979793
  1343051924
  1343634238
  1343637755
  1343679439
  1343873524
  1344024108
  1344119309
  1344553388
  1344575870
  1345154741
  1345159245
  1345206981
  1345215361
  1345453117
  1345628426
  1345677221
  1345914776
  1346134493
  1346143496
  1346177012
  1346337205
  1346786886
  1346791613
  1346905018
  1347271580
  1347346005
  1347462583
  1347660011
  1347891194
  1347904947
  1347928677
  1347930427
  1348063725
  1348615627
  1348860911
  1348922389
  1349336183
  1349465963
  1349587333
  1349716666
  1349923038
  1350016374
  1350048396
  1350263247
  1351239118
  1351245581
  1351476232
  1351682984
  1352197162
  1352321921
  1352452660
  1352503404
  1352792061
  1352891138
  1352992757
  1353148500
  1353403453
  1354000233
  1354713851
  1354888600
  1354920655
  1354930518
  1355302591
  1355606586
  1355673094
  1355762037
  1355880431
  1356177975
  1356472522
  1356604865
  1356869800
  1357454347
  1357696236
  1358108433
  1358192816
  1358468052
  1358551908
  1359359823
  1359741680
  1359767094
  1359837746
  1359931293
  1360277370
  1360439759
  1360664052
  1360810766
  1360832367
  1360870484
  1361229261
  1361777367
  1361858816
  1362049943
  1362228380
  1362298338
  1362450114
  1363978278
  1363988401
  1364031080
  1364047795
  1364077761
  1364407350
  1364794246
  1365032224
  1365220210
  1365675325
  1365698197
  1365714571
  1365811351
  1365813471
  1365881727
  1366036969
  1366110536
  1366578159
  1366881057
  1366881741
  1367989491
  1368379826
  1368421292
  1368507345
  1368588221
  1369025956
  1369067389
  1369137050
  1369680344
  1369846272
  1370186123
  1370298975
  1370317314
  1370636421
  1370762509
  1370951660
  1371608642
  1371708654
  1371768335
  1371777461
  1372113186
  1372152891
  1372467270
  1372851173
  1373849061
  1374100485
  1374403178
  1374672418
  1375044570
  1375078100
  1375181023
  1375336030
  1375527516
  1375734481
  1375743188
  1376083349
  1376203409
  1376299582
  1376331768
  1376599707
  1376756240
  1376850799
  1376865337
  1377200104
  1377378465
  1377722537
  1378199184
  1378289530
  1378432903
  1378629611
  1378870770
  1378982021
  1379233570
  1379271586
  1379793871
  1380010225
  1380170245
  1380553667
  1380693715
  1380771773
  1380883219
  1380939082
  1381188576
  1381190883
  1381234319
  1381960592
  1382192484
  1382470387
  1382584824
  1383318813
  1383581819
  1383637210
  1383980000
  1384065231
  1384217262
  1384289737
  1385213064
  1385698287
  1385729452
  1385857479
  1386109501
  1386297778
  1386705712
  1386845746
  1387516990
  1387674198
  1387716815
  1388068557
  1388206213
  1388209689
  1388459407
  1388775735
  1388828367
  1388898033
  1388905189
  1388944413
  1389097893
  1389129505
  1389271573
  1389443179
  1389526312
  1389880221
  1390092195
  1390195117
  1390260122
  1390451276
  1390605464
  1390947088
  1391041420
  1391052048
  1391349352
  1391371232
  1391407953
  1391704832
  1391835936
  1391840267
  1391867726
  1391883858
  1392015433
  1392463748
  1392524183
  1392524204
  1392602816
  1392745520
  1392978402
  1393147462
  1393320637
  1393401015
  1393502108
  1393712499
  1393760806
  1394403218
  1394633608
  1395271729
  1395276662
  1395353165
  1395385381
  1395577991
  1395860012
  1395933900
  1396066364
  1396099967
  1396161440
  1396478633
  1396723588
  1396913845
  1397002985
  1397259897
  1397314139
  1397506744
  1397556383
  1397570399
  1397652628
  1398287257
  1398344600
  1399068835
  1399138999
  1399417592
  1399442797
  1399444086
  1399668864
  1400458514
  1400564122
  1400627743
  1402874204
  1403009294
  1403021614
  1403108375
  1403410135
  1403494135
  1403994059
  1404140833
  1404258417
  1404475005
  1404792162
  1404837418
  1405030512
  1405599063
  1406063655
  1406150551
  1406253618
  1406395549
  1406537353
  1406575321
  1407130127
  1407359190
  1407579943
  1407637616
  1407813148
  1407960493
  1408582673
  1408626474
  1409045097
  1409272110
  1409759417
  1409776625
  1409963351
  1410133509
  1410153232
  1410177105
  1410240315
  1410313712
  1410597159
  1410794189
  1411050141
  1411079935
  1411126750
  1411163895
  1411384664
  1411549202
  1412066291
  1412441418
  1412499604
  1412845599
  1413046017
  1413055171
  1413465928
  1413662978
  1414071743
  1414127789
  1414437726
  1414593305
  1414659790
  1414764762
  1414842048
  1415023160
  1415031953
  1415264020
  1415734939
  1415822497
  1416258139
  1416279221
  1416359597
  1416446623
  1416858513
  1417575155
  1417807436
  1417903519
  1418196514
  1418411064
  1418550843
  1419647140
  1420043621
  1420119680
  1420219579
  1420587312
  1420669544
  1421025707
  1421146056
  1421732567
  1422231618
  1422379751
  1422600863
  1422746683
  1423268261
  1423506249
  1423517796
  1423614399
  1423626735
  1424225472
  1424245138
  1424532023
  1424540301
  1424742406
  1424892418
  1424930620
  1425136005
  1425267090
  1425585675
  1425751376
  1425905048
  1425911643
  1426041995
  1426435351
  1426632050
  1427249802
  1427369354
  1427565273
  1427796690
  1427815539
  1427923796
  1428415265
  1428581130
  1429041796
  1429150695
  1429709283
  1430233664
  1430390213
  1430894973
  1431211389
  1431598668
  1432148798
  1432253313
  1432270400
  1432272696
  1432754786
  1433035458
  1433664775
  1433749939
  1433797130
  1433945931
  1434411576
  1434636375
  1434695399
  1435454946
  1436041420
  1436071273
  1436276323
  1436811481
  1437136161
  1437466327
  1437550958
  1438033162
  1438344097
  1438449053
  1438580417
  1438694178
  1438986291
  1439280863
  1439550141
  1439605138
  1439716423
  1439859300
  1440063557
  1440277483
  1440513941
  1440587866
  1440610205
  1440891219
  1441011378
  1441466671
  1441997803
  1442351342
  1442481371
  1442751683
  1442784996
  1442847635
  1442919403
  1442926852
  1443087508
  1443125669
  1443425530
  1443497070
  1443679262
  1443873846
  1444611644
  1444745826
  1444751386
  1444926510
  1444968765
  1445017049
  1445044018
  1445218376
  1445364552
  1445380356
  1445724662
  1445776515
  1445953917
  1445959962
  1446674191
  1446844975
  1447016770
  1447272687
  1447403481
  1447482704
  1447578975
  1448213112
  1448292485
  1448432896
  1448521020
  1448532881
  1448947783
  1450459557
  1450899856
  1451182223
  1451442501
  1451566285
  1451634057
  1451710597
  1451796986
  1452076506
  1452106909
  1452520414
  1452530671
  1452799878
  1453003861
  1453127551
  1453234647
  1453729296
  1453788353
  1454026218
  1454181101
  1454481163
  1454489300
  1455035736
  1455240557
  1455815950
  1456464020
  1457024411
  1457036571
  1457263319
  1457398631
  1457401803
  1457565586
  1457595557
  1457635854
  1457993046
  1458291500
  1458677274
  1458749927
  1458852875
  1459413539
  1459796131
  1460293740
  1460354136
  1460479816
  1460485844
  1460641808
  1461130079
  1461228349
  1461586161
  1461658025
  1461751314
  1462173985
  1462560681
  1462693588
  1462795883
  1462915522
  1463018825
  1463045796
  1463137217
  1463451068
  1463590560
  1463686092
  1464180928
  1464468156
  1465103259
  1465295575
  1465314781
  1465452454
  1465452626
  1465897955
  1466301121
  1466598045
  1466687908
  1466854017
  1467088219
  1467102308
  1467164807
  1467407728
  1467728065
  1468584607
  1468753517
  1468811107
  1469021607
  1469376052
  1469386329
  1469707031
  1469751152
  1469758563
  1469912424
  1470356978
  1470642396
  1470698646
  1470827821
  1470893642
  1470934737
  1470948868
  1471044233
  1471119741
  1471358829
  1471745948
  1472187274
  1472402287
  1472545720
  1472765580
  1472911996
  1473213680
  1473358841
  1473495289
  1473934228
  1473966281
  1474086789
  1474288626
  1474683802
  1474779617
  1475232011
  1475501386
  1475581667
  1475611089
  1475717021
  1476000071
  1476042591
  1476117775
  1476666497
  1477151544
  1477663292
  1477799335
  1477852772
  1478095917
  1478347711
  1478408133
  1478426813
  1478531882
  1479235753
  1479362189
  1479395123
  1479937462
  1480374716
  1480409879
  1480597986
  1480676505
  1480714591
  1480860287
  1480886399
  1481168903
  1481260406
  1481406207
  1481706813
  1481790024
  1482037450
  1482074768
  1482255993
  1482311289
  1482688536
  1482844270
  1482962736
  1483210457
  1483783924
  1483875232
  1483888361
  1484064890
  1484389422
  1484536705
  1484541542
  1484616947
  1484754762
  1484781231
  1484943678
  1484989806
  1485082199
  1485756657
  1485846527
  1485869979
  1486052386
  1486096810
  1486115050
  1486218898
  1486581410
  1486628245
  1487343018
  1487516093
  1487614322
  1488354903
  1488452073
  1488465335
  1488834238
  1488918700
  1489684236
  1489721022
  1490036496
  1490179864
  1490460924
  1490662675
  1490812763
  1491127099
  1491967630
  1491979175
  1492428850
  1492444850
  1492728908
  1492818811
  1493162437
  1493384790
  1493492873
  1493539110
  1493626935
  1493788807
  1494319624
  1494686572
  1494876891
  1494984532
  1495287695
  1495422766
  1495437035
  1495447456
  1495469795
  1495515101
  1495672249
  1495838304
  1496013064
  1496430890
  1496597845
  1496612715
  1496724734
  1496809731
  1496852527
  1497881792
  1498694786
  1498773400
  1498789942
  1498836179
  1498842895
  1498878666
  1498996328
  1499035206
  1499216519
  1499310196
  1499538118
  1499630970
  1499772319
  1499918477
  1499983646
  1500212018
  1500316386
  1500357989
  1500444000
  1500573678
  1500675134
  1500840953
  1501299421
  1501599303
  1501736855
  1501773917
  1502305047
  1502482911
  1502990026
  1503383216
  1503497275
  1503600276
  1503634177
  1503820371
  1503871128
  1503914719
  1504286687
  1504636979
  1504745173
  1505271858
  1505346388
  1505406591
  1505852865
  1505856902
  1506112332
  1506199436
  1506215390
  1506328371
  1506411691
  1506662224
  1506741389
  1506888816
  1506987954
  1507024929
  1507088710
  1507103972
  1507168648
  1507170942
  1507173152
  1507368759
  1507399141
  1507556391
  1507565705
  1507764283
  1508139707
  1508151233
  1508185946
  1508264380
  1508467229
  1508589044
  1508611595
  1509060883
  1509386520
  1509460537
  1509532397
  1509599354
  1509708212
  1509921706
  1509978348
  1509992801
  1510219616
  1510288305
  1511218367
  1511413261
  1511868274
  1511965034
  1512144583
  1512818698
  1512891421
  1513322615
  1513570756
  1513716257
  1513968773
  1514754613
  1514823215
  1515033851
  1515216150
  1515474609
  1515516570
  1515980740
  1515992377
  1516211160
  1516747921
  1516762371
  1516795378
  1517202203
  1517428096
  1517452652
  1517488037
  1517555517
  1517741866
  1518369898
  1518427651
  1518809206
  1519580592
  1519669924
  1519864158
  1519887159
  1520205058
  1520888201
  1521373867
  1521817544
  1521963067
  1522335558
  1522441174
  1522455671
  1522562222
  1522771646
  1522939690
  1523096432
  1523121109
  1523362113
  1523424207
  1523454068
  1523563121
  1523770015
  1523846256
  1523884051
  1524941228
  1524982633
  1525152864
  1525201118
  1525358435
  1525403953
  1525522233
  1525654239
  1526108990
  1526166199
  1526199173
  1526202857
  1526204498
  1526342227
  1526501915
  1526524059
  1526541157
  1527648176
  1527871577
  1528469851
  1528485668
  1528688607
  1528750979
  1528842916
  1528882045
  1529010779
  1529075793
  1529373164
  1529473468
  1529603756
  1530165565
  1530679184
  1530814504
  1530864786
  1531542041
  1531575242
  1531748462
  1531772653
  1531871616
  1532950604
  1533029547
  1533224632
  1533785542
  1534033468
  1534113828
  1534151439
  1534554127
  1534599155
  1534653650
  1535020443
  1535217858
  1535266559
  1535302249
  1535308606
  1535842123
  1535964073
  1536183125
  1536310686
  1536413682
  1536490958
  1536683419
  1537705753
  1537791791
  1537849381
  1537914045
  1538104257
  1538137683
  1538160138
  1538172177
  1538582413
  1539399767
  1539402480
  1539471217
  1539809842
  1539863546
  1540284781
  1540400746
  1540500410
  1540504118
  1540873055
  1541242744
  1541271665
  1541519877
  1541522103
  1541765222
  1542094811
  1542318828
  1542940115
  1543288698
  1543318619
  1543322652
  1543355576
  1543388632
  1543432734
  1543606761
  1543947156
  1543948852
  1543988465
  1544062262
  1544089593
  1544630992
  1544820391
  1544923708
  1545124851
  1545137784
  1545139950
  1545343057
  1545533322
  1545921770
  1546063931
  1546089298
  1546097628
  1546620924
  1546640839
  1546725283
  1546942330
  1546992479
  1547399593
  1547831430
  1548302106
  1548458278
  1548600212
  1548655936
  1548734830
  1549222833
  1549247251
  1549272884
  1549672972
  1550230766
  1550507182
  1550739080
  1550900928
  1550919549
  1550956175
  1551106677
  1551312920
  1551379611
  1551430010
  1551603302
  1551840366
  1551938235
  1552010894
  1552094463
  1552290921
  1552724388
  1552871534
  1553111616
  1553301891
  1553404425
  1553773128
  1553972311
  1554014830
  1554715324
  1554968217
  1555006998
  1555208658
  1555732152
  1555909855
  1555972517
  1556229223
  1556306187
  1556340917
  1556499113
  1556668768
  1556821515
  1556938137
  1557463763
  1557486142
  1557902355
  1558076985
  1558097158
  1558200859
  1558210181
  1558892934
  1558921058
  1559045625
  1559358976
  1559658636
  1559743316
  1560016410
  1560049903
  1560087791
  1560108074
  1560138379
  1560427188
  1560436092
  1560503244
  1560546039
  1561276151
  1561516041
  1562030574
  1562195036
  1562450144
  1562715974
  1562776418
  1562909127
  1562979598
  1563255497
  1563747965
  1564095560
  1564382345
  1564452292
  1564675329
  1564799971
  1564985600
  1565097799
  1565354058
  1565552516
  1565847456
  1566268016
  1566377032
  1566526357
  1567185911
  1567461914
  1568002840
  1568304245
  1568438944
  1568741687
  1568945800
  1568971830
  1569166656
  1569712605
  1570483503
  1570580789
  1570953854
  1571031774
  1571140414
  1571265204
  1571391395
  1571676185
  1571713033
  1572470213
  1572707154
  1572886735
  1572977750
  1572997439
  1573031568
  1573303316
  1573310063
  1573314831
  1573341588
  1573655616
  1573780461
  1574464162
  1574672506
  1575013820
  1575047350
  1575323350
  1575502054
  1575843416
  1576295156
  1576676747
  1576759074
  1577180829
  1577363314
  1577706454
  1578205091
  1578465026
  1578490365
  1578794351
  1579732318
  1580018669
  1580152948
  1580372371
  1580752019
  1580864732
  1580952580
  1581572252
  1581660914
  1581879494
  1582260295
  1582606052
  1582687001
  1582874240
  1582899748
  1582914579
  1582920507
  1583085715
  1583327745
  1583346097
  1583518623
  1583737435
  1583895125
  1584106433
  1584174698
  1584286100
  1584414101
  1584565277
  1584574289
  1584657409
  1584671890
  1584697466
  1584822661
  1585088003
  1585327290
  1585381249
  1585440665
  1585537308
  1585885906
  1585987533
  1586300645
  1586733000
  1586980560
  1587152710
  1587424965
  1587545462
  1587588978
  1587634236
  1587782751
  1587876300
  1588637829
  1588799310
  1588811491
  1588897237
  1589492683
  1589590205
  1589603488
  1589605481
  1589999008
  1590090262
  1590300578
  1590496801
  1590547539
  1590801941
  1590865851
  1591154504
  1591260813
  1591361110
  1591528975
  1591754051
  1591984125
  1592017239
  1592099324
  1592336181
  1592397772
  1592898284
  1592994539
  1593091382
  1593236212
  1593504230
  1593841593
  1593965530
  1594396947
  1594916630
  1594959395
  1595193155
  1595258400
  1595508728
  1595530128
  1596199950
  1596271585
  1596307608
  1596369807
  1596456220
  1596514795
  1596760244
  1596815768
  1596834766
  1596949306
  1597127235
  1597427483
  1597502154
  1597797456
  1597872520
  1597928574
  1598028551
  1598267484
  1598273927
  1598374508
  1598376242
  1598462328
  1598700629
  1598835408
  1599419777
  1599537171
  1599559193
  1599970609
  1600059519
  1600511071
  1600708972
  1600991243
  1601041365
  1601418862
  1601754724
  1601992288
  1602285138
  1602342128
  1602557832
  1602860064
  1603004695
  1603408210
  1603557290
  1603590074
  1603781403
  1603839109
  1603843520
  1604118103
  1604271570
  1604292254
  1604412680
  1604490798
  1604958566
  1605056158
  1605059280
  1605129750
  1605245987
  1605296301
  1605310372
  1605427571
  1605521841
  1605755292
  1605768666
  1605848219
  1606002835
  1606052424
  1606100070
  1606199409
  1606398874
  1606548904
  1606608836
  1606643996
  1607167110
  1607226654
  1607552779
  1607627540
  1607795289
  1607891336
  1608215347
  1608262776
  1608613344
  1608669476
  1608811421
  1609122446
  1609413872
  1609531942
  1609572364
  1609615511
  1609791725
  1610241803
  1610394933
  1610516679
  1610534944
  1610908000
  1611097437
  1611377750
  1611680412
  1611785088
  1611827159
  1612145057
  1612526105
  1612746285
  1612863226
  1612877210
  1613007462
  1613180312
  1613484008
  1614790610
  1615168448
  1615355927
  1615783813
  1615829045
  1615837720
  1615878518
  1616008222
  1616295290
  1616408285
  1616463687
  1617260460
  1617701723
  1617973407
  1618297587
  1618737821
  1618819773
  1619095534
  1619224647
  1619637580
  1619869604
  1619998592
  1620152842
  1620176897
  1620312363
  1620363500
  1620604992
  1620882713
  1620919922
  1621098423
  1621275710
  1621337143
  1621463447
  1621498690
  1621568684
  1621778990
  1621852264
  1621874122
  1622421384
  1622786372
  1622889941
  1622953202
  1623234128
  1623706939
  1623937450
  1624165729
  1624204973
  1624237136
  1624283584
  1624499213
  1625365518
  1625995266
  1626000947
  1626245483
  1626273266
  1626297365
  1626505854
  1626769852
  1626822376
  1626955402
  1627035734
  1627094701
  1627267642
  1627322985
  1627391237
  1627658721
  1627905542
  1628108922
  1628167031
  1628581351
  1628764905
  1628820444
  1629160749
  1629193218
  1629261284
  1629794686
  1630056827
  1630402346
  1630476871
  1630516951
  1630542852
  1630551575
  1630784890
  1630973251
  1630992732
  1631115420
  1631297633
  1631577872
  1631995726
  1632162348
  1632235919
  1632543108
  1633008725
  1633013522
  1633014050
  1633115574
  1633221071
  1633434690
  1633635712
  1633637575
  1633920122
  1634176399
  1634442531
  1634884930
  1635352274
  1636104598
  1636121073
  1636140935
  1636144944
  1636259198
  1636287730
  1636594097
  1636728331
  1636762315
  1636865082
  1636971065
  1637280069
  1637285479
  1637542355
  1637898795
  1638207854
  1638497071
  1638986159
  1639311505
  1639311509
  1639354618
  1639624548
  1639879437
  1639924728
  1640188326
  1640697424
  1641171648
  1641180574
  1641307883
  1641471591
  1642022789
  1642131690
  1642134265
  1642474681
  1642836619
  1642867675
  1642873212
  1643114528
  1643118086
  1643149055
  1643377806
  1643417309
  1643438839
  1643582125
  1644264413
  1644349584
  1644410967
  1645106517
  1645163492
  1645359125
  1645526810
  1645535768
  1645931051
  1646161614
  1646511262
  1646917067
  1647032973
  1647134961
  1647165857
  1647558422
  1648093074
  1648612591
  1648859136
  1648992595
  1649063896
  1649353800
  1649470562
  1649641807
  1649680943
  1650140810
  1650245626
  1650375072
  1650453923
  1650768111
  1651020144
  1651071777
  1651410606
  1651452337
  1651602919
  1651606152
  1651725569
  1652772654
  1652928581
  1653302611
  1653544629
  1654134759
  1654180177
  1654337373
  1654376901
  1654513966
  1654598637
  1655038220
  1655768737
  1655945263
  1655946246
  1656375079
  1656400243
  1656497862
  1656698735
  1657115621
  1657384577
  1657391584
  1657582712
  1658028822
  1658045627
  1658155931
  1658317903
  1658485041
  1658537023
  1658815356
  1658868180
  1658876725
  1659262278
  1659499201
  1659672780
  1659779849
  1659927367
  1660140825
  1660894265
  1661353645
  1661593379
  1661638575
  1661844948
  1662554016
  1662611102
  1663025205
  1663029596
  1663063360
  1663252651
  1663359119
  1663447099
  1664004210
  1664207426
  1664390851
  1664449046
  1664536605
  1664615026
  1665436734
  1665564855
  1665764435
  1666189251
  1666427005
  1666732313
  1666806323
  1667287774
  1667360077
  1667474550
  1667535565
  1667620766
  1668321363
  1668747528
  1669091777
  1669187113
  1669263383
  1669298947
  1669876021
  1669901036
  1669924512
  1670097115
  1670389895
  1670587243
  1670993365
  1671366036
  1671401801
  1671618986
  1671779275
  1672265514
  1672508062
  1672525852
  1672761962
  1672918824
  1672921072
  1673170489
  1673572253
  1673829580
  1674469277
  1674534552
  1674621534
  1675669353
  1675741564
  1675827387
  1675848707
  1675960872
  1676267643
  1676348023
  1676450527
  1676472062
  1676531162
  1676659345
  1676732018
  1676775303
  1676825932
  1676968308
  1677117231
  1677403059
  1677868985
  1678148465
  1678161157
  1678417266
  1678714781
  1678768459
  1678896933
  1679277218
  1679290267
  1679436711
  1679814488
  1679921318
  1680040660
  1680292972
  1680382551
  1680475695
  1680663504
  1681323898
  1681355488
  1681414618
  1681480451
  1681482000
  1682147933
  1682376118
  1682425303
  1682548649
  1682734435
  1683351594
  1683360456
  1683449283
  1683526593
  1683603796
  1683953933
  1683968884
  1684441818
  1684919045
  1684945843
  1685472298
  1685552651
  1685677881
  1685681066
  1685923534
  1686488850
  1687105112
  1687205644
  1687737545
  1687904960
  1688055261
  1688107077
  1688111049
  1688254872
  1688305779
  1688316001
  1688368419
  1688482215
  1688631002
  1688796636
  1689394642
  1689631346
  1689793811
  1689967695
  1689979599
  1690013545
  1690281508
  1690423154
  1690623904
  1691120532
  1691469383
  1691549877
  1691723654
  1691893591
  1691969432
  1692509893
  1692517332
  1692742012
  1692855912
  1692882815
  1692950422
  1693027831
  1693081016
  1693368707
  1693458957
  1693780274
  1693806119
  1694047737
  1694104883
  1694215218
  1694235785
  1694518358
  1694552494
  1694919407
  1695254375
  1695556901
  1695828594
  1696204447
  1696265316
  1696460489
  1696506190
  1696886426
  1696932057
  1697004296
  1697013784
  1697084894
  1697125506
  1697240731
  1697308273
  1697350181
  1697558769
  1697678463
  1697771434
  1697838654
  1698131417
  1698191945
  1698516412
  1699392435
  1699429797
  1699455873
  1699704908
  1700566636
  1700580354
  1700581027
  1701141470
  1701191857
  1701632928
  1702073939
  1702363567
  1702501501
  1702942701
  1703015921
  1703178335
  1703274188
  1703285841
  1703363675
  1703363948
  1703743080
  1704179267
  1704647071
  1704674345
  1705221590
  1705593494
  1706217454
  1706726880
  1706915746
  1707139794
  1707512265
  1707763592
  1707886814
  1708470439
  1708543328
  1708785973
  1709115372
  1709179330
  1709265790
  1709344645
  1709447390
  1709627924
  1710113936
  1710469490
  1710982355
  1711049945
  1711111404
  1711265001
  1711405233
  1711494739
  1711511651
  1711658657
  1711748983
  1712003679
  1712554398
  1712654315
  1713341498
  1713436795
  1713642065
  1713647788
  1713793873
  1713937077
  1714371378
  1714499855
  1714528853
  1714634305
  1714683214
  1715362774
  1715405462
  1715415441
  1715586876
  1715630154
  1715639873
  1715722021
  1715741728
  1715948675
  1715959606
  1716396071
  1716681763
  1717038472
  1717217853
  1717367960
  1717486715
  1717660353
  1717684195
  1718009871
  1718010075
  1718092841
  1718157648
  1718193557
  1718360895
  1719013707
  1719329954
  1719582946
  1719609022
  1720062857
  1720105499
  1720192908
  1720271201
  1720512937
  1721111040
  1722012899
  1722199855
  1722708850
  1722803586
  1722854597
  1722867735
  1723155419
  1723167665
  1723249093
  1723433028
  1723490295
  1724190541
  1724367684
  1724471679
  1724717477
  1724967580
  1725355811
  1725535346
  1725664665
  1725864527
  1726006750
  1726320688
  1726688698
  1726840773
  1726860710
  1726893263
  1726993246
  1727259924
  1727312734
  1727607829
  1727913248
  1728123383
  1728384294
  1728483309
  1728606937
  1728776520
  1728974124
  1729180007
  1729375781
  1729381426
  1729392648
  1729577745
  1729604740
  1729908313
  1730047365
  1730191667
  1730368864
  1730748376
  1730861707
  1730887941
  1731364971
  1731415543
  1731469618
  1731547370
  1731866051
  1732124105
  1732210622
  1732269196
  1732405634
  1732462648
  1732490020
  1732722179
  1732783233
  1733291012
  1733624427
  1733725534
  1733751269
  1733790098
  1733890050
  1734129035
  1734837753
  1735260462
  1735336265
  1735370848
  1736137610
  1736499812
  1736684939
  1737212521
  1737253060
  1737336303
  1737350940
  1737369851
  1737511100
  1737729283
  1737806779
  1738398093
  1738399165
  1738796170
  1739106635
  1739367725
  1739427171
  1739449491
  1739524237
  1739732954
  1739950570
  1739956909
  1740249042
  1740352454
  1740472203
  1740614816
  1740915683
  1740978501
  1741302662
  1741378275
  1741480000
  1741717961
  1742183243
  1742230698
  1742671601
  1742754512
  1742867409
  1743280090
  1743711574
  1743852531
  1744417674
  1744534224
  1744558450
  1744926741
  1745137972
  1745171702
  1745207271
  1745456946
  1745742787
  1745809810
  1746172494
  1746218400
  1746346901
  1746422608
  1746463972
  1746780264
  1746892268
  1747125087
  1747283040
  1747543002
  1747647279
  1747837016
  1748037114
  1748142514
  1748705732
  1748869443
  1749297693
  1749417289
  1750201516
  1750332359
  1750440323
  1750496377
  1750530537
  1750756686
  1751203171
  1751461574
  1751950960
  1751981739
  1752013194
  1752317090
  1752426697
  1752738291
  1752819155
  1753196081
  1753207340
  1753485445
  1753504626
  1753716072
  1753780609
  1753892270
  1753904878
  1753904916
  1754148401
  1754467411
  1754483964
  1754652296
  1754973025
  1755148950
  1755182983
  1755276838
  1755304744
  1755337242
  1755538512
  1755623011
  1755668425
  1755697971
  1755720548
  1755829342
  1756112652
  1756113835
  1756169490
  1756547603
  1756610371
  1757292837
  1757471198
  1757623277
  1758308195
  1758433908
  1758501602
  1758521023
  1758864583
  1758899117
  1759055927
  1759258781
  1759605034
  1759816843
  1760144598
  1760205273
  1761025086
  1761234178
  1761429938
  1761758371
  1762027445
  1762221712
  1762322826
  1762487354
  1762498022
  1762750668
  1762979325
  1763365028
  1763473688
  1764017278
  1764168786
  1764334418
  1764394725
  1764550397
  1764754488
  1764787289
  1764919452
  1765136697
  1765629199
  1765654379
  1766507638
  1767042313
  1767573937
  1767597359
  1767690876
  1767793391
  1768463642
  1768557242
  1768800225
  1768915341
  1768939662
  1769030003
  1769097572
  1769619119
  1769638945
  1770094362
  1770129614
  1770135537
  1770226805
  1770441264
  1770561905
  1771002045
  1771135113
  1771240499
  1771617942
  1771867481
  1771886771
  1772164288
  1772420432
  1773274770
  1773318011
  1773352393
  1773472669
  1773482720
  1773725630
  1773929245
  1774107458
  1774534423
  1774828928
  1775209409
  1775282529
  1775370100
  1775446747
  1775662338
  1775750818
  1776022740
  1776255449
  1776838787
  1776929828
  1777050270
  1777093407
  1777114777
  1777203715
  1777231311
  1777555577
  1777575762
  1777588003
  1778026175
  1778259523
  1778378773
  1778570547
  1778736771
  1778846723
  1778989172
  1779421639
  1779653164
  1779774854
  1779835868
  1780652078
  1780990035
  1781107344
  1781482858
  1781729463
  1781803675
  1782078801
  1782400015
  1782463436
  1782469124
  1782600772
  1782803318
  1783151601
  1783268856
  1783310399
  1783320125
  1783406157
  1783406873
  1783699638
  1783747454
  1784238459
  1784337040
  1784375664
  1784508665
  1784538612
  1784647409
  1784913682
  1784956573
  1785141954
  1785363658
  1785687199
  1785806895
  1785927362
  1786243001
  1786632788
  1786990173
  1787177974
  1787561114
  1787579382
  1787770119
  1788332283
  1788724448
  1788830549
  1788881447
  1789002062
  1789160849
  1789529990
  1789708874
  1789803089
  1789968849
  1790119125
  1790476585
  1790706630
  1791048920
  1791079430
  1791471208
  1791481415
  1791502891
  1791577584
  1791657575
  1791724995
  1791982585
  1792347399
  1792521535
  1792580226
  1792799791
  1792916131
  1792985878
  1793089212
  1793217897
  1793292408
  1793501757
  1793666236
  1794024436
  1794343096
  1795124630
  1795294644
  1796058873
  1796156164
  1796933188
  1796996625
  1797336897
  1797443300
  1797531346
  1797674594
  1798306488
  1799298090
  1799733359
  1799897118
  1799944503
  1800023346
  1800055165
  1800618699
  1800660738
  1800737920
  1800797364
  1800971177
  1801116228
  1801199885
  1801302904
  1801505844
  1801520175
  1801932577
  1801959907
  1802140518
  1802148212
  1802241916
  1802404297
  1802623970
  1802627157
  1803768563
  1803818396
  1803854695
  1804617424
  1804619550
  1805088846
  1805109926
  1806035652
  1806219942
  1806250868
  1806295341
  1806369796
  1806775212
  1806983589
  1807177335
  1807242302
  1807246185
  1807493283
  1807543124
  1807668978
  1807760637
  1808119287
  1808124486
  1808204271
  1808435701
  1808475982
  1808720359
  1809129396
  1809212764
  1809419144
  1809712958
  1810110219
  1810199343
  1810270460
  1810857267
  1812143509
  1812659933
  1813585162
  1814229754
  1814452018
  1814472008
  1814559946
  1814916693
  1815636702
  1815770233
  1815847347
  1815856756
  1816131551
  1816167756
  1816368065
  1816481823
  1816785378
  1817166613
  1817327095
  1817609033
  1817806488
  1817811505
  1817828509
  1818257093
  1818306656
  1818438662
  1818980605
  1819143170
  1819259863
  1819290948
  1820071115
  1820087986
  1820092164
  1820169567
  1820264717
  1820501893
  1820509396
  1820770342
  1821044653
  1821538391
  1821852634
  1821985284
  1822092104
  1822180214
  1822320591
  1822390429
  1822699208
  1824757313
  1825502655
  1825630033
  1825926224
  1825941544
  1826114767
  1826497371
  1826694674
  1826764257
  1826933805
  1826995724
  1827114714
  1827184127
  1827327429
  1827467348
  1827507731
  1828379698
  1828882303
  1828960455
  1829647694
  1829941987
  1830039218
  1830334670
  1830507526
  1830558986
  1830570831
  1830684556
  1830715244
  1831265342
  1831364003
  1831937635
  1832217597
  1832332733
  1832464080
  1832826390
  1832866142
  1833267069
  1833352145
  1833599631
  1834144950
  1834459170
  1834622972
  1834625851
  1834857899
  1834939508
  1834965270
  1835029447
  1835597235
  1835983926
  1836215048
  1836573934
  1836824724
  1836906068
  1836933298
  1837340427
  1837827003
  1838056482
  1838092826
  1838393764
  1838656302
  1839590464
  1839870156
  1841222977
  1841365590
  1841492398
  1841920569
  1842072020
  1842503016
  1843246495
  1843273835
  1843514461
  1843908026
  1844638329
  1844888773
  1845220291
  1845254347
  1845373621
  1845468441
  1845507320
  1845680852
  1846583630
  1846618394
  1846712978
  1846827485
  1846853117
  1846984946
  1847141896
  1847227717
  1847438317
  1847478975
  1847580583
  1847750207
  1847856470
  1847938820
  1847949708
  1848389514
  1848413445
  1848489676
  1848906428
  1848964554
  1849346663
  1849695418
  1849787275
  1849983558
  1850138221
  1850201255
  1850310250
  1850510570
  1850545971
  1851080603
  1851365901
  1851561485
  1851616031
  1851900961
  1851950477
  1852880458
  1853074033
  1853244455
  1853410939
  1853432295
  1853543498
  1854274263
  1854386414
  1855022048
  1855839306
  1856946975
  1856996597
  1857192223
  1857296217
  1857778087
  1857823783
  1858103044
  1858297290
  1858379094
  1858486121
  1858486927
  1858539763
  1858579690
  1859074002
  1859172438
  1859325720
  1859439479
  1859485713
  1860147769
  1860244062
  1860377562
  1860789275
  1860950573
  1861317751
  1861343380
  1861405870
  1861589384
  1862202631
  1862249936
  1863202362
  1863274202
  1863713751
  1863875033
  1864158240
  1864163976
  1864303392
  1864987599
  1865313467
  1865323203
  1865384763
  1865569603
  1865620405
  1865678283
  1865790615
  1865901212
  1866308093
  1866448706
  1866657412
  1866666953
  1866695587
  1867007513
  1867010336
  1867042671
  1867218717
  1867396025
  1867583273
  1867605905
  1867613914
  1868020794
  1868263241
  1868264821
  1868330977
  1868400729
  1868435326
  1868724495
  1868782218
  1869260514
  1869604009
  1869616508
  1870006057
  1870122938
  1870242597
  1870763158
  1870793533
  1871096030
  1871301392
  1871331233
  1871501590
  1871502981
  1871659755
  1871722043
  1871879402
  1872174089
  1872214332
  1872812451
  1873540527
  1873981875
  1874105745
  1874389680
  1874438687
  1874728916
  1874811694
  1874890526
  1874977801
  1875352441
  1875496942
  1875515989
  1875659171
  1876458050
  1876534146
  1876778242
  1876895247
  1876934181
  1877156138
  1877212852
  1878045865
  1878813490
  1878822651
  1878923087
  1879202936
  1879396093
  1879768930
  1880471534
  1880472161
  1880693601
  1880936613
  1880965668
  1881329821
  1881646934
  1881838219
  1881905575
  1882425951
  1882610322
  1882775019
  1882868971
  1883675359
  1883906245
  1883968527
  1884298353
  1884582737
  1884770890
  1884788356
  1884946956
  1885183896
  1885279675
  1885642259
  1885835203
  1886308742
  1886396632
  1886973022
  1887063907
  1887149619
  1887344257
  1887834650
  1887952787
  1888234446
  1888284434
  1888441587
  1888456116
  1888470439
  1888540916
  1888563964
  1889201869
  1889224448
  1889331634
  1889746987
  1889788721
  1890072439
  1890149798
  1890211189
  1890490234
  1890869175
  1890943705
  1891292248
  1891474368
  1891554214
  1891959443
  1892167986
  1892459823
  1892659781
  1892694458
  1892841052
  1892926079
  1893187386
  1893367743
  1893934584
  1893949137
  1894222277
  1894529741
  1894864424
  1895223823
  1895236397
  1895281136
  1895672501
  1895886691
  1896351252
  1896481548
  1896584392
  1897305559
  1897696353
  1897825531
  1898344196
  1898635450
  1898881328
  1899070664
  1899334519
  1899476793
  1899650422
  1899661479
  1899679847
  1899712887
  1899786109
  1899807206
  1899809395
  1899884331
  1899957102
  1900269266
  1900275563
  1900590129
  1900753166
  1901318825
  1901488151
  1901488724
  1901522801
  1901918710
  1902178223
  1902199836
  1902487953
  1902689491
  1902698734
  1902816067
  1903036329
  1903335290
  1903515438
  1903534182
  1903601331
  1903614683
  1904039244
  1904090330
  1904114077
  1904271142
  1904879724
  1904978803
  1905105731
  1905329341
  1906038450
  1906143793
  1906638376
  1906944477
  1907163526
  1907216667
  1907443624
  1907751920
  1907808091
  1907820940
  1908426569
  1908655156
  1908860223
  1909279516
  1909813335
  1909903301
  1910066307
  1910150738
  1910288766
  1910537470
  1910900663
  1911612321
  1911647885
  1911958658
  1912039070
  1912141812
  1912150758
  1912813856
  1913001947
  1913137843
  1913396457
  1913620004
  1913721243
  1914349175
  1914408423
  1914510139
  1914515456
  1914525617
  1914743471
  1914759348
  1915253189
  1916518748
  1916795984
  1916998955
  1917270347
  1917615012
  1918067006
  1918308256
  1918315494
  1918386878
  1918612375
  1918826116
  1919067761
  1919139691
  1919210584
  1919310418
  1919604729
  1919638441
  1919737030
  1919757270
  1919824359
  1919887999
  1919916360
  1919928581
  1919981963
  1920021755
  1920308761
  1920925974
  1921525764
  1921700014
  1921741543
  1921748877
  1921944215
  1922371163
  1922447923
  1922925369
  1923031217
  1923363382
  1923482784
  1923778009
  1924090332
  1924186402
  1924268650
  1924293104
  1924520363
  1924551831
  1924967154
  1924998962
  1925070801
  1925166236
  1925530652
  1926022291
  1926216656
  1926312458
  1926432604
  1926835135
  1926909946
  1927318437
  1927401428
  1927697915
  1928128383
  1928402701
  1928720356
  1929327354
  1929438610
  1929533039
  1929582340
  1929797166
  1929823323
  1929850389
  1930051223
  1930212664
  1930282524
  1930375239
  1930525224
  1930626997
  1931079758
  1931613385
  1931755091
  1931827314
  1932539627
  1932675314
  1932894102
  1932962882
  1933008552
  1933657226
  1934260333
  1934268370
  1934372155
  1934526553
  1934611286
  1934713564
  1934754319
  1934837082
  1934932749
  1935172053
  1935490277
  1935678292
  1935767949
  1935896244
  1936204898
  1936296001
  1936852886
  1936896054
  1937298638
  1937321005
  1937333491
  1937474964
  1937594887
  1937729611
  1938298602
  1938532544
  1938551823
  1938716936
  1938787659
  1938952077
  1939425124
  1939474742
  1940426386
  1940602242
  1940792476
  1940925458
  1941223462
  1941590787
  1941619605
  1941795191
  1941806268
  1942414884
  1942600347
  1942673919
  1943037941
  1943713524
  1943797078
  1943826029
  1943955148
  1943979535
  1944109015
  1944358344
  1944397152
  1944454228
  1945330082
  1945463375
  1945673709
  1945769075
  1945794463
  1946145304
  1946515261
  1946835669
  1946994864
  1947255330
  1947409625
  1947440087
  1947657180
  1947668777
  1947855182
  1948067403
  1948330093
  1948403591
  1948896063
  1949004136
  1949082666
  1949360243
  1949701615
  1950150308
  1950215179
  1950545310
  1950734677
  1950978631
  1951564563
  1951954978
  1951963815
  1951991879
  1952388075
  1952388413
  1952614292
  1952629860
  1952682961
  1952704697
  1952905037
  1953012950
  1953045779
  1953075153
  1953306123
  1954014620
  1954131675
  1954716837
  1954754195
  1954942546
  1955309073
  1955493488
  1955609059
  1955719601
  1956016366
  1956349843
  1956831532
  1956971543
  1957377455
  1957494563
  1957575751
  1957705027
  1958375491
  1959407171
  1959671399
  1959773430
  1959933435
  1960294744
  1960330858
  1960440211
  1960637781
  1960691641
  1960911086
  1961798962
  1961852631
  1961908109
  1962089475
  1962358702
  1962842229
  1962955018
  1963116732
  1963158330
  1963166864
  1963481321
  1963615963
  1963786490
  1963946065
  1964485400
  1964675509
  1965222647
  1965344086
  1965465004
  1965560421
  1965617670
  1965702839
  1965993987
  1966102246
  1966290270
  1966332071
  1966802818
  1966817519
  1966882972
  1966891341
  1966970416
  1967250904
  1967272505
  1967857674
  1968288485
  1968349046
  1968373175
  1968784258
  1969061074
  1969261955
  1969956547
  1970934967
  1971147429
  1971835632
  1972094856
  1972501683
  1972986732
  1973275549
  1973466794
  1973592954
  1973760510
  1973896779
  1974212065
  1974407118
  1974619048
  1974956015
  1975202137
  1975341046
  1975358055
  1975589004
  1975600045
  1975714088
  1975918202
  1976106019
  1976207432
  1976525856
  1976605772
  1976906760
  1976938722
  1977048625
  1977172913
  1977927898
  1978392819
  1978425974
  1978519043
  1978758508
  1979041676
  1979045857
  1979591673
  1979648589
  1979812648
  1980135598
  1980422041
  1980609436
  1980664535
  1980673066
  1980708559
  1981247384
  1981408119
  1981415525
  1981420483
  1981564714
  1981907412
  1981949834
  1982257548
  1982354100
  1982424595
  1983081616
  1983188285
  1983349388
  1983362917
  1983414915
  1983962902
  1984137824
  1984198276
  1984421328
  1984465122
  1984963723
  1985211002
  1985245795
  1985421502
  1985533926
  1985636970
  1985709990
  1985728213
  1986345849
  1986369083
  1986507189
  1986581594
  1986621693
  1987170771
  1987216884
  1987376040
  1987616039
  1987621152
  1987817653
  1988005215
  1988683616
  1988806514
  1988809677
  1988899840
  1988991242
  1989226255
  1989269787
  1989433694
  1989438602
  1989884904
  1990038493
  1990070173
  1990283592
  1990661741
  1990923063
  1991180057
  1991238137
  1991344583
  1991363176
  1992066817
  1992324564
  1992332935
  1992369165
  1992667824
  1992746706
  1992824292
  1992932292
  1992962884
  1993008945
  1993126761
  1993140080
  1993186282
  1993415846
  1993571939
  1993582448
  1993700718
  1993729260
  1994274321
  1994313939
  1994384459
  1994615709
  1994674510
  1994680088
  1995365343
  1995498678
  1996191553
  1996298988
  1996630460
  1996650754
  1996856174
  1996902357
  1996994203
  1997093803
  1997455510
  1997729950
  1997731377
  1997739057
  1997773866
  1997796323
  1998311025
  1998588860
  1998697194
  1999083969
  1999414624
  1999492970
  2000262821
  2000284825
  2000471370
  2000524456
  2000707557
  2000926312
  2000988567
  2001180475
  2001459279
  2001584861
  2002083283
  2002494565
  2003424938
  2003654045
  2003781941
  2004022406
  2004155472
  2004348093
  2004967003
  2004972743
  2005265242
  2005419781
  2005500139
  2005905597
  2006431835
  2006482393
  2006703927
  2007030436
  2007327371
  2007368866
  2007407545
  2007736162
  2007825016
  2007934675
  2007946928
  2008213665
  2008252998
  2008292228
  2008610790
  2008854455
  2009095978
  2009514680
  2009588613
  2009641762
  2009684565
  2009848870
  2010019743
  2010351666
  2010837046
  2011128472
  2011627923
  2011684505
  2012106824
  2012402791
  2012545480
  2012572400
  2012643896
  2012755845
  2012794578
  2013200100
  2013363029
  2013606728
  2013790114
  2013937120
  2014330454
  2014455036
  2014918614
  2015277323
  2015323741
  2015608607
  2015651458
  2015739965
  2015867603
  2016424463
  2016590248
  2016854789
  2016907002
  2016945385
  2016988557
  2017239643
  2017532837
  2017906264
  2018094908
  2018109935
  2018444352
  2018468011
  2018655701
  2018959041
  2019416722
  2019688975
  2019768764
  2019773534
  2019781320
  2019948978
  2020014252
  2020676080
  2020983652
  2020998443
  2021152688
  2021192616
  2021214702
  2021464040
  2021494916
  2021608308
  2021700885
  2021885254
  2021985222
  2022205795
  2022681674
  2022906918
  2022909983
  2022960477
  2023174060
  2023188163
  2023462725
  2023636015
  2023751193
  2023961876
  2024370197
  2024770051
  2025266850
  2025313488
  2025458881
  2025518888
  2025621541
  2026233482
  2026301394
  2026444680
  2026719134
  2026826224
  2026839664
  2027172060
  2027685703
  2028499067
  2028847368
  2029071141
  2029262871
  2029466705
  2029583179
  2029756316
  2029824197
  2030074018
  2030118552
  2030448788
  2030631981
  2031043649
  2031207211
  2031500208
  2031511705
  2031516534
  2031609650
  2031620127
  2031789315
  2032137422
  2032215277
  2032340141
  2032366998
  2032395264
  2032852316
  2033161563
  2033838709
  2034306014
  2034575769
  2034803366
  2034840925
  2035000646
  2035107875
  2035440123
  2035441113
  2035519503
  2035560380
  2035792914
  2035819289
  2036289569
  2036465809
  2036541377
  2036574620
  2036611932
  2036790156
  2036923437
  2037866677
  2038449198
  2038531504
  2038608333
  2038894065
  2039021821
  2039035722
  2039245702
  2039715072
  2040039210
  2041221008
  2041671327
  2041768914
  2041772625
  2041807230
  2041968367
  2042058622
  2042302884
  2042381935
  2042447604
  2042607195
  2042674031
  2042830132
  2043589598
  2043625588
  2044222959
  2044277456
  2044704938
  2045099654
  2045201987
  2045359579
  2045473964
  2045531591
  2045533925
  2045880723
  2045951465
  2045977377
  2046077944
  2046277276
  2046419919
  2046447655
  2046457432
  2046485490
  2046562309
  2046882948
  2046979315
  2047395654
  2047477409
  2048060671
  2048109493
  2048121454
  2048286334
  2048374778
  2048469110
  2048703285
  2048815734
  2048831234
  2048948530
  2048977530
  2049576503
  2049579381
  2049768154
  2049832045
  2050027621
  2050144423
  2050352344
  2050397147
  2050619748
  2050630180
  2050889957
  2050949175
  2050961914
  2051010208
  2051163036
  2051312395
  2051564404
  2052057847
  2052160537
  2052792093
  2053132398
  2053153712
  2053181973
  2053214368
  2054003162
  2054192804
  2054239522
  2054608276
  2054693832
  2054755510
  2054893617
  2054894931
  2055247047
  2055257569
  2055384510
  2055777340
  2055784370
  2056007225
  2056028229
  2056358999
  2056379478
  2056431635
  2056863905
  2057108026
  2057259317
  2057269866
  2057342526
  2057485795
  2057663309
  2057744986
  2058311856
  2058692572
  2059102683
  2059381949
  2060010459
  2060137996
  2060158357
  2060360196
  2060432988
  2060554711
  2061156119
  2061230002
  2061793547
  2062145658
  2062364373
  2062365203
  2062404721
  2062513438
  2062595387
  2062674768
  2062719315
  2062730670
  2062790768
  2062987111
  2063112880
  2063419531
  2063424940
  2063654730
  2064014733
  2064087510
  2064348698
  2064536374
  2064654998
  2064765812
  2064814490
  2065065831
  2065596905
  2066011571
  2066692890
  2067039233
  2067168092
  2067355100
  2067424225
  2068135850
  2068361797
  2068481003
  2068541228
  2068593778
  2068664080
  2068672841
  2068765288
  2068834515
  2068848329
  2068894510
  2069243848
  2069495202
  2069636909
  2069684474
  2069810349
  2069894582
  2070514957
  2070533252
  2070730435
  2070811544
  2070870397
  2071189698
  2071200442
  2071446912
  2071617098
  2071727321
  2072125065
  2072240489
  2072274836
  2072500255
  2072529509
  2072674215
  2072852652
  2073070356
  2073365333
  2073767844
  2073800472
  2073809884
  2073875923
  2074030744
  2074057758
  2074118370
  2074189976
  2074520749
  2074858062
  2075557140
  2075650015
  2075734173
  2076000490
  2076117468
  2076192845
  2076386675
  2076408930
  2077199908
  2077549052
  2077911493
  2077957176
  2078182251
  2078353330
  2078383414
  2078610567
  2079006327
  2079368758
  2079687557
  2079789866
  2080503936
  2080558495
  2080646875
  2080929784
  2081246789
  2081300545
  2081424626
  2081760606
  2081882885
  2081936529
  2081970071
  2082086422
  2082841257
  2082969653
  2083440416
  2083547956
  2083762660
  2083783059
  2083854875
  2084277739
  2084427121
  2084431128
  2084614151
  2084626416
  2085189117
  2085566512
  2085596001
  2085724347
  2085772455
  2086478699
  2086859096
  2086932481
  2087085972
  2087187152
  2087373354
  2087604174
  2087698788
  2087711025
  2087939729
  2087958908
  2088206272
  2088416175
  2088692949
  2088746378
  2088910796
  2089209160
  2089873230
  2089928359
  2090426276
  2090567262
  2091071237
  2091620780
  2092008783
  2092389993
  2092515724
  2092544783
  2093099028
  2093177159
  2093465775
  2093675499
  2093714852
  2093890017
  2094797381
  2094908637
  2095024156
  2096027526
  2096268443
  2096513134
  2097111667
  2097181714
  2097757337
  2097812237
  2097894199
  2098094505
  2098189584
  2098246043
  2098662341
  2098733054
  2098834168
  2098902203
  2098911591
  2099241971
  2099330245
  2099453065
  2099573619
  2099873564
  2100119514
  2100258533
  2100479007
  2100705335
  2101071407
  2101600183
  2101901801
  2101927738
  2102146791
  2103002721
  2103420827
  2104162942
  2104220027
  2104322109
  2104499664
  2104601740
  2104733236
  2104877931
  2105222589
  2105326102
  2105370520
  2105739657
  2105992360
  2106276575
  2106420163
  2107843145
  2107955543
  2108132583
  2108152553
  2108153500
  2108278189
  2108468571
  2108854686
  2108977810
  2109329120
  2109506874
  2109585138
  2110112525
  2110300762
  2110904520
  2111027018
  2111155835
  2111432483
  2111443587
  2111590834
  2111665015
  2111862620
  2111960050
  2112019908
  2112231067
  2112408406
  2113520595
  2113633631
  2114634516
  2114719405
  2114980118
  2114984420
  2115004709
  2115160532
  2115453607
  2115635813
  2115964227
  2116217675
  2116241946
  2116579186
  2116755176
  2117047427
  2117256579
  2117275785
  2117826294
  2117972478
  2118044326
  2118084141
  2118131101
  2118373582
  2118375367
  2118882381
  2119005380
  2119006925
  2119038725
  2119049984
  2119123736
  2119504080
  2120074998
  2120207202
  2120320765
  2120378836
  2120557623
  2120724504
  2120884371
  2121095770
  2121119982
  2121227228
  2121367834
  2121391526
  2121428498
  2121585611
  2121637155
  2121685526
  2121724410
  2122212338
  2122297411
  2122481631
  2122952069
  2123397659
  2123779123
  2124083419
  2124382020
  2124712646
  2124989192
  2125849263
  2126332013
  2126466091
  2126571628
  2126681581
  2126848017
  2126853081
  2127125007
  2127154774
  2127238286
  2127897411
  2127939363
  2128090122
  2128100342
  2128363607
  2128431435
  2128622586
  2128772522
  2128964123
  2129067930
  2129085928
  2129126480
  2129459992
  2129627626
  2129834356
  2129900452
  2129919137
  2129953217
  2129983959
  2130164949
  2130283062
  2130495961
  2131182982
  2131397251
  2131467202
  2131488627
  2132071617
  2133555169
  2133715688
  2133821206
  2133960117
  2135888191
  2137073688
  2137093158
  2137167701
  2137278291
  2137709407
  2137802758
  2137863092
  2138334738
  2138453856
  2138565484
  2138679788
  2139238277
  2139294699
  2139541053
  2139631608
  2139802673
  2139824356
  2139985318
  2140432231
  2140798332
  2140812436
  2141134561
  2142045297
  2142908254
  2142997652
  2143080842
  2143102699
  2143275536
  2143421921
  2143498166
  2143725506
  2143805981
  2144239877
  2144441930
  2144637041
  2144808866
  2145437466
  2145575597
  2145727058
  2146473579
  2146685650
  2146700757
  2146804263
  2147000721
  2147084570
