simMinute,population,stripEntries,crossings,totalStripEntries,totalCrossings,simTick
1,10,0,0,0,0,2401
2,10,0,0,0,0,4801
3,10,1,0,1,0,7201
4,10,0,0,1,0,9601
5,18,0,0,1,0,12001
6,13,0,0,1,0,14401
7,12,0,0,1,0,16801
8,12,0,0,1,0,19201
9,19,0,0,1,0,21601
10,18,0,0,1,0,24001
11,18,0,0,1,0,26401
12,18,0,0,1,0,28801
13,18,0,0,1,0,31201
14,21,0,0,1,0,33601
15,17,0,0,1,0,36001
16,17,0,0,1,0,38401
17,17,0,0,1,0,40801
18,24,0,0,1,0,43201
19,18,1,0,2,0,45601
20,17,0,0,2,0,48001
21,17,1,0,3,0,50401
22,16,1,1,4,1,52801
23,21,0,0,4,1,55201
24,18,0,0,4,1,57601
25,15,1,0,5,1,60001
26,15,2,1,7,2,62401
27,16,2,1,9,3,64801
28,15,0,0,9,3,67201
29,14,0,0,9,3,69601
30,15,1,1,10,4,72001
31,15,0,0,10,4,74401
32,18,0,0,10,4,76801
33,18,0,0,10,4,79201
34,15,1,1,11,5,81601
35,16,1,0,12,5,84001
36,18,2,1,14,6,86401
37,17,1,0,15,6,88801
38,15,2,1,17,7,91201
39,14,1,1,18,8,93601
40,10,2,0,20,8,96001
41,13,0,0,20,8,98401
42,14,0,0,20,8,100801
43,13,0,0,20,8,103201
44,12,0,0,20,8,105601
45,16,1,0,21,8,108001
46,17,0,0,21,8,110401
47,18,0,0,21,8,112801
48,18,1,1,22,9,115201
49,15,1,0,23,9,117601
50,17,0,0,23,9,120001
51,17,0,0,23,9,122401
52,17,0,0,23,9,124801
53,21,1,1,24,10,127201
54,21,0,0,24,10,129601
55,12,1,0,25,10,132001
56,12,1,0,26,10,134401
57,15,0,0,26,10,136801
58,15,0,0,26,10,139201
59,21,0,0,26,10,141601
60,17,0,0,26,10,144001
61,12,3,0,29,10,146401
62,12,1,1,30,11,148801
63,16,2,1,32,12,151201
64,15,0,0,32,12,153601
65,16,0,0,32,12,156001
66,14,0,0,32,12,158401
67,14,0,0,32,12,160801
68,17,1,0,33,12,163201
69,17,0,0,33,12,165601
70,15,1,0,34,12,168001
71,14,1,0,35,12,170401
72,16,0,0,35,12,172801
73,16,1,0,36,12,175201
74,18,0,0,36,12,177601
75,16,1,1,37,13,180001
76,19,0,0,37,13,182401
77,21,0,0,37,13,184801
78,22,0,0,37,13,187201
79,23,1,0,38,13,189601
80,23,0,0,38,13,192001
81,24,1,1,39,14,194401
82,24,0,0,39,14,196801
83,26,1,0,40,14,199201
84,25,1,0,41,14,201601
85,22,0,0,41,14,204001
86,24,1,1,42,15,206401
87,26,0,0,42,15,208801
88,24,1,0,43,15,211201
89,23,1,0,44,15,213601
90,26,0,0,44,15,216001
91,25,1,1,45,16,218401
92,28,1,0,46,16,220801
93,24,2,0,48,16,223201
94,26,0,0,48,16,225601
95,28,0,0,48,16,228001
96,29,1,0,49,16,230401
97,30,0,0,49,16,232801
98,34,1,1,50,17,235201
99,35,0,0,50,17,237601
100,37,0,0,50,17,240001
101,33,1,0,51,17,242401
102,32,2,2,53,19,244801
103,35,1,1,54,20,247201
104,39,1,0,55,20,249601
105,38,1,1,56,21,252001
106,37,2,1,58,22,254401
107,41,1,1,59,23,256801
108,44,3,1,62,24,259201
109,40,1,1,63,25,261601
110,38,1,0,64,25,264001
111,39,1,0,65,25,266401
112,39,1,0,66,25,268801
113,46,0,0,66,25,271201
114,41,4,2,70,27,273601
115,42,1,0,71,27,276001
116,37,1,1,72,28,278401
117,41,0,0,72,28,280801
118,39,2,1,74,29,283201
119,39,2,0,76,29,285601
120,38,2,2,78,31,288001
121,37,0,0,78,31,290401
122,38,0,0,78,31,292801
123,42,0,0,78,31,295201
124,38,2,1,80,32,297601
125,38,3,2,83,34,300001
126,35,3,1,86,35,302401
127,31,5,1,91,36,304801
128,32,1,1,92,37,307201
129,31,0,0,92,37,309601
130,30,1,0,93,37,312001
131,34,0,0,93,37,314401
132,30,1,0,94,37,316801
133,29,0,0,94,37,319201
134,27,1,0,95,37,321601
135,25,3,1,98,38,324001
136,28,1,0,99,38,326401
137,29,2,0,101,38,328801
138,32,0,0,101,38,331201
139,30,4,0,105,38,333601
140,34,1,1,106,39,336001
141,33,1,0,107,39,338401
142,30,1,0,108,39,340801
143,31,0,0,108,39,343201
144,31,0,0,108,39,345601
145,37,0,0,108,39,348001
146,35,3,0,111,39,350401
147,36,2,2,113,41,352801
148,38,0,0,113,41,355201
149,41,0,0,113,41,357601
150,43,2,1,115,42,360001
151,52,0,0,115,42,362401
152,45,2,1,117,43,364801
153,42,2,1,119,44,367201
154,43,1,0,120,44,369601
155,47,0,0,120,44,372001
156,46,3,2,123,46,374401
157,44,3,0,126,46,376801
158,39,1,0,127,46,379201
159,40,0,0,127,46,381601
160,42,2,1,129,47,384001
161,40,3,2,132,49,386401
162,42,1,0,133,49,388801
163,43,0,0,133,49,391201
164,39,0,0,133,49,393601
165,39,1,1,134,50,396001
166,40,2,1,136,51,398401
167,34,2,1,138,52,400801
168,36,1,0,139,52,403201
169,33,0,0,139,52,405601
170,33,1,1,140,53,408001
171,33,2,1,142,54,410401
172,32,1,1,143,55,412801
173,34,2,1,145,56,415201
174,29,2,1,147,57,417601
175,28,1,0,148,57,420001
176,26,1,0,149,57,422401
177,33,1,1,150,58,424801
178,30,1,0,151,58,427201
179,33,0,0,151,58,429601
180,35,1,0,152,58,432001
181,35,1,0,153,58,434401
182,33,1,0,154,58,436801
183,33,1,1,155,59,439201
184,34,2,1,157,60,441601
185,40,0,0,157,60,444001
186,38,1,0,158,60,446401
187,41,0,0,158,60,448801
188,35,1,0,159,60,451201
189,35,1,0,160,60,453601
190,37,2,1,162,61,456001
191,40,0,0,162,61,458401
192,37,3,2,165,63,460801
193,32,4,1,169,64,463201
194,30,0,0,169,64,465601
195,28,3,0,172,64,468001
196,29,0,0,172,64,470401
197,30,2,2,174,66,472801
198,31,2,2,176,68,475201
199,33,0,0,176,68,477601
200,33,1,0,177,68,480001
201,35,2,2,179,70,482401
202,36,0,0,179,70,484801
203,35,0,0,179,70,487201
204,33,1,0,180,70,489601
205,34,1,1,181,71,492001
206,34,2,0,183,71,494401
207,32,0,0,183,71,496801
208,31,2,1,185,72,499201
209,31,0,0,185,72,501601
210,31,1,0,186,72,504001
211,33,0,0,186,72,506401
212,32,0,0,186,72,508801
213,32,0,0,186,72,511201
214,31,0,0,186,72,513601
215,32,0,0,186,72,516001
216,32,0,0,186,72,518401
217,30,4,2,190,74,520801
218,27,1,0,191,74,523201
219,26,0,0,191,74,525601
220,28,0,0,191,74,528001
221,31,2,0,193,74,530401
222,28,1,0,194,74,532801
223,27,0,0,194,74,535201
224,30,0,0,194,74,537601
225,33,0,0,194,74,540001
226,33,0,0,194,74,542401
227,31,1,1,195,75,544801
228,32,0,0,195,75,547201
229,28,0,0,195,75,549601
230,31,0,0,195,75,552001
231,29,0,0,195,75,554401
232,28,1,1,196,76,556801
233,29,0,0,196,76,559201
234,28,1,1,197,77,561601
235,30,1,0,198,77,564001
236,27,2,1,200,78,566401
237,31,0,0,200,78,568801
238,30,2,1,202,79,571201
239,31,1,0,203,79,573601
240,30,2,1,205,80,576001
241,27,1,1,206,81,578401
242,24,3,0,209,81,580801
243,21,2,1,211,82,583201
244,21,2,0,213,82,585601
245,19,0,0,213,82,588001
246,23,0,0,213,82,590401
247,24,0,0,213,82,592801
248,22,0,0,213,82,595201
249,21,0,0,213,82,597601
250,22,2,1,215,83,600001
251,19,2,1,217,84,602401
252,17,0,0,217,84,604801
253,19,0,0,217,84,607201
254,15,1,0,218,84,609601
255,17,1,0,219,84,612001
256,15,1,0,220,84,614401
257,15,0,0,220,84,616801
258,16,0,0,220,84,619201
259,17,1,1,221,85,621601
260,20,0,0,221,85,624001
261,20,0,0,221,85,626401
262,21,0,0,221,85,628801
263,22,0,0,221,85,631201
264,24,0,0,221,85,633601
265,26,0,0,221,85,636001
266,25,0,0,221,85,638401
267,26,0,0,221,85,640801
268,26,0,0,221,85,643201
269,27,0,0,221,85,645601
270,29,0,0,221,85,648001
271,31,1,1,222,86,650401
272,31,0,0,222,86,652801
273,31,1,0,223,86,655201
274,34,1,0,224,86,657601
275,35,0,0,224,86,660001
276,34,0,0,224,86,662401
277,34,1,0,225,86,664801
278,32,0,0,225,86,667201
279,35,1,1,226,87,669601
280,36,0,0,226,87,672001
281,39,0,0,226,87,674401
282,36,2,0,228,87,676801
283,33,2,0,230,87,679201
284,36,0,0,230,87,681601
285,36,1,0,231,87,684001
286,37,0,0,231,87,686401
287,35,0,0,231,87,688801
288,33,1,0,232,87,691201
289,38,0,0,232,87,693601
290,38,1,0,233,87,696001
291,38,2,0,235,87,698401
292,36,1,0,236,87,700801
293,36,1,0,237,87,703201
294,35,2,2,239,89,705601
295,37,0,0,239,89,708001
296,35,0,0,239,89,710401
297,33,0,0,239,89,712801
298,36,1,1,240,90,715201
299,34,2,0,242,90,717601
300,34,2,0,244,90,720001
301,33,1,1,245,91,722401
302,35,0,0,245,91,724801
303,36,0,0,245,91,727201
304,38,2,1,247,92,729601
305,43,0,0,247,92,732001
306,36,0,0,247,92,734401
307,38,0,0,247,92,736801
308,39,1,0,248,92,739201
309,36,0,0,248,92,741601
310,32,1,0,249,92,744001
311,31,0,0,249,92,746401
312,28,2,0,251,92,748801
313,30,0,0,251,92,751201
314,30,0,0,251,92,753601
315,29,0,0,251,92,756001
316,28,1,1,252,93,758401
317,27,0,0,252,93,760801
318,29,2,1,254,94,763201
319,32,0,0,254,94,765601
320,28,0,0,254,94,768001
321,30,0,0,254,94,770401
322,27,1,0,255,94,772801
323,31,0,0,255,94,775201
324,32,1,1,256,95,777601
325,31,1,0,257,95,780001
326,29,0,0,257,95,782401
327,33,0,0,257,95,784801
328,33,1,0,258,95,787201
329,32,0,0,258,95,789601
330,28,0,0,258,95,792001
331,28,1,0,259,95,794401
332,28,1,1,260,96,796801
333,28,0,0,260,96,799201
334,29,0,0,260,96,801601
335,26,1,0,261,96,804001
336,24,0,0,261,96,806401
337,23,0,0,261,96,808801
338,23,0,0,261,96,811201
339,22,0,0,261,96,813601
340,21,1,1,262,97,816001
341,17,3,0,265,97,818401
342,20,0,0,265,97,820801
343,17,0,0,265,97,823201
344,18,0,0,265,97,825601
345,20,0,0,265,97,828001
346,18,1,0,266,97,830401
347,20,0,0,266,97,832801
348,20,0,0,266,97,835201
349,21,0,0,266,97,837601
350,21,0,0,266,97,840001
351,21,0,0,266,97,842401
352,23,0,0,266,97,844801
353,23,0,0,266,97,847201
354,24,0,0,266,97,849601
355,24,0,0,266,97,852001
356,24,0,0,266,97,854401
357,26,0,0,266,97,856801
358,25,0,0,266,97,859201
359,30,0,0,266,97,861601
360,28,0,0,266,97,864001
361,26,1,0,267,97,866401
362,27,0,0,267,97,868801
363,29,0,0,267,97,871201
364,30,0,0,267,97,873601
365,27,1,0,268,97,876001
366,28,0,0,268,97,878401
367,29,0,0,268,97,880801
368,29,0,0,268,97,883201
369,27,0,0,268,97,885601
370,27,0,0,268,97,888001
371,31,0,0,268,97,890401
372,28,0,0,268,97,892801
373,30,0,0,268,97,895201
374,27,0,0,268,97,897601
375,28,0,0,268,97,900001
376,31,0,0,268,97,902401
377,36,1,1,269,98,904801
378,32,0,0,269,98,907201
379,29,0,0,269,98,909601
380,26,2,1,271,99,912001
381,32,1,1,272,100,914401
382,32,1,0,273,100,916801
383,33,1,0,274,100,919201
384,33,1,0,275,100,921601
385,36,0,0,275,100,924001
386,38,1,1,276,101,926401
387,34,1,0,277,101,928801
388,33,1,1,278,102,931201
389,36,0,0,278,102,933601
390,37,0,0,278,102,936001
391,37,0,0,278,102,938401
392,32,0,0,278,102,940801
393,30,2,0,280,102,943201
394,29,0,0,280,102,945601
395,28,1,1,281,103,948001
396,31,0,0,281,103,950401
397,34,0,0,281,103,952801
398,32,0,0,281,103,955201
399,33,0,0,281,103,957601
400,35,0,0,281,103,960001
401,36,0,0,281,103,962401
402,33,1,0,282,103,964801
403,31,0,0,282,103,967201
404,28,1,1,283,104,969601
405,31,2,0,285,104,972001
406,30,0,0,285,104,974401
407,32,0,0,285,104,976801
408,29,1,0,286,104,979201
409,25,1,0,287,104,981601
410,27,0,0,287,104,984001
411,32,0,0,287,104,986401
412,31,0,0,287,104,988801
413,30,0,0,287,104,991201
414,35,0,0,287,104,993601
415,33,0,0,287,104,996001
416,29,1,0,288,104,998401
417,31,0,0,288,104,1000801
418,30,0,0,288,104,1003201
419,28,0,0,288,104,1005601
420,26,0,0,288,104,1008001
421,25,0,0,288,104,1010401
422,26,0,0,288,104,1012801
423,25,0,0,288,104,1015201
424,26,0,0,288,104,1017601
425,25,1,0,289,104,1020001
426,23,0,0,289,104,1022401
427,24,1,1,290,105,1024801
428,28,0,0,290,105,1027201
429,29,0,0,290,105,1029601
430,30,0,0,290,105,1032001
431,31,0,0,290,105,1034401
432,31,0,0,290,105,1036801
433,36,0,0,290,105,1039201
434,34,0,0,290,105,1041601
435,36,0,0,290,105,1044001
436,36,0,0,290,105,1046401
437,36,0,0,290,105,1048801
438,34,2,1,292,106,1051201
439,32,0,0,292,106,1053601
440,32,1,0,293,106,1056001
441,36,0,0,293,106,1058401
442,36,0,0,293,106,1060801
443,36,1,0,294,106,1063201
444,35,0,0,294,106,1065601
445,34,0,0,294,106,1068001
446,33,0,0,294,106,1070401
447,31,1,0,295,106,1072801
448,31,0,0,295,106,1075201
449,35,0,0,295,106,1077601
450,37,0,0,295,106,1080001
451,35,0,0,295,106,1082401
452,37,0,0,295,106,1084801
453,36,1,0,296,106,1087201
454,39,0,0,296,106,1089601
455,36,0,0,296,106,1092001
456,36,0,0,296,106,1094401
457,41,0,0,296,106,1096801
458,39,0,0,296,106,1099201
459,39,0,0,296,106,1101601
460,40,0,0,296,106,1104001
461,40,0,0,296,106,1106401
462,37,0,0,296,106,1108801
463,33,0,0,296,106,1111201
464,34,1,1,297,107,1113601
465,37,1,0,298,107,1116001
466,36,0,0,298,107,1118401
467,36,2,1,300,108,1120801
468,34,0,0,300,108,1123201
469,38,0,0,300,108,1125601
470,37,0,0,300,108,1128001
471,33,1,0,301,108,1130401
472,31,0,0,301,108,1132801
473,33,0,0,301,108,1135201
474,35,1,0,302,108,1137601
475,32,0,0,302,108,1140001
476,29,0,0,302,108,1142401
477,29,0,0,302,108,1144801
478,29,1,0,303,108,1147201
479,26,1,1,304,109,1149601
480,23,0,0,304,109,1152001
481,25,0,0,304,109,1154401
482,26,0,0,304,109,1156801
483,25,0,0,304,109,1159201
484,28,0,0,304,109,1161601
485,27,0,0,304,109,1164001
486,31,0,0,304,109,1166401
487,29,0,0,304,109,1168801
488,29,0,0,304,109,1171201
489,28,0,0,304,109,1173601
490,29,1,0,305,109,1176001
491,27,0,0,305,109,1178401
492,24,0,0,305,109,1180801
493,26,0,0,305,109,1183201
494,30,0,0,305,109,1185601
495,27,0,0,305,109,1188001
496,22,1,0,306,109,1190401
497,24,0,0,306,109,1192801
498,25,0,0,306,109,1195201
499,28,0,0,306,109,1197601
500,28,0,0,306,109,1200001
501,30,0,0,306,109,1202401
502,30,0,0,306,109,1204801
503,30,0,0,306,109,1207201
504,33,0,0,306,109,1209601
505,33,0,0,306,109,1212001
506,33,0,0,306,109,1214401
507,31,0,0,306,109,1216801
508,31,0,0,306,109,1219201
509,33,0,0,306,109,1221601
510,32,0,0,306,109,1224001
511,33,0,0,306,109,1226401
512,37,0,0,306,109,1228801
513,41,0,0,306,109,1231201
514,43,0,0,306,109,1233601
515,39,0,0,306,109,1236001
516,34,0,0,306,109,1238401
517,36,0,0,306,109,1240801
518,37,0,0,306,109,1243201
519,39,0,0,306,109,1245601
520,40,0,0,306,109,1248001
521,42,0,0,306,109,1250401
522,41,0,0,306,109,1252801
523,36,0,0,306,109,1255201
524,37,0,0,306,109,1257601
525,35,0,0,306,109,1260001
526,35,0,0,306,109,1262401
527,35,0,0,306,109,1264801
528,37,0,0,306,109,1267201
529,36,0,0,306,109,1269601
530,34,0,0,306,109,1272001
531,39,0,0,306,109,1274401
532,37,0,0,306,109,1276801
533,34,0,0,306,109,1279201
534,35,0,0,306,109,1281601
535,32,0,0,306,109,1284001
536,35,0,0,306,109,1286401
537,36,0,0,306,109,1288801
538,33,0,0,306,109,1291201
539,35,0,0,306,109,1293601
540,32,0,0,306,109,1296001
541,34,0,0,306,109,1298401
542,31,0,0,306,109,1300801
543,32,0,0,306,109,1303201
544,39,0,0,306,109,1305601
545,37,0,0,306,109,1308001
546,31,1,0,307,109,1310401
547,28,0,0,307,109,1312801
548,29,1,0,308,109,1315201
549,32,0,0,308,109,1317601
550,32,0,0,308,109,1320001
551,24,0,0,308,109,1322401
552,24,0,0,308,109,1324801
553,28,0,0,308,109,1327201
554,26,0,0,308,109,1329601
555,26,0,0,308,109,1332001
556,26,0,0,308,109,1334401
557,26,0,0,308,109,1336801
558,24,0,0,308,109,1339201
559,27,0,0,308,109,1341601
560,25,0,0,308,109,1344001
561,25,0,0,308,109,1346401
562,22,0,0,308,109,1348801
563,21,0,0,308,109,1351201
564,23,0,0,308,109,1353601
565,21,0,0,308,109,1356001
566,21,0,0,308,109,1358401
567,25,0,0,308,109,1360801
568,23,0,0,308,109,1363201
569,22,0,0,308,109,1365601
570,22,0,0,308,109,1368001
571,19,0,0,308,109,1370401
572,21,0,0,308,109,1372801
573,22,0,0,308,109,1375201
574,22,0,0,308,109,1377601
575,23,0,0,308,109,1380001
576,20,0,0,308,109,1382401
577,20,1,0,309,109,1384801
578,20,0,0,309,109,1387201
579,23,0,0,309,109,1389601
580,23,0,0,309,109,1392001
581,21,0,0,309,109,1394401
582,22,0,0,309,109,1396801
583,21,0,0,309,109,1399201
584,26,0,0,309,109,1401601
585,26,0,0,309,109,1404001
586,26,0,0,309,109,1406401
587,27,0,0,309,109,1408801
588,28,0,0,309,109,1411201
589,28,0,0,309,109,1413601
590,28,0,0,309,109,1416001
591,28,0,0,309,109,1418401
592,29,0,0,309,109,1420801
593,30,0,0,309,109,1423201
594,32,0,0,309,109,1425601
595,31,1,0,310,109,1428001
596,34,0,0,310,109,1430401
597,35,0,0,310,109,1432801
598,37,0,0,310,109,1435201
599,33,0,0,310,109,1437601
600,31,0,0,310,109,1440001
601,34,0,0,310,109,1442401
602,37,0,0,310,109,1444801
603,38,0,0,310,109,1447201
604,35,0,0,310,109,1449601
605,34,0,0,310,109,1452001
606,36,0,0,310,109,1454401
607,37,1,0,311,109,1456801
608,34,0,0,311,109,1459201
609,33,0,0,311,109,1461601
610,32,0,0,311,109,1464001
611,34,0,0,311,109,1466401
612,38,0,0,311,109,1468801
613,37,0,0,311,109,1471201
614,31,0,0,311,109,1473601
615,30,1,0,312,109,1476001
616,27,0,0,312,109,1478401
617,28,0,0,312,109,1480801
618,28,1,0,313,109,1483201
619,27,0,0,313,109,1485601
620,28,0,0,313,109,1488001
621,26,0,0,313,109,1490401
622,31,0,0,313,109,1492801
623,31,0,0,313,109,1495201
624,30,0,0,313,109,1497601
625,34,0,0,313,109,1500001
626,35,0,0,313,109,1502401
627,36,0,0,313,109,1504801
628,32,0,0,313,109,1507201
629,31,1,0,314,109,1509601
630,32,0,0,314,109,1512001
631,33,0,0,314,109,1514401
632,31,0,0,314,109,1516801
633,31,0,0,314,109,1519201
634,29,0,0,314,109,1521601
635,31,0,0,314,109,1524001
636,32,0,0,314,109,1526401
637,33,0,0,314,109,1528801
638,36,0,0,314,109,1531201
639,38,0,0,314,109,1533601
640,42,0,0,314,109,1536001
641,41,0,0,314,109,1538401
642,40,1,0,315,109,1540801
643,40,0,0,315,109,1543201
644,42,0,0,315,109,1545601
645,41,1,0,316,109,1548001
646,42,0,0,316,109,1550401
647,41,0,0,316,109,1552801
648,39,0,0,316,109,1555201
649,38,0,0,316,109,1557601
650,38,1,0,317,109,1560001
651,35,0,0,317,109,1562401
652,35,0,0,317,109,1564801
653,32,0,0,317,109,1567201
654,30,0,0,317,109,1569601
655,32,0,0,317,109,1572001
656,29,0,0,317,109,1574401
657,29,0,0,317,109,1576801
658,29,0,0,317,109,1579201
659,28,0,0,317,109,1581601
660,26,0,0,317,109,1584001
661,25,0,0,317,109,1586401
662,27,0,0,317,109,1588801
663,28,0,0,317,109,1591201
664,28,0,0,317,109,1593601
665,34,0,0,317,109,1596001
666,33,0,0,317,109,1598401
667,32,0,0,317,109,1600801
668,29,1,0,318,109,1603201
669,32,0,0,318,109,1605601
670,35,0,0,318,109,1608001
671,34,0,0,318,109,1610401
672,28,0,0,318,109,1612801
673,32,0,0,318,109,1615201
674,31,1,0,319,109,1617601
675,34,0,0,319,109,1620001
676,30,0,0,319,109,1622401
677,30,0,0,319,109,1624801
678,29,0,0,319,109,1627201
679,31,0,0,319,109,1629601
680,31,0,0,319,109,1632001
681,30,0,0,319,109,1634401
682,27,0,0,319,109,1636801
683,27,0,0,319,109,1639201
684,28,0,0,319,109,1641601
685,32,0,0,319,109,1644001
686,30,0,0,319,109,1646401
687,32,0,0,319,109,1648801
688,36,0,0,319,109,1651201
689,37,0,0,319,109,1653601
690,38,0,0,319,109,1656001
691,36,0,0,319,109,1658401
692,36,0,0,319,109,1660801
693,40,0,0,319,109,1663201
694,41,0,0,319,109,1665601
695,41,1,0,320,109,1668001
696,43,0,0,320,109,1670401
697,43,0,0,320,109,1672801
698,40,0,0,320,109,1675201
699,40,0,0,320,109,1677601
700,38,0,0,320,109,1680001
701,36,0,0,320,109,1682401
702,36,0,0,320,109,1684801
703,31,1,0,321,109,1687201
704,37,0,0,321,109,1689601
705,33,1,0,322,109,1692001
706,29,0,0,322,109,1694401
707,29,0,0,322,109,1696801
708,33,0,0,322,109,1699201
709,32,0,0,322,109,1701601
710,34,1,0,323,109,1704001
711,34,1,0,324,109,1706401
712,34,0,0,324,109,1708801
713,33,0,0,324,109,1711201
714,30,0,0,324,109,1713601
715,35,0,0,324,109,1716001
716,36,0,0,324,109,1718401
717,34,0,0,324,109,1720801
718,36,0,0,324,109,1723201
719,36,1,0,325,109,1725601
720,39,0,0,325,109,1728001
721,39,0,0,325,109,1730401
722,37,1,0,326,109,1732801
723,37,0,0,326,109,1735201
724,39,0,0,326,109,1737601
725,43,0,0,326,109,1740001
726,40,0,0,326,109,1742401
727,40,0,0,326,109,1744801
728,36,0,0,326,109,1747201
729,40,0,0,326,109,1749601
730,35,2,0,328,109,1752001
731,37,0,0,328,109,1754401
732,32,0,0,328,109,1756801
733,30,0,0,328,109,1759201
734,27,0,0,328,109,1761601
735,29,0,0,328,109,1764001
736,31,0,0,328,109,1766401
737,31,0,0,328,109,1768801
738,33,0,0,328,109,1771201
739,33,2,1,330,110,1773601
740,32,1,0,331,110,1776001
741,29,0,0,331,110,1778401
742,30,0,0,331,110,1780801
743,29,0,0,331,110,1783201
744,28,0,0,331,110,1785601
745,29,0,0,331,110,1788001
746,28,0,0,331,110,1790401
747,31,0,0,331,110,1792801
748,34,0,0,331,110,1795201
749,34,1,0,332,110,1797601
750,30,0,0,332,110,1800001
751,31,0,0,332,110,1802401
752,30,0,0,332,110,1804801
753,29,0,0,332,110,1807201
754,29,0,0,332,110,1809601
755,30,0,0,332,110,1812001
756,29,0,0,332,110,1814401
757,28,0,0,332,110,1816801
758,26,0,0,332,110,1819201
759,25,0,0,332,110,1821601
760,28,0,0,332,110,1824001
761,26,0,0,332,110,1826401
762,23,0,0,332,110,1828801
763,27,0,0,332,110,1831201
764,27,0,0,332,110,1833601
765,29,0,0,332,110,1836001
766,27,0,0,332,110,1838401
767,25,1,0,333,110,1840801
768,25,0,0,333,110,1843201
769,25,0,0,333,110,1845601
770,26,0,0,333,110,1848001
771,25,1,0,334,110,1850401
772,26,0,0,334,110,1852801
773,25,0,0,334,110,1855201
774,26,0,0,334,110,1857601
775,25,0,0,334,110,1860001
776,25,0,0,334,110,1862401
777,23,0,0,334,110,1864801
778,27,0,0,334,110,1867201
779,24,0,0,334,110,1869601
780,26,0,0,334,110,1872001
781,24,1,0,335,110,1874401
782,28,0,0,335,110,1876801
783,27,0,0,335,110,1879201
784,25,0,0,335,110,1881601
785,26,0,0,335,110,1884001
786,22,1,0,336,110,1886401
787,22,0,0,336,110,1888801
788,22,1,0,337,110,1891201
789,24,0,0,337,110,1893601
790,25,0,0,337,110,1896001
791,21,0,0,337,110,1898401
792,22,0,0,337,110,1900801
793,22,0,0,337,110,1903201
794,25,0,0,337,110,1905601
795,24,0,0,337,110,1908001
796,25,0,0,337,110,1910401
797,25,1,0,338,110,1912801
798,22,1,0,339,110,1915201
799,27,0,0,339,110,1917601
800,28,0,0,339,110,1920001
801,23,0,0,339,110,1922401
802,24,0,0,339,110,1924801
803,23,0,0,339,110,1927201
804,27,0,0,339,110,1929601
805,25,1,0,340,110,1932001
806,26,0,0,340,110,1934401
807,25,0,0,340,110,1936801
808,27,0,0,340,110,1939201
809,28,0,0,340,110,1941601
810,26,0,0,340,110,1944001
811,26,0,0,340,110,1946401
812,28,0,0,340,110,1948801
813,27,1,0,341,110,1951201
814,24,0,0,341,110,1953601
815,25,0,0,341,110,1956001
816,26,0,0,341,110,1958401
817,27,0,0,341,110,1960801
818,23,0,0,341,110,1963201
819,23,0,0,341,110,1965601
820,23,0,0,341,110,1968001
821,27,0,0,341,110,1970401
822,25,0,0,341,110,1972801
823,21,1,0,342,110,1975201
824,23,0,0,342,110,1977601
825,25,0,0,342,110,1980001
826,26,0,0,342,110,1982401
827,23,0,0,342,110,1984801
828,22,0,0,342,110,1987201
829,24,0,0,342,110,1989601
830,23,0,0,342,110,1992001
831,24,0,0,342,110,1994401
832,20,0,0,342,110,1996801
833,20,0,0,342,110,1999201
834,24,0,0,342,110,2001601
835,25,0,0,342,110,2004001
836,26,0,0,342,110,2006401
837,24,0,0,342,110,2008801
838,27,0,0,342,110,2011201
839,30,0,0,342,110,2013601
840,30,0,0,342,110,2016001
841,25,0,0,342,110,2018401
842,27,0,0,342,110,2020801
843,30,0,0,342,110,2023201
844,24,0,0,342,110,2025601
845,20,2,0,344,110,2028001
846,22,0,0,344,110,2030401
847,22,0,0,344,110,2032801
848,20,0,0,344,110,2035201
849,19,0,0,344,110,2037601
850,19,0,0,344,110,2040001
851,18,0,0,344,110,2042401
852,18,0,0,344,110,2044801
853,17,0,0,344,110,2047201
854,19,0,0,344,110,2049601
855,20,0,0,344,110,2052001
856,21,0,0,344,110,2054401
857,20,0,0,344,110,2056801
858,20,0,0,344,110,2059201
859,22,0,0,344,110,2061601
860,22,0,0,344,110,2064001
861,21,0,0,344,110,2066401
862,20,0,0,344,110,2068801
863,22,0,0,344,110,2071201
864,24,0,0,344,110,2073601
865,27,0,0,344,110,2076001
866,26,0,0,344,110,2078401
867,26,0,0,344,110,2080801
868,24,0,0,344,110,2083201
869,28,0,0,344,110,2085601
870,30,0,0,344,110,2088001
871,31,0,0,344,110,2090401
872,31,0,0,344,110,2092801
873,33,0,0,344,110,2095201
874,32,0,0,344,110,2097601
875,32,0,0,344,110,2100001
876,33,1,0,345,110,2102401
877,32,0,0,345,110,2104801
878,35,1,0,346,110,2107201
879,36,1,0,347,110,2109601
880,35,0,0,347,110,2112001
881,35,0,0,347,110,2114401
882,38,0,0,347,110,2116801
883,38,0,0,347,110,2119201
884,38,2,0,349,110,2121601
885,35,0,0,349,110,2124001
886,37,0,0,349,110,2126401
887,35,3,0,352,110,2128801
888,35,0,0,352,110,2131201
889,35,0,0,352,110,2133601
890,33,0,0,352,110,2136001
891,37,0,0,352,110,2138401
892,37,0,0,352,110,2140801
893,35,0,0,352,110,2143201
894,26,0,0,352,110,2145601
895,25,0,0,352,110,2148001
896,29,0,0,352,110,2150401
897,28,0,0,352,110,2152801
898,29,0,0,352,110,2155201
899,26,0,0,352,110,2157601
900,25,0,0,352,110,2160001
901,31,0,0,352,110,2162401
902,26,0,0,352,110,2164801
903,22,0,0,352,110,2167201
904,20,0,0,352,110,2169601
905,19,0,0,352,110,2172001
906,21,0,0,352,110,2174401
907,20,1,0,353,110,2176801
908,18,1,0,354,110,2179201
909,15,1,0,355,110,2181601
910,18,0,0,355,110,2184001
911,18,0,0,355,110,2186401
912,16,0,0,355,110,2188801
913,17,0,0,355,110,2191201
914,20,0,0,355,110,2193601
915,19,0,0,355,110,2196001
916,21,0,0,355,110,2198401
917,20,0,0,355,110,2200801
918,22,0,0,355,110,2203201
919,21,0,0,355,110,2205601
920,20,0,0,355,110,2208001
921,22,0,0,355,110,2210401
922,20,0,0,355,110,2212801
923,17,1,1,356,111,2215201
924,17,0,0,356,111,2217601
925,18,0,0,356,111,2220001
926,17,0,0,356,111,2222401
927,18,0,0,356,111,2224801
928,20,1,0,357,111,2227201
929,20,0,0,357,111,2229601
930,19,0,0,357,111,2232001
931,16,0,0,357,111,2234401
932,18,0,0,357,111,2236801
933,20,0,0,357,111,2239201
934,20,0,0,357,111,2241601
935,20,0,0,357,111,2244001
936,22,0,0,357,111,2246401
937,27,0,0,357,111,2248801
938,27,1,1,358,112,2251201
939,25,0,0,358,112,2253601
940,25,0,0,358,112,2256001
941,28,0,0,358,112,2258401
942,29,0,0,358,112,2260801
943,29,0,0,358,112,2263201
944,28,0,0,358,112,2265601
945,29,0,0,358,112,2268001
946,28,0,0,358,112,2270401
947,29,1,0,359,112,2272801
948,29,0,0,359,112,2275201
949,28,1,1,360,113,2277601
950,28,1,0,361,113,2280001
951,29,0,0,361,113,2282401
952,30,0,0,361,113,2284801
953,28,0,0,361,113,2287201
954,27,0,0,361,113,2289601
955,23,0,0,361,113,2292001
956,25,1,0,362,113,2294401
957,28,0,0,362,113,2296801
958,28,0,0,362,113,2299201
959,24,1,0,363,113,2301601
960,25,0,0,363,113,2304001
961,27,0,0,363,113,2306401
962,29,0,0,363,113,2308801
963,28,0,0,363,113,2311201
964,30,1,1,364,114,2313601
965,29,2,0,366,114,2316001
966,29,0,0,366,114,2318401
967,30,0,0,366,114,2320801
968,26,0,0,366,114,2323201
969,25,0,0,366,114,2325601
970,27,0,0,366,114,2328001
971,29,1,0,367,114,2330401
972,27,0,0,367,114,2332801
973,26,0,0,367,114,2335201
974,27,0,0,367,114,2337601
975,26,1,0,368,114,2340001
976,29,0,0,368,114,2342401
977,28,0,0,368,114,2344801
978,27,0,0,368,114,2347201
979,25,1,0,369,114,2349601
980,28,1,1,370,115,2352001
981,32,0,0,370,115,2354401
982,28,0,0,370,115,2356801
983,28,0,0,370,115,2359201
984,23,1,0,371,115,2361601
985,25,0,0,371,115,2364001
986,29,0,0,371,115,2366401
987,27,0,0,371,115,2368801
988,23,0,0,371,115,2371201
989,25,0,0,371,115,2373601
990,28,0,0,371,115,2376001
991,30,0,0,371,115,2378401
992,27,0,0,371,115,2380801
993,27,0,0,371,115,2383201
994,29,0,0,371,115,2385601
995,25,0,0,371,115,2388001
996,26,0,0,371,115,2390401
997,25,0,0,371,115,2392801
998,27,1,0,372,115,2395201
999,28,0,0,372,115,2397601
1000,26,0,0,372,115,2400001
1001,25,1,0,373,115,2402401
1002,26,1,1,374,116,2404801
1003,25,0,0,374,116,2407201
1004,25,0,0,374,116,2409601
1005,24,1,0,375,116,2412001
1006,21,0,0,375,116,2414401
1007,24,0,0,375,116,2416801
1008,22,0,0,375,116,2419201
1009,22,0,0,375,116,2421601
1010,24,0,0,375,116,2424001
1011,24,0,0,375,116,2426401
1012,25,0,0,375,116,2428801
1013,24,0,0,375,116,2431201
1014,20,1,0,376,116,2433601
1015,23,0,0,376,116,2436001
1016,25,0,0,376,116,2438401
1017,27,0,0,376,116,2440801
1018,26,0,0,376,116,2443201
1019,26,0,0,376,116,2445601
1020,23,1,0,377,116,2448001
1021,23,0,0,377,116,2450401
1022,25,0,0,377,116,2452801
1023,28,0,0,377,116,2455201
1024,26,0,0,377,116,2457601
1025,28,0,0,377,116,2460001
1026,25,0,0,377,116,2462401
1027,29,0,0,377,116,2464801
1028,27,1,0,378,116,2467201
1029,27,0,0,378,116,2469601
1030,26,0,0,378,116,2472001
1031,26,2,1,380,117,2474401
1032,32,0,0,380,117,2476801
1033,27,0,0,380,117,2479201
1034,26,0,0,380,117,2481601
1035,29,0,0,380,117,2484001
1036,33,0,0,380,117,2486401
1037,28,0,0,380,117,2488801
1038,29,0,0,380,117,2491201
1039,26,0,0,380,117,2493601
1040,27,0,0,380,117,2496001
1041,27,0,0,380,117,2498401
1042,25,0,0,380,117,2500801
1043,26,0,0,380,117,2503201
1044,27,0,0,380,117,2505601
1045,26,1,0,381,117,2508001
1046,28,0,0,381,117,2510401
1047,28,1,0,382,117,2512801
1048,29,1,1,383,118,2515201
1049,30,0,0,383,118,2517601
1050,30,0,0,383,118,2520001
1051,30,0,0,383,118,2522401
1052,36,0,0,383,118,2524801
1053,32,0,0,383,118,2527201
1054,37,0,0,383,118,2529601
1055,32,0,0,383,118,2532001
1056,32,0,0,383,118,2534401
1057,31,3,0,386,118,2536801
1058,33,0,0,386,118,2539201
1059,28,0,0,386,118,2541601
1060,29,0,0,386,118,2544001
1061,28,0,0,386,118,2546401
1062,32,0,0,386,118,2548801
1063,30,1,1,387,119,2551201
1064,29,1,0,388,119,2553601
1065,28,0,0,388,119,2556001
1066,30,0,0,388,119,2558401
1067,27,0,0,388,119,2560801
1068,23,1,0,389,119,2563201
1069,21,1,1,390,120,2565601
1070,20,0,0,390,120,2568001
1071,20,0,0,390,120,2570401
1072,22,0,0,390,120,2572801
1073,22,0,0,390,120,2575201
1074,22,0,0,390,120,2577601
1075,22,2,2,392,122,2580001
1076,25,0,0,392,122,2582401
1077,25,0,0,392,122,2584801
1078,25,0,0,392,122,2587201
1079,27,1,1,393,123,2589601
1080,25,1,0,394,123,2592001
1081,25,1,1,395,124,2594401
1082,28,0,0,395,124,2596801
1083,25,1,0,396,124,2599201
1084,24,0,0,396,124,2601601
1085,24,0,0,396,124,2604001
1086,23,0,0,396,124,2606401
1087,27,0,0,396,124,2608801
1088,25,1,1,397,125,2611201
1089,24,1,0,398,125,2613601
1090,27,0,0,398,125,2616001
1091,28,2,1,400,126,2618401
1092,28,0,0,400,126,2620801
1093,28,0,0,400,126,2623201
1094,29,1,0,401,126,2625601
1095,29,0,0,401,126,2628001
1096,30,0,0,401,126,2630401
1097,29,0,0,401,126,2632801
1098,31,0,0,401,126,2635201
1099,29,0,0,401,126,2637601
1100,29,0,0,401,126,2640001
1101,27,1,0,402,126,2642401
1102,29,0,0,402,126,2644801
1103,28,0,0,402,126,2647201
1104,30,0,0,402,126,2649601
1105,29,0,0,402,126,2652001
1106,29,0,0,402,126,2654401
1107,28,1,1,403,127,2656801
1108,28,1,0,404,127,2659201
1109,29,2,1,406,128,2661601
1110,28,0,0,406,128,2664001
1111,27,0,0,406,128,2666401
1112,29,1,1,407,129,2668801
1113,24,1,0,408,129,2671201
1114,27,0,0,408,129,2673601
1115,26,0,0,408,129,2676001
1116,28,0,0,408,129,2678401
1117,32,0,0,408,129,2680801
1118,31,0,0,408,129,2683201
1119,27,1,0,409,129,2685601
1120,25,2,0,411,129,2688001
1121,26,1,1,412,130,2690401
1122,22,1,0,413,130,2692801
1123,23,1,0,414,130,2695201
1124,23,2,0,416,130,2697601
1125,22,1,0,417,130,2700001
1126,20,2,0,419,130,2702401
1127,19,0,0,419,130,2704801
1128,21,0,0,419,130,2707201
1129,27,0,0,419,130,2709601
1130,26,0,0,419,130,2712001
1131,22,2,1,421,131,2714401
1132,25,0,0,421,131,2716801
1133,26,1,0,422,131,2719201
1134,31,0,0,422,131,2721601
1135,27,0,0,422,131,2724001
1136,27,0,0,422,131,2726401
1137,30,0,0,422,131,2728801
1138,31,0,0,422,131,2731201
1139,30,1,0,423,131,2733601
1140,28,0,0,423,131,2736001
1141,30,0,0,423,131,2738401
1142,29,0,0,423,131,2740801
1143,29,0,0,423,131,2743201
1144,33,0,0,423,131,2745601
1145,32,0,0,423,131,2748001
1146,32,0,0,423,131,2750401
1147,33,0,0,423,131,2752801
1148,34,0,0,423,131,2755201
1149,35,0,0,423,131,2757601
1150,34,1,1,424,132,2760001
1151,35,1,0,425,132,2762401
1152,40,1,0,426,132,2764801
1153,35,0,0,426,132,2767201
1154,35,0,0,426,132,2769601
1155,34,0,0,426,132,2772001
1156,35,0,0,426,132,2774401
1157,34,0,0,426,132,2776801
1158,34,1,0,427,132,2779201
1159,34,1,1,428,133,2781601
1160,35,2,0,430,133,2784001
1161,36,0,0,430,133,2786401
1162,35,1,1,431,134,2788801
1163,36,0,0,431,134,2791201
1164,35,1,0,432,134,2793601
1165,33,2,0,434,134,2796001
1166,31,1,1,435,135,2798401
1167,35,0,0,435,135,2800801
1168,32,1,1,436,136,2803201
1169,36,1,1,437,137,2805601
1170,35,0,0,437,137,2808001
1171,37,0,0,437,137,2810401
1172,34,0,0,437,137,2812801
1173,38,0,0,437,137,2815201
1174,35,0,0,437,137,2817601
1175,35,0,0,437,137,2820001
1176,36,0,0,437,137,2822401
1177,43,0,0,437,137,2824801
1178,41,0,0,437,137,2827201
1179,40,1,0,438,137,2829601
1180,41,2,0,440,137,2832001
1181,39,0,0,440,137,2834401
1182,37,0,0,440,137,2836801
1183,40,1,1,441,138,2839201
1184,39,0,0,441,138,2841601
1185,39,0,0,441,138,2844001
1186,36,0,0,441,138,2846401
1187,38,1,0,442,138,2848801
1188,40,1,0,443,138,2851201
1189,39,0,0,443,138,2853601
1190,36,0,0,443,138,2856001
1191,36,1,0,444,138,2858401
1192,34,1,0,445,138,2860801
1193,31,0,0,445,138,2863201
1194,35,0,0,445,138,2865601
1195,34,0,0,445,138,2868001
1196,35,0,0,445,138,2870401
1197,34,1,0,446,138,2872801
1198,36,0,0,446,138,2875201
1199,37,0,0,446,138,2877601
1200,37,0,0,446,138,2880001
1201,37,1,0,447,138,2882401
1202,38,0,0,447,138,2884801
1203,32,2,1,449,139,2887201
1204,30,0,0,449,139,2889601
1205,35,0,0,449,139,2892001
1206,34,1,1,450,140,2894401
1207,34,2,0,452,140,2896801
1208,36,0,0,452,140,2899201
1209,40,1,1,453,141,2901601
1210,40,1,0,454,141,2904001
1211,36,0,0,454,141,2906401
1212,37,1,1,455,142,2908801
1213,32,1,0,456,142,2911201
1214,31,1,1,457,143,2913601
1215,31,0,0,457,143,2916001
1216,31,0,0,457,143,2918401
1217,29,0,0,457,143,2920801
1218,28,1,0,458,143,2923201
1219,29,0,0,458,143,2925601
1220,27,0,0,458,143,2928001
1221,29,0,0,458,143,2930401
1222,30,1,0,459,143,2932801
1223,28,0,0,459,143,2935201
1224,29,0,0,459,143,2937601
1225,32,0,0,459,143,2940001
1226,33,0,0,459,143,2942401
1227,34,0,0,459,143,2944801
1228,36,0,0,459,143,2947201
1229,34,1,0,460,143,2949601
1230,34,0,0,460,143,2952001
1231,34,1,0,461,143,2954401
1232,31,0,0,461,143,2956801
1233,30,1,0,462,143,2959201
1234,30,0,0,462,143,2961601
1235,31,0,0,462,143,2964001
1236,31,1,0,463,143,2966401
1237,32,0,0,463,143,2968801
1238,31,1,0,464,143,2971201
1239,32,1,1,465,144,2973601
1240,33,0,0,465,144,2976001
1241,30,2,0,467,144,2978401
1242,27,0,0,467,144,2980801
1243,27,1,0,468,144,2983201
1244,29,1,0,469,144,2985601
1245,29,1,0,470,144,2988001
1246,30,0,0,470,144,2990401
1247,33,0,0,470,144,2992801
1248,34,1,0,471,144,2995201
1249,29,1,0,472,144,2997601
1250,34,1,1,473,145,3000001
1251,26,0,0,473,145,3002401
1252,26,0,0,473,145,3004801
1253,25,0,0,473,145,3007201
1254,25,1,0,474,145,3009601
1255,26,0,0,474,145,3012001
1256,27,1,0,475,145,3014401
1257,27,0,0,475,145,3016801
1258,24,1,0,476,145,3019201
1259,25,1,0,477,145,3021601
1260,24,1,0,478,145,3024001
1261,25,0,0,478,145,3026401
1262,25,0,0,478,145,3028801
1263,26,0,0,478,145,3031201
1264,25,1,0,479,145,3033601
1265,27,0,0,479,145,3036001
1266,30,0,0,479,145,3038401
1267,26,1,0,480,145,3040801
1268,28,0,0,480,145,3043201
1269,28,1,0,481,145,3045601
1270,27,0,0,481,145,3048001
1271,27,0,0,481,145,3050401
1272,28,0,0,481,145,3052801
1273,32,0,0,481,145,3055201
1274,33,0,0,481,145,3057601
1275,31,0,0,481,145,3060001
1276,34,1,1,482,146,3062401
1277,27,0,0,482,146,3064801
1278,30,0,0,482,146,3067201
1279,31,3,2,485,148,3069601
1280,30,0,0,485,148,3072001
1281,31,2,1,487,149,3074401
1282,33,0,0,487,149,3076801
1283,34,0,0,487,149,3079201
1284,34,2,0,489,149,3081601
1285,34,0,0,489,149,3084001
1286,36,0,0,489,149,3086401
1287,32,0,0,489,149,3088801
1288,32,0,0,489,149,3091201
1289,32,0,0,489,149,3093601
1290,30,0,0,489,149,3096001
1291,27,0,0,489,149,3098401
1292,30,0,0,489,149,3100801
1293,31,0,0,489,149,3103201
1294,33,0,0,489,149,3105601
1295,30,0,0,489,149,3108001
1296,33,0,0,489,149,3110401
1297,28,1,0,490,149,3112801
1298,30,1,1,491,150,3115201
1299,30,0,0,491,150,3117601
1300,31,1,0,492,150,3120001
1301,34,0,0,492,150,3122401
1302,32,0,0,492,150,3124801
1303,35,0,0,492,150,3127201
1304,33,0,0,492,150,3129601
1305,33,0,0,492,150,3132001
1306,34,1,0,493,150,3134401
1307,31,1,0,494,150,3136801
1308,30,1,0,495,150,3139201
1309,34,3,1,498,151,3141601
1310,31,0,0,498,151,3144001
1311,31,0,0,498,151,3146401
1312,37,0,0,498,151,3148801
1313,28,1,0,499,151,3151201
1314,32,1,0,500,151,3153601
1315,32,0,0,500,151,3156001
1316,33,0,0,500,151,3158401
1317,34,1,0,501,151,3160801
1318,36,0,0,501,151,3163201
1319,35,0,0,501,151,3165601
1320,35,0,0,501,151,3168001
1321,36,0,0,501,151,3170401
1322,37,0,0,501,151,3172801
1323,41,0,0,501,151,3175201
1324,39,1,1,502,152,3177601
1325,41,0,0,502,152,3180001
1326,39,1,1,503,153,3182401
1327,40,0,0,503,153,3184801
1328,43,0,0,503,153,3187201
1329,40,0,0,503,153,3189601
1330,38,0,0,503,153,3192001
1331,43,2,0,505,153,3194401
1332,43,0,0,505,153,3196801
1333,37,0,0,505,153,3199201
1334,40,0,0,505,153,3201601
1335,40,0,0,505,153,3204001
1336,47,0,0,505,153,3206401
1337,47,0,0,505,153,3208801
1338,44,1,1,506,154,3211201
1339,40,2,1,508,155,3213601
1340,39,2,0,510,155,3216001
1341,41,0,0,510,155,3218401
1342,41,3,2,513,157,3220801
1343,34,1,0,514,157,3223201
1344,35,0,0,514,157,3225601
1345,37,0,0,514,157,3228001
1346,35,2,0,516,157,3230401
1347,38,0,0,516,157,3232801
1348,40,1,0,517,157,3235201
1349,41,1,1,518,158,3237601
1350,44,2,1,520,159,3240001
1351,41,1,0,521,159,3242401
1352,42,0,0,521,159,3244801
1353,41,0,0,521,159,3247201
1354,44,1,0,522,159,3249601
1355,41,0,0,522,159,3252001
1356,38,0,0,522,159,3254401
1357,37,0,0,522,159,3256801
1358,44,1,1,523,160,3259201
1359,47,0,0,523,160,3261601
1360,40,1,0,524,160,3264001
1361,42,1,0,525,160,3266401
1362,45,0,0,525,160,3268801
1363,43,1,0,526,160,3271201
1364,36,0,0,526,160,3273601
1365,45,1,1,527,161,3276001
1366,40,0,0,527,161,3278401
1367,42,0,0,527,161,3280801
1368,42,0,0,527,161,3283201
1369,46,0,0,527,161,3285601
1370,43,1,1,528,162,3288001
1371,40,1,0,529,162,3290401
1372,40,0,0,529,162,3292801
1373,38,0,0,529,162,3295201
1374,39,0,0,529,162,3297601
1375,37,0,0,529,162,3300001
1376,39,0,0,529,162,3302401
1377,37,1,0,530,162,3304801
1378,38,1,0,531,162,3307201
1379,37,0,0,531,162,3309601
1380,41,2,0,533,162,3312001
1381,41,0,0,533,162,3314401
1382,39,0,0,533,162,3316801
1383,35,1,1,534,163,3319201
1384,36,0,0,534,163,3321601
1385,37,0,0,534,163,3324001
1386,38,2,0,536,163,3326401
1387,36,0,0,536,163,3328801
1388,36,0,0,536,163,3331201
1389,35,1,0,537,163,3333601
1390,30,1,0,538,163,3336001
1391,28,1,0,539,163,3338401
1392,28,1,0,540,163,3340801
1393,27,0,0,540,163,3343201
1394,34,0,0,540,163,3345601
1395,35,2,0,542,163,3348001
1396,30,0,0,542,163,3350401
1397,34,0,0,542,163,3352801
1398,33,3,0,545,163,3355201
1399,36,0,0,545,163,3357601
1400,31,1,0,546,163,3360001
1401,34,0,0,546,163,3362401
1402,36,0,0,546,163,3364801
1403,39,0,0,546,163,3367201
1404,31,0,0,546,163,3369601
1405,34,0,0,546,163,3372001
1406,35,0,0,546,163,3374401
1407,36,0,0,546,163,3376801
1408,34,1,0,547,163,3379201
1409,33,1,0,548,163,3381601
1410,38,0,0,548,163,3384001
1411,37,0,0,548,163,3386401
1412,40,1,0,549,163,3388801
1413,44,1,0,550,163,3391201
1414,43,1,0,551,163,3393601
1415,44,0,0,551,163,3396001
1416,38,1,0,552,163,3398401
1417,34,0,0,552,163,3400801
1418,36,0,0,552,163,3403201
1419,35,1,0,553,163,3405601
1420,31,1,0,554,163,3408001
1421,28,1,0,555,163,3410401
1422,33,0,0,555,163,3412801
1423,28,0,0,555,163,3415201
1424,29,0,0,555,163,3417601
1425,30,0,0,555,163,3420001
1426,32,1,1,556,164,3422401
1427,36,1,0,557,164,3424801
1428,31,0,0,557,164,3427201
1429,29,1,0,558,164,3429601
1430,31,2,0,560,164,3432001
1431,33,0,0,560,164,3434401
1432,31,1,1,561,165,3436801
1433,30,0,0,561,165,3439201
1434,31,0,0,561,165,3441601
1435,30,0,0,561,165,3444001
1436,28,0,0,561,165,3446401
1437,33,0,0,561,165,3448801
1438,30,1,0,562,165,3451201
1439,29,0,0,562,165,3453601
1440,31,0,0,562,165,3456001
1441,30,0,0,562,165,3458401
1442,29,0,0,562,165,3460801
1443,32,1,1,563,166,3463201
1444,33,0,0,563,166,3465601
1445,37,0,0,563,166,3468001
1446,36,0,0,563,166,3470401
1447,36,2,0,565,166,3472801
1448,37,0,0,565,166,3475201
1449,39,0,0,565,166,3477601
1450,36,0,0,565,166,3480001
1451,43,0,0,565,166,3482401
1452,38,1,0,566,166,3484801
1453,36,0,0,566,166,3487201
1454,38,0,0,566,166,3489601
1455,40,0,0,566,166,3492001
1456,36,1,1,567,167,3494401
1457,42,1,1,568,168,3496801
1458,39,1,0,569,168,3499201
1459,41,0,0,569,168,3501601
1460,42,0,0,569,168,3504001
1461,41,0,0,569,168,3506401
1462,34,1,0,570,168,3508801
1463,39,2,0,572,168,3511201
1464,40,0,0,572,168,3513601
1465,40,0,0,572,168,3516001
1466,37,0,0,572,168,3518401
1467,35,0,0,572,168,3520801
1468,33,0,0,572,168,3523201
1469,34,0,0,572,168,3525601
1470,35,0,0,572,168,3528001
1471,34,0,0,572,168,3530401
1472,33,1,0,573,168,3532801
1473,31,0,0,573,168,3535201
1474,32,0,0,573,168,3537601
1475,29,1,0,574,168,3540001
1476,31,0,0,574,168,3542401
1477,35,0,0,574,168,3544801
1478,38,0,0,574,168,3547201
1479,32,0,0,574,168,3549601
1480,36,0,0,574,168,3552001
1481,38,0,0,574,168,3554401
1482,30,2,0,576,168,3556801
1483,30,0,0,576,168,3559201
1484,31,0,0,576,168,3561601
1485,30,0,0,576,168,3564001
1486,31,0,0,576,168,3566401
1487,34,0,0,576,168,3568801
1488,31,0,0,576,168,3571201
1489,32,0,0,576,168,3573601
1490,30,0,0,576,168,3576001
1491,30,0,0,576,168,3578401
1492,29,0,0,576,168,3580801
1493,24,0,0,576,168,3583201
1494,23,0,0,576,168,3585601
1495,24,0,0,576,168,3588001
1496,28,0,0,576,168,3590401
1497,24,1,0,577,168,3592801
1498,22,1,0,578,168,3595201
1499,19,0,0,578,168,3597601
1500,22,0,0,578,168,3600001
1501,18,2,0,580,168,3602401
1502,18,1,0,581,168,3604801
1503,20,1,0,582,168,3607201
1504,20,1,0,583,168,3609601
1505,19,0,0,583,168,3612001
1506,18,0,0,583,168,3614401
1507,19,0,0,583,168,3616801
1508,20,0,0,583,168,3619201
1509,23,0,0,583,168,3621601
1510,21,1,0,584,168,3624001
1511,22,1,0,585,168,3626401
1512,22,0,0,585,168,3628801
1513,25,0,0,585,168,3631201
1514,22,1,0,586,168,3633601
1515,23,0,0,586,168,3636001
1516,21,0,0,586,168,3638401
1517,23,0,0,586,168,3640801
1518,26,1,1,587,169,3643201
1519,26,0,0,587,169,3645601
1520,28,0,0,587,169,3648001
1521,29,0,0,587,169,3650401
1522,35,0,0,587,169,3652801
1523,36,1,0,588,169,3655201
1524,36,1,0,589,169,3657601
1525,40,0,0,589,169,3660001
1526,45,0,0,589,169,3662401
1527,52,0,0,589,169,3664801
1528,59,0,0,589,169,3667201
1529,58,0,0,589,169,3669601
1530,57,2,0,591,169,3672001
1531,55,0,0,591,169,3674401
1532,49,1,0,592,169,3676801
1533,53,1,0,593,169,3679201
1534,51,0,0,593,169,3681601
1535,45,2,1,595,170,3684001
1536,47,1,1,596,171,3686401
1537,45,1,0,597,171,3688801
1538,40,0,0,597,171,3691201
1539,40,2,0,599,171,3693601
1540,45,0,0,599,171,3696001
1541,39,1,1,600,172,3698401
1542,37,1,0,601,172,3700801
1543,38,2,1,603,173,3703201
1544,38,1,0,604,173,3705601
1545,36,0,0,604,173,3708001
1546,32,1,0,605,173,3710401
1547,32,0,0,605,173,3712801
1548,31,0,0,605,173,3715201
1549,30,1,0,606,173,3717601
1550,32,1,1,607,174,3720001
1551,36,0,0,607,174,3722401
1552,34,1,0,608,174,3724801
1553,36,0,0,608,174,3727201
1554,34,2,0,610,174,3729601
1555,34,0,0,610,174,3732001
1556,34,0,0,610,174,3734401
1557,34,0,0,610,174,3736801
1558,33,1,1,611,175,3739201
1559,33,0,0,611,175,3741601
1560,31,0,0,611,175,3744001
1561,31,0,0,611,175,3746401
1562,31,2,1,613,176,3748801
1563,27,2,1,615,177,3751201
1564,28,0,0,615,177,3753601
1565,23,2,1,617,178,3756001
1566,24,0,0,617,178,3758401
1567,19,1,0,618,178,3760801
1568,18,0,0,618,178,3763201
1569,18,0,0,618,178,3765601
1570,20,1,0,619,178,3768001
1571,22,2,0,621,178,3770401
1572,20,0,0,621,178,3772801
1573,20,1,0,622,178,3775201
1574,23,0,0,622,178,3777601
1575,22,1,1,623,179,3780001
1576,24,1,1,624,180,3782401
1577,23,1,0,625,180,3784801
1578,22,0,0,625,180,3787201
1579,24,0,0,625,180,3789601
1580,22,0,0,625,180,3792001
1581,17,1,0,626,180,3794401
1582,20,2,2,628,182,3796801
1583,17,2,1,630,183,3799201
1584,16,1,0,631,183,3801601
1585,19,0,0,631,183,3804001
1586,16,0,0,631,183,3806401
1587,18,0,0,631,183,3808801
1588,19,1,1,632,184,3811201
1589,20,0,0,632,184,3813601
1590,20,0,0,632,184,3816001
1591,19,0,0,632,184,3818401
1592,19,0,0,632,184,3820801
1593,21,0,0,632,184,3823201
1594,23,0,0,632,184,3825601
1595,23,0,0,632,184,3828001
1596,26,0,0,632,184,3830401
1597,29,0,0,632,184,3832801
1598,27,0,0,632,184,3835201
1599,28,1,0,633,184,3837601
1600,29,0,0,633,184,3840001
1601,29,0,0,633,184,3842401
1602,30,0,0,633,184,3844801
1603,34,0,0,633,184,3847201
1604,33,0,0,633,184,3849601
1605,37,0,0,633,184,3852001
1606,33,0,0,633,184,3854401
1607,40,0,0,633,184,3856801
1608,39,1,1,634,185,3859201
1609,39,0,0,634,185,3861601
1610,42,0,0,634,185,3864001
1611,45,0,0,634,185,3866401
1612,46,0,0,634,185,3868801
1613,47,1,0,635,185,3871201
1614,47,0,0,635,185,3873601
1615,50,0,0,635,185,3876001
1616,56,0,0,635,185,3878401
1617,50,2,0,637,185,3880801
1618,53,1,0,638,185,3883201
1619,56,1,1,639,186,3885601
1620,61,0,0,639,186,3888001
1621,56,1,0,640,186,3890401
1622,54,1,0,641,186,3892801
1623,57,1,0,642,186,3895201
1624,57,1,0,643,186,3897601
1625,53,3,0,646,186,3900001
1626,39,1,1,647,187,3902401
1627,40,0,0,647,187,3904801
1628,42,0,0,647,187,3907201
1629,40,0,0,647,187,3909601
1630,35,0,0,647,187,3912001
1631,31,1,0,648,187,3914401
1632,31,1,0,649,187,3916801
1633,26,3,1,652,188,3919201
1634,28,0,0,652,188,3921601
1635,30,0,0,652,188,3924001
1636,28,2,0,654,188,3926401
1637,32,1,0,655,188,3928801
1638,30,0,0,655,188,3931201
1639,31,0,0,655,188,3933601
1640,31,0,0,655,188,3936001
1641,26,1,0,656,188,3938401
1642,29,0,0,656,188,3940801
1643,28,0,0,656,188,3943201
1644,32,1,1,657,189,3945601
1645,32,0,0,657,189,3948001
1646,30,2,0,659,189,3950401
1647,31,0,0,659,189,3952801
1648,25,3,0,662,189,3955201
1649,24,0,0,662,189,3957601
1650,28,0,0,662,189,3960001
1651,24,0,0,662,189,3962401
1652,26,1,0,663,189,3964801
1653,26,3,0,666,189,3967201
1654,23,1,0,667,189,3969601
1655,24,1,0,668,189,3972001
1656,23,0,0,668,189,3974401
1657,22,0,0,668,189,3976801
1658,26,0,0,668,189,3979201
1659,25,0,0,668,189,3981601
1660,25,0,0,668,189,3984001
1661,29,0,0,668,189,3986401
1662,25,0,0,668,189,3988801
1663,29,0,0,668,189,3991201
1664,30,0,0,668,189,3993601
1665,32,1,0,669,189,3996001
1666,33,1,1,670,190,3998401
1667,34,0,0,670,190,4000801
1668,33,0,0,670,190,4003201
1669,36,0,0,670,190,4005601
1670,33,0,0,670,190,4008001
1671,36,1,0,671,190,4010401
1672,34,0,0,671,190,4012801
1673,36,0,0,671,190,4015201
1674,39,1,0,672,190,4017601
1675,38,0,0,672,190,4020001
1676,42,0,0,672,190,4022401
1677,35,0,0,672,190,4024801
1678,39,0,0,672,190,4027201
1679,35,0,0,672,190,4029601
1680,33,0,0,672,190,4032001
1681,32,0,0,672,190,4034401
1682,30,0,0,672,190,4036801
1683,30,0,0,672,190,4039201
1684,29,0,0,672,190,4041601
1685,29,3,1,675,191,4044001
1686,28,0,0,675,191,4046401
1687,29,0,0,675,191,4048801
1688,29,1,0,676,191,4051201
1689,32,0,0,676,191,4053601
1690,33,0,0,676,191,4056001
1691,31,3,1,679,192,4058401
1692,35,0,0,679,192,4060801
1693,28,0,0,679,192,4063201
1694,30,2,1,681,193,4065601
1695,29,0,0,681,193,4068001
1696,28,1,0,682,193,4070401
1697,26,1,0,683,193,4072801
1698,27,0,0,683,193,4075201
1699,24,1,0,684,193,4077601
1700,25,1,0,685,193,4080001
1701,24,1,1,686,194,4082401
1702,23,0,0,686,194,4084801
1703,23,0,0,686,194,4087201
1704,25,0,0,686,194,4089601
1705,25,0,0,686,194,4092001
1706,22,0,0,686,194,4094401
1707,24,3,1,689,195,4096801
1708,25,0,0,689,195,4099201
1709,27,0,0,689,195,4101601
1710,25,1,1,690,196,4104001
1711,26,0,0,690,196,4106401
1712,26,1,0,691,196,4108801
1713,29,0,0,691,196,4111201
1714,30,0,0,691,196,4113601
1715,30,0,0,691,196,4116001
1716,33,0,0,691,196,4118401
1717,39,0,0,691,196,4120801
1718,33,2,0,693,196,4123201
1719,31,1,1,694,197,4125601
1720,33,0,0,694,197,4128001
1721,36,1,0,695,197,4130401
1722,33,2,1,697,198,4132801
1723,36,0,0,697,198,4135201
1724,41,1,1,698,199,4137601
1725,40,0,0,698,199,4140001
1726,38,1,0,699,199,4142401
1727,43,0,0,699,199,4144801
1728,40,0,0,699,199,4147201
1729,37,0,0,699,199,4149601
1730,35,0,0,699,199,4152001
1731,41,0,0,699,199,4154401
1732,43,1,1,700,200,4156801
1733,39,0,0,700,200,4159201
1734,43,0,0,700,200,4161601
1735,41,0,0,700,200,4164001
1736,43,0,0,700,200,4166401
1737,46,0,0,700,200,4168801
1738,41,1,0,701,200,4171201
1739,43,0,0,701,200,4173601
1740,43,1,0,702,200,4176001
1741,45,1,0,703,200,4178401
1742,47,0,0,703,200,4180801
1743,45,1,0,704,200,4183201
1744,44,2,1,706,201,4185601
1745,46,1,0,707,201,4188001
1746,47,0,0,707,201,4190401
1747,47,0,0,707,201,4192801
1748,47,2,0,709,201,4195201
1749,46,0,0,709,201,4197601
1750,47,1,0,710,201,4200001
1751,46,0,0,710,201,4202401
1752,44,0,0,710,201,4204801
1753,48,0,0,710,201,4207201
1754,46,0,0,710,201,4209601
1755,48,0,0,710,201,4212001
1756,45,2,0,712,201,4214401
1757,50,0,0,712,201,4216801
1758,44,1,0,713,201,4219201
1759,44,0,0,713,201,4221601
1760,44,1,0,714,201,4224001
1761,44,0,0,714,201,4226401
1762,42,0,0,714,201,4228801
1763,44,0,0,714,201,4231201
1764,38,2,0,716,201,4233601
1765,40,0,0,716,201,4236001
1766,39,0,0,716,201,4238401
1767,39,1,0,717,201,4240801
1768,40,0,0,717,201,4243201
1769,44,1,0,718,201,4245601
1770,42,0,0,718,201,4248001
1771,41,0,0,718,201,4250401
1772,39,0,0,718,201,4252801
1773,43,0,0,718,201,4255201
1774,39,0,0,718,201,4257601
1775,35,1,0,719,201,4260001
1776,37,0,0,719,201,4262401
1777,33,1,0,720,201,4264801
1778,30,0,0,720,201,4267201
1779,31,0,0,720,201,4269601
1780,28,0,0,720,201,4272001
1781,28,0,0,720,201,4274401
1782,32,0,0,720,201,4276801
1783,27,1,0,721,201,4279201
1784,28,0,0,721,201,4281601
1785,27,0,0,721,201,4284001
1786,29,0,0,721,201,4286401
1787,28,1,0,722,201,4288801
1788,30,0,0,722,201,4291201
1789,28,1,0,723,201,4293601
1790,30,0,0,723,201,4296001
1791,32,0,0,723,201,4298401
1792,30,0,0,723,201,4300801
1793,28,0,0,723,201,4303201
1794,31,0,0,723,201,4305601
1795,30,1,0,724,201,4308001
1796,31,0,0,724,201,4310401
1797,29,0,0,724,201,4312801
1798,31,0,0,724,201,4315201
1799,29,2,0,726,201,4317601
1800,28,3,2,729,203,4320001
1801,27,1,0,730,203,4322401
1802,26,0,0,730,203,4324801
1803,23,4,0,734,203,4327201
1804,22,0,0,734,203,4329601
1805,24,1,0,735,203,4332001
1806,27,1,0,736,203,4334401
1807,26,0,0,736,203,4336801
1808,25,0,0,736,203,4339201
1809,26,0,0,736,203,4341601
1810,27,0,0,736,203,4344001
1811,27,1,0,737,203,4346401
1812,24,1,0,738,203,4348801
1813,23,2,1,740,204,4351201
1814,22,1,0,741,204,4353601
1815,25,0,0,741,204,4356001
1816,26,0,0,741,204,4358401
1817,27,0,0,741,204,4360801
1818,25,0,0,741,204,4363201
1819,23,1,1,742,205,4365601
1820,21,2,0,744,205,4368001
1821,25,0,0,744,205,4370401
1822,23,1,0,745,205,4372801
1823,24,0,0,745,205,4375201
1824,25,1,1,746,206,4377601
1825,25,0,0,746,206,4380001
1826,26,0,0,746,206,4382401
1827,28,0,0,746,206,4384801
1828,27,2,1,748,207,4387201
1829,30,0,0,748,207,4389601
1830,28,2,0,750,207,4392001
1831,28,1,0,751,207,4394401
1832,28,0,0,751,207,4396801
1833,29,1,0,752,207,4399201
1834,30,0,0,752,207,4401601
1835,30,2,1,754,208,4404001
1836,30,0,0,754,208,4406401
1837,31,0,0,754,208,4408801
1838,29,1,0,755,208,4411201
1839,28,0,0,755,208,4413601
1840,31,0,0,755,208,4416001
1841,32,0,0,755,208,4418401
1842,33,0,0,755,208,4420801
1843,33,0,0,755,208,4423201
1844,37,0,0,755,208,4425601
1845,33,1,0,756,208,4428001
1846,34,0,0,756,208,4430401
1847,34,0,0,756,208,4432801
1848,34,0,0,756,208,4435201
1849,39,0,0,756,208,4437601
1850,36,1,0,757,208,4440001
1851,36,1,0,758,208,4442401
1852,34,0,0,758,208,4444801
1853,34,2,1,760,209,4447201
1854,32,2,1,762,210,4449601
1855,31,1,0,763,210,4452001
1856,33,0,0,763,210,4454401
1857,35,1,0,764,210,4456801
1858,37,1,0,765,210,4459201
1859,37,1,1,766,211,4461601
1860,37,0,0,766,211,4464001
1861,40,0,0,766,211,4466401
1862,37,1,0,767,211,4468801
1863,39,0,0,767,211,4471201
1864,37,2,2,769,213,4473601
1865,41,0,0,769,213,4476001
1866,40,0,0,769,213,4478401
1867,44,1,1,770,214,4480801
1868,34,2,0,772,214,4483201
1869,33,1,0,773,214,4485601
1870,35,2,0,775,214,4488001
1871,34,0,0,775,214,4490401
1872,35,1,1,776,215,4492801
1873,32,1,0,777,215,4495201
1874,32,1,0,778,215,4497601
1875,34,0,0,778,215,4500001
1876,31,0,0,778,215,4502401
1877,34,0,0,778,215,4504801
1878,34,1,0,779,215,4507201
1879,32,0,0,779,215,4509601
1880,29,0,0,779,215,4512001
1881,30,0,0,779,215,4514401
1882,32,0,0,779,215,4516801
1883,31,0,0,779,215,4519201
1884,30,0,0,779,215,4521601
1885,28,0,0,779,215,4524001
1886,29,0,0,779,215,4526401
1887,29,0,0,779,215,4528801
1888,28,0,0,779,215,4531201
1889,31,0,0,779,215,4533601
1890,31,1,0,780,215,4536001
1891,31,0,0,780,215,4538401
1892,31,0,0,780,215,4540801
1893,28,1,0,781,215,4543201
1894,29,1,0,782,215,4545601
1895,27,1,0,783,215,4548001
1896,30,0,0,783,215,4550401
1897,26,1,0,784,215,4552801
1898,31,1,0,785,215,4555201
1899,29,0,0,785,215,4557601
1900,30,0,0,785,215,4560001
1901,31,0,0,785,215,4562401
1902,32,1,1,786,216,4564801
1903,32,0,0,786,216,4567201
1904,37,0,0,786,216,4569601
1905,37,1,1,787,217,4572001
1906,38,1,0,788,217,4574401
1907,38,0,0,788,217,4576801
1908,37,0,0,788,217,4579201
1909,35,1,0,789,217,4581601
1910,35,0,0,789,217,4584001
1911,36,0,0,789,217,4586401
1912,34,0,0,789,217,4588801
1913,32,1,0,790,217,4591201
1914,35,0,0,790,217,4593601
1915,34,0,0,790,217,4596001
1916,38,1,0,791,217,4598401
1917,31,1,0,792,217,4600801
1918,29,1,0,793,217,4603201
1919,30,1,0,794,217,4605601
1920,30,1,0,795,217,4608001
1921,31,0,0,795,217,4610401
1922,27,0,0,795,217,4612801
1923,27,1,1,796,218,4615201
1924,26,1,0,797,218,4617601
1925,27,0,0,797,218,4620001
1926,29,2,0,799,218,4622401
1927,29,0,0,799,218,4624801
1928,31,1,0,800,218,4627201
1929,27,0,0,800,218,4629601
1930,30,0,0,800,218,4632001
1931,28,1,0,801,218,4634401
1932,31,0,0,801,218,4636801
1933,29,0,0,801,218,4639201
1934,25,0,0,801,218,4641601
1935,27,1,1,802,219,4644001
1936,25,1,0,803,219,4646401
1937,26,0,0,803,219,4648801
1938,24,0,0,803,219,4651201
1939,26,0,0,803,219,4653601
1940,25,0,0,803,219,4656001
1941,24,0,0,803,219,4658401
1942,24,0,0,803,219,4660801
1943,24,0,0,803,219,4663201
1944,29,1,1,804,220,4665601
1945,28,0,0,804,220,4668001
1946,32,0,0,804,220,4670401
1947,32,0,0,804,220,4672801
1948,31,0,0,804,220,4675201
1949,38,0,0,804,220,4677601
1950,35,0,0,804,220,4680001
1951,32,0,0,804,220,4682401
1952,32,1,0,805,220,4684801
1953,35,1,0,806,220,4687201
1954,30,0,0,806,220,4689601
1955,29,2,0,808,220,4692001
1956,28,0,0,808,220,4694401
1957,26,1,0,809,220,4696801
1958,30,0,0,809,220,4699201
1959,28,1,1,810,221,4701601
1960,22,1,0,811,221,4704001
1961,24,1,1,812,222,4706401
1962,26,1,1,813,223,4708801
1963,23,1,0,814,223,4711201
1964,22,0,0,814,223,4713601
1965,24,1,0,815,223,4716001
1966,22,0,0,815,223,4718401
1967,23,0,0,815,223,4720801
1968,22,1,0,816,223,4723201
1969,25,2,2,818,225,4725601
1970,26,0,0,818,225,4728001
1971,22,0,0,818,225,4730401
1972,23,0,0,818,225,4732801
1973,23,0,0,818,225,4735201
1974,27,0,0,818,225,4737601
1975,26,0,0,818,225,4740001
1976,27,0,0,818,225,4742401
1977,27,0,0,818,225,4744801
1978,28,0,0,818,225,4747201
1979,27,2,1,820,226,4749601
1980,25,2,0,822,226,4752001
1981,28,0,0,822,226,4754401
1982,29,1,0,823,226,4756801
1983,32,0,0,823,226,4759201
1984,29,1,0,824,226,4761601
1985,26,1,0,825,226,4764001
1986,29,2,1,827,227,4766401
1987,26,0,0,827,227,4768801
1988,30,0,0,827,227,4771201
1989,29,0,0,827,227,4773601
1990,28,0,0,827,227,4776001
1991,32,0,0,827,227,4778401
1992,32,1,0,828,227,4780801
1993,32,0,0,828,227,4783201
1994,26,1,0,829,227,4785601
1995,25,2,1,831,228,4788001
1996,30,0,0,831,228,4790401
1997,29,1,0,832,228,4792801
1998,31,2,1,834,229,4795201
1999,32,0,0,834,229,4797601
2000,32,0,0,834,229,4800001
2001,31,2,1,836,230,4802401
2002,34,0,0,836,230,4804801
2003,37,2,1,838,231,4807201
2004,39,0,0,838,231,4809601
2005,38,0,0,838,231,4812001
2006,37,1,0,839,231,4814401
2007,37,1,0,840,231,4816801
2008,38,0,0,840,231,4819201
2009,39,1,0,841,231,4821601
2010,38,0,0,841,231,4824001
2011,38,2,0,843,231,4826401
2012,35,0,0,843,231,4828801
2013,41,0,0,843,231,4831201
2014,36,0,0,843,231,4833601
2015,41,1,0,844,231,4836001
2016,39,1,0,845,231,4838401
2017,35,0,0,845,231,4840801
2018,37,0,0,845,231,4843201
2019,35,1,1,846,232,4845601
2020,36,1,0,847,232,4848001
2021,33,0,0,847,232,4850401
2022,33,1,0,848,232,4852801
2023,35,1,0,849,232,4855201
2024,34,1,0,850,232,4857601
2025,35,1,0,851,232,4860001
2026,32,0,0,851,232,4862401
2027,32,0,0,851,232,4864801
2028,34,0,0,851,232,4867201
2029,36,0,0,851,232,4869601
2030,35,1,1,852,233,4872001
2031,36,0,0,852,233,4874401
2032,36,0,0,852,233,4876801
2033,35,0,0,852,233,4879201
2034,32,2,0,854,233,4881601
2035,28,1,0,855,233,4884001
2036,28,0,0,855,233,4886401
2037,27,2,1,857,234,4888801
2038,30,1,0,858,234,4891201
2039,27,1,1,859,235,4893601
2040,27,2,0,861,235,4896001
2041,29,2,0,863,235,4898401
2042,28,1,0,864,235,4900801
2043,30,0,0,864,235,4903201
2044,29,1,0,865,235,4905601
2045,28,1,0,866,235,4908001
2046,27,1,1,867,236,4910401
2047,25,0,0,867,236,4912801
2048,27,0,0,867,236,4915201
2049,25,1,1,868,237,4917601
2050,27,0,0,868,237,4920001
2051,25,0,0,868,237,4922401
2052,27,1,1,869,238,4924801
2053,27,2,0,871,238,4927201
2054,27,0,0,871,238,4929601
2055,31,0,0,871,238,4932001
2056,27,0,0,871,238,4934401
2057,34,0,0,871,238,4936801
2058,31,0,0,871,238,4939201
2059,32,0,0,871,238,4941601
2060,32,0,0,871,238,4944001
2061,27,1,0,872,238,4946401
2062,29,0,0,872,238,4948801
2063,29,1,0,873,238,4951201
2064,32,0,0,873,238,4953601
2065,31,0,0,873,238,4956001
2066,32,0,0,873,238,4958401
2067,30,1,1,874,239,4960801
2068,29,1,1,875,240,4963201
2069,27,0,0,875,240,4965601
2070,29,0,0,875,240,4968001
2071,30,1,0,876,240,4970401
2072,27,2,0,878,240,4972801
2073,29,0,0,878,240,4975201
2074,32,1,0,879,240,4977601
2075,32,0,0,879,240,4980001
2076,36,1,1,880,241,4982401
2077,33,0,0,880,241,4984801
2078,37,0,0,880,241,4987201
2079,41,0,0,880,241,4989601
2080,39,0,0,880,241,4992001
2081,40,0,0,880,241,4994401
2082,44,0,0,880,241,4996801
2083,37,1,0,881,241,4999201
2084,42,0,0,881,241,5001601
2085,36,0,0,881,241,5004001
2086,40,0,0,881,241,5006401
2087,37,1,1,882,242,5008801
2088,37,1,0,883,242,5011201
2089,35,0,0,883,242,5013601
2090,37,0,0,883,242,5016001
2091,35,0,0,883,242,5018401
2092,34,0,0,883,242,5020801
2093,37,0,0,883,242,5023201
2094,34,0,0,883,242,5025601
2095,34,1,0,884,242,5028001
2096,37,0,0,884,242,5030401
2097,36,0,0,884,242,5032801
2098,35,0,0,884,242,5035201
2099,34,1,0,885,242,5037601
2100,35,1,0,886,242,5040001
2101,36,1,0,887,242,5042401
2102,30,0,0,887,242,5044801
2103,32,0,0,887,242,5047201
2104,32,0,0,887,242,5049601
2105,35,0,0,887,242,5052001
2106,37,0,0,887,242,5054401
2107,32,0,0,887,242,5056801
2108,32,1,0,888,242,5059201
2109,29,1,0,889,242,5061601
2110,30,1,0,890,242,5064001
2111,30,0,0,890,242,5066401
2112,28,0,0,890,242,5068801
2113,26,0,0,890,242,5071201
2114,28,1,1,891,243,5073601
2115,33,0,0,891,243,5076001
2116,31,0,0,891,243,5078401
2117,33,3,0,894,243,5080801
2118,32,0,0,894,243,5083201
2119,33,1,0,895,243,5085601
2120,34,0,0,895,243,5088001
2121,32,0,0,895,243,5090401
2122,34,0,0,895,243,5092801
2123,36,1,0,896,243,5095201
2124,31,0,0,896,243,5097601
2125,33,0,0,896,243,5100001
2126,31,0,0,896,243,5102401
2127,31,1,0,897,243,5104801
2128,26,0,0,897,243,5107201
2129,26,2,0,899,243,5109601
2130,26,0,0,899,243,5112001
2131,32,0,0,899,243,5114401
2132,26,1,0,900,243,5116801
2133,28,1,0,901,243,5119201
2134,29,0,0,901,243,5121601
2135,31,0,0,901,243,5124001
2136,26,1,0,902,243,5126401
2137,29,0,0,902,243,5128801
2138,32,0,0,902,243,5131201
2139,31,0,0,902,243,5133601
2140,34,0,0,902,243,5136001
2141,35,0,0,902,243,5138401
2142,33,2,1,904,244,5140801
2143,31,0,0,904,244,5143201
2144,31,0,0,904,244,5145601
2145,33,0,0,904,244,5148001
2146,30,1,0,905,244,5150401
2147,32,0,0,905,244,5152801
2148,34,0,0,905,244,5155201
2149,40,0,0,905,244,5157601
2150,38,0,0,905,244,5160001
2151,40,1,0,906,244,5162401
2152,38,0,0,906,244,5164801
2153,37,0,0,906,244,5167201
2154,33,2,0,908,244,5169601
2155,33,0,0,908,244,5172001
2156,41,0,0,908,244,5174401
2157,39,0,0,908,244,5176801
2158,33,2,0,910,244,5179201
2159,32,1,0,911,244,5181601
2160,31,1,0,912,244,5184001
2161,33,0,0,912,244,5186401
2162,31,1,0,913,244,5188801
2163,36,1,0,914,244,5191201
2164,32,3,1,917,245,5193601
2165,30,1,0,918,245,5196001
2166,34,0,0,918,245,5198401
2167,32,0,0,918,245,5200801
2168,31,2,0,920,245,5203201
2169,30,0,0,920,245,5205601
2170,31,0,0,920,245,5208001
2171,32,0,0,920,245,5210401
2172,31,0,0,920,245,5212801
2173,29,0,0,920,245,5215201
2174,35,2,0,922,245,5217601
2175,33,1,0,923,245,5220001
2176,32,1,0,924,245,5222401
2177,28,0,0,924,245,5224801
2178,30,0,0,924,245,5227201
2179,27,1,0,925,245,5229601
2180,23,0,0,925,245,5232001
2181,23,0,0,925,245,5234401
2182,27,1,0,926,245,5236801
2183,24,3,0,929,245,5239201
2184,25,0,0,929,245,5241601
2185,25,0,0,929,245,5244001
2186,22,0,0,929,245,5246401
2187,24,0,0,929,245,5248801
2188,24,0,0,929,245,5251201
2189,25,0,0,929,245,5253601
2190,24,1,1,930,246,5256001
2191,25,2,1,932,247,5258401
2192,27,0,0,932,247,5260801
2193,27,1,0,933,247,5263201
2194,26,0,0,933,247,5265601
2195,27,0,0,933,247,5268001
2196,29,0,0,933,247,5270401
2197,28,0,0,933,247,5272801
2198,27,1,0,934,247,5275201
2199,31,1,0,935,247,5277601
2200,32,0,0,935,247,5280001
2201,28,0,0,935,247,5282401
2202,25,0,0,935,247,5284801
2203,28,1,0,936,247,5287201
2204,27,0,0,936,247,5289601
2205,26,0,0,936,247,5292001
2206,29,0,0,936,247,5294401
2207,30,1,0,937,247,5296801
2208,27,2,0,939,247,5299201
2209,28,0,0,939,247,5301601
2210,28,0,0,939,247,5304001
2211,28,0,0,939,247,5306401
2212,29,0,0,939,247,5308801
2213,27,0,0,939,247,5311201
2214,30,0,0,939,247,5313601
2215,30,1,1,940,248,5316001
2216,31,1,0,941,248,5318401
2217,30,0,0,941,248,5320801
2218,31,0,0,941,248,5323201
2219,33,0,0,941,248,5325601
2220,33,0,0,941,248,5328001
2221,35,0,0,941,248,5330401
2222,34,0,0,941,248,5332801
2223,31,0,0,941,248,5335201
2224,35,0,0,941,248,5337601
2225,34,2,0,943,248,5340001
2226,31,0,0,943,248,5342401
2227,32,1,0,944,248,5344801
2228,32,0,0,944,248,5347201
2229,28,1,1,945,249,5349601
2230,31,0,0,945,249,5352001
2231,27,0,0,945,249,5354401
2232,30,0,0,945,249,5356801
2233,28,1,0,946,249,5359201
2234,30,0,0,946,249,5361601
2235,27,0,0,946,249,5364001
2236,33,0,0,946,249,5366401
2237,31,0,0,946,249,5368801
2238,29,1,0,947,249,5371201
2239,33,0,0,947,249,5373601
2240,30,0,0,947,249,5376001
2241,32,0,0,947,249,5378401
2242,27,0,0,947,249,5380801
2243,31,1,1,948,250,5383201
2244,25,2,0,950,250,5385601
2245,26,1,0,951,250,5388001
2246,28,1,0,952,250,5390401
2247,25,0,0,952,250,5392801
2248,29,2,0,954,250,5395201
2249,28,0,0,954,250,5397601
2250,30,0,0,954,250,5400001
2251,28,1,1,955,251,5402401
2252,26,1,0,956,251,5404801
2253,24,1,0,957,251,5407201
2254,23,0,0,957,251,5409601
2255,27,0,0,957,251,5412001
2256,28,0,0,957,251,5414401
2257,29,0,0,957,251,5416801
2258,31,1,0,958,251,5419201
2259,34,2,0,960,251,5421601
2260,36,1,0,961,251,5424001
2261,37,0,0,961,251,5426401
2262,39,0,0,961,251,5428801
2263,39,0,0,961,251,5431201
2264,40,0,0,961,251,5433601
2265,42,1,0,962,251,5436001
2266,43,1,0,963,251,5438401
2267,44,1,0,964,251,5440801
2268,43,1,0,965,251,5443201
2269,40,1,0,966,251,5445601
2270,41,0,0,966,251,5448001
2271,42,1,1,967,252,5450401
2272,39,2,0,969,252,5452801
2273,38,0,0,969,252,5455201
2274,40,1,0,970,252,5457601
2275,40,1,1,971,253,5460001
2276,40,2,1,973,254,5462401
2277,39,1,1,974,255,5464801
2278,38,1,0,975,255,5467201
2279,34,1,0,976,255,5469601
2280,37,0,0,976,255,5472001
2281,35,2,0,978,255,5474401
2282,33,0,0,978,255,5476801
2283,38,1,0,979,255,5479201
2284,28,0,0,979,255,5481601
2285,33,0,0,979,255,5484001
2286,28,1,0,980,255,5486401
2287,31,1,0,981,255,5488801
2288,30,1,0,982,255,5491201
2289,32,1,0,983,255,5493601
2290,35,0,0,983,255,5496001
2291,34,0,0,983,255,5498401
2292,38,0,0,983,255,5500801
2293,31,2,0,985,255,5503201
2294,36,0,0,985,255,5505601
2295,30,1,0,986,255,5508001
2296,25,0,0,986,255,5510401
2297,28,2,0,988,255,5512801
2298,29,0,0,988,255,5515201
2299,31,0,0,988,255,5517601
2300,28,0,0,988,255,5520001
2301,29,0,0,988,255,5522401
2302,27,1,0,989,255,5524801
2303,32,1,0,990,255,5527201
2304,30,1,0,991,255,5529601
2305,30,0,0,991,255,5532001
2306,30,0,0,991,255,5534401
2307,32,1,0,992,255,5536801
2308,33,0,0,992,255,5539201
2309,31,0,0,992,255,5541601
2310,34,0,0,992,255,5544001
2311,32,0,0,992,255,5546401
2312,28,0,0,992,255,5548801
2313,28,3,0,995,255,5551201
2314,29,0,0,995,255,5553601
2315,31,1,0,996,255,5556001
2316,31,1,1,997,256,5558401
2317,31,0,0,997,256,5560801
2318,31,1,0,998,256,5563201
2319,31,1,0,999,256,5565601
2320,33,0,0,999,256,5568001
2321,34,0,0,999,256,5570401
2322,34,0,0,999,256,5572801
2323,31,0,0,999,256,5575201
2324,30,0,0,999,256,5577601
2325,30,0,0,999,256,5580001
2326,29,1,0,1000,256,5582401
2327,32,0,0,1000,256,5584801
2328,28,0,0,1000,256,5587201
2329,27,0,0,1000,256,5589601
2330,28,0,0,1000,256,5592001
2331,29,0,0,1000,256,5594401
2332,31,0,0,1000,256,5596801
2333,31,1,1,1001,257,5599201
2334,33,1,1,1002,258,5601601
2335,32,1,0,1003,258,5604001
2336,36,0,0,1003,258,5606401
2337,29,1,1,1004,259,5608801
2338,30,0,0,1004,259,5611201
2339,26,0,0,1004,259,5613601
2340,26,0,0,1004,259,5616001
2341,25,1,0,1005,259,5618401
2342,30,1,1,1006,260,5620801
2343,28,0,0,1006,260,5623201
2344,30,0,0,1006,260,5625601
2345,31,0,0,1006,260,5628001
2346,28,1,0,1007,260,5630401
2347,30,0,0,1007,260,5632801
2348,31,0,0,1007,260,5635201
2349,33,0,0,1007,260,5637601
2350,32,0,0,1007,260,5640001
2351,33,0,0,1007,260,5642401
2352,37,0,0,1007,260,5644801
2353,38,1,0,1008,260,5647201
2354,38,0,0,1008,260,5649601
2355,37,0,0,1008,260,5652001
2356,39,0,0,1008,260,5654401
2357,40,0,0,1008,260,5656801
2358,39,1,0,1009,260,5659201
2359,39,1,0,1010,260,5661601
2360,37,1,0,1011,260,5664001
2361,39,0,0,1011,260,5666401
2362,32,1,0,1012,260,5668801
2363,32,0,0,1012,260,5671201
2364,32,1,1,1013,261,5673601
2365,36,0,0,1013,261,5676001
2366,33,1,0,1014,261,5678401
2367,28,0,0,1014,261,5680801
2368,30,0,0,1014,261,5683201
2369,33,0,0,1014,261,5685601
2370,31,3,0,1017,261,5688001
2371,33,2,0,1019,261,5690401
2372,32,0,0,1019,261,5692801
2373,34,0,0,1019,261,5695201
2374,36,0,0,1019,261,5697601
2375,32,1,0,1020,261,5700001
2376,32,1,0,1021,261,5702401
2377,33,0,0,1021,261,5704801
2378,36,0,0,1021,261,5707201
2379,35,0,0,1021,261,5709601
2380,36,0,0,1021,261,5712001
2381,38,1,0,1022,261,5714401
2382,35,1,0,1023,261,5716801
2383,33,1,0,1024,261,5719201
2384,33,0,0,1024,261,5721601
2385,38,0,0,1024,261,5724001
2386,36,0,0,1024,261,5726401
2387,37,0,0,1024,261,5728801
2388,39,0,0,1024,261,5731201
2389,41,0,0,1024,261,5733601
2390,42,0,0,1024,261,5736001
2391,41,2,0,1026,261,5738401
2392,39,0,0,1026,261,5740801
2393,40,2,0,1028,261,5743201
2394,40,0,0,1028,261,5745601
2395,35,1,0,1029,261,5748001
2396,35,1,0,1030,261,5750401
2397,35,0,0,1030,261,5752801
2398,33,1,0,1031,261,5755201
2399,32,0,0,1031,261,5757601
2400,31,0,0,1031,261,5760001
2401,34,3,1,1034,262,5762401
2402,34,1,0,1035,262,5764801
2403,38,1,0,1036,262,5767201
2404,35,2,0,1038,262,5769601
2405,40,1,0,1039,262,5772001
2406,46,1,1,1040,263,5774401
2407,41,2,0,1042,263,5776801
2408,40,1,0,1043,263,5779201
2409,44,1,0,1044,263,5781601
2410,41,1,0,1045,263,5784001
2411,43,1,0,1046,263,5786401
2412,38,2,1,1048,264,5788801
2413,36,1,0,1049,264,5791201
2414,35,1,0,1050,264,5793601
2415,36,1,0,1051,264,5796001
2416,32,0,0,1051,264,5798401
2417,34,0,0,1051,264,5800801
2418,32,1,1,1052,265,5803201
2419,36,0,0,1052,265,5805601
2420,34,0,0,1052,265,5808001
2421,31,1,0,1053,265,5810401
2422,38,1,0,1054,265,5812801
2423,33,0,0,1054,265,5815201
2424,32,1,0,1055,265,5817601
2425,32,1,0,1056,265,5820001
2426,36,0,0,1056,265,5822401
2427,35,0,0,1056,265,5824801
2428,34,0,0,1056,265,5827201
2429,31,0,0,1056,265,5829601
2430,40,1,0,1057,265,5832001
2431,33,0,0,1057,265,5834401
2432,31,0,0,1057,265,5836801
2433,34,0,0,1057,265,5839201
2434,36,0,0,1057,265,5841601
2435,36,1,0,1058,265,5844001
2436,40,0,0,1058,265,5846401
2437,31,1,0,1059,265,5848801
2438,32,4,0,1063,265,5851201
2439,30,1,0,1064,265,5853601
2440,28,1,0,1065,265,5856001
2441,30,0,0,1065,265,5858401
2442,36,0,0,1065,265,5860801
2443,30,0,0,1065,265,5863201
2444,31,0,0,1065,265,5865601
2445,29,1,0,1066,265,5868001
2446,27,1,0,1067,265,5870401
2447,28,1,1,1068,266,5872801
2448,31,1,1,1069,267,5875201
2449,34,2,0,1071,267,5877601
2450,32,1,0,1072,267,5880001
2451,35,0,0,1072,267,5882401
2452,35,0,0,1072,267,5884801
2453,35,0,0,1072,267,5887201
2454,33,0,0,1072,267,5889601
2455,29,2,0,1074,267,5892001
2456,30,0,0,1074,267,5894401
2457,28,1,1,1075,268,5896801
2458,30,0,0,1075,268,5899201
2459,32,0,0,1075,268,5901601
2460,34,0,0,1075,268,5904001
2461,36,0,0,1075,268,5906401
2462,36,1,0,1076,268,5908801
2463,33,2,0,1078,268,5911201
2464,34,0,0,1078,268,5913601
2465,34,0,0,1078,268,5916001
2466,33,1,0,1079,268,5918401
2467,30,1,0,1080,268,5920801
2468,30,0,0,1080,268,5923201
2469,37,0,0,1080,268,5925601
2470,33,0,0,1080,268,5928001
2471,31,1,0,1081,268,5930401
2472,28,1,0,1082,268,5932801
2473,29,0,0,1082,268,5935201
2474,34,0,0,1082,268,5937601
2475,30,2,0,1084,268,5940001
2476,34,0,0,1084,268,5942401
2477,32,0,0,1084,268,5944801
2478,37,1,0,1085,268,5947201
2479,34,3,0,1088,268,5949601
2480,35,0,0,1088,268,5952001
2481,33,0,0,1088,268,5954401
2482,33,0,0,1088,268,5956801
2483,28,0,0,1088,268,5959201
2484,30,0,0,1088,268,5961601
2485,29,1,0,1089,268,5964001
2486,30,0,0,1089,268,5966401
2487,25,0,0,1089,268,5968801
2488,24,0,0,1089,268,5971201
2489,23,1,0,1090,268,5973601
2490,27,1,0,1091,268,5976001
2491,28,1,0,1092,268,5978401
2492,29,0,0,1092,268,5980801
2493,28,0,0,1092,268,5983201
2494,31,0,0,1092,268,5985601
2495,30,0,0,1092,268,5988001
2496,29,1,0,1093,268,5990401
2497,26,0,0,1093,268,5992801
2498,25,0,0,1093,268,5995201
2499,31,0,0,1093,268,5997601
2500,32,0,0,1093,268,6000001
2501,32,1,0,1094,268,6002401
2502,28,0,0,1094,268,6004801
2503,31,0,0,1094,268,6007201
2504,32,1,0,1095,268,6009601
2505,32,0,0,1095,268,6012001
2506,32,1,0,1096,268,6014401
2507,33,1,0,1097,268,6016801
2508,28,0,0,1097,268,6019201
2509,29,1,1,1098,269,6021601
2510,27,1,0,1099,269,6024001
2511,31,0,0,1099,269,6026401
2512,25,1,0,1100,269,6028801
2513,26,1,1,1101,270,6031201
2514,27,0,0,1101,270,6033601
2515,28,0,0,1101,270,6036001
2516,29,0,0,1101,270,6038401
2517,26,2,0,1103,270,6040801
2518,23,1,0,1104,270,6043201
2519,24,0,0,1104,270,6045601
2520,24,1,1,1105,271,6048001
2521,27,0,0,1105,271,6050401
2522,31,0,0,1105,271,6052801
2523,28,1,0,1106,271,6055201
2524,31,0,0,1106,271,6057601
2525,28,1,0,1107,271,6060001
2526,32,1,0,1108,271,6062401
2527,34,0,0,1108,271,6064801
2528,34,1,0,1109,271,6067201
2529,30,1,0,1110,271,6069601
2530,32,0,0,1110,271,6072001
2531,33,1,1,1111,272,6074401
2532,34,0,0,1111,272,6076801
2533,31,1,0,1112,272,6079201
2534,34,0,0,1112,272,6081601
2535,32,0,0,1112,272,6084001
2536,36,0,0,1112,272,6086401
2537,37,2,0,1114,272,6088801
2538,34,0,0,1114,272,6091201
2539,34,1,0,1115,272,6093601
2540,38,0,0,1115,272,6096001
2541,36,0,0,1115,272,6098401
2542,38,1,0,1116,272,6100801
2543,37,1,0,1117,272,6103201
2544,40,0,0,1117,272,6105601
2545,35,0,0,1117,272,6108001
2546,36,1,0,1118,272,6110401
2547,33,1,0,1119,272,6112801
2548,35,0,0,1119,272,6115201
2549,34,0,0,1119,272,6117601
2550,34,0,0,1119,272,6120001
2551,30,0,0,1119,272,6122401
2552,31,1,0,1120,272,6124801
2553,28,1,0,1121,272,6127201
2554,30,1,0,1122,272,6129601
2555,29,1,0,1123,272,6132001
2556,27,0,0,1123,272,6134401
2557,33,0,0,1123,272,6136801
2558,31,0,0,1123,272,6139201
2559,27,0,0,1123,272,6141601
2560,30,0,0,1123,272,6144001
2561,32,1,0,1124,272,6146401
2562,30,2,0,1126,272,6148801
2563,27,0,0,1126,272,6151201
2564,27,0,0,1126,272,6153601
2565,29,2,0,1128,272,6156001
2566,30,0,0,1128,272,6158401
2567,27,0,0,1128,272,6160801
2568,27,0,0,1128,272,6163201
2569,32,1,0,1129,272,6165601
2570,29,1,0,1130,272,6168001
2571,30,0,0,1130,272,6170401
2572,24,1,0,1131,272,6172801
2573,26,3,0,1134,272,6175201
2574,28,0,0,1134,272,6177601
2575,29,0,0,1134,272,6180001
2576,26,0,0,1134,272,6182401
2577,29,1,0,1135,272,6184801
2578,31,1,0,1136,272,6187201
2579,28,1,1,1137,273,6189601
2580,27,0,0,1137,273,6192001
2581,28,1,1,1138,274,6194401
2582,26,2,0,1140,274,6196801
2583,27,0,0,1140,274,6199201
2584,26,0,0,1140,274,6201601
2585,27,1,1,1141,275,6204001
2586,25,1,0,1142,275,6206401
2587,24,1,0,1143,275,6208801
2588,25,1,0,1144,275,6211201
2589,23,0,0,1144,275,6213601
2590,23,1,0,1145,275,6216001
2591,23,0,0,1145,275,6218401
2592,22,0,0,1145,275,6220801
2593,23,0,0,1145,275,6223201
2594,22,0,0,1145,275,6225601
2595,23,0,0,1145,275,6228001
2596,23,0,0,1145,275,6230401
2597,22,0,0,1145,275,6232801
2598,20,4,0,1149,275,6235201
2599,20,0,0,1149,275,6237601
2600,22,0,0,1149,275,6240001
2601,23,1,0,1150,275,6242401
2602,24,0,0,1150,275,6244801
2603,26,0,0,1150,275,6247201
2604,26,0,0,1150,275,6249601
2605,25,0,0,1150,275,6252001
2606,25,1,1,1151,276,6254401
2607,22,1,0,1152,276,6256801
2608,23,1,0,1153,276,6259201
2609,23,0,0,1153,276,6261601
2610,24,1,0,1154,276,6264001
2611,26,0,0,1154,276,6266401
2612,26,1,0,1155,276,6268801
2613,29,0,0,1155,276,6271201
2614,29,0,0,1155,276,6273601
2615,30,1,1,1156,277,6276001
2616,30,1,0,1157,277,6278401
2617,28,0,0,1157,277,6280801
2618,31,0,0,1157,277,6283201
2619,32,1,0,1158,277,6285601
2620,32,0,0,1158,277,6288001
2621,32,2,0,1160,277,6290401
2622,35,1,0,1161,277,6292801
2623,36,0,0,1161,277,6295201
2624,35,1,0,1162,277,6297601
2625,35,0,0,1162,277,6300001
2626,33,1,0,1163,277,6302401
2627,36,0,0,1163,277,6304801
2628,38,1,0,1164,277,6307201
2629,40,0,0,1164,277,6309601
2630,41,2,0,1166,277,6312001
2631,36,1,0,1167,277,6314401
2632,38,0,0,1167,277,6316801
2633,38,4,1,1171,278,6319201
2634,32,1,0,1172,278,6321601
2635,34,0,0,1172,278,6324001
2636,39,0,0,1172,278,6326401
2637,40,0,0,1172,278,6328801
2638,33,2,0,1174,278,6331201
2639,31,1,0,1175,278,6333601
2640,31,0,0,1175,278,6336001
2641,29,0,0,1175,278,6338401
2642,27,0,0,1175,278,6340801
2643,26,0,0,1175,278,6343201
2644,27,0,0,1175,278,6345601
2645,29,0,0,1175,278,6348001
2646,27,0,0,1175,278,6350401
2647,30,0,0,1175,278,6352801
2648,28,0,0,1175,278,6355201
2649,30,1,0,1176,278,6357601
2650,31,0,0,1176,278,6360001
2651,32,0,0,1176,278,6362401
2652,27,2,0,1178,278,6364801
2653,29,0,0,1178,278,6367201
2654,28,3,0,1181,278,6369601
2655,26,1,0,1182,278,6372001
2656,27,0,0,1182,278,6374401
2657,28,1,1,1183,279,6376801
2658,32,0,0,1183,279,6379201
2659,30,1,0,1184,279,6381601
2660,27,0,0,1184,279,6384001
2661,27,0,0,1184,279,6386401
2662,29,0,0,1184,279,6388801
2663,28,0,0,1184,279,6391201
2664,31,0,0,1184,279,6393601
2665,34,0,0,1184,279,6396001
2666,34,0,0,1184,279,6398401
2667,31,1,0,1185,279,6400801
2668,30,1,0,1186,279,6403201
2669,32,0,0,1186,279,6405601
2670,34,0,0,1186,279,6408001
2671,31,1,0,1187,279,6410401
2672,28,0,0,1187,279,6412801
2673,30,0,0,1187,279,6415201
2674,29,0,0,1187,279,6417601
2675,33,0,0,1187,279,6420001
2676,34,0,0,1187,279,6422401
2677,32,1,0,1188,279,6424801
2678,29,1,0,1189,279,6427201
2679,29,0,0,1189,279,6429601
2680,29,0,0,1189,279,6432001
2681,31,2,1,1191,280,6434401
2682,27,0,0,1191,280,6436801
2683,28,0,0,1191,280,6439201
2684,25,2,0,1193,280,6441601
2685,24,2,0,1195,280,6444001
2686,23,1,0,1196,280,6446401
2687,26,0,0,1196,280,6448801
2688,27,0,0,1196,280,6451201
2689,28,0,0,1196,280,6453601
2690,30,0,0,1196,280,6456001
2691,26,0,0,1196,280,6458401
2692,25,0,0,1196,280,6460801
2693,24,2,1,1198,281,6463201
2694,26,0,0,1198,281,6465601
2695,25,1,1,1199,282,6468001
2696,28,0,0,1199,282,6470401
2697,27,1,0,1200,282,6472801
2698,32,0,0,1200,282,6475201
2699,25,0,0,1200,282,6477601
2700,27,1,0,1201,282,6480001
2701,24,2,0,1203,282,6482401
2702,25,2,0,1205,282,6484801
2703,24,0,0,1205,282,6487201
2704,26,0,0,1205,282,6489601
2705,24,1,0,1206,282,6492001
2706,26,3,2,1209,284,6494401
2707,27,0,0,1209,284,6496801
2708,26,0,0,1209,284,6499201
2709,28,0,0,1209,284,6501601
2710,24,0,0,1209,284,6504001
2711,26,2,0,1211,284,6506401
2712,25,0,0,1211,284,6508801
2713,28,1,0,1212,284,6511201
2714,27,0,0,1212,284,6513601
2715,29,1,0,1213,284,6516001
2716,29,1,0,1214,284,6518401
2717,34,0,0,1214,284,6520801
2718,35,0,0,1214,284,6523201
2719,37,1,0,1215,284,6525601
2720,29,0,0,1215,284,6528001
2721,33,0,0,1215,284,6530401
2722,32,1,0,1216,284,6532801
2723,28,1,0,1217,284,6535201
2724,27,1,0,1218,284,6537601
2725,27,1,0,1219,284,6540001
2726,22,1,0,1220,284,6542401
2727,23,1,0,1221,284,6544801
2728,24,1,1,1222,285,6547201
2729,22,0,0,1222,285,6549601
2730,23,0,0,1222,285,6552001
2731,23,2,0,1224,285,6554401
2732,25,0,0,1224,285,6556801
2733,24,0,0,1224,285,6559201
2734,25,1,0,1225,285,6561601
2735,24,0,0,1225,285,6564001
2736,28,1,0,1226,285,6566401
2737,24,0,0,1226,285,6568801
2738,21,2,0,1228,285,6571201
2739,19,1,0,1229,285,6573601
2740,22,0,0,1229,285,6576001
2741,22,0,0,1229,285,6578401
2742,23,0,0,1229,285,6580801
2743,23,0,0,1229,285,6583201
2744,26,0,0,1229,285,6585601
2745,27,1,0,1230,285,6588001
2746,25,1,0,1231,285,6590401
2747,24,0,0,1231,285,6592801
2748,25,0,0,1231,285,6595201
2749,24,0,0,1231,285,6597601
2750,22,0,0,1231,285,6600001
2751,24,0,0,1231,285,6602401
2752,27,0,0,1231,285,6604801
2753,25,0,0,1231,285,6607201
2754,24,1,0,1232,285,6609601
2755,23,0,0,1232,285,6612001
2756,24,1,0,1233,285,6614401
2757,22,0,0,1233,285,6616801
2758,21,1,0,1234,285,6619201
2759,20,2,0,1236,285,6621601
2760,22,0,0,1236,285,6624001
2761,23,0,0,1236,285,6626401
2762,20,0,0,1236,285,6628801
2763,23,0,0,1236,285,6631201
2764,22,0,0,1236,285,6633601
2765,20,2,1,1238,286,6636001
2766,20,1,0,1239,286,6638401
2767,21,1,0,1240,286,6640801
2768,25,0,0,1240,286,6643201
2769,25,0,0,1240,286,6645601
2770,23,0,0,1240,286,6648001
2771,25,1,0,1241,286,6650401
2772,23,1,0,1242,286,6652801
2773,25,0,0,1242,286,6655201
2774,26,1,0,1243,286,6657601
2775,23,0,0,1243,286,6660001
2776,23,0,0,1243,286,6662401
2777,24,0,0,1243,286,6664801
2778,27,0,0,1243,286,6667201
2779,25,0,0,1243,286,6669601
2780,28,1,1,1244,287,6672001
2781,25,1,0,1245,287,6674401
2782,28,1,0,1246,287,6676801
2783,27,0,0,1246,287,6679201
2784,27,0,0,1246,287,6681601
2785,25,1,0,1247,287,6684001
2786,27,1,0,1248,287,6686401
2787,27,1,0,1249,287,6688801
2788,27,1,0,1250,287,6691201
2789,27,2,0,1252,287,6693601
2790,28,0,0,1252,287,6696001
2791,30,1,0,1253,287,6698401
2792,30,1,0,1254,287,6700801
2793,27,2,0,1256,287,6703201
2794,28,2,0,1258,287,6705601
2795,32,0,0,1258,287,6708001
2796,32,1,0,1259,287,6710401
2797,29,1,1,1260,288,6712801
2798,30,0,0,1260,288,6715201
2799,30,1,0,1261,288,6717601
2800,32,0,0,1261,288,6720001
2801,31,1,0,1262,288,6722401
2802,24,1,0,1263,288,6724801
2803,26,0,0,1263,288,6727201
2804,26,2,1,1265,289,6729601
2805,27,0,0,1265,289,6732001
2806,25,0,0,1265,289,6734401
2807,26,0,0,1265,289,6736801
2808,26,1,0,1266,289,6739201
2809,27,0,0,1266,289,6741601
2810,26,0,0,1266,289,6744001
2811,27,1,0,1267,289,6746401
2812,29,2,1,1269,290,6748801
2813,28,0,0,1269,290,6751201
2814,31,0,0,1269,290,6753601
2815,30,0,0,1269,290,6756001
2816,34,0,0,1269,290,6758401
2817,33,0,0,1269,290,6760801
2818,35,0,0,1269,290,6763201
2819,35,2,0,1271,290,6765601
2820,34,0,0,1271,290,6768001
2821,31,1,1,1272,291,6770401
2822,31,2,1,1274,292,6772801
2823,33,2,1,1276,293,6775201
2824,30,0,0,1276,293,6777601
2825,32,4,0,1280,293,6780001
2826,31,0,0,1280,293,6782401
2827,27,2,0,1282,293,6784801
2828,28,0,0,1282,293,6787201
2829,32,0,0,1282,293,6789601
2830,31,2,0,1284,293,6792001
2831,27,0,0,1284,293,6794401
2832,32,0,0,1284,293,6796801
2833,34,1,0,1285,293,6799201
2834,30,0,0,1285,293,6801601
2835,30,0,0,1285,293,6804001
2836,26,2,1,1287,294,6806401
2837,25,1,0,1288,294,6808801
2838,28,1,0,1289,294,6811201
2839,27,0,0,1289,294,6813601
2840,30,1,0,1290,294,6816001
2841,31,0,0,1290,294,6818401
2842,34,0,0,1290,294,6820801
2843,37,0,0,1290,294,6823201
2844,32,1,0,1291,294,6825601
2845,26,1,0,1292,294,6828001
2846,27,0,0,1292,294,6830401
2847,26,0,0,1292,294,6832801
2848,24,1,0,1293,294,6835201
2849,25,0,0,1293,294,6837601
2850,29,0,0,1293,294,6840001
2851,26,0,0,1293,294,6842401
2852,27,1,0,1294,294,6844801
2853,25,2,0,1296,294,6847201
2854,29,0,0,1296,294,6849601
2855,26,0,0,1296,294,6852001
2856,26,0,0,1296,294,6854401
2857,26,1,0,1297,294,6856801
2858,27,0,0,1297,294,6859201
2859,29,0,0,1297,294,6861601
2860,27,1,0,1298,294,6864001
2861,26,1,0,1299,294,6866401
2862,25,0,0,1299,294,6868801
2863,28,0,0,1299,294,6871201
2864,28,0,0,1299,294,6873601
2865,28,1,0,1300,294,6876001
2866,29,0,0,1300,294,6878401
2867,27,0,0,1300,294,6880801
2868,28,0,0,1300,294,6883201
2869,29,0,0,1300,294,6885601
2870,29,0,0,1300,294,6888001
2871,26,1,0,1301,294,6890401
2872,27,0,0,1301,294,6892801
2873,28,1,0,1302,294,6895201
2874,30,1,0,1303,294,6897601
2875,26,2,0,1305,294,6900001
2876,26,1,0,1306,294,6902401
2877,28,0,0,1306,294,6904801
2878,31,1,0,1307,294,6907201
2879,27,1,0,1308,294,6909601
2880,29,0,0,1308,294,6912001
2881,28,1,0,1309,294,6914401
2882,30,0,0,1309,294,6916801
2883,28,1,0,1310,294,6919201
2884,28,0,0,1310,294,6921601
2885,24,2,0,1312,294,6924001
2886,27,0,0,1312,294,6926401
2887,26,1,0,1313,294,6928801
2888,26,0,0,1313,294,6931201
2889,25,0,0,1313,294,6933601
2890,24,1,0,1314,294,6936001
2891,23,0,0,1314,294,6938401
2892,27,0,0,1314,294,6940801
2893,25,1,0,1315,294,6943201
2894,26,1,0,1316,294,6945601
2895,24,0,0,1316,294,6948001
2896,25,2,1,1318,295,6950401
2897,25,1,0,1319,295,6952801
2898,27,0,0,1319,295,6955201
2899,28,0,0,1319,295,6957601
2900,30,0,0,1319,295,6960001
2901,26,2,0,1321,295,6962401
2902,27,0,0,1321,295,6964801
2903,28,0,0,1321,295,6967201
2904,28,0,0,1321,295,6969601
2905,26,1,0,1322,295,6972001
2906,30,0,0,1322,295,6974401
2907,29,0,0,1322,295,6976801
2908,33,1,0,1323,295,6979201
2909,30,0,0,1323,295,6981601
2910,30,0,0,1323,295,6984001
2911,31,1,0,1324,295,6986401
2912,30,1,0,1325,295,6988801
2913,29,0,0,1325,295,6991201
2914,29,1,0,1326,295,6993601
2915,28,0,0,1326,295,6996001
2916,30,1,0,1327,295,6998401
2917,31,2,0,1329,295,7000801
2918,26,2,0,1331,295,7003201
2919,26,2,2,1333,297,7005601
2920,23,1,0,1334,297,7008001
2921,27,1,0,1335,297,7010401
2922,23,1,0,1336,297,7012801
2923,25,1,1,1337,298,7015201
2924,25,1,0,1338,298,7017601
2925,27,0,0,1338,298,7020001
2926,26,1,0,1339,298,7022401
2927,25,0,0,1339,298,7024801
2928,27,0,0,1339,298,7027201
2929,33,0,0,1339,298,7029601
2930,32,0,0,1339,298,7032001
2931,28,0,0,1339,298,7034401
2932,31,0,0,1339,298,7036801
2933,29,2,0,1341,298,7039201
2934,34,0,0,1341,298,7041601
2935,29,0,0,1341,298,7044001
2936,29,0,0,1341,298,7046401
2937,28,0,0,1341,298,7048801
2938,29,0,0,1341,298,7051201
2939,29,0,0,1341,298,7053601
2940,32,0,0,1341,298,7056001
2941,30,0,0,1341,298,7058401
2942,32,0,0,1341,298,7060801
2943,29,0,0,1341,298,7063201
2944,29,0,0,1341,298,7065601
2945,31,1,1,1342,299,7068001
2946,30,1,0,1343,299,7070401
2947,29,0,0,1343,299,7072801
2948,30,1,0,1344,299,7075201
2949,30,0,0,1344,299,7077601
2950,30,2,0,1346,299,7080001
2951,33,1,0,1347,299,7082401
2952,30,1,0,1348,299,7084801
2953,33,4,0,1352,299,7087201
2954,30,0,0,1352,299,7089601
2955,28,1,0,1353,299,7092001
2956,25,0,0,1353,299,7094401
2957,27,1,0,1354,299,7096801
2958,29,3,0,1357,299,7099201
2959,25,0,0,1357,299,7101601
2960,26,0,0,1357,299,7104001
2961,25,0,0,1357,299,7106401
2962,22,1,0,1358,299,7108801
2963,22,1,0,1359,299,7111201
2964,23,0,0,1359,299,7113601
2965,25,0,0,1359,299,7116001
2966,23,0,0,1359,299,7118401
2967,28,0,0,1359,299,7120801
2968,25,2,0,1361,299,7123201
2969,23,2,1,1363,300,7125601
2970,25,0,0,1363,300,7128001
2971,25,1,0,1364,300,7130401
2972,22,0,0,1364,300,7132801
2973,23,0,0,1364,300,7135201
2974,24,0,0,1364,300,7137601
2975,24,1,0,1365,300,7140001
2976,25,1,0,1366,300,7142401
2977,24,1,0,1367,300,7144801
2978,23,1,0,1368,300,7147201
2979,25,0,0,1368,300,7149601
2980,25,2,1,1370,301,7152001
2981,22,0,0,1370,301,7154401
2982,24,0,0,1370,301,7156801
2983,27,0,0,1370,301,7159201
2984,27,0,0,1370,301,7161601
2985,25,0,0,1370,301,7164001
2986,26,0,0,1370,301,7166401
2987,30,2,1,1372,302,7168801
2988,28,1,0,1373,302,7171201
2989,29,1,0,1374,302,7173601
2990,30,0,0,1374,302,7176001
2991,32,0,0,1374,302,7178401
2992,33,0,0,1374,302,7180801
2993,30,0,0,1374,302,7183201
2994,31,0,0,1374,302,7185601
2995,34,0,0,1374,302,7188001
2996,28,0,0,1374,302,7190401
2997,32,0,0,1374,302,7192801
2998,28,0,0,1374,302,7195201
2999,30,0,0,1374,302,7197601
3000,31,0,0,1374,302,7200001
3001,32,1,1,1375,303,7202401
3002,32,1,0,1376,303,7204801
3003,24,4,0,1380,303,7207201
3004,25,0,0,1380,303,7209601
3005,28,0,0,1380,303,7212001
3006,27,1,0,1381,303,7214401
3007,22,0,0,1381,303,7216801
3008,24,1,0,1382,303,7219201
3009,19,0,0,1382,303,7221601
3010,21,0,0,1382,303,7224001
3011,20,0,0,1382,303,7226401
3012,19,1,0,1383,303,7228801
3013,17,1,1,1384,304,7231201
3014,18,1,0,1385,304,7233601
3015,18,0,0,1385,304,7236001
3016,17,0,0,1385,304,7238401
3017,21,0,0,1385,304,7240801
3018,22,0,0,1385,304,7243201
3019,25,2,1,1387,305,7245601
3020,25,0,0,1387,305,7248001
3021,25,0,0,1387,305,7250401
3022,26,0,0,1387,305,7252801
3023,25,0,0,1387,305,7255201
3024,24,1,0,1388,305,7257601
3025,22,0,0,1388,305,7260001
3026,21,0,0,1388,305,7262401
3027,22,1,0,1389,305,7264801
3028,25,1,1,1390,306,7267201
3029,25,0,0,1390,306,7269601
3030,24,0,0,1390,306,7272001
3031,26,0,0,1390,306,7274401
3032,27,0,0,1390,306,7276801
3033,23,0,0,1390,306,7279201
3034,23,0,0,1390,306,7281601
3035,25,0,0,1390,306,7284001
3036,31,0,0,1390,306,7286401
3037,29,0,0,1390,306,7288801
3038,30,2,0,1392,306,7291201
3039,28,1,0,1393,306,7293601
3040,28,1,1,1394,307,7296001
3041,27,1,0,1395,307,7298401
3042,29,0,0,1395,307,7300801
3043,29,0,0,1395,307,7303201
3044,25,1,0,1396,307,7305601
3045,24,0,0,1396,307,7308001
3046,25,1,0,1397,307,7310401
3047,28,0,0,1397,307,7312801
3048,28,1,0,1398,307,7315201
3049,29,0,0,1398,307,7317601
3050,29,0,0,1398,307,7320001
3051,29,1,1,1399,308,7322401
3052,30,0,0,1399,308,7324801
3053,34,1,0,1400,308,7327201
3054,35,1,0,1401,308,7329601
3055,35,0,0,1401,308,7332001
3056,40,2,1,1403,309,7334401
3057,46,1,0,1404,309,7336801
3058,42,1,0,1405,309,7339201
3059,41,1,0,1406,309,7341601
3060,41,1,1,1407,310,7344001
3061,37,0,0,1407,310,7346401
3062,37,1,1,1408,311,7348801
3063,40,0,0,1408,311,7351201
3064,38,1,0,1409,311,7353601
3065,39,0,0,1409,311,7356001
3066,37,1,0,1410,311,7358401
3067,38,0,0,1410,311,7360801
3068,35,0,0,1410,311,7363201
3069,35,0,0,1410,311,7365601
3070,34,0,0,1410,311,7368001
3071,38,1,1,1411,312,7370401
3072,36,1,0,1412,312,7372801
3073,32,1,0,1413,312,7375201
3074,33,0,0,1413,312,7377601
3075,29,1,0,1414,312,7380001
3076,30,0,0,1414,312,7382401
3077,30,0,0,1414,312,7384801
3078,34,0,0,1414,312,7387201
3079,34,0,0,1414,312,7389601
3080,31,0,0,1414,312,7392001
3081,27,0,0,1414,312,7394401
3082,24,0,0,1414,312,7396801
3083,24,1,0,1415,312,7399201
3084,23,1,0,1416,312,7401601
3085,20,1,0,1417,312,7404001
3086,20,0,0,1417,312,7406401
3087,21,1,1,1418,313,7408801
3088,24,0,0,1418,313,7411201
3089,23,0,0,1418,313,7413601
3090,25,0,0,1418,313,7416001
3091,24,1,0,1419,313,7418401
3092,25,0,0,1419,313,7420801
3093,25,0,0,1419,313,7423201
3094,22,0,0,1419,313,7425601
3095,22,1,0,1420,313,7428001
3096,23,0,0,1420,313,7430401
3097,25,1,1,1421,314,7432801
3098,23,0,0,1421,314,7435201
3099,22,0,0,1421,314,7437601
3100,24,0,0,1421,314,7440001
3101,26,1,0,1422,314,7442401
3102,23,0,0,1422,314,7444801
3103,24,0,0,1422,314,7447201
3104,24,0,0,1422,314,7449601
3105,26,0,0,1422,314,7452001
3106,24,0,0,1422,314,7454401
3107,25,1,1,1423,315,7456801
3108,28,0,0,1423,315,7459201
3109,26,2,1,1425,316,7461601
3110,28,0,0,1425,316,7464001
3111,24,2,0,1427,316,7466401
3112,26,0,0,1427,316,7468801
3113,26,2,0,1429,316,7471201
3114,27,0,0,1429,316,7473601
3115,24,1,0,1430,316,7476001
3116,23,2,0,1432,316,7478401
3117,27,0,0,1432,316,7480801
3118,26,0,0,1432,316,7483201
3119,26,0,0,1432,316,7485601
3120,26,0,0,1432,316,7488001
3121,22,1,1,1433,317,7490401
3122,23,0,0,1433,317,7492801
3123,22,0,0,1433,317,7495201
3124,22,0,0,1433,317,7497601
3125,23,1,0,1434,317,7500001
3126,24,1,0,1435,317,7502401
3127,24,2,0,1437,317,7504801
3128,25,1,1,1438,318,7507201
3129,25,0,0,1438,318,7509601
3130,23,0,0,1438,318,7512001
3131,22,0,0,1438,318,7514401
3132,23,0,0,1438,318,7516801
3133,27,0,0,1438,318,7519201
3134,22,0,0,1438,318,7521601
3135,23,0,0,1438,318,7524001
3136,27,0,0,1438,318,7526401
3137,29,0,0,1438,318,7528801
3138,29,0,0,1438,318,7531201
3139,30,1,0,1439,318,7533601
3140,30,0,0,1439,318,7536001
3141,32,1,0,1440,318,7538401
3142,33,1,0,1441,318,7540801
3143,33,1,0,1442,318,7543201
3144,32,0,0,1442,318,7545601
3145,29,1,0,1443,318,7548001
3146,34,1,0,1444,318,7550401
3147,35,0,0,1444,318,7552801
3148,38,1,0,1445,318,7555201
3149,38,1,0,1446,318,7557601
3150,38,1,0,1447,318,7560001
3151,35,0,0,1447,318,7562401
3152,37,0,0,1447,318,7564801
3153,38,0,0,1447,318,7567201
3154,36,1,0,1448,318,7569601
3155,36,2,0,1450,318,7572001
3156,37,1,0,1451,318,7574401
3157,39,2,2,1453,320,7576801
3158,37,1,0,1454,320,7579201
3159,36,0,0,1454,320,7581601
3160,38,0,0,1454,320,7584001
3161,42,0,0,1454,320,7586401
3162,36,0,0,1454,320,7588801
3163,36,1,0,1455,320,7591201
3164,39,0,0,1455,320,7593601
3165,45,0,0,1455,320,7596001
3166,36,2,0,1457,320,7598401
3167,39,1,0,1458,320,7600801
3168,40,0,0,1458,320,7603201
3169,43,0,0,1458,320,7605601
3170,39,0,0,1458,320,7608001
3171,38,1,0,1459,320,7610401
3172,41,2,0,1461,320,7612801
3173,48,0,0,1461,320,7615201
3174,41,0,0,1461,320,7617601
3175,35,0,0,1461,320,7620001
3176,37,0,0,1461,320,7622401
3177,39,2,0,1463,320,7624801
3178,40,0,0,1463,320,7627201
3179,32,2,0,1465,320,7629601
3180,34,1,0,1466,320,7632001
3181,36,1,0,1467,320,7634401
3182,37,0,0,1467,320,7636801
3183,32,2,0,1469,320,7639201
3184,33,0,0,1469,320,7641601
3185,35,0,0,1469,320,7644001
3186,36,0,0,1469,320,7646401
3187,34,0,0,1469,320,7648801
3188,26,2,0,1471,320,7651201
3189,32,0,0,1471,320,7653601
3190,31,0,0,1471,320,7656001
3191,30,0,0,1471,320,7658401
3192,27,0,0,1471,320,7660801
3193,29,0,0,1471,320,7663201
3194,28,0,0,1471,320,7665601
3195,29,0,0,1471,320,7668001
3196,25,0,0,1471,320,7670401
3197,28,1,0,1472,320,7672801
3198,28,1,0,1473,320,7675201
3199,25,1,0,1474,320,7677601
3200,23,1,0,1475,320,7680001
3201,24,0,0,1475,320,7682401
3202,23,0,0,1475,320,7684801
3203,23,0,0,1475,320,7687201
3204,29,0,0,1475,320,7689601
3205,30,1,0,1476,320,7692001
3206,31,0,0,1476,320,7694401
3207,25,2,2,1478,322,7696801
3208,24,0,0,1478,322,7699201
3209,20,1,0,1479,322,7701601
3210,23,1,0,1480,322,7704001
3211,22,1,0,1481,322,7706401
3212,22,0,0,1481,322,7708801
3213,25,0,0,1481,322,7711201
3214,25,0,0,1481,322,7713601
3215,28,0,0,1481,322,7716001
3216,27,1,0,1482,322,7718401
3217,26,0,0,1482,322,7720801
3218,27,0,0,1482,322,7723201
3219,27,1,0,1483,322,7725601
3220,32,0,0,1483,322,7728001
3221,30,0,0,1483,322,7730401
3222,31,0,0,1483,322,7732801
3223,34,0,0,1483,322,7735201
3224,37,0,0,1483,322,7737601
3225,32,1,0,1484,322,7740001
3226,32,1,0,1485,322,7742401
3227,32,0,0,1485,322,7744801
3228,29,0,0,1485,322,7747201
3229,34,0,0,1485,322,7749601
3230,32,0,0,1485,322,7752001
3231,30,0,0,1485,322,7754401
3232,27,0,0,1485,322,7756801
3233,31,0,0,1485,322,7759201
3234,29,0,0,1485,322,7761601
3235,29,1,0,1486,322,7764001
3236,28,2,1,1488,323,7766401
3237,30,0,0,1488,323,7768801
3238,23,1,0,1489,323,7771201
3239,22,1,1,1490,324,7773601
3240,23,1,0,1491,324,7776001
3241,27,0,0,1491,324,7778401
3242,24,0,0,1491,324,7780801
3243,28,0,0,1491,324,7783201
3244,34,0,0,1491,324,7785601
3245,33,1,0,1492,324,7788001
3246,29,0,0,1492,324,7790401
3247,27,0,0,1492,324,7792801
3248,28,0,0,1492,324,7795201
3249,29,0,0,1492,324,7797601
3250,30,2,0,1494,324,7800001
3251,32,2,0,1496,324,7802401
3252,34,0,0,1496,324,7804801
3253,30,1,0,1497,324,7807201
3254,28,0,0,1497,324,7809601
3255,28,0,0,1497,324,7812001
3256,30,1,0,1498,324,7814401
3257,31,1,1,1499,325,7816801
3258,29,1,0,1500,325,7819201
3259,24,2,0,1502,325,7821601
3260,26,1,0,1503,325,7824001
3261,26,0,0,1503,325,7826401
3262,25,0,0,1503,325,7828801
3263,25,0,0,1503,325,7831201
3264,24,1,0,1504,325,7833601
3265,25,2,0,1506,325,7836001
3266,26,0,0,1506,325,7838401
3267,29,0,0,1506,325,7840801
3268,28,0,0,1506,325,7843201
3269,26,1,0,1507,325,7845601
3270,25,1,0,1508,325,7848001
3271,23,0,0,1508,325,7850401
3272,22,2,0,1510,325,7852801
3273,20,0,0,1510,325,7855201
3274,23,0,0,1510,325,7857601
3275,21,1,0,1511,325,7860001
3276,22,0,0,1511,325,7862401
3277,19,3,1,1514,326,7864801
3278,19,0,0,1514,326,7867201
3279,19,0,0,1514,326,7869601
3280,22,0,0,1514,326,7872001
3281,19,0,0,1514,326,7874401
3282,21,0,0,1514,326,7876801
3283,26,0,0,1514,326,7879201
3284,23,0,0,1514,326,7881601
3285,20,0,0,1514,326,7884001
3286,23,1,1,1515,327,7886401
3287,20,0,0,1515,327,7888801
3288,25,0,0,1515,327,7891201
3289,22,0,0,1515,327,7893601
3290,23,0,0,1515,327,7896001
3291,24,0,0,1515,327,7898401
3292,25,1,0,1516,327,7900801
3293,23,2,0,1518,327,7903201
3294,25,0,0,1518,327,7905601
3295,24,1,0,1519,327,7908001
3296,25,0,0,1519,327,7910401
3297,26,1,1,1520,328,7912801
3298,30,0,0,1520,328,7915201
3299,28,0,0,1520,328,7917601
3300,26,1,0,1521,328,7920001
3301,25,0,0,1521,328,7922401
3302,26,0,0,1521,328,7924801
3303,27,0,0,1521,328,7927201
3304,28,0,0,1521,328,7929601
3305,30,0,0,1521,328,7932001
3306,27,0,0,1521,328,7934401
3307,25,0,0,1521,328,7936801
3308,27,0,0,1521,328,7939201
3309,24,2,0,1523,328,7941601
3310,25,0,0,1523,328,7944001
3311,26,1,0,1524,328,7946401
3312,26,0,0,1524,328,7948801
3313,30,2,0,1526,328,7951201
3314,28,1,0,1527,328,7953601
3315,26,0,0,1527,328,7956001
3316,28,1,0,1528,328,7958401
3317,27,0,0,1528,328,7960801
3318,30,0,0,1528,328,7963201
3319,24,0,0,1528,328,7965601
3320,25,0,0,1528,328,7968001
3321,26,0,0,1528,328,7970401
3322,31,0,0,1528,328,7972801
3323,31,0,0,1528,328,7975201
3324,26,0,0,1528,328,7977601
3325,26,0,0,1528,328,7980001
3326,30,1,0,1529,328,7982401
3327,33,0,0,1529,328,7984801
3328,30,0,0,1529,328,7987201
3329,33,1,0,1530,328,7989601
3330,32,0,0,1530,328,7992001
3331,32,1,0,1531,328,7994401
3332,28,1,0,1532,328,7996801
3333,31,0,0,1532,328,7999201
3334,30,0,0,1532,328,8001601
3335,28,2,0,1534,328,8004001
3336,26,0,0,1534,328,8006401
3337,28,0,0,1534,328,8008801
3338,25,0,0,1534,328,8011201
3339,29,0,0,1534,328,8013601
3340,27,1,0,1535,328,8016001
3341,26,1,0,1536,328,8018401
3342,27,1,0,1537,328,8020801
3343,28,1,0,1538,328,8023201
3344,30,0,0,1538,328,8025601
3345,27,0,0,1538,328,8028001
3346,28,0,0,1538,328,8030401
3347,27,0,0,1538,328,8032801
3348,29,0,0,1538,328,8035201
3349,28,1,0,1539,328,8037601
3350,27,0,0,1539,328,8040001
3351,29,1,0,1540,328,8042401
3352,33,1,0,1541,328,8044801
3353,31,0,0,1541,328,8047201
3354,31,0,0,1541,328,8049601
3355,29,0,0,1541,328,8052001
3356,30,0,0,1541,328,8054401
3357,29,1,0,1542,328,8056801
3358,29,1,0,1543,328,8059201
3359,26,1,0,1544,328,8061601
3360,26,1,0,1545,328,8064001
3361,27,0,0,1545,328,8066401
3362,28,0,0,1545,328,8068801
3363,28,0,0,1545,328,8071201
3364,27,0,0,1545,328,8073601
3365,27,1,0,1546,328,8076001
3366,24,1,0,1547,328,8078401
3367,24,1,0,1548,328,8080801
3368,25,0,0,1548,328,8083201
3369,26,0,0,1548,328,8085601
3370,26,2,0,1550,328,8088001
3371,26,0,0,1550,328,8090401
3372,23,0,0,1550,328,8092801
3373,24,0,0,1550,328,8095201
3374,26,1,0,1551,328,8097601
3375,21,2,0,1553,328,8100001
3376,21,1,0,1554,328,8102401
3377,22,0,0,1554,328,8104801
3378,20,1,1,1555,329,8107201
3379,22,0,0,1555,329,8109601
3380,21,0,0,1555,329,8112001
3381,22,0,0,1555,329,8114401
3382,20,0,0,1555,329,8116801
3383,20,1,0,1556,329,8119201
3384,21,0,0,1556,329,8121601
3385,19,1,0,1557,329,8124001
3386,19,1,0,1558,329,8126401
3387,18,2,0,1560,329,8128801
3388,18,0,0,1560,329,8131201
3389,20,1,1,1561,330,8133601
3390,20,1,0,1562,330,8136001
3391,23,0,0,1562,330,8138401
3392,21,1,0,1563,330,8140801
3393,21,0,0,1563,330,8143201
3394,24,0,0,1563,330,8145601
3395,20,0,0,1563,330,8148001
3396,19,2,1,1565,331,8150401
3397,23,1,0,1566,331,8152801
3398,24,0,0,1566,331,8155201
3399,22,1,0,1567,331,8157601
3400,24,1,0,1568,331,8160001
3401,28,1,0,1569,331,8162401
3402,29,0,0,1569,331,8164801
3403,31,0,0,1569,331,8167201
3404,25,1,1,1570,332,8169601
3405,29,1,0,1571,332,8172001
3406,27,1,0,1572,332,8174401
3407,26,0,0,1572,332,8176801
3408,25,0,0,1572,332,8179201
3409,27,0,0,1572,332,8181601
3410,28,2,0,1574,332,8184001
3411,29,0,0,1574,332,8186401
3412,27,2,0,1576,332,8188801
3413,27,0,0,1576,332,8191201
3414,25,2,0,1578,332,8193601
3415,25,0,0,1578,332,8196001
3416,29,1,1,1579,333,8198401
3417,23,1,0,1580,333,8200801
3418,22,1,0,1581,333,8203201
3419,21,0,0,1581,333,8205601
3420,24,0,0,1581,333,8208001
3421,26,0,0,1581,333,8210401
3422,27,0,0,1581,333,8212801
3423,25,3,0,1584,333,8215201
3424,22,0,0,1584,333,8217601
3425,22,0,0,1584,333,8220001
3426,22,0,0,1584,333,8222401
3427,23,0,0,1584,333,8224801
3428,22,0,0,1584,333,8227201
3429,22,2,0,1586,333,8229601
3430,23,1,0,1587,333,8232001
3431,22,0,0,1587,333,8234401
3432,22,1,0,1588,333,8236801
3433,21,0,0,1588,333,8239201
3434,22,0,0,1588,333,8241601
3435,23,0,0,1588,333,8244001
3436,24,1,1,1589,334,8246401
3437,21,0,0,1589,334,8248801
3438,22,0,0,1589,334,8251201
3439,23,0,0,1589,334,8253601
3440,26,0,0,1589,334,8256001
3441,24,0,0,1589,334,8258401
3442,28,1,0,1590,334,8260801
3443,24,2,0,1592,334,8263201
3444,27,1,0,1593,334,8265601
3445,28,1,0,1594,334,8268001
3446,26,0,0,1594,334,8270401
3447,26,0,0,1594,334,8272801
3448,32,0,0,1594,334,8275201
3449,28,2,0,1596,334,8277601
3450,24,2,0,1598,334,8280001
3451,25,0,0,1598,334,8282401
3452,29,1,0,1599,334,8284801
3453,26,2,0,1601,334,8287201
3454,23,1,0,1602,334,8289601
3455,25,0,0,1602,334,8292001
3456,24,1,0,1603,334,8294401
3457,23,0,0,1603,334,8296801
3458,22,2,1,1605,335,8299201
3459,23,1,0,1606,335,8301601
3460,23,0,0,1606,335,8304001
3461,21,0,0,1606,335,8306401
3462,23,0,0,1606,335,8308801
3463,25,0,0,1606,335,8311201
3464,24,3,1,1609,336,8313601
3465,24,0,0,1609,336,8316001
3466,23,1,0,1610,336,8318401
3467,28,1,0,1611,336,8320801
3468,23,1,0,1612,336,8323201
3469,24,0,0,1612,336,8325601
3470,27,0,0,1612,336,8328001
3471,27,1,0,1613,336,8330401
3472,27,1,0,1614,336,8332801
3473,27,2,0,1616,336,8335201
3474,27,0,0,1616,336,8337601
3475,26,1,0,1617,336,8340001
3476,23,0,0,1617,336,8342401
3477,23,1,0,1618,336,8344801
3478,24,1,0,1619,336,8347201
3479,25,1,0,1620,336,8349601
3480,23,0,0,1620,336,8352001
3481,23,0,0,1620,336,8354401
3482,27,1,0,1621,336,8356801
3483,25,0,0,1621,336,8359201
3484,24,1,0,1622,336,8361601
3485,24,2,0,1624,336,8364001
3486,23,0,0,1624,336,8366401
3487,23,2,0,1626,336,8368801
3488,21,0,0,1626,336,8371201
3489,22,0,0,1626,336,8373601
3490,19,1,1,1627,337,8376001
3491,21,1,0,1628,337,8378401
3492,19,0,0,1628,337,8380801
3493,21,0,0,1628,337,8383201
3494,18,0,0,1628,337,8385601
3495,19,0,0,1628,337,8388001
3496,18,0,0,1628,337,8390401
3497,21,1,0,1629,337,8392801
3498,22,1,0,1630,337,8395201
3499,22,0,0,1630,337,8397601
3500,26,0,0,1630,337,8400001
3501,25,1,0,1631,337,8402401
3502,26,0,0,1631,337,8404801
3503,25,1,1,1632,338,8407201
3504,27,1,0,1633,338,8409601
3505,32,0,0,1633,338,8412001
3506,29,1,0,1634,338,8414401
3507,32,0,0,1634,338,8416801
3508,29,0,0,1634,338,8419201
3509,29,1,0,1635,338,8421601
3510,26,0,0,1635,338,8424001
3511,29,0,0,1635,338,8426401
3512,31,0,0,1635,338,8428801
3513,29,0,0,1635,338,8431201
3514,31,0,0,1635,338,8433601
3515,29,2,0,1637,338,8436001
3516,29,1,0,1638,338,8438401
3517,29,1,0,1639,338,8440801
3518,28,1,0,1640,338,8443201
3519,28,0,0,1640,338,8445601
3520,24,1,0,1641,338,8448001
3521,23,1,0,1642,338,8450401
3522,22,2,0,1644,338,8452801
3523,25,0,0,1644,338,8455201
3524,23,0,0,1644,338,8457601
3525,22,0,0,1644,338,8460001
3526,25,0,0,1644,338,8462401
3527,24,2,1,1646,339,8464801
3528,25,0,0,1646,339,8467201
3529,23,1,0,1647,339,8469601
3530,22,0,0,1647,339,8472001
3531,23,0,0,1647,339,8474401
3532,23,0,0,1647,339,8476801
3533,22,0,0,1647,339,8479201
3534,23,0,0,1647,339,8481601
3535,22,0,0,1647,339,8484001
3536,24,1,1,1648,340,8486401
3537,22,2,0,1650,340,8488801
3538,25,1,0,1651,340,8491201
3539,24,2,0,1653,340,8493601
3540,26,1,0,1654,340,8496001
3541,23,0,0,1654,340,8498401
3542,25,2,0,1656,340,8500801
3543,23,0,0,1656,340,8503201
3544,20,1,0,1657,340,8505601
3545,19,1,0,1658,340,8508001
3546,18,0,0,1658,340,8510401
3547,19,1,0,1659,340,8512801
3548,22,0,0,1659,340,8515201
3549,19,0,0,1659,340,8517601
3550,18,1,0,1660,340,8520001
3551,18,0,0,1660,340,8522401
3552,19,0,0,1660,340,8524801
3553,19,1,1,1661,341,8527201
3554,20,0,0,1661,341,8529601
3555,20,2,1,1663,342,8532001
3556,21,0,0,1663,342,8534401
3557,24,0,0,1663,342,8536801
3558,22,1,0,1664,342,8539201
3559,22,2,0,1666,342,8541601
3560,24,0,0,1666,342,8544001
3561,24,0,0,1666,342,8546401
3562,28,0,0,1666,342,8548801
3563,23,2,1,1668,343,8551201
3564,27,0,0,1668,343,8553601
3565,24,1,0,1669,343,8556001
3566,26,0,0,1669,343,8558401
3567,25,0,0,1669,343,8560801
3568,25,1,0,1670,343,8563201
3569,27,1,0,1671,343,8565601
3570,27,0,0,1671,343,8568001
3571,24,0,0,1671,343,8570401
3572,24,1,0,1672,343,8572801
3573,25,0,0,1672,343,8575201
3574,24,0,0,1672,343,8577601
3575,22,1,0,1673,343,8580001
3576,23,1,0,1674,343,8582401
3577,25,0,0,1674,343,8584801
3578,27,0,0,1674,343,8587201
3579,27,3,0,1677,343,8589601
3580,28,0,0,1677,343,8592001
3581,27,0,0,1677,343,8594401
3582,27,0,0,1677,343,8596801
3583,28,0,0,1677,343,8599201
3584,31,0,0,1677,343,8601601
3585,28,1,1,1678,344,8604001
3586,28,1,0,1679,344,8606401
3587,27,0,0,1679,344,8608801
3588,27,1,0,1680,344,8611201
3589,27,1,0,1681,344,8613601
3590,26,0,0,1681,344,8616001
3591,27,0,0,1681,344,8618401
3592,27,1,0,1682,344,8620801
3593,27,1,0,1683,344,8623201
3594,28,1,0,1684,344,8625601
3595,24,1,0,1685,344,8628001
3596,24,1,1,1686,345,8630401
3597,24,0,0,1686,345,8632801
3598,25,1,0,1687,345,8635201
3599,24,0,0,1687,345,8637601
3600,26,0,0,1687,345,8640001
3601,25,1,0,1688,345,8642401
3602,24,1,0,1689,345,8644801
3603,22,3,0,1692,345,8647201
3604,22,1,0,1693,345,8649601
3605,24,0,0,1693,345,8652001
3606,22,0,0,1693,345,8654401
3607,23,1,0,1694,345,8656801
3608,26,0,0,1694,345,8659201
3609,24,0,0,1694,345,8661601
3610,25,0,0,1694,345,8664001
3611,28,0,0,1694,345,8666401
3612,23,0,0,1694,345,8668801
3613,24,0,0,1694,345,8671201
3614,25,1,0,1695,345,8673601
3615,26,0,0,1695,345,8676001
3616,27,1,0,1696,345,8678401
3617,24,0,0,1696,345,8680801
3618,28,0,0,1696,345,8683201
3619,29,1,0,1697,345,8685601
3620,28,1,0,1698,345,8688001
3621,28,2,0,1700,345,8690401
3622,27,0,0,1700,345,8692801
3623,29,0,0,1700,345,8695201
3624,28,0,0,1700,345,8697601
3625,26,2,0,1702,345,8700001
3626,27,1,0,1703,345,8702401
3627,24,1,0,1704,345,8704801
3628,24,0,0,1704,345,8707201
3629,22,2,0,1706,345,8709601
3630,25,0,0,1706,345,8712001
3631,24,1,0,1707,345,8714401
3632,26,0,0,1707,345,8716801
3633,27,0,0,1707,345,8719201
3634,25,1,0,1708,345,8721601
3635,24,1,0,1709,345,8724001
3636,21,0,0,1709,345,8726401
3637,21,0,0,1709,345,8728801
3638,21,0,0,1709,345,8731201
3639,20,0,0,1709,345,8733601
3640,21,1,0,1710,345,8736001
3641,23,1,0,1711,345,8738401
3642,19,2,0,1713,345,8740801
3643,19,1,0,1714,345,8743201
3644,19,0,0,1714,345,8745601
3645,20,0,0,1714,345,8748001
3646,25,2,0,1716,345,8750401
3647,20,2,0,1718,345,8752801
3648,21,0,0,1718,345,8755201
3649,17,0,0,1718,345,8757601
3650,16,0,0,1718,345,8760001
3651,18,0,0,1718,345,8762401
3652,18,1,1,1719,346,8764801
3653,18,0,0,1719,346,8767201
3654,20,0,0,1719,346,8769601
3655,25,0,0,1719,346,8772001
3656,24,0,0,1719,346,8774401
3657,25,0,0,1719,346,8776801
3658,28,0,0,1719,346,8779201
3659,28,0,0,1719,346,8781601
3660,28,0,0,1719,346,8784001
3661,27,0,0,1719,346,8786401
3662,30,0,0,1719,346,8788801
3663,28,0,0,1719,346,8791201
3664,28,0,0,1719,346,8793601
3665,27,0,0,1719,346,8796001
3666,24,2,0,1721,346,8798401
3667,26,0,0,1721,346,8800801
3668,29,3,1,1724,347,8803201
3669,25,3,0,1727,347,8805601
3670,22,1,0,1728,347,8808001
3671,21,1,0,1729,347,8810401
3672,24,0,0,1729,347,8812801
3673,24,0,0,1729,347,8815201
3674,21,2,0,1731,347,8817601
3675,23,0,0,1731,347,8820001
3676,21,0,0,1731,347,8822401
3677,21,0,0,1731,347,8824801
3678,24,0,0,1731,347,8827201
3679,24,0,0,1731,347,8829601
3680,26,0,0,1731,347,8832001
3681,28,0,0,1731,347,8834401
3682,27,0,0,1731,347,8836801
3683,29,0,0,1731,347,8839201
3684,29,1,0,1732,347,8841601
3685,26,0,0,1732,347,8844001
3686,25,3,2,1735,349,8846401
3687,20,2,0,1737,349,8848801
3688,25,0,0,1737,349,8851201
3689,24,0,0,1737,349,8853601
3690,20,2,0,1739,349,8856001
3691,21,0,0,1739,349,8858401
3692,21,0,0,1739,349,8860801
3693,23,1,1,1740,350,8863201
3694,23,0,0,1740,350,8865601
3695,25,1,0,1741,350,8868001
3696,24,1,0,1742,350,8870401
3697,21,0,0,1742,350,8872801
3698,22,1,0,1743,350,8875201
3699,27,0,0,1743,350,8877601
3700,24,0,0,1743,350,8880001
3701,24,0,0,1743,350,8882401
3702,24,0,0,1743,350,8884801
3703,26,0,0,1743,350,8887201
3704,25,0,0,1743,350,8889601
3705,23,1,0,1744,350,8892001
3706,21,1,0,1745,350,8894401
3707,24,1,1,1746,351,8896801
3708,22,0,0,1746,351,8899201
3709,24,0,0,1746,351,8901601
3710,23,0,0,1746,351,8904001
3711,24,0,0,1746,351,8906401
3712,23,0,0,1746,351,8908801
3713,25,0,0,1746,351,8911201
3714,29,1,0,1747,351,8913601
3715,27,1,0,1748,351,8916001
3716,27,0,0,1748,351,8918401
3717,25,1,0,1749,351,8920801
3718,29,1,0,1750,351,8923201
3719,29,1,0,1751,351,8925601
3720,26,1,0,1752,351,8928001
3721,26,1,0,1753,351,8930401
3722,27,1,0,1754,351,8932801
3723,30,0,0,1754,351,8935201
3724,24,0,0,1754,351,8937601
3725,25,0,0,1754,351,8940001
3726,23,0,0,1754,351,8942401
3727,21,1,0,1755,351,8944801
3728,21,2,0,1757,351,8947201
3729,22,1,1,1758,352,8949601
3730,23,0,0,1758,352,8952001
3731,26,0,0,1758,352,8954401
3732,27,1,0,1759,352,8956801
3733,25,1,0,1760,352,8959201
3734,24,0,0,1760,352,8961601
3735,23,0,0,1760,352,8964001
3736,24,0,0,1760,352,8966401
3737,20,2,0,1762,352,8968801
3738,22,0,0,1762,352,8971201
3739,19,3,0,1765,352,8973601
3740,21,0,0,1765,352,8976001
3741,24,0,0,1765,352,8978401
3742,21,0,0,1765,352,8980801
3743,20,0,0,1765,352,8983201
3744,20,1,0,1766,352,8985601
3745,19,0,0,1766,352,8988001
3746,20,0,0,1766,352,8990401
3747,18,1,0,1767,352,8992801
3748,17,2,0,1769,352,8995201
3749,18,0,0,1769,352,8997601
3750,19,1,0,1770,352,9000001
3751,18,0,0,1770,352,9002401
3752,16,0,0,1770,352,9004801
3753,17,1,0,1771,352,9007201
3754,19,1,1,1772,353,9009601
3755,18,0,0,1772,353,9012001
3756,21,1,0,1773,353,9014401
3757,17,2,1,1775,354,9016801
3758,19,1,1,1776,355,9019201
3759,19,0,0,1776,355,9021601
3760,24,0,0,1776,355,9024001
3761,23,1,0,1777,355,9026401
3762,26,1,0,1778,355,9028801
3763,29,0,0,1778,355,9031201
3764,30,1,1,1779,356,9033601
3765,35,1,0,1780,356,9036001
3766,33,0,0,1780,356,9038401
3767,40,1,0,1781,356,9040801
3768,36,0,0,1781,356,9043201
3769,40,0,0,1781,356,9045601
3770,38,0,0,1781,356,9048001
3771,35,1,0,1782,356,9050401
3772,35,0,0,1782,356,9052801
3773,38,3,1,1785,357,9055201
3774,34,0,0,1785,357,9057601
3775,34,1,1,1786,358,9060001
3776,34,1,0,1787,358,9062401
3777,31,2,0,1789,358,9064801
3778,34,2,0,1791,358,9067201
3779,28,2,0,1793,358,9069601
3780,30,1,1,1794,359,9072001
3781,29,0,0,1794,359,9074401
3782,29,1,0,1795,359,9076801
3783,28,0,0,1795,359,9079201
3784,25,2,0,1797,359,9081601
3785,27,1,0,1798,359,9084001
3786,27,0,0,1798,359,9086401
3787,25,0,0,1798,359,9088801
3788,25,0,0,1798,359,9091201
3789,22,1,0,1799,359,9093601
3790,22,0,0,1799,359,9096001
3791,24,2,1,1801,360,9098401
3792,20,0,0,1801,360,9100801
3793,19,1,0,1802,360,9103201
3794,18,1,0,1803,360,9105601
3795,19,0,0,1803,360,9108001
3796,20,1,0,1804,360,9110401
3797,23,2,0,1806,360,9112801
3798,21,2,0,1808,360,9115201
3799,18,2,0,1810,360,9117601
3800,17,1,1,1811,361,9120001
3801,16,0,0,1811,361,9122401
3802,15,1,1,1812,362,9124801
3803,14,1,0,1813,362,9127201
3804,16,0,0,1813,362,9129601
3805,18,1,0,1814,362,9132001
3806,19,0,0,1814,362,9134401
3807,18,0,0,1814,362,9136801
3808,16,0,0,1814,362,9139201
3809,18,1,1,1815,363,9141601
3810,17,0,0,1815,363,9144001
3811,16,1,1,1816,364,9146401
3812,17,0,0,1816,364,9148801
3813,21,0,0,1816,364,9151201
3814,19,2,0,1818,364,9153601
3815,18,0,0,1818,364,9156001
3816,19,0,0,1818,364,9158401
3817,18,0,0,1818,364,9160801
3818,20,0,0,1818,364,9163201
3819,22,0,0,1818,364,9165601
3820,25,1,0,1819,364,9168001
3821,23,1,0,1820,364,9170401
3822,22,0,0,1820,364,9172801
3823,27,0,0,1820,364,9175201
3824,29,1,0,1821,364,9177601
3825,32,1,0,1822,364,9180001
3826,32,0,0,1822,364,9182401
3827,35,1,0,1823,364,9184801
3828,31,1,0,1824,364,9187201
3829,30,2,0,1826,364,9189601
3830,33,2,1,1828,365,9192001
3831,31,1,0,1829,365,9194401
3832,33,0,0,1829,365,9196801
3833,33,1,0,1830,365,9199201
3834,30,2,1,1832,366,9201601
3835,30,2,0,1834,366,9204001
3836,31,0,0,1834,366,9206401
3837,31,0,0,1834,366,9208801
3838,29,1,0,1835,366,9211201
3839,32,0,0,1835,366,9213601
3840,28,1,0,1836,366,9216001
3841,27,0,0,1836,366,9218401
3842,30,2,0,1838,366,9220801
3843,30,1,0,1839,366,9223201
3844,32,1,0,1840,366,9225601
3845,31,3,0,1843,366,9228001
3846,29,2,0,1845,366,9230401
3847,29,0,0,1845,366,9232801
3848,28,0,0,1845,366,9235201
3849,30,0,0,1845,366,9237601
3850,23,0,0,1845,366,9240001
3851,26,0,0,1845,366,9242401
3852,23,3,0,1848,366,9244801
3853,25,0,0,1848,366,9247201
3854,22,2,0,1850,366,9249601
3855,23,0,0,1850,366,9252001
3856,20,1,1,1851,367,9254401
3857,23,0,0,1851,367,9256801
3858,23,1,0,1852,367,9259201
3859,21,0,0,1852,367,9261601
3860,20,1,0,1853,367,9264001
3861,24,0,0,1853,367,9266401
3862,24,1,0,1854,367,9268801
3863,24,1,0,1855,367,9271201
3864,27,1,0,1856,367,9273601
3865,23,1,0,1857,367,9276001
3866,24,2,0,1859,367,9278401
3867,24,0,0,1859,367,9280801
3868,25,0,0,1859,367,9283201
3869,27,0,0,1859,367,9285601
3870,26,0,0,1859,367,9288001
3871,30,0,0,1859,367,9290401
3872,29,1,0,1860,367,9292801
3873,29,0,0,1860,367,9295201
3874,29,1,0,1861,367,9297601
3875,29,3,0,1864,367,9300001
3876,24,1,0,1865,367,9302401
3877,25,0,0,1865,367,9304801
3878,22,1,0,1866,367,9307201
3879,22,0,0,1866,367,9309601
3880,22,0,0,1866,367,9312001
3881,22,0,0,1866,367,9314401
3882,22,3,0,1869,367,9316801
3883,22,2,0,1871,367,9319201
3884,26,1,0,1872,367,9321601
3885,22,1,0,1873,367,9324001
3886,22,1,0,1874,367,9326401
3887,19,2,1,1876,368,9328801
3888,20,1,0,1877,368,9331201
3889,18,2,1,1879,369,9333601
3890,20,0,0,1879,369,9336001
3891,21,0,0,1879,369,9338401
3892,22,1,0,1880,369,9340801
3893,20,0,0,1880,369,9343201
3894,23,0,0,1880,369,9345601
3895,25,0,0,1880,369,9348001
3896,27,0,0,1880,369,9350401
3897,26,0,0,1880,369,9352801
3898,31,1,0,1881,369,9355201
3899,23,1,0,1882,369,9357601
3900,22,2,1,1884,370,9360001
3901,26,0,0,1884,370,9362401
3902,23,0,0,1884,370,9364801
3903,22,0,0,1884,370,9367201
3904,20,2,0,1886,370,9369601
3905,20,0,0,1886,370,9372001
3906,19,1,0,1887,370,9374401
3907,20,0,0,1887,370,9376801
3908,20,1,0,1888,370,9379201
3909,22,0,0,1888,370,9381601
3910,21,0,0,1888,370,9384001
3911,19,1,0,1889,370,9386401
3912,23,0,0,1889,370,9388801
3913,21,1,0,1890,370,9391201
3914,22,0,0,1890,370,9393601
3915,25,0,0,1890,370,9396001
3916,25,1,0,1891,370,9398401
3917,25,0,0,1891,370,9400801
3918,26,0,0,1891,370,9403201
3919,29,1,0,1892,370,9405601
3920,26,1,0,1893,370,9408001
3921,27,1,0,1894,370,9410401
3922,26,1,0,1895,370,9412801
3923,22,4,0,1899,370,9415201
3924,24,1,0,1900,370,9417601
3925,25,0,0,1900,370,9420001
3926,25,1,0,1901,370,9422401
3927,24,0,0,1901,370,9424801
3928,21,0,0,1901,370,9427201
3929,24,0,0,1901,370,9429601
3930,22,1,0,1902,370,9432001
3931,23,1,0,1903,370,9434401
3932,21,3,0,1906,370,9436801
3933,23,0,0,1906,370,9439201
3934,22,0,0,1906,370,9441601
3935,19,0,0,1906,370,9444001
3936,20,0,0,1906,370,9446401
3937,21,0,0,1906,370,9448801
3938,22,0,0,1906,370,9451201
3939,21,0,0,1906,370,9453601
3940,21,1,0,1907,370,9456001
3941,21,0,0,1907,370,9458401
3942,24,0,0,1907,370,9460801
3943,21,0,0,1907,370,9463201
3944,22,0,0,1907,370,9465601
3945,21,1,0,1908,370,9468001
3946,19,0,0,1908,370,9470401
3947,22,1,0,1909,370,9472801
3948,21,1,0,1910,370,9475201
3949,24,1,0,1911,370,9477601
3950,23,0,0,1911,370,9480001
3951,22,0,0,1911,370,9482401
3952,23,0,0,1911,370,9484801
3953,23,1,0,1912,370,9487201
3954,21,1,0,1913,370,9489601
3955,22,0,0,1913,370,9492001
3956,18,0,0,1913,370,9494401
3957,18,0,0,1913,370,9496801
3958,18,0,0,1913,370,9499201
3959,19,0,0,1913,370,9501601
3960,18,0,0,1913,370,9504001
3961,19,1,0,1914,370,9506401
3962,19,0,0,1914,370,9508801
3963,22,1,0,1915,370,9511201
3964,19,1,0,1916,370,9513601
3965,18,0,0,1916,370,9516001
3966,20,0,0,1916,370,9518401
3967,18,1,0,1917,370,9520801
3968,18,0,0,1917,370,9523201
3969,19,0,0,1917,370,9525601
3970,22,0,0,1917,370,9528001
3971,21,1,1,1918,371,9530401
3972,21,2,0,1920,371,9532801
3973,19,0,0,1920,371,9535201
3974,19,1,0,1921,371,9537601
3975,18,0,0,1921,371,9540001
3976,19,1,0,1922,371,9542401
3977,19,0,0,1922,371,9544801
3978,22,0,0,1922,371,9547201
3979,23,0,0,1922,371,9549601
3980,20,2,0,1924,371,9552001
3981,18,0,0,1924,371,9554401
3982,22,1,1,1925,372,9556801
3983,18,0,0,1925,372,9559201
3984,19,0,0,1925,372,9561601
3985,20,0,0,1925,372,9564001
3986,21,0,0,1925,372,9566401
3987,23,1,0,1926,372,9568801
3988,23,0,0,1926,372,9571201
3989,25,0,0,1926,372,9573601
3990,28,0,0,1926,372,9576001
3991,29,1,0,1927,372,9578401
3992,30,0,0,1927,372,9580801
3993,30,0,0,1927,372,9583201
3994,33,1,1,1928,373,9585601
3995,32,1,0,1929,373,9588001
3996,28,2,0,1931,373,9590401
3997,29,1,0,1932,373,9592801
3998,28,0,0,1932,373,9595201
3999,29,0,0,1932,373,9597601
4000,30,0,0,1932,373,9600001
4001,28,3,0,1935,373,9602401
4002,27,0,0,1935,373,9604801
4003,26,1,0,1936,373,9607201
4004,25,0,0,1936,373,9609601
4005,28,2,0,1938,373,9612001
4006,27,1,0,1939,373,9614401
4007,27,0,0,1939,373,9616801
4008,26,1,0,1940,373,9619201
4009,25,1,0,1941,373,9621601
4010,27,0,0,1941,373,9624001
4011,25,0,0,1941,373,9626401
4012,24,1,0,1942,373,9628801
4013,24,0,0,1942,373,9631201
4014,25,0,0,1942,373,9633601
4015,27,1,0,1943,373,9636001
4016,25,0,0,1943,373,9638401
4017,27,0,0,1943,373,9640801
4018,24,1,0,1944,373,9643201
4019,25,1,0,1945,373,9645601
4020,25,0,0,1945,373,9648001
4021,22,1,0,1946,373,9650401
4022,24,0,0,1946,373,9652801
4023,24,0,0,1946,373,9655201
4024,24,0,0,1946,373,9657601
4025,25,1,0,1947,373,9660001
4026,25,0,0,1947,373,9662401
4027,24,0,0,1947,373,9664801
4028,23,1,0,1948,373,9667201
4029,25,1,0,1949,373,9669601
4030,21,3,0,1952,373,9672001
4031,21,0,0,1952,373,9674401
4032,22,0,0,1952,373,9676801
4033,23,0,0,1952,373,9679201
4034,24,0,0,1952,373,9681601
4035,21,1,0,1953,373,9684001
4036,22,0,0,1953,373,9686401
4037,24,2,2,1955,375,9688801
4038,24,1,0,1956,375,9691201
4039,23,2,0,1958,375,9693601
4040,22,1,0,1959,375,9696001
4041,23,0,0,1959,375,9698401
4042,21,0,0,1959,375,9700801
4043,20,0,0,1959,375,9703201
4044,21,0,0,1959,375,9705601
4045,24,0,0,1959,375,9708001
4046,24,0,0,1959,375,9710401
4047,22,0,0,1959,375,9712801
4048,22,1,0,1960,375,9715201
4049,25,0,0,1960,375,9717601
4050,23,0,0,1960,375,9720001
4051,24,0,0,1960,375,9722401
4052,28,0,0,1960,375,9724801
4053,23,0,0,1960,375,9727201
4054,25,1,0,1961,375,9729601
4055,23,1,0,1962,375,9732001
4056,24,1,0,1963,375,9734401
4057,23,0,0,1963,375,9736801
4058,24,1,0,1964,375,9739201
4059,24,2,0,1966,375,9741601
4060,23,2,0,1968,375,9744001
4061,24,0,0,1968,375,9746401
4062,23,1,0,1969,375,9748801
4063,24,0,0,1969,375,9751201
4064,24,1,0,1970,375,9753601
4065,22,1,0,1971,375,9756001
4066,21,1,0,1972,375,9758401
4067,18,2,0,1974,375,9760801
4068,19,1,0,1975,375,9763201
4069,20,0,0,1975,375,9765601
4070,19,0,0,1975,375,9768001
4071,19,1,0,1976,375,9770401
4072,22,0,0,1976,375,9772801
4073,21,0,0,1976,375,9775201
4074,18,0,0,1976,375,9777601
4075,22,1,0,1977,375,9780001
4076,22,0,0,1977,375,9782401
4077,22,0,0,1977,375,9784801
4078,24,0,0,1977,375,9787201
4079,26,0,0,1977,375,9789601
4080,22,0,0,1977,375,9792001
4081,23,1,0,1978,375,9794401
4082,25,0,0,1978,375,9796801
4083,25,2,0,1980,375,9799201
4084,26,0,0,1980,375,9801601
4085,25,1,0,1981,375,9804001
4086,23,2,0,1983,375,9806401
4087,24,1,0,1984,375,9808801
4088,19,0,0,1984,375,9811201
4089,21,1,0,1985,375,9813601
4090,20,1,0,1986,375,9816001
4091,19,1,0,1987,375,9818401
4092,19,0,0,1987,375,9820801
4093,18,0,0,1987,375,9823201
4094,17,0,0,1987,375,9825601
4095,18,0,0,1987,375,9828001
4096,17,1,0,1988,375,9830401
4097,22,0,0,1988,375,9832801
4098,19,0,0,1988,375,9835201
4099,19,0,0,1988,375,9837601
4100,19,0,0,1988,375,9840001
4101,18,0,0,1988,375,9842401
4102,18,0,0,1988,375,9844801
4103,18,1,1,1989,376,9847201
4104,17,1,0,1990,376,9849601
4105,16,0,0,1990,376,9852001
4106,18,0,0,1990,376,9854401
4107,21,0,0,1990,376,9856801
4108,20,0,0,1990,376,9859201
4109,20,0,0,1990,376,9861601
4110,19,1,0,1991,376,9864001
4111,20,0,0,1991,376,9866401
4112,20,1,0,1992,376,9868801
4113,23,0,0,1992,376,9871201
4114,18,2,0,1994,376,9873601
4115,21,1,0,1995,376,9876001
4116,21,0,0,1995,376,9878401
4117,23,1,1,1996,377,9880801
4118,23,0,0,1996,377,9883201
4119,27,0,0,1996,377,9885601
4120,24,1,1,1997,378,9888001
4121,27,1,0,1998,378,9890401
4122,24,1,0,1999,378,9892801
4123,24,0,0,1999,378,9895201
4124,24,2,1,2001,379,9897601
4125,25,0,0,2001,379,9900001
4126,25,1,0,2002,379,9902401
4127,30,1,0,2003,379,9904801
4128,30,1,0,2004,379,9907201
4129,30,0,0,2004,379,9909601
4130,29,1,0,2005,379,9912001
4131,26,0,0,2005,379,9914401
4132,26,0,0,2005,379,9916801
4133,26,1,0,2006,379,9919201
4134,22,0,0,2006,379,9921601
4135,21,3,0,2009,379,9924001
4136,20,2,0,2011,379,9926401
4137,21,0,0,2011,379,9928801
4138,19,1,1,2012,380,9931201
4139,20,0,0,2012,380,9933601
4140,20,0,0,2012,380,9936001
4141,19,0,0,2012,380,9938401
4142,22,0,0,2012,380,9940801
4143,23,0,0,2012,380,9943201
4144,24,1,0,2013,380,9945601
4145,25,1,0,2014,380,9948001
4146,23,1,0,2015,380,9950401
4147,25,3,0,2018,380,9952801
4148,23,1,0,2019,380,9955201
4149,25,0,0,2019,380,9957601
4150,24,0,0,2019,380,9960001
4151,28,1,0,2020,380,9962401
4152,32,0,0,2020,380,9964801
4153,24,1,0,2021,380,9967201
4154,24,1,0,2022,380,9969601
4155,24,3,0,2025,380,9972001
4156,20,1,0,2026,380,9974401
4157,21,1,0,2027,380,9976801
4158,19,1,0,2028,380,9979201
4159,18,1,0,2029,380,9981601
4160,19,0,0,2029,380,9984001
4161,21,0,0,2029,380,9986401
4162,18,2,0,2031,380,9988801
4163,18,0,0,2031,380,9991201
4164,21,0,0,2031,380,9993601
4165,20,0,0,2031,380,9996001
4166,17,0,0,2031,380,9998401
4167,18,0,0,2031,380,10000801
4168,19,0,0,2031,380,10003201
4169,21,0,0,2031,380,10005601
4170,21,1,1,2032,381,10008001
4171,20,0,0,2032,381,10010401
4172,23,0,0,2032,381,10012801
4173,25,1,0,2033,381,10015201
4174,24,0,0,2033,381,10017601
4175,28,1,1,2034,382,10020001
4176,28,1,0,2035,382,10022401
4177,28,1,0,2036,382,10024801
4178,31,0,0,2036,382,10027201
4179,25,0,0,2036,382,10029601
4180,26,1,0,2037,382,10032001
4181,23,2,0,2039,382,10034401
4182,22,0,0,2039,382,10036801
4183,22,1,0,2040,382,10039201
4184,18,1,0,2041,382,10041601
4185,19,1,0,2042,382,10044001
4186,17,0,0,2042,382,10046401
4187,19,0,0,2042,382,10048801
4188,21,1,0,2043,382,10051201
4189,18,0,0,2043,382,10053601
4190,18,1,1,2044,383,10056001
4191,20,0,0,2044,383,10058401
4192,17,1,0,2045,383,10060801
4193,20,0,0,2045,383,10063201
4194,18,2,1,2047,384,10065601
4195,16,0,0,2047,384,10068001
4196,17,2,0,2049,384,10070401
4197,17,1,1,2050,385,10072801
4198,17,2,0,2052,385,10075201
4199,18,0,0,2052,385,10077601
4200,19,0,0,2052,385,10080001
4201,18,2,0,2054,385,10082401
4202,20,0,0,2054,385,10084801
4203,20,0,0,2054,385,10087201
4204,19,2,0,2056,385,10089601
4205,18,0,0,2056,385,10092001
4206,19,0,0,2056,385,10094401
4207,19,1,0,2057,385,10096801
4208,19,0,0,2057,385,10099201
4209,18,1,1,2058,386,10101601
4210,18,1,0,2059,386,10104001
4211,19,1,0,2060,386,10106401
4212,23,0,0,2060,386,10108801
4213,22,1,0,2061,386,10111201
4214,24,0,0,2061,386,10113601
4215,22,0,0,2061,386,10116001
4216,22,0,0,2061,386,10118401
4217,24,1,0,2062,386,10120801
4218,23,1,0,2063,386,10123201
4219,22,2,0,2065,386,10125601
4220,20,1,0,2066,386,10128001
4221,17,0,0,2066,386,10130401
4222,17,1,0,2067,386,10132801
4223,18,0,0,2067,386,10135201
4224,17,1,0,2068,386,10137601
4225,19,0,0,2068,386,10140001
4226,17,0,0,2068,386,10142401
4227,16,0,0,2068,386,10144801
4228,15,1,0,2069,386,10147201
4229,15,0,0,2069,386,10149601
4230,18,1,0,2070,386,10152001
4231,17,1,1,2071,387,10154401
4232,22,1,0,2072,387,10156801
4233,23,0,0,2072,387,10159201
4234,21,0,0,2072,387,10161601
4235,21,0,0,2072,387,10164001
4236,21,1,0,2073,387,10166401
4237,19,2,0,2075,387,10168801
4238,16,2,0,2077,387,10171201
4239,15,1,0,2078,387,10173601
4240,17,0,0,2078,387,10176001
4241,17,0,0,2078,387,10178401
4242,16,0,0,2078,387,10180801
4243,18,0,0,2078,387,10183201
4244,15,1,0,2079,387,10185601
4245,15,0,0,2079,387,10188001
4246,16,0,0,2079,387,10190401
4247,18,0,0,2079,387,10192801
4248,16,0,0,2079,387,10195201
4249,18,0,0,2079,387,10197601
4250,18,0,0,2079,387,10200001
4251,19,0,0,2079,387,10202401
4252,20,0,0,2079,387,10204801
4253,23,0,0,2079,387,10207201
4254,19,0,0,2079,387,10209601
4255,21,0,0,2079,387,10212001
4256,21,0,0,2079,387,10214401
4257,21,0,0,2079,387,10216801
4258,22,0,0,2079,387,10219201
4259,25,0,0,2079,387,10221601
4260,27,0,0,2079,387,10224001
4261,27,0,0,2079,387,10226401
4262,32,1,0,2080,387,10228801
4263,28,0,0,2080,387,10231201
4264,26,0,0,2080,387,10233601
4265,24,0,0,2080,387,10236001
4266,26,0,0,2080,387,10238401
4267,27,1,1,2081,388,10240801
4268,27,0,0,2081,388,10243201
4269,29,0,0,2081,388,10245601
4270,29,0,0,2081,388,10248001
4271,29,1,0,2082,388,10250401
4272,29,1,0,2083,388,10252801
4273,25,1,1,2084,389,10255201
4274,29,0,0,2084,389,10257601
4275,29,1,0,2085,389,10260001
4276,24,0,0,2085,389,10262401
4277,21,1,0,2086,389,10264801
4278,22,1,0,2087,389,10267201
4279,18,1,0,2088,389,10269601
4280,20,1,0,2089,389,10272001
4281,19,2,1,2091,390,10274401
4282,18,2,0,2093,390,10276801
4283,21,0,0,2093,390,10279201
4284,19,0,0,2093,390,10281601
4285,19,2,0,2095,390,10284001
4286,19,0,0,2095,390,10286401
4287,17,3,0,2098,390,10288801
4288,21,0,0,2098,390,10291201
4289,17,0,0,2098,390,10293601
4290,19,0,0,2098,390,10296001
4291,15,2,0,2100,390,10298401
4292,16,0,0,2100,390,10300801
4293,15,1,0,2101,390,10303201
4294,14,0,0,2101,390,10305601
4295,17,0,0,2101,390,10308001
4296,19,0,0,2101,390,10310401
4297,19,0,0,2101,390,10312801
4298,15,1,0,2102,390,10315201
4299,15,2,1,2104,391,10317601
4300,16,0,0,2104,391,10320001
4301,17,1,1,2105,392,10322401
4302,19,1,0,2106,392,10324801
4303,18,0,0,2106,392,10327201
4304,19,0,0,2106,392,10329601
4305,17,2,1,2108,393,10332001
4306,20,0,0,2108,393,10334401
4307,20,0,0,2108,393,10336801
4308,18,1,0,2109,393,10339201
4309,20,0,0,2109,393,10341601
4310,19,0,0,2109,393,10344001
4311,20,0,0,2109,393,10346401
4312,19,1,0,2110,393,10348801
4313,17,1,0,2111,393,10351201
4314,15,0,0,2111,393,10353601
4315,16,0,0,2111,393,10356001
4316,18,0,0,2111,393,10358401
4317,17,0,0,2111,393,10360801
4318,17,0,0,2111,393,10363201
4319,17,2,0,2113,393,10365601
4320,18,0,0,2113,393,10368001
4321,24,0,0,2113,393,10370401
4322,23,2,0,2115,393,10372801
4323,25,0,0,2115,393,10375201
4324,25,0,0,2115,393,10377601
4325,24,2,0,2117,393,10380001
4326,23,0,0,2117,393,10382401
4327,25,0,0,2117,393,10384801
4328,25,1,0,2118,393,10387201
4329,24,0,0,2118,393,10389601
4330,23,0,0,2118,393,10392001
4331,23,0,0,2118,393,10394401
4332,29,0,0,2118,393,10396801
4333,28,0,0,2118,393,10399201
4334,30,0,0,2118,393,10401601
4335,28,0,0,2118,393,10404001
4336,30,0,0,2118,393,10406401
4337,24,0,0,2118,393,10408801
4338,24,0,0,2118,393,10411201
4339,26,0,0,2118,393,10413601
4340,30,0,0,2118,393,10416001
4341,29,0,0,2118,393,10418401
4342,29,0,0,2118,393,10420801
4343,25,1,0,2119,393,10423201
4344,25,1,0,2120,393,10425601
4345,22,1,0,2121,393,10428001
4346,21,1,0,2122,393,10430401
4347,20,0,0,2122,393,10432801
4348,22,1,0,2123,393,10435201
4349,20,2,0,2125,393,10437601
4350,18,1,0,2126,393,10440001
4351,20,2,0,2128,393,10442401
4352,20,0,0,2128,393,10444801
4353,20,0,0,2128,393,10447201
4354,18,1,0,2129,393,10449601
4355,20,0,0,2129,393,10452001
4356,20,1,0,2130,393,10454401
4357,24,1,1,2131,394,10456801
4358,20,0,0,2131,394,10459201
4359,19,0,0,2131,394,10461601
4360,17,2,0,2133,394,10464001
4361,19,0,0,2133,394,10466401
4362,18,0,0,2133,394,10468801
4363,20,0,0,2133,394,10471201
4364,17,1,0,2134,394,10473601
4365,19,0,0,2134,394,10476001
4366,18,0,0,2134,394,10478401
4367,21,0,0,2134,394,10480801
4368,20,0,0,2134,394,10483201
4369,18,0,0,2134,394,10485601
4370,20,0,0,2134,394,10488001
4371,21,1,0,2135,394,10490401
4372,20,0,0,2135,394,10492801
4373,19,1,0,2136,394,10495201
4374,20,0,0,2136,394,10497601
4375,19,2,0,2138,394,10500001
4376,20,1,0,2139,394,10502401
4377,20,1,0,2140,394,10504801
4378,20,0,0,2140,394,10507201
4379,19,0,0,2140,394,10509601
4380,18,0,0,2140,394,10512001
4381,19,1,0,2141,394,10514401
4382,18,0,0,2141,394,10516801
4383,19,0,0,2141,394,10519201
4384,22,0,0,2141,394,10521601
4385,24,0,0,2141,394,10524001
4386,22,0,0,2141,394,10526401
4387,21,0,0,2141,394,10528801
4388,27,0,0,2141,394,10531201
4389,23,0,0,2141,394,10533601
4390,23,1,0,2142,394,10536001
4391,21,0,0,2142,394,10538401
4392,19,0,0,2142,394,10540801
4393,20,0,0,2142,394,10543201
4394,21,0,0,2142,394,10545601
4395,17,0,0,2142,394,10548001
4396,18,0,0,2142,394,10550401
4397,19,0,0,2142,394,10552801
4398,20,0,0,2142,394,10555201
4399,18,0,0,2142,394,10557601
4400,17,1,0,2143,394,10560001
4401,17,1,0,2144,394,10562401
4402,18,0,0,2144,394,10564801
4403,17,0,0,2144,394,10567201
4404,18,1,1,2145,395,10569601
4405,17,0,0,2145,395,10572001
4406,19,0,0,2145,395,10574401
4407,17,0,0,2145,395,10576801
4408,16,0,0,2145,395,10579201
4409,18,0,0,2145,395,10581601
4410,18,0,0,2145,395,10584001
4411,17,0,0,2145,395,10586401
4412,18,1,0,2146,395,10588801
4413,18,0,0,2146,395,10591201
4414,22,0,0,2146,395,10593601
4415,23,0,0,2146,395,10596001
4416,19,1,0,2147,395,10598401
4417,22,0,0,2147,395,10600801
4418,22,0,0,2147,395,10603201
4419,19,1,0,2148,395,10605601
4420,18,0,0,2148,395,10608001
4421,22,0,0,2148,395,10610401
4422,20,0,0,2148,395,10612801
4423,17,2,0,2150,395,10615201
4424,18,0,0,2150,395,10617601
4425,20,0,0,2150,395,10620001
4426,20,0,0,2150,395,10622401
4427,21,0,0,2150,395,10624801
4428,26,0,0,2150,395,10627201
4429,29,0,0,2150,395,10629601
4430,27,2,0,2152,395,10632001
4431,24,0,0,2152,395,10634401
4432,22,2,0,2154,395,10636801
4433,23,1,1,2155,396,10639201
4434,22,1,1,2156,397,10641601
4435,25,1,0,2157,397,10644001
4436,23,0,0,2157,397,10646401
4437,25,0,0,2157,397,10648801
4438,17,1,0,2158,397,10651201
4439,18,1,0,2159,397,10653601
4440,18,0,0,2159,397,10656001
4441,19,0,0,2159,397,10658401
4442,18,1,0,2160,397,10660801
4443,20,1,0,2161,397,10663201
4444,19,0,0,2161,397,10665601
4445,18,1,0,2162,397,10668001
4446,17,1,0,2163,397,10670401
4447,21,0,0,2163,397,10672801
4448,20,1,0,2164,397,10675201
4449,20,0,0,2164,397,10677601
4450,22,0,0,2164,397,10680001
4451,23,0,0,2164,397,10682401
4452,25,0,0,2164,397,10684801
4453,26,0,0,2164,397,10687201
4454,26,1,0,2165,397,10689601
4455,26,0,0,2165,397,10692001
4456,23,0,0,2165,397,10694401
4457,21,0,0,2165,397,10696801
4458,20,2,0,2167,397,10699201
4459,21,0,0,2167,397,10701601
4460,24,0,0,2167,397,10704001
4461,25,0,0,2167,397,10706401
4462,25,0,0,2167,397,10708801
4463,27,0,0,2167,397,10711201
4464,29,0,0,2167,397,10713601
4465,28,0,0,2167,397,10716001
4466,28,1,0,2168,397,10718401
4467,24,0,0,2168,397,10720801
4468,27,0,0,2168,397,10723201
4469,27,0,0,2168,397,10725601
4470,25,0,0,2168,397,10728001
4471,25,0,0,2168,397,10730401
4472,27,1,0,2169,397,10732801
4473,25,0,0,2169,397,10735201
4474,26,2,0,2171,397,10737601
4475,26,0,0,2171,397,10740001
4476,26,0,0,2171,397,10742401
4477,25,0,0,2171,397,10744801
4478,24,1,0,2172,397,10747201
4479,22,2,0,2174,397,10749601
4480,17,1,0,2175,397,10752001
4481,18,1,0,2176,397,10754401
4482,17,1,1,2177,398,10756801
4483,16,3,0,2180,398,10759201
4484,19,0,0,2180,398,10761601
4485,17,0,0,2180,398,10764001
4486,16,1,0,2181,398,10766401
4487,15,0,0,2181,398,10768801
4488,17,2,1,2183,399,10771201
4489,16,1,0,2184,399,10773601
4490,17,0,0,2184,399,10776001
4491,17,0,0,2184,399,10778401
4492,17,0,0,2184,399,10780801
4493,23,0,0,2184,399,10783201
4494,21,0,0,2184,399,10785601
4495,22,0,0,2184,399,10788001
4496,22,1,0,2185,399,10790401
4497,25,0,0,2185,399,10792801
4498,25,0,0,2185,399,10795201
4499,25,0,0,2185,399,10797601
4500,22,1,0,2186,399,10800001
4501,22,1,0,2187,399,10802401
4502,22,1,0,2188,399,10804801
4503,21,0,0,2188,399,10807201
4504,24,0,0,2188,399,10809601
4505,22,4,0,2192,399,10812001
4506,22,0,0,2192,399,10814401
4507,19,1,0,2193,399,10816801
4508,19,0,0,2193,399,10819201
4509,20,0,0,2193,399,10821601
4510,19,0,0,2193,399,10824001
4511,20,1,0,2194,399,10826401
4512,20,1,0,2195,399,10828801
4513,20,0,0,2195,399,10831201
4514,18,1,0,2196,399,10833601
4515,19,0,0,2196,399,10836001
4516,19,1,1,2197,400,10838401
4517,18,2,1,2199,401,10840801
4518,20,0,0,2199,401,10843201
4519,19,0,0,2199,401,10845601
4520,22,0,0,2199,401,10848001
4521,20,1,0,2200,401,10850401
4522,20,0,0,2200,401,10852801
4523,18,1,0,2201,401,10855201
4524,17,0,0,2201,401,10857601
4525,19,2,0,2203,401,10860001
4526,16,0,0,2203,401,10862401
4527,16,0,0,2203,401,10864801
4528,17,0,0,2203,401,10867201
4529,18,0,0,2203,401,10869601
4530,19,0,0,2203,401,10872001
4531,21,0,0,2203,401,10874401
4532,19,0,0,2203,401,10876801
4533,19,0,0,2203,401,10879201
4534,21,0,0,2203,401,10881601
4535,20,1,0,2204,401,10884001
4536,20,0,0,2204,401,10886401
4537,22,1,0,2205,401,10888801
4538,21,1,0,2206,401,10891201
4539,19,0,0,2206,401,10893601
4540,22,0,0,2206,401,10896001
4541,25,1,0,2207,401,10898401
4542,25,0,0,2207,401,10900801
4543,25,0,0,2207,401,10903201
4544,24,0,0,2207,401,10905601
4545,24,0,0,2207,401,10908001
4546,27,0,0,2207,401,10910401
4547,24,3,0,2210,401,10912801
4548,23,0,0,2210,401,10915201
4549,22,0,0,2210,401,10917601
4550,25,0,0,2210,401,10920001
4551,20,0,0,2210,401,10922401
4552,22,0,0,2210,401,10924801
4553,19,0,0,2210,401,10927201
4554,17,0,0,2210,401,10929601
4555,16,0,0,2210,401,10932001
4556,18,0,0,2210,401,10934401
4557,18,1,0,2211,401,10936801
4558,16,0,0,2211,401,10939201
4559,16,0,0,2211,401,10941601
4560,18,1,0,2212,401,10944001
4561,17,1,0,2213,401,10946401
4562,16,0,0,2213,401,10948801
4563,15,0,0,2213,401,10951201
4564,16,0,0,2213,401,10953601
4565,15,0,0,2213,401,10956001
4566,15,0,0,2213,401,10958401
4567,15,0,0,2213,401,10960801
4568,19,0,0,2213,401,10963201
4569,19,0,0,2213,401,10965601
4570,22,0,0,2213,401,10968001
4571,21,1,0,2214,401,10970401
4572,19,0,0,2214,401,10972801
4573,23,1,0,2215,401,10975201
4574,25,1,0,2216,401,10977601
4575,23,0,0,2216,401,10980001
4576,23,0,0,2216,401,10982401
4577,27,0,0,2216,401,10984801
4578,29,2,1,2218,402,10987201
4579,25,0,0,2218,402,10989601
4580,26,0,0,2218,402,10992001
4581,25,0,0,2218,402,10994401
4582,31,2,1,2220,403,10996801
4583,29,1,0,2221,403,10999201
4584,23,0,0,2221,403,11001601
4585,25,0,0,2221,403,11004001
4586,24,0,0,2221,403,11006401
4587,24,1,0,2222,403,11008801
4588,23,0,0,2222,403,11011201
4589,22,0,0,2222,403,11013601
4590,23,1,0,2223,403,11016001
4591,22,1,0,2224,403,11018401
4592,23,0,0,2224,403,11020801
4593,22,0,0,2224,403,11023201
4594,20,0,0,2224,403,11025601
4595,23,0,0,2224,403,11028001
4596,21,2,0,2226,403,11030401
4597,21,0,0,2226,403,11032801
4598,21,0,0,2226,403,11035201
4599,21,0,0,2226,403,11037601
4600,19,0,0,2226,403,11040001
4601,19,0,0,2226,403,11042401
4602,19,0,0,2226,403,11044801
4603,17,2,0,2228,403,11047201
4604,17,0,0,2228,403,11049601
4605,19,0,0,2228,403,11052001
4606,18,1,0,2229,403,11054401
4607,17,0,0,2229,403,11056801
4608,18,2,0,2231,403,11059201
4609,18,0,0,2231,403,11061601
4610,20,0,0,2231,403,11064001
4611,17,2,0,2233,403,11066401
4612,18,0,0,2233,403,11068801
4613,17,1,0,2234,403,11071201
4614,18,0,0,2234,403,11073601
4615,19,0,0,2234,403,11076001
4616,15,3,0,2237,403,11078401
4617,18,0,0,2237,403,11080801
4618,18,0,0,2237,403,11083201
4619,17,2,0,2239,403,11085601
4620,16,0,0,2239,403,11088001
4621,18,0,0,2239,403,11090401
4622,18,1,0,2240,403,11092801
4623,18,1,0,2241,403,11095201
4624,21,0,0,2241,403,11097601
4625,21,0,0,2241,403,11100001
4626,21,0,0,2241,403,11102401
4627,26,0,0,2241,403,11104801
4628,23,0,0,2241,403,11107201
4629,20,0,0,2241,403,11109601
4630,22,1,0,2242,403,11112001
4631,24,0,0,2242,403,11114401
4632,24,0,0,2242,403,11116801
4633,24,0,0,2242,403,11119201
4634,23,0,0,2242,403,11121601
4635,24,0,0,2242,403,11124001
4636,22,1,0,2243,403,11126401
4637,22,2,0,2245,403,11128801
4638,20,1,0,2246,403,11131201
4639,18,1,0,2247,403,11133601
4640,15,1,0,2248,403,11136001
4641,16,0,0,2248,403,11138401
4642,19,0,0,2248,403,11140801
4643,16,0,0,2248,403,11143201
4644,19,0,0,2248,403,11145601
4645,19,0,0,2248,403,11148001
4646,18,0,0,2248,403,11150401
4647,17,1,0,2249,403,11152801
4648,21,0,0,2249,403,11155201
4649,19,0,0,2249,403,11157601
4650,18,0,0,2249,403,11160001
4651,18,1,1,2250,404,11162401
4652,18,1,0,2251,404,11164801
4653,18,0,0,2251,404,11167201
4654,19,1,0,2252,404,11169601
4655,18,0,0,2252,404,11172001
4656,17,0,0,2252,404,11174401
4657,17,1,1,2253,405,11176801
4658,18,0,0,2253,405,11179201
4659,17,0,0,2253,405,11181601
4660,19,1,0,2254,405,11184001
4661,19,1,0,2255,405,11186401
4662,17,0,0,2255,405,11188801
4663,19,0,0,2255,405,11191201
4664,17,0,0,2255,405,11193601
4665,18,0,0,2255,405,11196001
4666,18,0,0,2255,405,11198401
4667,17,0,0,2255,405,11200801
4668,18,0,0,2255,405,11203201
4669,15,0,0,2255,405,11205601
4670,16,0,0,2255,405,11208001
4671,16,0,0,2255,405,11210401
4672,13,0,0,2255,405,11212801
4673,13,0,0,2255,405,11215201
4674,16,0,0,2255,405,11217601
4675,15,0,0,2255,405,11220001
4676,14,1,0,2256,405,11222401
4677,15,0,0,2256,405,11224801
4678,18,1,0,2257,405,11227201
4679,18,0,0,2257,405,11229601
4680,17,0,0,2257,405,11232001
4681,17,1,1,2258,406,11234401
4682,19,0,0,2258,406,11236801
4683,17,0,0,2258,406,11239201
4684,17,0,0,2258,406,11241601
4685,19,0,0,2258,406,11244001
4686,21,0,0,2258,406,11246401
4687,19,1,0,2259,406,11248801
4688,18,0,0,2259,406,11251201
4689,17,0,0,2259,406,11253601
4690,20,0,0,2259,406,11256001
4691,22,0,0,2259,406,11258401
4692,20,0,0,2259,406,11260801
4693,19,1,0,2260,406,11263201
4694,16,3,0,2263,406,11265601
4695,17,0,0,2263,406,11268001
4696,17,0,0,2263,406,11270401
4697,18,1,1,2264,407,11272801
4698,17,0,0,2264,407,11275201
4699,21,0,0,2264,407,11277601
4700,23,1,1,2265,408,11280001
4701,18,2,0,2267,408,11282401
4702,17,1,0,2268,408,11284801
4703,19,0,0,2268,408,11287201
4704,21,0,0,2268,408,11289601
4705,19,2,0,2270,408,11292001
4706,21,0,0,2270,408,11294401
4707,22,1,1,2271,409,11296801
4708,22,1,0,2272,409,11299201
4709,19,1,0,2273,409,11301601
4710,21,1,0,2274,409,11304001
4711,22,0,0,2274,409,11306401
4712,19,1,0,2275,409,11308801
4713,20,1,0,2276,409,11311201
4714,20,0,0,2276,409,11313601
4715,22,1,0,2277,409,11316001
4716,19,0,0,2277,409,11318401
4717,19,0,0,2277,409,11320801
4718,23,1,0,2278,409,11323201
4719,17,0,0,2278,409,11325601
4720,18,1,0,2279,409,11328001
4721,19,0,0,2279,409,11330401
4722,19,0,0,2279,409,11332801
4723,20,1,1,2280,410,11335201
4724,22,0,0,2280,410,11337601
4725,23,0,0,2280,410,11340001
4726,23,0,0,2280,410,11342401
4727,19,0,0,2280,410,11344801
4728,18,0,0,2280,410,11347201
4729,20,0,0,2280,410,11349601
4730,19,0,0,2280,410,11352001
4731,20,0,0,2280,410,11354401
4732,19,0,0,2280,410,11356801
4733,19,0,0,2280,410,11359201
4734,21,0,0,2280,410,11361601
4735,23,0,0,2280,410,11364001
4736,19,1,0,2281,410,11366401
4737,24,0,0,2281,410,11368801
4738,20,0,0,2281,410,11371201
4739,20,0,0,2281,410,11373601
4740,22,0,0,2281,410,11376001
4741,19,1,0,2282,410,11378401
4742,23,0,0,2282,410,11380801
4743,22,0,0,2282,410,11383201
4744,24,1,1,2283,411,11385601
4745,23,2,0,2285,411,11388001
4746,21,0,0,2285,411,11390401
4747,22,0,0,2285,411,11392801
4748,21,0,0,2285,411,11395201
4749,20,0,0,2285,411,11397601
4750,23,1,1,2286,412,11400001
4751,19,0,0,2286,412,11402401
4752,20,1,0,2287,412,11404801
4753,25,0,0,2287,412,11407201
4754,20,0,0,2287,412,11409601
4755,20,1,0,2288,412,11412001
4756,20,0,0,2288,412,11414401
4757,24,0,0,2288,412,11416801
4758,19,0,0,2288,412,11419201
4759,21,1,0,2289,412,11421601
4760,20,0,0,2289,412,11424001
4761,22,0,0,2289,412,11426401
4762,21,0,0,2289,412,11428801
4763,21,0,0,2289,412,11431201
4764,23,1,0,2290,412,11433601
4765,23,0,0,2290,412,11436001
4766,21,0,0,2290,412,11438401
4767,25,0,0,2290,412,11440801
4768,21,1,0,2291,412,11443201
4769,21,0,0,2291,412,11445601
4770,20,1,0,2292,412,11448001
4771,18,1,0,2293,412,11450401
4772,19,0,0,2293,412,11452801
4773,18,0,0,2293,412,11455201
4774,23,0,0,2293,412,11457601
4775,20,0,0,2293,412,11460001
4776,21,1,0,2294,412,11462401
4777,24,2,0,2296,412,11464801
4778,21,0,0,2296,412,11467201
4779,22,0,0,2296,412,11469601
4780,22,0,0,2296,412,11472001
4781,20,1,0,2297,412,11474401
4782,22,0,0,2297,412,11476801
4783,20,1,0,2298,412,11479201
4784,19,0,0,2298,412,11481601
4785,21,0,0,2298,412,11484001
4786,18,2,0,2300,412,11486401
4787,18,1,0,2301,412,11488801
4788,18,0,0,2301,412,11491201
4789,17,1,0,2302,412,11493601
4790,18,0,0,2302,412,11496001
4791,22,0,0,2302,412,11498401
4792,18,1,0,2303,412,11500801
4793,21,0,0,2303,412,11503201
4794,21,0,0,2303,412,11505601
4795,18,1,0,2304,412,11508001
4796,21,2,1,2306,413,11510401
4797,22,1,0,2307,413,11512801
4798,24,0,0,2307,413,11515201
4799,20,1,0,2308,413,11517601
4800,21,0,0,2308,413,11520001
4801,20,2,0,2310,413,11522401
4802,21,0,0,2310,413,11524801
4803,21,1,0,2311,413,11527201
4804,22,0,0,2311,413,11529601
4805,20,0,0,2311,413,11532001
4806,22,2,0,2313,413,11534401
4807,21,0,0,2313,413,11536801
4808,22,0,0,2313,413,11539201
4809,23,0,0,2313,413,11541601
4810,23,3,0,2316,413,11544001
4811,20,0,0,2316,413,11546401
4812,18,1,0,2317,413,11548801
4813,22,0,0,2317,413,11551201
4814,25,0,0,2317,413,11553601
4815,22,0,0,2317,413,11556001
4816,21,2,1,2319,414,11558401
4817,21,0,0,2319,414,11560801
4818,24,1,0,2320,414,11563201
4819,21,0,0,2320,414,11565601
4820,21,0,0,2320,414,11568001
4821,19,0,0,2320,414,11570401
4822,20,0,0,2320,414,11572801
4823,19,2,0,2322,414,11575201
4824,19,1,0,2323,414,11577601
4825,20,0,0,2323,414,11580001
4826,17,1,0,2324,414,11582401
4827,21,0,0,2324,414,11584801
4828,19,0,0,2324,414,11587201
4829,17,1,0,2325,414,11589601
4830,20,0,0,2325,414,11592001
4831,22,0,0,2325,414,11594401
4832,21,0,0,2325,414,11596801
4833,19,1,0,2326,414,11599201
4834,20,2,0,2328,414,11601601
4835,21,0,0,2328,414,11604001
4836,19,1,0,2329,414,11606401
4837,19,0,0,2329,414,11608801
4838,20,0,0,2329,414,11611201
4839,23,0,0,2329,414,11613601
4840,19,0,0,2329,414,11616001
4841,19,0,0,2329,414,11618401
4842,22,0,0,2329,414,11620801
4843,21,1,0,2330,414,11623201
4844,21,0,0,2330,414,11625601
4845,20,0,0,2330,414,11628001
4846,22,0,0,2330,414,11630401
4847,21,0,0,2330,414,11632801
4848,25,0,0,2330,414,11635201
4849,24,0,0,2330,414,11637601
4850,24,1,1,2331,415,11640001
4851,22,1,0,2332,415,11642401
4852,22,1,0,2333,415,11644801
4853,23,0,0,2333,415,11647201
4854,22,0,0,2333,415,11649601
4855,21,0,0,2333,415,11652001
4856,23,0,0,2333,415,11654401
4857,23,0,0,2333,415,11656801
4858,22,0,0,2333,415,11659201
4859,20,1,0,2334,415,11661601
4860,18,0,0,2334,415,11664001
4861,16,0,0,2334,415,11666401
4862,15,0,0,2334,415,11668801
4863,16,0,0,2334,415,11671201
4864,18,2,1,2336,416,11673601
4865,20,0,0,2336,416,11676001
4866,23,1,1,2337,417,11678401
4867,18,0,0,2337,417,11680801
4868,20,0,0,2337,417,11683201
4869,17,0,0,2337,417,11685601
4870,18,0,0,2337,417,11688001
4871,17,0,0,2337,417,11690401
4872,16,0,0,2337,417,11692801
4873,18,0,0,2337,417,11695201
4874,19,1,1,2338,418,11697601
4875,20,1,0,2339,418,11700001
4876,20,1,0,2340,418,11702401
4877,21,0,0,2340,418,11704801
4878,19,1,0,2341,418,11707201
4879,21,1,0,2342,418,11709601
4880,19,1,0,2343,418,11712001
4881,21,0,0,2343,418,11714401
4882,21,0,0,2343,418,11716801
4883,21,0,0,2343,418,11719201
4884,22,0,0,2343,418,11721601
4885,27,0,0,2343,418,11724001
4886,23,0,0,2343,418,11726401
4887,27,0,0,2343,418,11728801
4888,27,0,0,2343,418,11731201
4889,22,1,0,2344,418,11733601
4890,23,1,0,2345,418,11736001
4891,18,3,1,2348,419,11738401
4892,20,0,0,2348,419,11740801
4893,21,1,0,2349,419,11743201
4894,18,1,1,2350,420,11745601
4895,20,0,0,2350,420,11748001
4896,21,0,0,2350,420,11750401
4897,16,1,0,2351,420,11752801
4898,17,0,0,2351,420,11755201
4899,18,0,0,2351,420,11757601
4900,17,2,0,2353,420,11760001
4901,19,0,0,2353,420,11762401
4902,18,0,0,2353,420,11764801
4903,18,0,0,2353,420,11767201
4904,21,0,0,2353,420,11769601
4905,20,0,0,2353,420,11772001
4906,19,1,1,2354,421,11774401
4907,16,0,0,2354,421,11776801
4908,19,0,0,2354,421,11779201
4909,17,2,1,2356,422,11781601
4910,16,2,0,2358,422,11784001
4911,14,1,0,2359,422,11786401
4912,14,1,0,2360,422,11788801
4913,14,1,0,2361,422,11791201
4914,14,1,0,2362,422,11793601
4915,12,1,0,2363,422,11796001
4916,12,1,0,2364,422,11798401
4917,12,0,0,2364,422,11800801
4918,16,0,0,2364,422,11803201
4919,15,1,0,2365,422,11805601
4920,16,0,0,2365,422,11808001
4921,15,1,0,2366,422,11810401
4922,14,3,1,2369,423,11812801
4923,15,1,0,2370,423,11815201
4924,17,0,0,2370,423,11817601
4925,19,0,0,2370,423,11820001
4926,22,0,0,2370,423,11822401
4927,28,1,0,2371,423,11824801
4928,28,0,0,2371,423,11827201
4929,32,0,0,2371,423,11829601
4930,28,1,0,2372,423,11832001
4931,29,0,0,2372,423,11834401
4932,29,0,0,2372,423,11836801
4933,33,0,0,2372,423,11839201
4934,29,1,0,2373,423,11841601
4935,27,1,0,2374,423,11844001
4936,21,2,0,2376,423,11846401
4937,24,1,0,2377,423,11848801
4938,25,0,0,2377,423,11851201
4939,24,3,0,2380,423,11853601
4940,21,0,0,2380,423,11856001
4941,19,0,0,2380,423,11858401
4942,17,0,0,2380,423,11860801
4943,18,0,0,2380,423,11863201
4944,18,1,0,2381,423,11865601
4945,18,0,0,2381,423,11868001
4946,20,0,0,2381,423,11870401
4947,20,0,0,2381,423,11872801
4948,19,1,0,2382,423,11875201
4949,19,0,0,2382,423,11877601
4950,19,1,0,2383,423,11880001
4951,17,0,0,2383,423,11882401
4952,18,0,0,2383,423,11884801
4953,18,0,0,2383,423,11887201
4954,19,0,0,2383,423,11889601
4955,16,0,0,2383,423,11892001
4956,22,1,1,2384,424,11894401
4957,17,0,0,2384,424,11896801
4958,17,0,0,2384,424,11899201
4959,16,0,0,2384,424,11901601
4960,21,0,0,2384,424,11904001
4961,19,0,0,2384,424,11906401
4962,19,1,0,2385,424,11908801
4963,17,0,0,2385,424,11911201
4964,16,0,0,2385,424,11913601
4965,17,0,0,2385,424,11916001
4966,17,0,0,2385,424,11918401
4967,20,0,0,2385,424,11920801
4968,20,1,0,2386,424,11923201
4969,19,0,0,2386,424,11925601
4970,20,0,0,2386,424,11928001
4971,19,0,0,2386,424,11930401
4972,18,2,1,2388,425,11932801
4973,22,1,0,2389,425,11935201
4974,26,0,0,2389,425,11937601
4975,24,1,1,2390,426,11940001
4976,25,0,0,2390,426,11942401
4977,29,0,0,2390,426,11944801
4978,27,0,0,2390,426,11947201
4979,28,2,0,2392,426,11949601
4980,29,1,1,2393,427,11952001
4981,26,2,0,2395,427,11954401
4982,26,0,0,2395,427,11956801
4983,27,0,0,2395,427,11959201
4984,24,0,0,2395,427,11961601
4985,26,0,0,2395,427,11964001
4986,24,1,0,2396,427,11966401
4987,23,0,0,2396,427,11968801
4988,25,0,0,2396,427,11971201
4989,22,2,1,2398,428,11973601
4990,22,2,0,2400,428,11976001
4991,25,0,0,2400,428,11978401
4992,23,0,0,2400,428,11980801
4993,21,1,0,2401,428,11983201
4994,21,2,0,2403,428,11985601
4995,20,1,1,2404,429,11988001
4996,22,0,0,2404,429,11990401
4997,22,0,0,2404,429,11992801
4998,24,0,0,2404,429,11995201
4999,21,1,0,2405,429,11997601
5000,23,1,0,2406,429,12000001
5001,23,2,0,2408,429,12002401
5002,20,0,0,2408,429,12004801
5003,20,1,0,2409,429,12007201
5004,21,0,0,2409,429,12009601
5005,18,1,0,2410,429,12012001
5006,19,0,0,2410,429,12014401
5007,22,0,0,2410,429,12016801
5008,19,0,0,2410,429,12019201
5009,20,0,0,2410,429,12021601
5010,22,1,0,2411,429,12024001
5011,21,1,0,2412,429,12026401
5012,20,2,0,2414,429,12028801
5013,21,0,0,2414,429,12031201
5014,20,0,0,2414,429,12033601
5015,20,1,0,2415,429,12036001
5016,20,0,0,2415,429,12038401
5017,19,1,1,2416,430,12040801
5018,21,0,0,2416,430,12043201
5019,18,1,0,2417,430,12045601
5020,19,0,0,2417,430,12048001
5021,18,0,0,2417,430,12050401
5022,20,0,0,2417,430,12052801
5023,19,2,0,2419,430,12055201
5024,20,0,0,2419,430,12057601
5025,20,0,0,2419,430,12060001
5026,18,0,0,2419,430,12062401
5027,17,1,0,2420,430,12064801
5028,19,0,0,2420,430,12067201
5029,19,1,0,2421,430,12069601
5030,15,1,0,2422,430,12072001
5031,17,1,0,2423,430,12074401
5032,17,1,1,2424,431,12076801
5033,15,0,0,2424,431,12079201
5034,17,0,0,2424,431,12081601
5035,20,1,0,2425,431,12084001
5036,17,0,0,2425,431,12086401
5037,18,0,0,2425,431,12088801
5038,20,1,0,2426,431,12091201
5039,22,0,0,2426,431,12093601
5040,19,3,1,2429,432,12096001
5041,22,0,0,2429,432,12098401
5042,20,1,0,2430,432,12100801
5043,24,1,0,2431,432,12103201
5044,24,2,0,2433,432,12105601
5045,24,0,0,2433,432,12108001
5046,23,2,0,2435,432,12110401
5047,25,0,0,2435,432,12112801
5048,24,0,0,2435,432,12115201
5049,25,0,0,2435,432,12117601
5050,25,1,0,2436,432,12120001
5051,27,1,0,2437,432,12122401
5052,22,1,0,2438,432,12124801
5053,21,0,0,2438,432,12127201
5054,19,0,0,2438,432,12129601
5055,20,1,0,2439,432,12132001
5056,20,1,0,2440,432,12134401
5057,22,1,0,2441,432,12136801
5058,21,0,0,2441,432,12139201
5059,23,1,0,2442,432,12141601
5060,21,1,0,2443,432,12144001
5061,22,0,0,2443,432,12146401
5062,21,2,1,2445,433,12148801
5063,21,1,0,2446,433,12151201
5064,21,1,0,2447,433,12153601
5065,22,3,1,2450,434,12156001
5066,20,0,0,2450,434,12158401
5067,23,2,0,2452,434,12160801
5068,20,1,0,2453,434,12163201
5069,21,0,0,2453,434,12165601
5070,20,0,0,2453,434,12168001
5071,23,0,0,2453,434,12170401
5072,21,0,0,2453,434,12172801
5073,19,0,0,2453,434,12175201
5074,18,0,0,2453,434,12177601
5075,20,0,0,2453,434,12180001
5076,19,1,1,2454,435,12182401
5077,19,0,0,2454,435,12184801
5078,19,1,1,2455,436,12187201
5079,21,0,0,2455,436,12189601
5080,22,0,0,2455,436,12192001
5081,21,0,0,2455,436,12194401
5082,21,2,1,2457,437,12196801
5083,22,1,0,2458,437,12199201
5084,25,0,0,2458,437,12201601
5085,23,1,0,2459,437,12204001
5086,21,1,0,2460,437,12206401
5087,21,0,0,2460,437,12208801
5088,24,1,1,2461,438,12211201
5089,23,1,0,2462,438,12213601
5090,20,1,0,2463,438,12216001
5091,20,1,0,2464,438,12218401
5092,21,0,0,2464,438,12220801
5093,19,0,0,2464,438,12223201
5094,21,0,0,2464,438,12225601
5095,20,1,0,2465,438,12228001
5096,20,1,0,2466,438,12230401
5097,20,1,0,2467,438,12232801
5098,22,0,0,2467,438,12235201
5099,20,0,0,2467,438,12237601
5100,20,0,0,2467,438,12240001
5101,21,0,0,2467,438,12242401
5102,21,1,0,2468,438,12244801
5103,20,1,0,2469,438,12247201
5104,20,1,0,2470,438,12249601
5105,22,0,0,2470,438,12252001
5106,22,0,0,2470,438,12254401
5107,20,0,0,2470,438,12256801
5108,23,0,0,2470,438,12259201
5109,19,1,1,2471,439,12261601
5110,19,1,0,2472,439,12264001
5111,21,0,0,2472,439,12266401
5112,23,1,0,2473,439,12268801
5113,23,1,0,2474,439,12271201
5114,25,2,0,2476,439,12273601
5115,20,1,0,2477,439,12276001
5116,21,0,0,2477,439,12278401
5117,20,1,0,2478,439,12280801
5118,21,0,0,2478,439,12283201
5119,19,1,0,2479,439,12285601
5120,20,0,0,2479,439,12288001
5121,19,1,0,2480,439,12290401
5122,21,1,0,2481,439,12292801
5123,22,0,0,2481,439,12295201
5124,20,0,0,2481,439,12297601
5125,21,1,0,2482,439,12300001
5126,19,1,0,2483,439,12302401
5127,21,0,0,2483,439,12304801
5128,19,2,0,2485,439,12307201
5129,20,1,0,2486,439,12309601
5130,20,0,0,2486,439,12312001
5131,21,1,0,2487,439,12314401
5132,22,2,0,2489,439,12316801
5133,25,0,0,2489,439,12319201
5134,24,1,1,2490,440,12321601
5135,21,0,0,2490,440,12324001
5136,20,0,0,2490,440,12326401
5137,24,1,0,2491,440,12328801
5138,22,0,0,2491,440,12331201
5139,22,1,1,2492,441,12333601
5140,20,1,0,2493,441,12336001
5141,20,1,0,2494,441,12338401
5142,22,0,0,2494,441,12340801
5143,23,1,0,2495,441,12343201
5144,28,0,0,2495,441,12345601
5145,26,2,1,2497,442,12348001
5146,27,0,0,2497,442,12350401
5147,26,0,0,2497,442,12352801
5148,22,1,0,2498,442,12355201
5149,22,0,0,2498,442,12357601
5150,24,0,0,2498,442,12360001
5151,26,0,0,2498,442,12362401
5152,23,1,0,2499,442,12364801
5153,29,0,0,2499,442,12367201
5154,24,1,0,2500,442,12369601
5155,21,0,0,2500,442,12372001
5156,20,1,0,2501,442,12374401
5157,22,1,0,2502,442,12376801
5158,25,1,0,2503,442,12379201
5159,22,0,0,2503,442,12381601
5160,24,0,0,2503,442,12384001
5161,25,0,0,2503,442,12386401
5162,23,0,0,2503,442,12388801
5163,24,0,0,2503,442,12391201
5164,21,2,0,2505,442,12393601
5165,23,1,0,2506,442,12396001
5166,24,0,0,2506,442,12398401
5167,23,0,0,2506,442,12400801
5168,23,1,0,2507,442,12403201
5169,22,0,0,2507,442,12405601
5170,21,3,0,2510,442,12408001
5171,23,0,0,2510,442,12410401
5172,22,0,0,2510,442,12412801
5173,20,1,0,2511,442,12415201
5174,17,2,0,2513,442,12417601
5175,17,0,0,2513,442,12420001
5176,20,1,0,2514,442,12422401
5177,19,0,0,2514,442,12424801
5178,20,0,0,2514,442,12427201
5179,20,1,1,2515,443,12429601
5180,20,0,0,2515,443,12432001
5181,21,1,0,2516,443,12434401
5182,21,0,0,2516,443,12436801
5183,21,1,0,2517,443,12439201
5184,20,0,0,2517,443,12441601
5185,22,2,0,2519,443,12444001
5186,24,0,0,2519,443,12446401
5187,22,0,0,2519,443,12448801
5188,24,1,0,2520,443,12451201
5189,25,2,0,2522,443,12453601
5190,23,2,0,2524,443,12456001
5191,26,0,0,2524,443,12458401
5192,24,0,0,2524,443,12460801
5193,23,0,0,2524,443,12463201
5194,22,2,0,2526,443,12465601
5195,22,3,2,2529,445,12468001
5196,20,1,0,2530,445,12470401
5197,20,1,0,2531,445,12472801
5198,19,0,0,2531,445,12475201
5199,18,1,0,2532,445,12477601
5200,18,0,0,2532,445,12480001
5201,21,0,0,2532,445,12482401
5202,20,0,0,2532,445,12484801
5203,21,0,0,2532,445,12487201
5204,22,0,0,2532,445,12489601
5205,22,1,0,2533,445,12492001
5206,22,0,0,2533,445,12494401
5207,20,0,0,2533,445,12496801
5208,22,1,0,2534,445,12499201
5209,16,2,0,2536,445,12501601
5210,17,0,0,2536,445,12504001
5211,18,1,0,2537,445,12506401
5212,16,1,0,2538,445,12508801
5213,19,0,0,2538,445,12511201
5214,22,0,0,2538,445,12513601
5215,21,0,0,2538,445,12516001
5216,22,2,0,2540,445,12518401
5217,23,0,0,2540,445,12520801
5218,20,1,0,2541,445,12523201
5219,23,0,0,2541,445,12525601
5220,20,1,0,2542,445,12528001
5221,20,2,1,2544,446,12530401
5222,20,0,0,2544,446,12532801
5223,21,0,0,2544,446,12535201
5224,21,0,0,2544,446,12537601
5225,22,0,0,2544,446,12540001
5226,23,1,0,2545,446,12542401
5227,23,1,0,2546,446,12544801
5228,20,1,0,2547,446,12547201
5229,21,1,0,2548,446,12549601
5230,18,0,0,2548,446,12552001
5231,19,1,0,2549,446,12554401
5232,20,1,0,2550,446,12556801
5233,20,0,0,2550,446,12559201
5234,18,0,0,2550,446,12561601
5235,20,0,0,2550,446,12564001
5236,25,0,0,2550,446,12566401
5237,24,0,0,2550,446,12568801
5238,22,1,0,2551,446,12571201
5239,22,1,0,2552,446,12573601
5240,23,0,0,2552,446,12576001
5241,26,0,0,2552,446,12578401
5242,29,1,0,2553,446,12580801
5243,22,0,0,2553,446,12583201
5244,23,0,0,2553,446,12585601
5245,24,0,0,2553,446,12588001
5246,20,0,0,2553,446,12590401
5247,20,1,0,2554,446,12592801
5248,17,1,0,2555,446,12595201
5249,17,0,0,2555,446,12597601
5250,16,1,0,2556,446,12600001
5251,18,1,0,2557,446,12602401
5252,15,2,0,2559,446,12604801
5253,17,0,0,2559,446,12607201
5254,17,1,0,2560,446,12609601
5255,18,2,0,2562,446,12612001
5256,17,1,0,2563,446,12614401
5257,21,1,1,2564,447,12616801
5258,18,2,0,2566,447,12619201
5259,18,0,0,2566,447,12621601
5260,20,0,0,2566,447,12624001
5261,20,2,0,2568,447,12626401
5262,18,0,0,2568,447,12628801
5263,18,0,0,2568,447,12631201
5264,18,1,0,2569,447,12633601
5265,17,0,0,2569,447,12636001
5266,18,2,0,2571,447,12638401
5267,19,0,0,2571,447,12640801
5268,19,0,0,2571,447,12643201
5269,20,0,0,2571,447,12645601
5270,21,0,0,2571,447,12648001
5271,22,0,0,2571,447,12650401
5272,21,1,0,2572,447,12652801
5273,23,0,0,2572,447,12655201
5274,21,1,0,2573,447,12657601
5275,21,2,1,2575,448,12660001
5276,20,1,0,2576,448,12662401
5277,20,1,0,2577,448,12664801
5278,21,2,0,2579,448,12667201
5279,23,1,0,2580,448,12669601
5280,24,1,0,2581,448,12672001
5281,21,0,0,2581,448,12674401
5282,22,2,0,2583,448,12676801
5283,25,1,0,2584,448,12679201
5284,25,0,0,2584,448,12681601
5285,22,1,0,2585,448,12684001
5286,22,0,0,2585,448,12686401
5287,18,1,0,2586,448,12688801
5288,20,0,0,2586,448,12691201
5289,18,0,0,2586,448,12693601
5290,18,2,0,2588,448,12696001
5291,19,0,0,2588,448,12698401
5292,18,0,0,2588,448,12700801
5293,19,2,0,2590,448,12703201
5294,20,0,0,2590,448,12705601
5295,18,2,0,2592,448,12708001
5296,18,0,0,2592,448,12710401
5297,19,0,0,2592,448,12712801
5298,20,0,0,2592,448,12715201
5299,21,0,0,2592,448,12717601
5300,21,1,0,2593,448,12720001
5301,21,1,0,2594,448,12722401
5302,20,2,1,2596,449,12724801
5303,23,1,0,2597,449,12727201
5304,25,1,0,2598,449,12729601
5305,23,0,0,2598,449,12732001
5306,22,0,0,2598,449,12734401
5307,24,0,0,2598,449,12736801
5308,24,1,0,2599,449,12739201
5309,22,2,0,2601,449,12741601
5310,20,0,0,2601,449,12744001
5311,19,2,1,2603,450,12746401
5312,20,2,0,2605,450,12748801
5313,20,1,0,2606,450,12751201
5314,22,0,0,2606,450,12753601
5315,21,1,0,2607,450,12756001
5316,25,0,0,2607,450,12758401
5317,26,0,0,2607,450,12760801
5318,27,0,0,2607,450,12763201
5319,25,1,0,2608,450,12765601
5320,21,1,0,2609,450,12768001
5321,25,0,0,2609,450,12770401
5322,25,0,0,2609,450,12772801
5323,25,0,0,2609,450,12775201
5324,21,2,0,2611,450,12777601
5325,21,0,0,2611,450,12780001
5326,24,2,1,2613,451,12782401
5327,25,1,0,2614,451,12784801
5328,25,0,0,2614,451,12787201
5329,22,0,0,2614,451,12789601
5330,22,0,0,2614,451,12792001
5331,19,2,0,2616,451,12794401
5332,22,0,0,2616,451,12796801
5333,20,0,0,2616,451,12799201
5334,24,1,0,2617,451,12801601
5335,25,1,0,2618,451,12804001
5336,20,0,0,2618,451,12806401
5337,19,2,1,2620,452,12808801
5338,21,0,0,2620,452,12811201
5339,21,0,0,2620,452,12813601
5340,21,2,0,2622,452,12816001
5341,22,0,0,2622,452,12818401
5342,21,0,0,2622,452,12820801
5343,24,0,0,2622,452,12823201
5344,22,1,0,2623,452,12825601
5345,23,2,0,2625,452,12828001
5346,22,2,0,2627,452,12830401
5347,22,0,0,2627,452,12832801
5348,21,0,0,2627,452,12835201
5349,24,1,0,2628,452,12837601
5350,26,0,0,2628,452,12840001
5351,25,1,0,2629,452,12842401
5352,27,1,0,2630,452,12844801
5353,24,0,0,2630,452,12847201
5354,26,1,0,2631,452,12849601
5355,28,1,0,2632,452,12852001
5356,29,0,0,2632,452,12854401
5357,27,0,0,2632,452,12856801
5358,32,0,0,2632,452,12859201
5359,29,1,0,2633,452,12861601
5360,29,1,0,2634,452,12864001
5361,31,1,0,2635,452,12866401
5362,25,0,0,2635,452,12868801
5363,26,0,0,2635,452,12871201
5364,27,2,0,2637,452,12873601
5365,25,1,0,2638,452,12876001
5366,24,2,0,2640,452,12878401
5367,22,1,0,2641,452,12880801
5368,25,0,0,2641,452,12883201
5369,21,0,0,2641,452,12885601
5370,20,1,0,2642,452,12888001
5371,19,0,0,2642,452,12890401
5372,21,0,0,2642,452,12892801
5373,22,2,0,2644,452,12895201
5374,23,1,0,2645,452,12897601
5375,21,2,0,2647,452,12900001
5376,23,1,0,2648,452,12902401
5377,24,0,0,2648,452,12904801
5378,23,0,0,2648,452,12907201
5379,27,1,0,2649,452,12909601
5380,24,0,0,2649,452,12912001
5381,24,1,0,2650,452,12914401
5382,24,1,0,2651,452,12916801
5383,22,0,0,2651,452,12919201
5384,21,1,0,2652,452,12921601
5385,22,0,0,2652,452,12924001
5386,21,1,0,2653,452,12926401
5387,21,0,0,2653,452,12928801
5388,24,1,0,2654,452,12931201
5389,21,0,0,2654,452,12933601
5390,20,2,0,2656,452,12936001
5391,19,1,1,2657,453,12938401
5392,19,0,0,2657,453,12940801
5393,22,0,0,2657,453,12943201
5394,25,0,0,2657,453,12945601
5395,26,0,0,2657,453,12948001
5396,24,1,0,2658,453,12950401
5397,28,0,0,2658,453,12952801
5398,26,1,0,2659,453,12955201
5399,24,2,1,2661,454,12957601
5400,22,0,0,2661,454,12960001
5401,22,3,0,2664,454,12962401
5402,24,0,0,2664,454,12964801
5403,22,0,0,2664,454,12967201
5404,23,0,0,2664,454,12969601
5405,21,1,0,2665,454,12972001
5406,22,0,0,2665,454,12974401
5407,22,0,0,2665,454,12976801
5408,22,4,1,2669,455,12979201
5409,20,0,0,2669,455,12981601
5410,20,0,0,2669,455,12984001
5411,21,0,0,2669,455,12986401
5412,20,0,0,2669,455,12988801
5413,17,1,0,2670,455,12991201
5414,19,0,0,2670,455,12993601
5415,19,0,0,2670,455,12996001
5416,19,0,0,2670,455,12998401
5417,18,0,0,2670,455,13000801
5418,17,0,0,2670,455,13003201
5419,18,0,0,2670,455,13005601
5420,18,0,0,2670,455,13008001
5421,19,0,0,2670,455,13010401
5422,18,0,0,2670,455,13012801
5423,19,1,0,2671,455,13015201
5424,20,2,0,2673,455,13017601
5425,21,0,0,2673,455,13020001
5426,23,0,0,2673,455,13022401
5427,23,0,0,2673,455,13024801
5428,23,0,0,2673,455,13027201
5429,22,2,1,2675,456,13029601
5430,22,2,0,2677,456,13032001
5431,22,0,0,2677,456,13034401
5432,21,1,0,2678,456,13036801
5433,20,1,1,2679,457,13039201
5434,21,0,0,2679,457,13041601
5435,22,1,0,2680,457,13044001
5436,21,0,0,2680,457,13046401
5437,23,1,0,2681,457,13048801
5438,27,0,0,2681,457,13051201
5439,25,1,0,2682,457,13053601
5440,25,0,0,2682,457,13056001
5441,25,2,0,2684,457,13058401
5442,25,1,1,2685,458,13060801
5443,24,1,0,2686,458,13063201
5444,24,0,0,2686,458,13065601
5445,25,0,0,2686,458,13068001
5446,23,1,0,2687,458,13070401
5447,24,1,0,2688,458,13072801
5448,22,0,0,2688,458,13075201
5449,28,0,0,2688,458,13077601
5450,26,1,0,2689,458,13080001
5451,21,2,1,2691,459,13082401
5452,17,0,0,2691,459,13084801
5453,17,2,0,2693,459,13087201
5454,17,0,0,2693,459,13089601
5455,19,1,1,2694,460,13092001
5456,18,0,0,2694,460,13094401
5457,22,1,0,2695,460,13096801
5458,19,0,0,2695,460,13099201
5459,19,0,0,2695,460,13101601
5460,20,0,0,2695,460,13104001
5461,21,0,0,2695,460,13106401
5462,20,0,0,2695,460,13108801
5463,21,1,0,2696,460,13111201
5464,24,0,0,2696,460,13113601
5465,24,0,0,2696,460,13116001
5466,23,0,0,2696,460,13118401
5467,22,2,0,2698,460,13120801
5468,23,0,0,2698,460,13123201
5469,22,2,0,2700,460,13125601
5470,21,1,0,2701,460,13128001
5471,20,1,1,2702,461,13130401
5472,22,1,0,2703,461,13132801
5473,21,1,0,2704,461,13135201
5474,22,0,0,2704,461,13137601
5475,21,1,0,2705,461,13140001
5476,20,0,0,2705,461,13142401
5477,18,2,0,2707,461,13144801
5478,19,0,0,2707,461,13147201
5479,19,0,0,2707,461,13149601
5480,18,1,1,2708,462,13152001
5481,19,0,0,2708,462,13154401
5482,19,2,0,2710,462,13156801
5483,19,0,0,2710,462,13159201
5484,19,0,0,2710,462,13161601
5485,20,1,0,2711,462,13164001
5486,20,1,0,2712,462,13166401
5487,23,0,0,2712,462,13168801
5488,21,2,0,2714,462,13171201
5489,21,1,0,2715,462,13173601
5490,22,1,0,2716,462,13176001
5491,25,0,0,2716,462,13178401
5492,24,0,0,2716,462,13180801
5493,24,1,0,2717,462,13183201
5494,27,1,0,2718,462,13185601
5495,28,0,0,2718,462,13188001
5496,28,0,0,2718,462,13190401
5497,27,0,0,2718,462,13192801
5498,25,2,0,2720,462,13195201
5499,25,0,0,2720,462,13197601
5500,27,0,0,2720,462,13200001
5501,27,1,0,2721,462,13202401
5502,26,0,0,2721,462,13204801
5503,27,0,0,2721,462,13207201
5504,26,0,0,2721,462,13209601
5505,25,2,0,2723,462,13212001
5506,25,1,0,2724,462,13214401
5507,28,0,0,2724,462,13216801
5508,26,0,0,2724,462,13219201
5509,25,0,0,2724,462,13221601
5510,24,0,0,2724,462,13224001
5511,21,0,0,2724,462,13226401
5512,23,0,0,2724,462,13228801
5513,23,0,0,2724,462,13231201
5514,21,1,0,2725,462,13233601
5515,20,0,0,2725,462,13236001
5516,20,0,0,2725,462,13238401
5517,19,0,0,2725,462,13240801
5518,19,0,0,2725,462,13243201
5519,19,1,0,2726,462,13245601
5520,16,1,0,2727,462,13248001
5521,19,0,0,2727,462,13250401
5522,17,1,1,2728,463,13252801
5523,16,0,0,2728,463,13255201
5524,17,0,0,2728,463,13257601
5525,20,0,0,2728,463,13260001
5526,23,0,0,2728,463,13262401
5527,19,1,0,2729,463,13264801
5528,19,1,0,2730,463,13267201
5529,21,0,0,2730,463,13269601
5530,22,0,0,2730,463,13272001
5531,23,1,0,2731,463,13274401
5532,23,0,0,2731,463,13276801
5533,27,0,0,2731,463,13279201
5534,24,2,0,2733,463,13281601
5535,26,0,0,2733,463,13284001
5536,26,2,1,2735,464,13286401
5537,26,0,0,2735,464,13288801
5538,27,0,0,2735,464,13291201
5539,27,0,0,2735,464,13293601
5540,23,2,0,2737,464,13296001
5541,23,0,0,2737,464,13298401
5542,21,0,0,2737,464,13300801
5543,21,0,0,2737,464,13303201
5544,19,0,0,2737,464,13305601
5545,17,0,0,2737,464,13308001
5546,18,0,0,2737,464,13310401
5547,17,1,0,2738,464,13312801
5548,17,1,0,2739,464,13315201
5549,16,1,0,2740,464,13317601
5550,17,1,1,2741,465,13320001
5551,22,0,0,2741,465,13322401
5552,24,0,0,2741,465,13324801
5553,28,0,0,2741,465,13327201
5554,27,0,0,2741,465,13329601
5555,26,1,0,2742,465,13332001
5556,28,0,0,2742,465,13334401
5557,30,0,0,2742,465,13336801
5558,27,2,0,2744,465,13339201
5559,26,1,0,2745,465,13341601
5560,24,2,0,2747,465,13344001
5561,24,0,0,2747,465,13346401
5562,25,0,0,2747,465,13348801
5563,23,2,0,2749,465,13351201
5564,24,0,0,2749,465,13353601
5565,22,1,0,2750,465,13356001
5566,20,0,0,2750,465,13358401
5567,20,0,0,2750,465,13360801
5568,22,0,0,2750,465,13363201
5569,23,0,0,2750,465,13365601
5570,23,1,0,2751,465,13368001
5571,22,0,0,2751,465,13370401
5572,20,0,0,2751,465,13372801
5573,20,1,0,2752,465,13375201
5574,21,1,0,2753,465,13377601
5575,22,0,0,2753,465,13380001
5576,22,2,0,2755,465,13382401
5577,22,0,0,2755,465,13384801
5578,19,0,0,2755,465,13387201
5579,20,1,0,2756,465,13389601
5580,21,0,0,2756,465,13392001
5581,23,0,0,2756,465,13394401
5582,18,0,0,2756,465,13396801
5583,18,1,0,2757,465,13399201
5584,18,1,0,2758,465,13401601
5585,21,0,0,2758,465,13404001
5586,23,0,0,2758,465,13406401
5587,24,0,0,2758,465,13408801
5588,23,0,0,2758,465,13411201
5589,25,1,0,2759,465,13413601
5590,21,0,0,2759,465,13416001
5591,22,0,0,2759,465,13418401
5592,24,0,0,2759,465,13420801
5593,26,1,0,2760,465,13423201
5594,26,0,0,2760,465,13425601
5595,24,1,1,2761,466,13428001
5596,22,0,0,2761,466,13430401
5597,23,0,0,2761,466,13432801
5598,24,1,1,2762,467,13435201
5599,24,0,0,2762,467,13437601
5600,26,0,0,2762,467,13440001
5601,27,1,1,2763,468,13442401
5602,27,0,0,2763,468,13444801
5603,26,1,0,2764,468,13447201
5604,25,1,1,2765,469,13449601
5605,24,1,0,2766,469,13452001
5606,25,0,0,2766,469,13454401
5607,30,1,0,2767,469,13456801
5608,28,1,0,2768,469,13459201
5609,29,0,0,2768,469,13461601
5610,29,0,0,2768,469,13464001
5611,27,0,0,2768,469,13466401
5612,26,2,0,2770,469,13468801
5613,24,1,1,2771,470,13471201
5614,27,0,0,2771,470,13473601
5615,28,3,0,2774,470,13476001
5616,24,3,0,2777,470,13478401
5617,25,0,0,2777,470,13480801
5618,22,2,0,2779,470,13483201
5619,22,1,0,2780,470,13485601
5620,20,1,0,2781,470,13488001
5621,22,0,0,2781,470,13490401
5622,19,0,0,2781,470,13492801
5623,19,0,0,2781,470,13495201
5624,22,1,0,2782,470,13497601
5625,22,0,0,2782,470,13500001
5626,19,2,0,2784,470,13502401
5627,19,1,0,2785,470,13504801
5628,21,1,0,2786,470,13507201
5629,25,0,0,2786,470,13509601
5630,23,1,0,2787,470,13512001
5631,22,0,0,2787,470,13514401
5632,21,3,1,2790,471,13516801
5633,20,0,0,2790,471,13519201
5634,19,0,0,2790,471,13521601
5635,20,1,0,2791,471,13524001
5636,24,1,0,2792,471,13526401
5637,22,0,0,2792,471,13528801
5638,24,0,0,2792,471,13531201
5639,25,0,0,2792,471,13533601
5640,20,0,0,2792,471,13536001
5641,23,1,0,2793,471,13538401
5642,27,1,0,2794,471,13540801
5643,26,2,0,2796,471,13543201
5644,23,0,0,2796,471,13545601
5645,24,0,0,2796,471,13548001
5646,24,1,0,2797,471,13550401
5647,25,0,0,2797,471,13552801
5648,23,1,1,2798,472,13555201
5649,24,0,0,2798,472,13557601
5650,23,2,0,2800,472,13560001
5651,26,1,0,2801,472,13562401
5652,19,0,0,2801,472,13564801
5653,22,0,0,2801,472,13567201
5654,21,1,0,2802,472,13569601
5655,21,0,0,2802,472,13572001
5656,23,0,0,2802,472,13574401
5657,22,1,0,2803,472,13576801
5658,23,2,0,2805,472,13579201
5659,24,0,0,2805,472,13581601
5660,25,1,0,2806,472,13584001
5661,23,0,0,2806,472,13586401
5662,25,0,0,2806,472,13588801
5663,24,0,0,2806,472,13591201
5664,22,0,0,2806,472,13593601
5665,27,0,0,2806,472,13596001
5666,25,0,0,2806,472,13598401
5667,26,0,0,2806,472,13600801
5668,23,1,0,2807,472,13603201
5669,25,2,0,2809,472,13605601
5670,25,1,0,2810,472,13608001
5671,24,0,0,2810,472,13610401
5672,29,0,0,2810,472,13612801
5673,25,2,0,2812,472,13615201
5674,23,1,0,2813,472,13617601
5675,22,0,0,2813,472,13620001
5676,20,0,0,2813,472,13622401
5677,22,1,0,2814,472,13624801
5678,21,0,0,2814,472,13627201
5679,20,2,0,2816,472,13629601
5680,19,1,0,2817,472,13632001
5681,23,1,0,2818,472,13634401
5682,22,0,0,2818,472,13636801
5683,21,0,0,2818,472,13639201
5684,21,3,0,2821,472,13641601
5685,19,0,0,2821,472,13644001
5686,23,0,0,2821,472,13646401
5687,23,1,0,2822,472,13648801
5688,24,1,0,2823,472,13651201
5689,23,0,0,2823,472,13653601
5690,23,0,0,2823,472,13656001
5691,22,0,0,2823,472,13658401
5692,25,1,0,2824,472,13660801
5693,24,1,1,2825,473,13663201
5694,21,1,1,2826,474,13665601
5695,22,1,1,2827,475,13668001
5696,25,1,0,2828,475,13670401
5697,25,0,0,2828,475,13672801
5698,26,1,0,2829,475,13675201
5699,28,0,0,2829,475,13677601
5700,26,1,0,2830,475,13680001
5701,25,1,0,2831,475,13682401
5702,25,1,0,2832,475,13684801
5703,28,0,0,2832,475,13687201
5704,27,0,0,2832,475,13689601
5705,25,1,0,2833,475,13692001
5706,27,0,0,2833,475,13694401
5707,26,0,0,2833,475,13696801
5708,23,3,0,2836,475,13699201
5709,23,1,0,2837,475,13701601
5710,24,0,0,2837,475,13704001
5711,23,1,0,2838,475,13706401
5712,23,1,0,2839,475,13708801
5713,24,0,0,2839,475,13711201
5714,24,1,0,2840,475,13713601
5715,20,1,0,2841,475,13716001
5716,20,0,0,2841,475,13718401
5717,23,1,0,2842,475,13720801
5718,21,0,0,2842,475,13723201
5719,21,1,0,2843,475,13725601
5720,19,1,0,2844,475,13728001
5721,18,0,0,2844,475,13730401
5722,19,1,1,2845,476,13732801
5723,19,0,0,2845,476,13735201
5724,20,0,0,2845,476,13737601
5725,22,0,0,2845,476,13740001
5726,26,0,0,2845,476,13742401
5727,21,0,0,2845,476,13744801
5728,23,0,0,2845,476,13747201
5729,22,0,0,2845,476,13749601
5730,20,0,0,2845,476,13752001
5731,19,1,0,2846,476,13754401
5732,18,1,0,2847,476,13756801
5733,17,1,0,2848,476,13759201
5734,19,0,0,2848,476,13761601
5735,20,0,0,2848,476,13764001
5736,16,0,0,2848,476,13766401
5737,19,0,0,2848,476,13768801
5738,23,0,0,2848,476,13771201
5739,22,1,0,2849,476,13773601
5740,24,0,0,2849,476,13776001
5741,21,1,0,2850,476,13778401
5742,24,0,0,2850,476,13780801
5743,24,0,0,2850,476,13783201
5744,26,0,0,2850,476,13785601
5745,30,0,0,2850,476,13788001
5746,29,1,0,2851,476,13790401
5747,27,1,1,2852,477,13792801
5748,31,0,0,2852,477,13795201
5749,26,1,0,2853,477,13797601
5750,24,0,0,2853,477,13800001
5751,25,0,0,2853,477,13802401
5752,23,1,1,2854,478,13804801
5753,26,0,0,2854,478,13807201
5754,22,0,0,2854,478,13809601
5755,20,0,0,2854,478,13812001
5756,20,1,0,2855,478,13814401
5757,19,2,0,2857,478,13816801
5758,17,0,0,2857,478,13819201
5759,20,0,0,2857,478,13821601
5760,20,1,0,2858,478,13824001
5761,20,0,0,2858,478,13826401
5762,22,1,0,2859,478,13828801
5763,22,1,0,2860,478,13831201
5764,25,1,0,2861,478,13833601
5765,26,0,0,2861,478,13836001
5766,27,1,0,2862,478,13838401
5767,33,0,0,2862,478,13840801
5768,24,0,0,2862,478,13843201
5769,25,0,0,2862,478,13845601
5770,28,1,0,2863,478,13848001
5771,25,1,0,2864,478,13850401
5772,25,1,0,2865,478,13852801
5773,21,2,0,2867,478,13855201
5774,21,1,0,2868,478,13857601
5775,23,0,0,2868,478,13860001
5776,23,1,0,2869,478,13862401
5777,23,1,0,2870,478,13864801
5778,21,1,0,2871,478,13867201
5779,23,0,0,2871,478,13869601
5780,27,0,0,2871,478,13872001
5781,26,1,0,2872,478,13874401
5782,28,1,0,2873,478,13876801
5783,25,0,0,2873,478,13879201
5784,24,1,0,2874,478,13881601
5785,24,0,0,2874,478,13884001
5786,24,1,0,2875,478,13886401
5787,25,0,0,2875,478,13888801
5788,23,0,0,2875,478,13891201
5789,21,0,0,2875,478,13893601
5790,21,0,0,2875,478,13896001
5791,20,1,0,2876,478,13898401
5792,20,1,0,2877,478,13900801
5793,21,1,0,2878,478,13903201
5794,21,1,0,2879,478,13905601
5795,22,0,0,2879,478,13908001
5796,22,0,0,2879,478,13910401
5797,24,0,0,2879,478,13912801
5798,17,0,0,2879,478,13915201
5799,23,0,0,2879,478,13917601
5800,21,1,0,2880,478,13920001
5801,23,3,0,2883,478,13922401
5802,24,1,0,2884,478,13924801
5803,24,0,0,2884,478,13927201
5804,24,2,0,2886,478,13929601
5805,26,2,1,2888,479,13932001
5806,27,0,0,2888,479,13934401
5807,23,0,0,2888,479,13936801
5808,24,1,0,2889,479,13939201
5809,28,0,0,2889,479,13941601
5810,26,1,0,2890,479,13944001
5811,31,0,0,2890,479,13946401
5812,34,1,0,2891,479,13948801
5813,30,0,0,2891,479,13951201
5814,25,1,0,2892,479,13953601
5815,27,1,1,2893,480,13956001
5816,21,0,0,2893,480,13958401
5817,19,2,0,2895,480,13960801
5818,19,1,0,2896,480,13963201
5819,19,0,0,2896,480,13965601
5820,19,0,0,2896,480,13968001
5821,19,1,0,2897,480,13970401
5822,19,2,0,2899,480,13972801
5823,17,0,0,2899,480,13975201
5824,17,0,0,2899,480,13977601
5825,17,0,0,2899,480,13980001
5826,18,0,0,2899,480,13982401
5827,22,1,0,2900,480,13984801
5828,27,0,0,2900,480,13987201
5829,27,0,0,2900,480,13989601
5830,26,0,0,2900,480,13992001
5831,27,0,0,2900,480,13994401
5832,27,2,0,2902,480,13996801
5833,27,0,0,2902,480,13999201
5834,28,0,0,2902,480,14001601
5835,26,2,2,2904,482,14004001
5836,27,0,0,2904,482,14006401
5837,26,0,0,2904,482,14008801
5838,28,0,0,2904,482,14011201
5839,27,0,0,2904,482,14013601
5840,28,0,0,2904,482,14016001
5841,26,1,0,2905,482,14018401
5842,25,2,0,2907,482,14020801
5843,25,0,0,2907,482,14023201
5844,24,1,0,2908,482,14025601
5845,23,0,0,2908,482,14028001
5846,21,1,0,2909,482,14030401
5847,23,1,0,2910,482,14032801
5848,25,0,0,2910,482,14035201
5849,25,0,0,2910,482,14037601
5850,25,1,0,2911,482,14040001
5851,24,0,0,2911,482,14042401
5852,27,1,0,2912,482,14044801
5853,24,1,0,2913,482,14047201
5854,27,0,0,2913,482,14049601
5855,26,0,0,2913,482,14052001
5856,22,0,0,2913,482,14054401
5857,24,0,0,2913,482,14056801
5858,22,2,0,2915,482,14059201
5859,24,0,0,2915,482,14061601
5860,23,0,0,2915,482,14064001
5861,23,0,0,2915,482,14066401
5862,22,2,0,2917,482,14068801
5863,20,0,0,2917,482,14071201
5864,18,1,0,2918,482,14073601
5865,19,1,0,2919,482,14076001
5866,18,1,0,2920,482,14078401
5867,18,0,0,2920,482,14080801
5868,17,0,0,2920,482,14083201
5869,19,1,0,2921,482,14085601
5870,20,0,0,2921,482,14088001
5871,20,0,0,2921,482,14090401
5872,20,0,0,2921,482,14092801
5873,22,0,0,2921,482,14095201
5874,19,0,0,2921,482,14097601
5875,20,1,0,2922,482,14100001
5876,22,0,0,2922,482,14102401
5877,21,0,0,2922,482,14104801
5878,26,0,0,2922,482,14107201
5879,25,0,0,2922,482,14109601
5880,24,1,0,2923,482,14112001
5881,23,1,0,2924,482,14114401
5882,23,1,0,2925,482,14116801
5883,29,1,0,2926,482,14119201
5884,24,0,0,2926,482,14121601
5885,25,0,0,2926,482,14124001
5886,28,0,0,2926,482,14126401
5887,30,1,0,2927,482,14128801
5888,29,1,1,2928,483,14131201
5889,30,1,0,2929,483,14133601
5890,30,1,0,2930,483,14136001
5891,30,0,0,2930,483,14138401
5892,31,0,0,2930,483,14140801
5893,29,1,0,2931,483,14143201
5894,29,0,0,2931,483,14145601
5895,28,0,0,2931,483,14148001
5896,25,0,0,2931,483,14150401
5897,23,0,0,2931,483,14152801
5898,21,2,0,2933,483,14155201
5899,19,0,0,2933,483,14157601
5900,21,0,0,2933,483,14160001
5901,22,1,0,2934,483,14162401
5902,24,0,0,2934,483,14164801
5903,24,1,0,2935,483,14167201
5904,24,0,0,2935,483,14169601
5905,22,3,0,2938,483,14172001
5906,23,0,0,2938,483,14174401
5907,23,0,0,2938,483,14176801
5908,24,1,0,2939,483,14179201
5909,21,0,0,2939,483,14181601
5910,24,0,0,2939,483,14184001
5911,26,0,0,2939,483,14186401
5912,23,1,0,2940,483,14188801
5913,23,0,0,2940,483,14191201
5914,27,1,1,2941,484,14193601
5915,24,0,0,2941,484,14196001
5916,26,0,0,2941,484,14198401
5917,24,2,0,2943,484,14200801
5918,24,1,0,2944,484,14203201
5919,25,0,0,2944,484,14205601
5920,25,0,0,2944,484,14208001
5921,24,0,0,2944,484,14210401
5922,21,1,0,2945,484,14212801
5923,17,1,0,2946,484,14215201
5924,18,0,0,2946,484,14217601
5925,18,1,0,2947,484,14220001
5926,22,0,0,2947,484,14222401
5927,19,3,0,2950,484,14224801
5928,18,1,0,2951,484,14227201
5929,19,1,0,2952,484,14229601
5930,23,1,0,2953,484,14232001
5931,19,1,0,2954,484,14234401
5932,21,1,1,2955,485,14236801
5933,19,1,0,2956,485,14239201
5934,22,0,0,2956,485,14241601
5935,23,0,0,2956,485,14244001
5936,24,1,0,2957,485,14246401
5937,21,2,0,2959,485,14248801
5938,21,0,0,2959,485,14251201
5939,21,0,0,2959,485,14253601
5940,23,0,0,2959,485,14256001
5941,20,0,0,2959,485,14258401
5942,23,2,1,2961,486,14260801
5943,20,1,0,2962,486,14263201
5944,18,4,0,2966,486,14265601
5945,20,0,0,2966,486,14268001
5946,20,0,0,2966,486,14270401
5947,22,0,0,2966,486,14272801
5948,19,2,1,2968,487,14275201
5949,20,0,0,2968,487,14277601
5950,17,0,0,2968,487,14280001
5951,17,0,0,2968,487,14282401
5952,19,1,0,2969,487,14284801
5953,19,0,0,2969,487,14287201
5954,17,0,0,2969,487,14289601
5955,20,0,0,2969,487,14292001
5956,18,1,0,2970,487,14294401
5957,18,1,0,2971,487,14296801
5958,18,2,2,2973,489,14299201
5959,23,0,0,2973,489,14301601
5960,23,1,0,2974,489,14304001
5961,20,0,0,2974,489,14306401
5962,21,0,0,2974,489,14308801
5963,24,0,0,2974,489,14311201
5964,28,0,0,2974,489,14313601
5965,31,0,0,2974,489,14316001
5966,32,0,0,2974,489,14318401
5967,29,0,0,2974,489,14320801
5968,28,0,0,2974,489,14323201
5969,27,0,0,2974,489,14325601
5970,26,3,0,2977,489,14328001
5971,24,0,0,2977,489,14330401
5972,22,1,0,2978,489,14332801
5973,22,1,0,2979,489,14335201
5974,23,0,0,2979,489,14337601
5975,21,0,0,2979,489,14340001
5976,24,1,0,2980,489,14342401
5977,24,0,0,2980,489,14344801
5978,24,0,0,2980,489,14347201
5979,23,0,0,2980,489,14349601
5980,24,2,1,2982,490,14352001
5981,25,0,0,2982,490,14354401
5982,22,2,0,2984,490,14356801
5983,22,0,0,2984,490,14359201
5984,24,0,0,2984,490,14361601
5985,22,1,0,2985,490,14364001
5986,21,0,0,2985,490,14366401
5987,23,0,0,2985,490,14368801
5988,26,1,1,2986,491,14371201
5989,25,0,0,2986,491,14373601
5990,31,1,0,2987,491,14376001
5991,31,0,0,2987,491,14378401
5992,29,1,0,2988,491,14380801
5993,30,0,0,2988,491,14383201
5994,30,0,0,2988,491,14385601
5995,25,1,0,2989,491,14388001
5996,26,0,0,2989,491,14390401
5997,29,0,0,2989,491,14392801
5998,32,0,0,2989,491,14395201
5999,30,0,0,2989,491,14397601
6000,28,0,0,2989,491,14400001
6001,28,1,0,2990,491,14402401
6002,28,0,0,2990,491,14404801
6003,26,1,0,2991,491,14407201
6004,30,0,0,2991,491,14409601
6005,30,3,0,2994,491,14412001
6006,31,1,0,2995,491,14414401
6007,26,0,0,2995,491,14416801
6008,26,1,0,2996,491,14419201
6009,26,0,0,2996,491,14421601
6010,31,0,0,2996,491,14424001
6011,32,1,0,2997,491,14426401
6012,31,1,0,2998,491,14428801
6013,30,0,0,2998,491,14431201
6014,30,0,0,2998,491,14433601
6015,30,0,0,2998,491,14436001
6016,30,0,0,2998,491,14438401
6017,28,1,0,2999,491,14440801
6018,28,0,0,2999,491,14443201
6019,29,0,0,2999,491,14445601
6020,30,0,0,2999,491,14448001
6021,28,1,0,3000,491,14450401
6022,29,2,0,3002,491,14452801
6023,26,0,0,3002,491,14455201
6024,29,1,0,3003,491,14457601
6025,29,1,0,3004,491,14460001
6026,25,1,0,3005,491,14462401
6027,24,0,0,3005,491,14464801
6028,23,0,0,3005,491,14467201
6029,23,0,0,3005,491,14469601
6030,24,0,0,3005,491,14472001
6031,23,1,0,3006,491,14474401
6032,21,0,0,3006,491,14476801
6033,22,1,0,3007,491,14479201
6034,21,0,0,3007,491,14481601
6035,22,0,0,3007,491,14484001
6036,19,4,0,3011,491,14486401
6037,22,0,0,3011,491,14488801
6038,22,2,0,3013,491,14491201
6039,25,0,0,3013,491,14493601
6040,23,1,0,3014,491,14496001
6041,26,1,0,3015,491,14498401
6042,22,0,0,3015,491,14500801
6043,26,1,0,3016,491,14503201
6044,27,0,0,3016,491,14505601
6045,26,1,0,3017,491,14508001
6046,28,1,0,3018,491,14510401
6047,28,2,0,3020,491,14512801
6048,30,0,0,3020,491,14515201
6049,34,1,0,3021,491,14517601
6050,31,1,0,3022,491,14520001
6051,29,1,0,3023,491,14522401
6052,27,0,0,3023,491,14524801
6053,28,0,0,3023,491,14527201
6054,28,0,0,3023,491,14529601
6055,29,0,0,3023,491,14532001
6056,26,4,0,3027,491,14534401
6057,23,0,0,3027,491,14536801
6058,25,0,0,3027,491,14539201
6059,27,0,0,3027,491,14541601
6060,26,0,0,3027,491,14544001
6061,27,1,0,3028,491,14546401
6062,29,0,0,3028,491,14548801
6063,26,0,0,3028,491,14551201
6064,28,0,0,3028,491,14553601
6065,30,1,0,3029,491,14556001
6066,25,0,0,3029,491,14558401
6067,27,0,0,3029,491,14560801
6068,30,0,0,3029,491,14563201
6069,23,0,0,3029,491,14565601
6070,24,0,0,3029,491,14568001
6071,25,0,0,3029,491,14570401
6072,23,0,0,3029,491,14572801
6073,23,1,0,3030,491,14575201
6074,20,0,0,3030,491,14577601
6075,22,0,0,3030,491,14580001
6076,23,1,0,3031,491,14582401
6077,25,0,0,3031,491,14584801
6078,25,0,0,3031,491,14587201
6079,27,0,0,3031,491,14589601
6080,29,0,0,3031,491,14592001
6081,24,0,0,3031,491,14594401
6082,27,0,0,3031,491,14596801
6083,25,1,1,3032,492,14599201
6084,23,0,0,3032,492,14601601
6085,24,0,0,3032,492,14604001
6086,27,1,0,3033,492,14606401
6087,21,1,0,3034,492,14608801
6088,22,1,1,3035,493,14611201
6089,24,0,0,3035,493,14613601
6090,28,0,0,3035,493,14616001
6091,26,2,0,3037,493,14618401
6092,28,0,0,3037,493,14620801
6093,30,0,0,3037,493,14623201
6094,30,1,0,3038,493,14625601
6095,30,0,0,3038,493,14628001
6096,32,1,0,3039,493,14630401
6097,29,0,0,3039,493,14632801
6098,31,0,0,3039,493,14635201
6099,29,0,0,3039,493,14637601
6100,22,1,0,3040,493,14640001
6101,21,0,0,3040,493,14642401
6102,22,0,0,3040,493,14644801
6103,25,1,1,3041,494,14647201
6104,25,1,0,3042,494,14649601
6105,26,2,0,3044,494,14652001
6106,26,0,0,3044,494,14654401
6107,25,0,0,3044,494,14656801
6108,24,0,0,3044,494,14659201
6109,27,1,0,3045,494,14661601
6110,29,0,0,3045,494,14664001
6111,23,1,0,3046,494,14666401
6112,22,2,1,3048,495,14668801
6113,24,1,0,3049,495,14671201
6114,20,0,0,3049,495,14673601
6115,23,1,0,3050,495,14676001
6116,22,0,0,3050,495,14678401
6117,25,0,0,3050,495,14680801
6118,22,1,0,3051,495,14683201
6119,23,0,0,3051,495,14685601
6120,19,1,0,3052,495,14688001
6121,19,0,0,3052,495,14690401
6122,20,1,0,3053,495,14692801
6123,20,0,0,3053,495,14695201
6124,19,0,0,3053,495,14697601
6125,19,1,0,3054,495,14700001
6126,17,0,0,3054,495,14702401
6127,20,0,0,3054,495,14704801
6128,17,2,0,3056,495,14707201
6129,17,0,0,3056,495,14709601
6130,20,0,0,3056,495,14712001
6131,18,0,0,3056,495,14714401
6132,18,0,0,3056,495,14716801
6133,19,0,0,3056,495,14719201
6134,18,0,0,3056,495,14721601
6135,22,0,0,3056,495,14724001
6136,20,1,0,3057,495,14726401
6137,22,1,0,3058,495,14728801
6138,24,0,0,3058,495,14731201
6139,22,1,0,3059,495,14733601
6140,22,0,0,3059,495,14736001
6141,23,0,0,3059,495,14738401
6142,25,0,0,3059,495,14740801
6143,20,0,0,3059,495,14743201
6144,25,0,0,3059,495,14745601
6145,24,0,0,3059,495,14748001
6146,28,0,0,3059,495,14750401
6147,29,0,0,3059,495,14752801
6148,27,0,0,3059,495,14755201
6149,26,2,0,3061,495,14757601
6150,27,0,0,3061,495,14760001
6151,30,0,0,3061,495,14762401
6152,29,2,1,3063,496,14764801
6153,29,0,0,3063,496,14767201
6154,26,0,0,3063,496,14769601
6155,23,0,0,3063,496,14772001
6156,26,0,0,3063,496,14774401
6157,27,1,0,3064,496,14776801
6158,24,1,1,3065,497,14779201
6159,24,1,0,3066,497,14781601
6160,23,0,0,3066,497,14784001
6161,22,0,0,3066,497,14786401
6162,22,1,1,3067,498,14788801
6163,20,1,1,3068,499,14791201
6164,20,1,0,3069,499,14793601
6165,20,1,0,3070,499,14796001
6166,23,0,0,3070,499,14798401
6167,24,1,0,3071,499,14800801
6168,19,0,0,3071,499,14803201
6169,21,0,0,3071,499,14805601
6170,18,0,0,3071,499,14808001
6171,21,1,0,3072,499,14810401
6172,20,0,0,3072,499,14812801
6173,21,0,0,3072,499,14815201
6174,19,0,0,3072,499,14817601
6175,20,2,0,3074,499,14820001
6176,21,0,0,3074,499,14822401
6177,20,1,0,3075,499,14824801
6178,21,1,0,3076,499,14827201
6179,22,1,0,3077,499,14829601
6180,20,1,0,3078,499,14832001
6181,26,0,0,3078,499,14834401
6182,23,1,0,3079,499,14836801
6183,21,0,0,3079,499,14839201
6184,23,0,0,3079,499,14841601
6185,26,1,0,3080,499,14844001
6186,27,0,0,3080,499,14846401
6187,27,1,0,3081,499,14848801
6188,24,0,0,3081,499,14851201
6189,23,1,0,3082,499,14853601
6190,24,2,0,3084,499,14856001
6191,25,0,0,3084,499,14858401
6192,24,1,0,3085,499,14860801
6193,25,1,0,3086,499,14863201
6194,23,1,0,3087,499,14865601
6195,25,1,0,3088,499,14868001
6196,23,1,0,3089,499,14870401
6197,19,1,0,3090,499,14872801
6198,19,2,1,3092,500,14875201
6199,19,0,0,3092,500,14877601
6200,22,0,0,3092,500,14880001
6201,17,0,0,3092,500,14882401
6202,18,0,0,3092,500,14884801
6203,19,0,0,3092,500,14887201
6204,17,0,0,3092,500,14889601
6205,18,0,0,3092,500,14892001
6206,19,0,0,3092,500,14894401
6207,21,1,0,3093,500,14896801
6208,23,1,0,3094,500,14899201
6209,25,0,0,3094,500,14901601
6210,22,1,0,3095,500,14904001
6211,22,2,0,3097,500,14906401
6212,26,0,0,3097,500,14908801
6213,24,0,0,3097,500,14911201
6214,23,0,0,3097,500,14913601
6215,24,0,0,3097,500,14916001
6216,26,0,0,3097,500,14918401
6217,27,0,0,3097,500,14920801
6218,27,0,0,3097,500,14923201
6219,29,0,0,3097,500,14925601
6220,30,1,1,3098,501,14928001
6221,30,0,0,3098,501,14930401
6222,30,0,0,3098,501,14932801
6223,30,0,0,3098,501,14935201
6224,31,0,0,3098,501,14937601
6225,34,1,0,3099,501,14940001
6226,32,2,0,3101,501,14942401
6227,39,0,0,3101,501,14944801
6228,38,0,0,3101,501,14947201
6229,30,1,0,3102,501,14949601
6230,27,3,0,3105,501,14952001
6231,27,0,0,3105,501,14954401
6232,26,0,0,3105,501,14956801
6233,24,2,0,3107,501,14959201
6234,22,0,0,3107,501,14961601
6235,23,0,0,3107,501,14964001
6236,20,0,0,3107,501,14966401
6237,22,0,0,3107,501,14968801
6238,20,1,0,3108,501,14971201
6239,15,0,0,3108,501,14973601
6240,17,1,0,3109,501,14976001
6241,19,1,0,3110,501,14978401
6242,18,1,0,3111,501,14980801
6243,17,2,2,3113,503,14983201
6244,18,0,0,3113,503,14985601
6245,21,0,0,3113,503,14988001
6246,18,0,0,3113,503,14990401
6247,17,1,0,3114,503,14992801
6248,19,0,0,3114,503,14995201
6249,18,0,0,3114,503,14997601
6250,20,1,0,3115,503,15000001
6251,18,0,0,3115,503,15002401
6252,18,1,0,3116,503,15004801
6253,19,1,0,3117,503,15007201
6254,21,0,0,3117,503,15009601
6255,19,0,0,3117,503,15012001
6256,22,0,0,3117,503,15014401
6257,23,1,1,3118,504,15016801
6258,23,0,0,3118,504,15019201
6259,23,0,0,3118,504,15021601
6260,26,0,0,3118,504,15024001
6261,26,0,0,3118,504,15026401
6262,27,2,0,3120,504,15028801
6263,30,0,0,3120,504,15031201
6264,28,1,0,3121,504,15033601
6265,29,2,2,3123,506,15036001
6266,26,1,0,3124,506,15038401
6267,21,0,0,3124,506,15040801
6268,21,0,0,3124,506,15043201
6269,22,1,1,3125,507,15045601
6270,27,2,0,3127,507,15048001
6271,23,0,0,3127,507,15050401
6272,24,1,0,3128,507,15052801
6273,21,2,1,3130,508,15055201
6274,20,1,0,3131,508,15057601
6275,18,1,0,3132,508,15060001
6276,21,1,0,3133,508,15062401
6277,21,0,0,3133,508,15064801
6278,21,1,0,3134,508,15067201
6279,22,2,0,3136,508,15069601
6280,24,0,0,3136,508,15072001
6281,21,1,0,3137,508,15074401
6282,22,0,0,3137,508,15076801
6283,25,1,0,3138,508,15079201
6284,25,0,0,3138,508,15081601
6285,23,0,0,3138,508,15084001
6286,25,0,0,3138,508,15086401
6287,23,1,0,3139,508,15088801
6288,20,0,0,3139,508,15091201
6289,22,0,0,3139,508,15093601
6290,21,3,2,3142,510,15096001
6291,24,0,0,3142,510,15098401
6292,23,1,1,3143,511,15100801
6293,19,0,0,3143,511,15103201
6294,18,0,0,3143,511,15105601
6295,19,0,0,3143,511,15108001
6296,19,0,0,3143,511,15110401
6297,18,0,0,3143,511,15112801
6298,21,0,0,3143,511,15115201
6299,22,0,0,3143,511,15117601
6300,22,0,0,3143,511,15120001
6301,25,0,0,3143,511,15122401
6302,21,0,0,3143,511,15124801
6303,20,0,0,3143,511,15127201
6304,23,0,0,3143,511,15129601
6305,23,1,0,3144,511,15132001
6306,25,2,0,3146,511,15134401
6307,23,2,1,3148,512,15136801
6308,19,1,0,3149,512,15139201
6309,21,0,0,3149,512,15141601
6310,19,0,0,3149,512,15144001
6311,20,2,1,3151,513,15146401
6312,20,0,0,3151,513,15148801
6313,20,0,0,3151,513,15151201
6314,20,0,0,3151,513,15153601
6315,19,2,1,3153,514,15156001
6316,18,1,0,3154,514,15158401
6317,18,0,0,3154,514,15160801
6318,22,0,0,3154,514,15163201
6319,22,0,0,3154,514,15165601
6320,25,0,0,3154,514,15168001
6321,24,1,0,3155,514,15170401
6322,26,0,0,3155,514,15172801
6323,30,0,0,3155,514,15175201
6324,26,0,0,3155,514,15177601
6325,27,0,0,3155,514,15180001
6326,25,0,0,3155,514,15182401
6327,22,0,0,3155,514,15184801
6328,23,1,0,3156,514,15187201
6329,25,0,0,3156,514,15189601
6330,23,0,0,3156,514,15192001
6331,23,1,0,3157,514,15194401
6332,20,0,0,3157,514,15196801
6333,17,1,0,3158,514,15199201
6334,16,0,0,3158,514,15201601
6335,19,0,0,3158,514,15204001
6336,22,0,0,3158,514,15206401
6337,19,0,0,3158,514,15208801
6338,13,0,0,3158,514,15211201
6339,15,2,1,3160,515,15213601
6340,15,0,0,3160,515,15216001
6341,16,1,0,3161,515,15218401
6342,17,0,0,3161,515,15220801
6343,19,0,0,3161,515,15223201
6344,18,0,0,3161,515,15225601
6345,18,1,0,3162,515,15228001
6346,16,0,0,3162,515,15230401
6347,17,1,0,3163,515,15232801
6348,18,0,0,3163,515,15235201
6349,20,0,0,3163,515,15237601
6350,19,0,0,3163,515,15240001
6351,21,0,0,3163,515,15242401
6352,19,1,0,3164,515,15244801
6353,20,0,0,3164,515,15247201
6354,20,1,0,3165,515,15249601
6355,19,0,0,3165,515,15252001
6356,20,0,0,3165,515,15254401
6357,21,0,0,3165,515,15256801
6358,24,0,0,3165,515,15259201
6359,23,3,0,3168,515,15261601
6360,21,1,0,3169,515,15264001
6361,22,0,0,3169,515,15266401
6362,21,1,0,3170,515,15268801
6363,21,1,0,3171,515,15271201
6364,23,0,0,3171,515,15273601
6365,24,0,0,3171,515,15276001
6366,24,0,0,3171,515,15278401
6367,29,1,0,3172,515,15280801
6368,27,0,0,3172,515,15283201
6369,26,0,0,3172,515,15285601
6370,26,0,0,3172,515,15288001
6371,25,0,0,3172,515,15290401
6372,21,1,0,3173,515,15292801
6373,22,0,0,3173,515,15295201
6374,23,1,0,3174,515,15297601
6375,22,0,0,3174,515,15300001
6376,18,0,0,3174,515,15302401
6377,21,0,0,3174,515,15304801
6378,20,1,0,3175,515,15307201
6379,18,1,0,3176,515,15309601
6380,20,0,0,3176,515,15312001
6381,23,1,0,3177,515,15314401
6382,19,0,0,3177,515,15316801
6383,21,1,1,3178,516,15319201
6384,23,0,0,3178,516,15321601
6385,22,0,0,3178,516,15324001
6386,25,0,0,3178,516,15326401
6387,21,2,1,3180,517,15328801
6388,23,0,0,3180,517,15331201
6389,22,0,0,3180,517,15333601
6390,25,0,0,3180,517,15336001
6391,22,1,0,3181,517,15338401
6392,25,1,1,3182,518,15340801
6393,26,1,0,3183,518,15343201
6394,23,2,1,3185,519,15345601
6395,23,0,0,3185,519,15348001
6396,22,2,0,3187,519,15350401
6397,22,1,0,3188,519,15352801
6398,21,0,0,3188,519,15355201
6399,21,1,0,3189,519,15357601
6400,24,0,0,3189,519,15360001
6401,22,0,0,3189,519,15362401
6402,23,0,0,3189,519,15364801
6403,23,0,0,3189,519,15367201
6404,19,1,0,3190,519,15369601
6405,21,2,1,3192,520,15372001
6406,20,0,0,3192,520,15374401
6407,21,3,1,3195,521,15376801
6408,20,2,0,3197,521,15379201
6409,18,1,1,3198,522,15381601
6410,20,0,0,3198,522,15384001
6411,18,0,0,3198,522,15386401
6412,18,0,0,3198,522,15388801
6413,15,1,0,3199,522,15391201
6414,16,0,0,3199,522,15393601
6415,17,0,0,3199,522,15396001
6416,18,1,1,3200,523,15398401
6417,17,1,0,3201,523,15400801
6418,21,0,0,3201,523,15403201
6419,19,1,0,3202,523,15405601
6420,21,0,0,3202,523,15408001
6421,17,1,0,3203,523,15410401
6422,17,0,0,3203,523,15412801
6423,19,2,0,3205,523,15415201
6424,24,1,0,3206,523,15417601
6425,22,1,0,3207,523,15420001
6426,24,1,0,3208,523,15422401
6427,24,1,0,3209,523,15424801
6428,21,0,0,3209,523,15427201
6429,20,0,0,3209,523,15429601
6430,20,0,0,3209,523,15432001
6431,26,0,0,3209,523,15434401
6432,24,2,0,3211,523,15436801
6433,25,0,0,3211,523,15439201
6434,26,0,0,3211,523,15441601
6435,23,1,0,3212,523,15444001
6436,20,2,0,3214,523,15446401
6437,18,1,0,3215,523,15448801
6438,17,0,0,3215,523,15451201
6439,18,1,0,3216,523,15453601
6440,17,0,0,3216,523,15456001
6441,17,0,0,3216,523,15458401
6442,20,0,0,3216,523,15460801
6443,20,1,0,3217,523,15463201
6444,17,0,0,3217,523,15465601
6445,18,2,0,3219,523,15468001
6446,17,1,0,3220,523,15470401
6447,16,0,0,3220,523,15472801
6448,16,0,0,3220,523,15475201
6449,19,1,0,3221,523,15477601
6450,23,0,0,3221,523,15480001
6451,17,1,0,3222,523,15482401
6452,20,2,0,3224,523,15484801
6453,23,0,0,3224,523,15487201
6454,20,0,0,3224,523,15489601
6455,21,0,0,3224,523,15492001
6456,23,0,0,3224,523,15494401
6457,21,0,0,3224,523,15496801
6458,23,0,0,3224,523,15499201
6459,21,0,0,3224,523,15501601
6460,23,0,0,3224,523,15504001
6461,22,0,0,3224,523,15506401
6462,23,0,0,3224,523,15508801
6463,27,0,0,3224,523,15511201
6464,27,0,0,3224,523,15513601
6465,25,1,0,3225,523,15516001
6466,25,1,0,3226,523,15518401
6467,29,0,0,3226,523,15520801
6468,30,0,0,3226,523,15523201
6469,27,0,0,3226,523,15525601
6470,28,1,0,3227,523,15528001
6471,27,2,0,3229,523,15530401
6472,23,0,0,3229,523,15532801
6473,23,1,0,3230,523,15535201
6474,24,0,0,3230,523,15537601
6475,25,0,0,3230,523,15540001
6476,23,1,0,3231,523,15542401
6477,25,0,0,3231,523,15544801
6478,21,0,0,3231,523,15547201
6479,21,1,0,3232,523,15549601
6480,20,2,1,3234,524,15552001
6481,22,0,0,3234,524,15554401
6482,22,0,0,3234,524,15556801
6483,24,2,0,3236,524,15559201
6484,23,0,0,3236,524,15561601
6485,21,0,0,3236,524,15564001
6486,22,1,0,3237,524,15566401
6487,22,1,0,3238,524,15568801
6488,21,0,0,3238,524,15571201
6489,20,0,0,3238,524,15573601
6490,22,0,0,3238,524,15576001
6491,22,1,0,3239,524,15578401
6492,18,0,0,3239,524,15580801
6493,19,0,0,3239,524,15583201
6494,22,0,0,3239,524,15585601
6495,21,1,0,3240,524,15588001
6496,18,1,0,3241,524,15590401
6497,20,1,0,3242,524,15592801
6498,21,0,0,3242,524,15595201
6499,22,2,1,3244,525,15597601
6500,23,1,0,3245,525,15600001
6501,22,0,0,3245,525,15602401
6502,24,0,0,3245,525,15604801
6503,29,1,0,3246,525,15607201
6504,22,0,0,3246,525,15609601
6505,23,2,1,3248,526,15612001
6506,23,0,0,3248,526,15614401
6507,25,0,0,3248,526,15616801
6508,23,0,0,3248,526,15619201
6509,23,1,0,3249,526,15621601
6510,25,0,0,3249,526,15624001
6511,22,1,1,3250,527,15626401
6512,23,1,0,3251,527,15628801
6513,24,0,0,3251,527,15631201
6514,25,1,0,3252,527,15633601
6515,21,0,0,3252,527,15636001
6516,23,1,0,3253,527,15638401
6517,22,1,0,3254,527,15640801
6518,23,1,0,3255,527,15643201
6519,18,3,0,3258,527,15645601
6520,20,0,0,3258,527,15648001
6521,18,0,0,3258,527,15650401
6522,18,0,0,3258,527,15652801
6523,19,1,0,3259,527,15655201
6524,20,0,0,3259,527,15657601
6525,18,0,0,3259,527,15660001
6526,22,0,0,3259,527,15662401
6527,20,0,0,3259,527,15664801
6528,22,0,0,3259,527,15667201
6529,21,1,0,3260,527,15669601
6530,20,0,0,3260,527,15672001
6531,21,2,1,3262,528,15674401
6532,22,0,0,3262,528,15676801
6533,25,0,0,3262,528,15679201
6534,19,0,0,3262,528,15681601
6535,21,0,0,3262,528,15684001
6536,16,0,0,3262,528,15686401
6537,20,0,0,3262,528,15688801
6538,20,0,0,3262,528,15691201
6539,18,0,0,3262,528,15693601
6540,21,0,0,3262,528,15696001
6541,24,0,0,3262,528,15698401
6542,21,0,0,3262,528,15700801
6543,21,1,0,3263,528,15703201
6544,22,0,0,3263,528,15705601
6545,19,0,0,3263,528,15708001
6546,18,0,0,3263,528,15710401
6547,19,0,0,3263,528,15712801
6548,19,3,1,3266,529,15715201
6549,18,2,0,3268,529,15717601
6550,17,1,0,3269,529,15720001
6551,20,0,0,3269,529,15722401
6552,20,0,0,3269,529,15724801
6553,19,1,0,3270,529,15727201
6554,21,1,0,3271,529,15729601
6555,20,1,0,3272,529,15732001
6556,21,0,0,3272,529,15734401
6557,25,0,0,3272,529,15736801
6558,26,1,0,3273,529,15739201
6559,23,1,1,3274,530,15741601
6560,25,0,0,3274,530,15744001
6561,28,0,0,3274,530,15746401
6562,27,0,0,3274,530,15748801
6563,29,1,0,3275,530,15751201
6564,29,0,0,3275,530,15753601
6565,30,0,0,3275,530,15756001
6566,29,1,0,3276,530,15758401
6567,30,0,0,3276,530,15760801
6568,32,0,0,3276,530,15763201
6569,28,3,0,3279,530,15765601
6570,29,1,0,3280,530,15768001
6571,28,0,0,3280,530,15770401
6572,26,0,0,3280,530,15772801
6573,24,0,0,3280,530,15775201
6574,21,1,0,3281,530,15777601
6575,20,0,0,3281,530,15780001
6576,21,0,0,3281,530,15782401
6577,20,0,0,3281,530,15784801
6578,19,0,0,3281,530,15787201
6579,20,1,0,3282,530,15789601
6580,19,1,0,3283,530,15792001
6581,19,2,0,3285,530,15794401
6582,21,0,0,3285,530,15796801
6583,22,1,0,3286,530,15799201
6584,19,2,0,3288,530,15801601
6585,18,2,1,3290,531,15804001
6586,19,0,0,3290,531,15806401
6587,21,0,0,3290,531,15808801
6588,22,0,0,3290,531,15811201
6589,22,1,0,3291,531,15813601
6590,22,1,0,3292,531,15816001
6591,21,0,0,3292,531,15818401
6592,21,0,0,3292,531,15820801
6593,20,2,0,3294,531,15823201
6594,21,1,0,3295,531,15825601
6595,20,0,0,3295,531,15828001
6596,21,0,0,3295,531,15830401
6597,21,1,0,3296,531,15832801
6598,20,1,0,3297,531,15835201
6599,21,1,0,3298,531,15837601
6600,20,0,0,3298,531,15840001
6601,19,0,0,3298,531,15842401
6602,19,0,0,3298,531,15844801
6603,21,0,0,3298,531,15847201
6604,18,0,0,3298,531,15849601
6605,19,1,1,3299,532,15852001
6606,20,0,0,3299,532,15854401
6607,19,1,0,3300,532,15856801
6608,21,0,0,3300,532,15859201
6609,21,0,0,3300,532,15861601
6610,20,0,0,3300,532,15864001
6611,21,0,0,3300,532,15866401
6612,22,0,0,3300,532,15868801
6613,21,0,0,3300,532,15871201
6614,23,1,1,3301,533,15873601
6615,24,1,0,3302,533,15876001
6616,27,0,0,3302,533,15878401
6617,27,0,0,3302,533,15880801
6618,27,1,0,3303,533,15883201
6619,27,0,0,3303,533,15885601
6620,24,1,0,3304,533,15888001
6621,24,1,0,3305,533,15890401
6622,20,1,0,3306,533,15892801
6623,21,0,0,3306,533,15895201
6624,22,0,0,3306,533,15897601
6625,20,0,0,3306,533,15900001
6626,20,0,0,3306,533,15902401
6627,21,0,0,3306,533,15904801
6628,25,1,1,3307,534,15907201
6629,28,0,0,3307,534,15909601
6630,30,0,0,3307,534,15912001
6631,24,0,0,3307,534,15914401
6632,25,0,0,3307,534,15916801
6633,25,0,0,3307,534,15919201
6634,20,2,1,3309,535,15921601
6635,20,0,0,3309,535,15924001
6636,23,0,0,3309,535,15926401
6637,20,0,0,3309,535,15928801
6638,22,0,0,3309,535,15931201
6639,25,0,0,3309,535,15933601
6640,22,0,0,3309,535,15936001
6641,24,1,0,3310,535,15938401
6642,25,0,0,3310,535,15940801
6643,19,1,0,3311,535,15943201
6644,20,0,0,3311,535,15945601
6645,22,2,1,3313,536,15948001
6646,24,1,0,3314,536,15950401
6647,25,0,0,3314,536,15952801
6648,24,0,0,3314,536,15955201
6649,28,0,0,3314,536,15957601
6650,23,0,0,3314,536,15960001
6651,22,0,0,3314,536,15962401
6652,23,0,0,3314,536,15964801
6653,24,0,0,3314,536,15967201
6654,23,2,0,3316,536,15969601
6655,23,0,0,3316,536,15972001
6656,26,1,0,3317,536,15974401
6657,28,0,0,3317,536,15976801
6658,25,0,0,3317,536,15979201
6659,24,0,0,3317,536,15981601
6660,25,0,0,3317,536,15984001
6661,24,0,0,3317,536,15986401
6662,25,1,1,3318,537,15988801
6663,23,0,0,3318,537,15991201
6664,26,0,0,3318,537,15993601
6665,24,2,0,3320,537,15996001
6666,23,1,0,3321,537,15998401
6667,23,3,0,3324,537,16000801
6668,24,1,0,3325,537,16003201
6669,25,0,0,3325,537,16005601
6670,23,0,0,3325,537,16008001
6671,24,0,0,3325,537,16010401
6672,23,0,0,3325,537,16012801
6673,21,0,0,3325,537,16015201
6674,24,1,0,3326,537,16017601
6675,26,0,0,3326,537,16020001
6676,24,0,0,3326,537,16022401
6677,26,0,0,3326,537,16024801
6678,26,0,0,3326,537,16027201
6679,26,0,0,3326,537,16029601
6680,27,0,0,3326,537,16032001
6681,26,1,0,3327,537,16034401
6682,28,1,0,3328,537,16036801
6683,29,0,0,3328,537,16039201
6684,27,0,0,3328,537,16041601
6685,30,0,0,3328,537,16044001
6686,27,0,0,3328,537,16046401
6687,29,1,1,3329,538,16048801
6688,25,1,0,3330,538,16051201
6689,25,3,1,3333,539,16053601
6690,24,0,0,3333,539,16056001
6691,22,1,0,3334,539,16058401
6692,21,2,0,3336,539,16060801
6693,19,0,0,3336,539,16063201
6694,21,1,0,3337,539,16065601
6695,20,2,0,3339,539,16068001
6696,19,1,0,3340,539,16070401
6697,18,0,0,3340,539,16072801
6698,19,0,0,3340,539,16075201
6699,18,0,0,3340,539,16077601
6700,21,0,0,3340,539,16080001
6701,21,1,0,3341,539,16082401
6702,21,0,0,3341,539,16084801
6703,20,0,0,3341,539,16087201
6704,22,1,0,3342,539,16089601
6705,21,0,0,3342,539,16092001
6706,20,1,0,3343,539,16094401
6707,18,1,0,3344,539,16096801
6708,21,0,0,3344,539,16099201
6709,18,0,0,3344,539,16101601
6710,18,0,0,3344,539,16104001
6711,22,0,0,3344,539,16106401
6712,20,0,0,3344,539,16108801
6713,20,1,0,3345,539,16111201
6714,22,0,0,3345,539,16113601
6715,26,0,0,3345,539,16116001
6716,25,1,0,3346,539,16118401
6717,24,4,0,3350,539,16120801
6718,27,0,0,3350,539,16123201
6719,29,0,0,3350,539,16125601
6720,30,0,0,3350,539,16128001
6721,31,2,0,3352,539,16130401
6722,32,0,0,3352,539,16132801
6723,29,0,0,3352,539,16135201
6724,32,0,0,3352,539,16137601
6725,24,4,1,3356,540,16140001
6726,21,2,1,3358,541,16142401
6727,22,1,0,3359,541,16144801
6728,22,1,0,3360,541,16147201
6729,21,0,0,3360,541,16149601
6730,21,1,1,3361,542,16152001
6731,18,1,0,3362,542,16154401
6732,18,0,0,3362,542,16156801
6733,14,0,0,3362,542,16159201
6734,16,1,0,3363,542,16161601
6735,14,0,0,3363,542,16164001
6736,15,0,0,3363,542,16166401
6737,13,1,0,3364,542,16168801
6738,16,0,0,3364,542,16171201
6739,17,0,0,3364,542,16173601
6740,20,1,0,3365,542,16176001
6741,20,1,1,3366,543,16178401
6742,24,1,0,3367,543,16180801
6743,24,0,0,3367,543,16183201
6744,25,1,0,3368,543,16185601
6745,25,1,0,3369,543,16188001
6746,26,0,0,3369,543,16190401
6747,25,1,0,3370,543,16192801
6748,24,1,0,3371,543,16195201
6749,22,0,0,3371,543,16197601
6750,23,0,0,3371,543,16200001
6751,23,1,0,3372,543,16202401
6752,21,2,0,3374,543,16204801
6753,23,0,0,3374,543,16207201
6754,22,0,0,3374,543,16209601
6755,24,0,0,3374,543,16212001
6756,26,0,0,3374,543,16214401
6757,22,0,0,3374,543,16216801
6758,22,0,0,3374,543,16219201
6759,24,0,0,3374,543,16221601
6760,25,0,0,3374,543,16224001
6761,26,0,0,3374,543,16226401
6762,26,0,0,3374,543,16228801
6763,31,0,0,3374,543,16231201
6764,26,0,0,3374,543,16233601
6765,26,0,0,3374,543,16236001
6766,25,0,0,3374,543,16238401
6767,27,0,0,3374,543,16240801
6768,26,2,0,3376,543,16243201
6769,23,0,0,3376,543,16245601
6770,27,1,1,3377,544,16248001
6771,24,1,0,3378,544,16250401
6772,26,1,0,3379,544,16252801
6773,23,1,0,3380,544,16255201
6774,26,0,0,3380,544,16257601
6775,23,1,0,3381,544,16260001
6776,22,0,0,3381,544,16262401
6777,22,0,0,3381,544,16264801
6778,22,0,0,3381,544,16267201
6779,25,0,0,3381,544,16269601
6780,21,1,0,3382,544,16272001
6781,22,0,0,3382,544,16274401
6782,24,1,0,3383,544,16276801
6783,18,3,0,3386,544,16279201
6784,18,1,0,3387,544,16281601
6785,19,0,0,3387,544,16284001
6786,19,0,0,3387,544,16286401
6787,18,0,0,3387,544,16288801
6788,18,1,0,3388,544,16291201
6789,17,0,0,3388,544,16293601
6790,17,0,0,3388,544,16296001
6791,17,1,0,3389,544,16298401
6792,16,2,0,3391,544,16300801
6793,19,1,0,3392,544,16303201
6794,19,0,0,3392,544,16305601
6795,20,1,0,3393,544,16308001
6796,19,1,0,3394,544,16310401
6797,19,0,0,3394,544,16312801
6798,20,0,0,3394,544,16315201
6799,22,0,0,3394,544,16317601
6800,21,0,0,3394,544,16320001
6801,20,0,0,3394,544,16322401
6802,21,2,0,3396,544,16324801
6803,21,0,0,3396,544,16327201
6804,22,0,0,3396,544,16329601
6805,23,0,0,3396,544,16332001
6806,25,1,1,3397,545,16334401
6807,24,0,0,3397,545,16336801
6808,22,2,0,3399,545,16339201
6809,19,0,0,3399,545,16341601
6810,18,0,0,3399,545,16344001
6811,18,1,0,3400,545,16346401
6812,19,1,1,3401,546,16348801
6813,20,1,0,3402,546,16351201
6814,20,0,0,3402,546,16353601
6815,22,0,0,3402,546,16356001
6816,19,1,1,3403,547,16358401
6817,22,1,0,3404,547,16360801
6818,20,0,0,3404,547,16363201
6819,19,0,0,3404,547,16365601
6820,20,0,0,3404,547,16368001
6821,20,1,1,3405,548,16370401
6822,19,1,0,3406,548,16372801
6823,21,0,0,3406,548,16375201
6824,23,1,0,3407,548,16377601
6825,23,0,0,3407,548,16380001
6826,20,1,0,3408,548,16382401
6827,20,2,0,3410,548,16384801
6828,21,2,0,3412,548,16387201
6829,22,0,0,3412,548,16389601
6830,23,0,0,3412,548,16392001
6831,24,0,0,3412,548,16394401
6832,22,1,0,3413,548,16396801
6833,24,0,0,3413,548,16399201
6834,23,1,0,3414,548,16401601
6835,25,0,0,3414,548,16404001
6836,22,0,0,3414,548,16406401
6837,27,1,0,3415,548,16408801
6838,28,0,0,3415,548,16411201
6839,25,0,0,3415,548,16413601
6840,26,2,0,3417,548,16416001
6841,24,0,0,3417,548,16418401
6842,26,1,0,3418,548,16420801
6843,27,0,0,3418,548,16423201
6844,23,1,0,3419,548,16425601
6845,22,1,0,3420,548,16428001
6846,21,1,0,3421,548,16430401
6847,23,1,0,3422,548,16432801
6848,22,1,0,3423,548,16435201
6849,24,0,0,3423,548,16437601
6850,22,0,0,3423,548,16440001
6851,23,0,0,3423,548,16442401
6852,25,0,0,3423,548,16444801
6853,21,0,0,3423,548,16447201
6854,23,0,0,3423,548,16449601
6855,20,0,0,3423,548,16452001
6856,20,1,0,3424,548,16454401
6857,20,2,1,3426,549,16456801
6858,24,1,0,3427,549,16459201
6859,25,0,0,3427,549,16461601
6860,23,1,0,3428,549,16464001
6861,27,1,0,3429,549,16466401
6862,33,0,0,3429,549,16468801
6863,27,0,0,3429,549,16471201
6864,32,0,0,3429,549,16473601
6865,30,2,0,3431,549,16476001
6866,31,1,0,3432,549,16478401
6867,34,0,0,3432,549,16480801
6868,33,0,0,3432,549,16483201
6869,27,0,0,3432,549,16485601
6870,27,0,0,3432,549,16488001
6871,25,1,0,3433,549,16490401
6872,25,0,0,3433,549,16492801
6873,26,1,0,3434,549,16495201
6874,29,0,0,3434,549,16497601
6875,23,2,0,3436,549,16500001
6876,23,1,0,3437,549,16502401
6877,19,0,0,3437,549,16504801
6878,20,1,0,3438,549,16507201
6879,23,1,0,3439,549,16509601
6880,24,0,0,3439,549,16512001
6881,18,0,0,3439,549,16514401
6882,19,1,0,3440,549,16516801
6883,19,2,1,3442,550,16519201
6884,17,1,0,3443,550,16521601
6885,20,0,0,3443,550,16524001
6886,23,1,1,3444,551,16526401
6887,23,0,0,3444,551,16528801
6888,22,0,0,3444,551,16531201
6889,24,0,0,3444,551,16533601
6890,24,1,0,3445,551,16536001
6891,25,0,0,3445,551,16538401
6892,24,0,0,3445,551,16540801
6893,27,0,0,3445,551,16543201
6894,25,1,0,3446,551,16545601
6895,28,2,0,3448,551,16548001
6896,25,2,0,3450,551,16550401
6897,26,0,0,3450,551,16552801
6898,26,1,0,3451,551,16555201
6899,24,0,0,3451,551,16557601
6900,23,1,0,3452,551,16560001
6901,27,0,0,3452,551,16562401
6902,21,0,0,3452,551,16564801
6903,22,0,0,3452,551,16567201
6904,21,0,0,3452,551,16569601
6905,23,0,0,3452,551,16572001
6906,22,0,0,3452,551,16574401
6907,20,1,0,3453,551,16576801
6908,21,2,1,3455,552,16579201
6909,21,0,0,3455,552,16581601
6910,17,0,0,3455,552,16584001
6911,19,0,0,3455,552,16586401
6912,17,0,0,3455,552,16588801
6913,19,0,0,3455,552,16591201
6914,22,0,0,3455,552,16593601
6915,24,0,0,3455,552,16596001
6916,21,1,0,3456,552,16598401
6917,23,0,0,3456,552,16600801
6918,27,0,0,3456,552,16603201
6919,25,0,0,3456,552,16605601
6920,23,0,0,3456,552,16608001
6921,21,1,0,3457,552,16610401
6922,26,1,0,3458,552,16612801
6923,23,0,0,3458,552,16615201
6924,25,0,0,3458,552,16617601
6925,19,2,0,3460,552,16620001
6926,24,0,0,3460,552,16622401
6927,20,1,0,3461,552,16624801
6928,20,0,0,3461,552,16627201
6929,18,1,0,3462,552,16629601
6930,16,0,0,3462,552,16632001
6931,15,0,0,3462,552,16634401
6932,18,0,0,3462,552,16636801
6933,19,0,0,3462,552,16639201
6934,19,0,0,3462,552,16641601
6935,19,0,0,3462,552,16644001
6936,21,0,0,3462,552,16646401
6937,24,0,0,3462,552,16648801
6938,24,1,0,3463,552,16651201
6939,24,0,0,3463,552,16653601
6940,26,0,0,3463,552,16656001
6941,26,0,0,3463,552,16658401
6942,28,0,0,3463,552,16660801
6943,29,1,0,3464,552,16663201
6944,28,3,1,3467,553,16665601
6945,22,0,0,3467,553,16668001
6946,23,1,0,3468,553,16670401
6947,23,0,0,3468,553,16672801
6948,24,1,0,3469,553,16675201
6949,23,2,1,3471,554,16677601
6950,22,1,0,3472,554,16680001
6951,23,1,0,3473,554,16682401
6952,22,0,0,3473,554,16684801
6953,21,1,1,3474,555,16687201
6954,19,0,0,3474,555,16689601
6955,19,1,0,3475,555,16692001
6956,18,0,0,3475,555,16694401
6957,19,0,0,3475,555,16696801
6958,22,1,0,3476,555,16699201
6959,20,1,0,3477,555,16701601
6960,22,2,1,3479,556,16704001
6961,18,3,0,3482,556,16706401
6962,19,0,0,3482,556,16708801
6963,19,0,0,3482,556,16711201
6964,19,1,1,3483,557,16713601
6965,20,2,1,3485,558,16716001
6966,17,0,0,3485,558,16718401
6967,19,0,0,3485,558,16720801
6968,19,0,0,3485,558,16723201
6969,19,0,0,3485,558,16725601
6970,18,0,0,3485,558,16728001
6971,18,0,0,3485,558,16730401
6972,18,1,0,3486,558,16732801
6973,19,0,0,3486,558,16735201
6974,22,0,0,3486,558,16737601
6975,25,1,1,3487,559,16740001
6976,24,0,0,3487,559,16742401
6977,27,0,0,3487,559,16744801
6978,27,0,0,3487,559,16747201
6979,25,2,1,3489,560,16749601
6980,26,1,0,3490,560,16752001
6981,24,0,0,3490,560,16754401
6982,28,2,2,3492,562,16756801
6983,27,1,0,3493,562,16759201
6984,27,0,0,3493,562,16761601
6985,28,1,0,3494,562,16764001
6986,31,0,0,3494,562,16766401
6987,35,0,0,3494,562,16768801
6988,30,1,0,3495,562,16771201
6989,30,0,0,3495,562,16773601
6990,30,0,0,3495,562,16776001
6991,30,0,0,3495,562,16778401
6992,30,0,0,3495,562,16780801
6993,31,0,0,3495,562,16783201
6994,33,0,0,3495,562,16785601
6995,30,1,0,3496,562,16788001
6996,31,1,0,3497,562,16790401
6997,32,1,0,3498,562,16792801
6998,29,1,0,3499,562,16795201
6999,29,2,0,3501,562,16797601
7000,25,2,0,3503,562,16800001
7001,22,2,0,3505,562,16802401
7002,23,0,0,3505,562,16804801
7003,19,0,0,3505,562,16807201
7004,19,0,0,3505,562,16809601
7005,19,0,0,3505,562,16812001
7006,15,2,0,3507,562,16814401
7007,18,1,1,3508,563,16816801
7008,15,0,0,3508,563,16819201
7009,15,1,0,3509,563,16821601
7010,16,0,0,3509,563,16824001
7011,16,2,0,3511,563,16826401
7012,17,2,0,3513,563,16828801
7013,15,0,0,3513,563,16831201
7014,14,2,0,3515,563,16833601
7015,14,0,0,3515,563,16836001
7016,16,0,0,3515,563,16838401
7017,15,0,0,3515,563,16840801
7018,18,0,0,3515,563,16843201
7019,17,0,0,3515,563,16845601
7020,19,0,0,3515,563,16848001
7021,19,1,0,3516,563,16850401
7022,17,0,0,3516,563,16852801
7023,18,0,0,3516,563,16855201
7024,18,0,0,3516,563,16857601
7025,18,0,0,3516,563,16860001
7026,17,1,0,3517,563,16862401
7027,17,0,0,3517,563,16864801
7028,17,1,0,3518,563,16867201
7029,18,1,0,3519,563,16869601
7030,18,2,1,3521,564,16872001
7031,20,0,0,3521,564,16874401
7032,19,1,0,3522,564,16876801
7033,20,1,0,3523,564,16879201
7034,20,0,0,3523,564,16881601
7035,19,1,0,3524,564,16884001
7036,19,0,0,3524,564,16886401
7037,23,0,0,3524,564,16888801
7038,21,0,0,3524,564,16891201
7039,21,2,0,3526,564,16893601
7040,23,0,0,3526,564,16896001
7041,24,0,0,3526,564,16898401
7042,22,2,0,3528,564,16900801
7043,23,1,0,3529,564,16903201
7044,24,0,0,3529,564,16905601
7045,23,0,0,3529,564,16908001
7046,24,0,0,3529,564,16910401
7047,23,0,0,3529,564,16912801
7048,27,0,0,3529,564,16915201
7049,28,0,0,3529,564,16917601
7050,24,1,0,3530,564,16920001
7051,25,1,0,3531,564,16922401
7052,25,1,0,3532,564,16924801
7053,25,0,0,3532,564,16927201
7054,25,0,0,3532,564,16929601
7055,26,0,0,3532,564,16932001
7056,25,1,0,3533,564,16934401
7057,27,0,0,3533,564,16936801
7058,24,2,0,3535,564,16939201
7059,23,2,0,3537,564,16941601
7060,21,0,0,3537,564,16944001
7061,21,0,0,3537,564,16946401
7062,20,0,0,3537,564,16948801
7063,20,0,0,3537,564,16951201
7064,18,1,0,3538,564,16953601
7065,18,0,0,3538,564,16956001
7066,16,0,0,3538,564,16958401
7067,19,0,0,3538,564,16960801
7068,16,0,0,3538,564,16963201
7069,16,0,0,3538,564,16965601
7070,13,0,0,3538,564,16968001
7071,13,1,1,3539,565,16970401
7072,13,0,0,3539,565,16972801
7073,13,0,0,3539,565,16975201
7074,15,0,0,3539,565,16977601
7075,13,0,0,3539,565,16980001
7076,13,0,0,3539,565,16982401
7077,14,0,0,3539,565,16984801
7078,13,0,0,3539,565,16987201
7079,14,0,0,3539,565,16989601
7080,15,1,1,3540,566,16992001
7081,17,0,0,3540,566,16994401
7082,17,0,0,3540,566,16996801
7083,17,0,0,3540,566,16999201
7084,15,1,0,3541,566,17001601
7085,20,0,0,3541,566,17004001
7086,17,1,0,3542,566,17006401
7087,17,0,0,3542,566,17008801
7088,17,0,0,3542,566,17011201
7089,16,0,0,3542,566,17013601
7090,16,1,0,3543,566,17016001
7091,14,0,0,3543,566,17018401
7092,14,0,0,3543,566,17020801
7093,14,0,0,3543,566,17023201
7094,16,0,0,3543,566,17025601
7095,14,0,0,3543,566,17028001
7096,14,0,0,3543,566,17030401
7097,16,0,0,3543,566,17032801
7098,17,0,0,3543,566,17035201
7099,15,1,0,3544,566,17037601
7100,16,0,0,3544,566,17040001
7101,21,0,0,3544,566,17042401
7102,23,0,0,3544,566,17044801
7103,24,0,0,3544,566,17047201
7104,19,0,0,3544,566,17049601
7105,21,1,0,3545,566,17052001
7106,20,0,0,3545,566,17054401
7107,20,1,1,3546,567,17056801
7108,18,1,0,3547,567,17059201
7109,21,0,0,3547,567,17061601
7110,20,0,0,3547,567,17064001
7111,18,0,0,3547,567,17066401
7112,18,0,0,3547,567,17068801
7113,19,0,0,3547,567,17071201
7114,20,2,0,3549,567,17073601
7115,19,0,0,3549,567,17076001
7116,20,1,0,3550,567,17078401
7117,21,1,1,3551,568,17080801
7118,23,1,0,3552,568,17083201
7119,21,0,0,3552,568,17085601
7120,22,2,0,3554,568,17088001
7121,21,0,0,3554,568,17090401
7122,21,1,0,3555,568,17092801
7123,20,1,0,3556,568,17095201
7124,22,0,0,3556,568,17097601
7125,23,3,1,3559,569,17100001
7126,25,0,0,3559,569,17102401
7127,28,0,0,3559,569,17104801
7128,23,2,0,3561,569,17107201
7129,25,1,0,3562,569,17109601
7130,25,0,0,3562,569,17112001
7131,23,0,0,3562,569,17114401
7132,25,0,0,3562,569,17116801
7133,24,2,1,3564,570,17119201
7134,23,1,0,3565,570,17121601
7135,24,1,1,3566,571,17124001
7136,27,0,0,3566,571,17126401
7137,30,0,0,3566,571,17128801
7138,30,1,0,3567,571,17131201
7139,29,0,0,3567,571,17133601
7140,28,0,0,3567,571,17136001
7141,28,1,0,3568,571,17138401
7142,31,1,0,3569,571,17140801
7143,27,4,0,3573,571,17143201
7144,29,0,0,3573,571,17145601
7145,25,0,0,3573,571,17148001
7146,24,1,0,3574,571,17150401
7147,22,1,0,3575,571,17152801
7148,22,2,0,3577,571,17155201
7149,22,0,0,3577,571,17157601
7150,20,2,0,3579,571,17160001
7151,20,0,0,3579,571,17162401
7152,17,3,0,3582,571,17164801
7153,19,0,0,3582,571,17167201
7154,18,0,0,3582,571,17169601
7155,17,0,0,3582,571,17172001
7156,18,2,1,3584,572,17174401
7157,19,0,0,3584,572,17176801
7158,21,0,0,3584,572,17179201
7159,19,0,0,3584,572,17181601
7160,20,1,0,3585,572,17184001
7161,18,1,0,3586,572,17186401
7162,19,0,0,3586,572,17188801
7163,20,1,0,3587,572,17191201
7164,18,1,0,3588,572,17193601
7165,17,2,0,3590,572,17196001
7166,16,1,0,3591,572,17198401
7167,20,0,0,3591,572,17200801
7168,20,3,3,3594,575,17203201
7169,19,0,0,3594,575,17205601
7170,21,1,0,3595,575,17208001
7171,20,0,0,3595,575,17210401
7172,21,0,0,3595,575,17212801
7173,21,2,0,3597,575,17215201
7174,25,0,0,3597,575,17217601
7175,22,0,0,3597,575,17220001
7176,24,0,0,3597,575,17222401
7177,20,1,0,3598,575,17224801
7178,21,0,0,3598,575,17227201
7179,21,0,0,3598,575,17229601
7180,20,0,0,3598,575,17232001
7181,24,0,0,3598,575,17234401
7182,20,1,1,3599,576,17236801
7183,20,1,0,3600,576,17239201
7184,21,0,0,3600,576,17241601
7185,21,3,0,3603,576,17244001
7186,23,0,0,3603,576,17246401
7187,23,0,0,3603,576,17248801
7188,23,1,0,3604,576,17251201
7189,23,1,0,3605,576,17253601
7190,23,0,0,3605,576,17256001
7191,24,3,0,3608,576,17258401
7192,19,1,0,3609,576,17260801
7193,20,0,0,3609,576,17263201
7194,19,0,0,3609,576,17265601
7195,21,0,0,3609,576,17268001
7196,21,0,0,3609,576,17270401
7197,18,1,0,3610,576,17272801
7198,23,0,0,3610,576,17275201
7199,19,0,0,3610,576,17277601
7200,22,0,0,3610,576,17280001
7201,20,0,0,3610,576,17282401
7202,17,0,0,3610,576,17284801
7203,18,0,0,3610,576,17287201
7204,22,0,0,3610,576,17289601
7205,24,2,0,3612,576,17292001
7206,19,1,0,3613,576,17294401
7207,18,0,0,3613,576,17296801
7208,17,1,0,3614,576,17299201
7209,18,2,0,3616,576,17301601
7210,18,0,0,3616,576,17304001
7211,20,0,0,3616,576,17306401
7212,17,1,0,3617,576,17308801
7213,20,1,0,3618,576,17311201
7214,23,0,0,3618,576,17313601
7215,22,1,0,3619,576,17316001
7216,19,0,0,3619,576,17318401
7217,20,0,0,3619,576,17320801
7218,17,1,0,3620,576,17323201
7219,15,0,0,3620,576,17325601
7220,15,1,0,3621,576,17328001
7221,17,1,1,3622,577,17330401
7222,14,1,1,3623,578,17332801
7223,14,3,1,3626,579,17335201
7224,14,0,0,3626,579,17337601
7225,16,0,0,3626,579,17340001
7226,13,0,0,3626,579,17342401
7227,15,0,0,3626,579,17344801
7228,16,0,0,3626,579,17347201
7229,13,1,0,3627,579,17349601
7230,13,0,0,3627,579,17352001
7231,13,0,0,3627,579,17354401
7232,16,0,0,3627,579,17356801
7233,15,0,0,3627,579,17359201
7234,19,0,0,3627,579,17361601
7235,18,0,0,3627,579,17364001
7236,19,0,0,3627,579,17366401
7237,17,0,0,3627,579,17368801
7238,17,1,0,3628,579,17371201
7239,18,0,0,3628,579,17373601
7240,18,1,0,3629,579,17376001
7241,19,0,0,3629,579,17378401
7242,18,2,1,3631,580,17380801
7243,18,1,0,3632,580,17383201
7244,17,0,0,3632,580,17385601
7245,17,0,0,3632,580,17388001
7246,18,0,0,3632,580,17390401
7247,21,0,0,3632,580,17392801
7248,17,0,0,3632,580,17395201
7249,20,1,0,3633,580,17397601
7250,19,0,0,3633,580,17400001
7251,19,0,0,3633,580,17402401
7252,19,0,0,3633,580,17404801
7253,19,2,0,3635,580,17407201
7254,19,0,0,3635,580,17409601
7255,18,0,0,3635,580,17412001
7256,15,1,0,3636,580,17414401
7257,16,1,0,3637,580,17416801
7258,16,1,0,3638,580,17419201
7259,18,1,0,3639,580,17421601
7260,18,1,1,3640,581,17424001
7261,18,2,0,3642,581,17426401
7262,19,0,0,3642,581,17428801
7263,19,0,0,3642,581,17431201
7264,18,1,0,3643,581,17433601
7265,18,0,0,3643,581,17436001
7266,15,2,0,3645,581,17438401
7267,17,0,0,3645,581,17440801
7268,19,0,0,3645,581,17443201
7269,19,1,0,3646,581,17445601
7270,20,0,0,3646,581,17448001
7271,21,0,0,3646,581,17450401
7272,20,0,0,3646,581,17452801
7273,18,0,0,3646,581,17455201
7274,21,0,0,3646,581,17457601
7275,25,1,1,3647,582,17460001
7276,23,0,0,3647,582,17462401
7277,21,1,0,3648,582,17464801
7278,22,0,0,3648,582,17467201
7279,21,0,0,3648,582,17469601
7280,23,1,1,3649,583,17472001
7281,23,3,2,3652,585,17474401
7282,23,0,0,3652,585,17476801
7283,22,1,0,3653,585,17479201
7284,22,2,0,3655,585,17481601
7285,19,1,0,3656,585,17484001
7286,17,1,1,3657,586,17486401
7287,17,1,1,3658,587,17488801
7288,18,0,0,3658,587,17491201
7289,21,0,0,3658,587,17493601
7290,20,0,0,3658,587,17496001
7291,22,0,0,3658,587,17498401
7292,23,0,0,3658,587,17500801
7293,21,1,0,3659,587,17503201
7294,20,0,0,3659,587,17505601
7295,22,0,0,3659,587,17508001
7296,23,0,0,3659,587,17510401
7297,20,2,0,3661,587,17512801
7298,21,0,0,3661,587,17515201
7299,20,0,0,3661,587,17517601
7300,21,0,0,3661,587,17520001
7301,22,0,0,3661,587,17522401
7302,26,1,0,3662,587,17524801
7303,23,1,0,3663,587,17527201
7304,27,1,0,3664,587,17529601
7305,24,0,0,3664,587,17532001
7306,25,0,0,3664,587,17534401
7307,22,2,0,3666,587,17536801
7308,21,0,0,3666,587,17539201
7309,21,1,0,3667,587,17541601
7310,19,0,0,3667,587,17544001
7311,21,0,0,3667,587,17546401
7312,21,0,0,3667,587,17548801
7313,23,0,0,3667,587,17551201
7314,23,0,0,3667,587,17553601
7315,22,0,0,3667,587,17556001
7316,24,1,0,3668,587,17558401
7317,20,2,0,3670,587,17560801
7318,20,0,0,3670,587,17563201
7319,21,0,0,3670,587,17565601
7320,22,0,0,3670,587,17568001
7321,23,1,0,3671,587,17570401
7322,24,0,0,3671,587,17572801
7323,23,2,0,3673,587,17575201
7324,22,0,0,3673,587,17577601
7325,19,0,0,3673,587,17580001
7326,20,1,0,3674,587,17582401
7327,19,0,0,3674,587,17584801
7328,20,1,0,3675,587,17587201
7329,19,1,0,3676,587,17589601
7330,21,1,0,3677,587,17592001
7331,21,3,1,3680,588,17594401
7332,19,1,0,3681,588,17596801
7333,20,1,0,3682,588,17599201
7334,20,0,0,3682,588,17601601
7335,21,0,0,3682,588,17604001
7336,22,0,0,3682,588,17606401
7337,21,0,0,3682,588,17608801
7338,19,0,0,3682,588,17611201
7339,19,0,0,3682,588,17613601
7340,20,2,0,3684,588,17616001
7341,19,0,0,3684,588,17618401
7342,20,0,0,3684,588,17620801
7343,21,0,0,3684,588,17623201
7344,22,0,0,3684,588,17625601
7345,23,0,0,3684,588,17628001
7346,19,2,0,3686,588,17630401
7347,20,0,0,3686,588,17632801
7348,18,2,0,3688,588,17635201
7349,19,0,0,3688,588,17637601
7350,17,1,0,3689,588,17640001
7351,18,0,0,3689,588,17642401
7352,19,1,0,3690,588,17644801
7353,19,1,0,3691,588,17647201
7354,22,0,0,3691,588,17649601
7355,17,1,0,3692,588,17652001
7356,17,0,0,3692,588,17654401
7357,18,0,0,3692,588,17656801
7358,19,1,0,3693,588,17659201
7359,22,1,0,3694,588,17661601
7360,19,0,0,3694,588,17664001
7361,21,2,0,3696,588,17666401
7362,19,0,0,3696,588,17668801
7363,20,0,0,3696,588,17671201
7364,22,0,0,3696,588,17673601
7365,20,1,0,3697,588,17676001
7366,21,1,0,3698,588,17678401
7367,17,0,0,3698,588,17680801
7368,20,1,0,3699,588,17683201
7369,18,1,0,3700,588,17685601
7370,17,1,0,3701,588,17688001
7371,16,1,0,3702,588,17690401
7372,16,1,0,3703,588,17692801
7373,17,0,0,3703,588,17695201
7374,15,2,0,3705,588,17697601
7375,16,1,0,3706,588,17700001
7376,19,1,0,3707,588,17702401
7377,16,0,0,3707,588,17704801
7378,18,0,0,3707,588,17707201
7379,16,0,0,3707,588,17709601
7380,16,0,0,3707,588,17712001
7381,18,0,0,3707,588,17714401
7382,18,0,0,3707,588,17716801
7383,20,0,0,3707,588,17719201
7384,17,1,0,3708,588,17721601
7385,19,0,0,3708,588,17724001
7386,19,0,0,3708,588,17726401
7387,22,1,0,3709,588,17728801
7388,25,0,0,3709,588,17731201
7389,26,0,0,3709,588,17733601
7390,26,2,1,3711,589,17736001
7391,24,0,0,3711,589,17738401
7392,26,0,0,3711,589,17740801
7393,30,0,0,3711,589,17743201
7394,25,1,0,3712,589,17745601
7395,26,1,1,3713,590,17748001
7396,23,1,0,3714,590,17750401
7397,24,1,0,3715,590,17752801
7398,23,1,0,3716,590,17755201
7399,27,0,0,3716,590,17757601
7400,24,0,0,3716,590,17760001
7401,30,1,0,3717,590,17762401
7402,26,1,0,3718,590,17764801
7403,27,1,0,3719,590,17767201
7404,26,2,1,3721,591,17769601
7405,27,0,0,3721,591,17772001
7406,22,3,0,3724,591,17774401
7407,26,0,0,3724,591,17776801
7408,21,2,0,3726,591,17779201
7409,24,0,0,3726,591,17781601
7410,21,2,0,3728,591,17784001
7411,21,1,0,3729,591,17786401
7412,19,0,0,3729,591,17788801
7413,20,0,0,3729,591,17791201
7414,20,1,0,3730,591,17793601
7415,19,2,0,3732,591,17796001
7416,18,0,0,3732,591,17798401
7417,21,1,0,3733,591,17800801
7418,19,0,0,3733,591,17803201
7419,19,0,0,3733,591,17805601
7420,17,1,0,3734,591,17808001
7421,18,0,0,3734,591,17810401
7422,18,0,0,3734,591,17812801
7423,21,1,0,3735,591,17815201
7424,23,2,0,3737,591,17817601
7425,18,0,0,3737,591,17820001
7426,21,0,0,3737,591,17822401
7427,19,2,0,3739,591,17824801
7428,24,0,0,3739,591,17827201
7429,22,0,0,3739,591,17829601
7430,24,0,0,3739,591,17832001
7431,23,0,0,3739,591,17834401
7432,24,0,0,3739,591,17836801
7433,24,0,0,3739,591,17839201
7434,24,1,0,3740,591,17841601
7435,21,1,0,3741,591,17844001
7436,26,0,0,3741,591,17846401
7437,23,0,0,3741,591,17848801
7438,23,0,0,3741,591,17851201
7439,21,3,1,3744,592,17853601
7440,24,1,0,3745,592,17856001
7441,24,1,0,3746,592,17858401
7442,21,0,0,3746,592,17860801
7443,20,2,0,3748,592,17863201
7444,21,0,0,3748,592,17865601
7445,19,1,0,3749,592,17868001
7446,20,0,0,3749,592,17870401
7447,18,1,0,3750,592,17872801
7448,19,0,0,3750,592,17875201
7449,18,1,0,3751,592,17877601
7450,17,1,0,3752,592,17880001
7451,17,0,0,3752,592,17882401
7452,17,0,0,3752,592,17884801
7453,18,0,0,3752,592,17887201
7454,19,0,0,3752,592,17889601
7455,18,2,0,3754,592,17892001
7456,22,0,0,3754,592,17894401
7457,18,0,0,3754,592,17896801
7458,18,0,0,3754,592,17899201
7459,18,1,0,3755,592,17901601
7460,22,0,0,3755,592,17904001
7461,18,0,0,3755,592,17906401
7462,17,2,0,3757,592,17908801
7463,17,0,0,3757,592,17911201
7464,18,0,0,3757,592,17913601
7465,19,0,0,3757,592,17916001
7466,20,0,0,3757,592,17918401
7467,23,0,0,3757,592,17920801
7468,20,0,0,3757,592,17923201
7469,26,0,0,3757,592,17925601
7470,29,0,0,3757,592,17928001
7471,24,0,0,3757,592,17930401
7472,22,0,0,3757,592,17932801
7473,26,0,0,3757,592,17935201
7474,24,0,0,3757,592,17937601
7475,28,1,1,3758,593,17940001
7476,24,0,0,3758,593,17942401
7477,28,0,0,3758,593,17944801
7478,25,0,0,3758,593,17947201
7479,22,1,0,3759,593,17949601
7480,27,0,0,3759,593,17952001
7481,22,1,0,3760,593,17954401
7482,22,0,0,3760,593,17956801
7483,17,1,0,3761,593,17959201
7484,19,0,0,3761,593,17961601
7485,16,2,0,3763,593,17964001
7486,18,0,0,3763,593,17966401
7487,17,1,0,3764,593,17968801
7488,17,1,0,3765,593,17971201
7489,19,1,0,3766,593,17973601
7490,19,1,0,3767,593,17976001
7491,19,0,0,3767,593,17978401
7492,20,0,0,3767,593,17980801
7493,20,3,1,3770,594,17983201
7494,18,0,0,3770,594,17985601
7495,17,0,0,3770,594,17988001
7496,17,0,0,3770,594,17990401
7497,19,0,0,3770,594,17992801
7498,19,0,0,3770,594,17995201
7499,21,0,0,3770,594,17997601
7500,20,0,0,3770,594,18000001
7501,21,0,0,3770,594,18002401
7502,20,0,0,3770,594,18004801
7503,22,0,0,3770,594,18007201
7504,24,0,0,3770,594,18009601
7505,24,1,0,3771,594,18012001
7506,26,1,1,3772,595,18014401
7507,26,0,0,3772,595,18016801
7508,25,0,0,3772,595,18019201
7509,26,0,0,3772,595,18021601
7510,24,1,0,3773,595,18024001
7511,28,0,0,3773,595,18026401
7512,25,1,1,3774,596,18028801
7513,23,1,0,3775,596,18031201
7514,20,1,0,3776,596,18033601
7515,20,0,0,3776,596,18036001
7516,21,0,0,3776,596,18038401
7517,21,1,0,3777,596,18040801
7518,19,0,0,3777,596,18043201
7519,18,0,0,3777,596,18045601
7520,20,2,0,3779,596,18048001
7521,21,1,0,3780,596,18050401
7522,19,2,0,3782,596,18052801
7523,20,1,0,3783,596,18055201
7524,18,0,0,3783,596,18057601
7525,20,2,0,3785,596,18060001
7526,21,0,0,3785,596,18062401
7527,23,1,1,3786,597,18064801
7528,20,0,0,3786,597,18067201
7529,19,0,0,3786,597,18069601
7530,23,0,0,3786,597,18072001
7531,23,1,0,3787,597,18074401
7532,24,0,0,3787,597,18076801
7533,23,0,0,3787,597,18079201
7534,23,1,0,3788,597,18081601
7535,24,0,0,3788,597,18084001
7536,23,1,0,3789,597,18086401
7537,24,1,0,3790,597,18088801
7538,20,1,0,3791,597,18091201
7539,22,0,0,3791,597,18093601
7540,20,1,0,3792,597,18096001
7541,19,1,0,3793,597,18098401
7542,21,0,0,3793,597,18100801
7543,22,2,2,3795,599,18103201
7544,22,0,0,3795,599,18105601
7545,21,1,0,3796,599,18108001
7546,23,0,0,3796,599,18110401
7547,21,0,0,3796,599,18112801
7548,23,1,0,3797,599,18115201
7549,22,2,0,3799,599,18117601
7550,24,0,0,3799,599,18120001
7551,23,0,0,3799,599,18122401
7552,21,0,0,3799,599,18124801
7553,22,0,0,3799,599,18127201
7554,22,1,0,3800,599,18129601
7555,20,1,0,3801,599,18132001
7556,23,0,0,3801,599,18134401
7557,23,2,0,3803,599,18136801
7558,20,0,0,3803,599,18139201
7559,19,1,0,3804,599,18141601
7560,17,2,0,3806,599,18144001
7561,17,3,0,3809,599,18146401
7562,17,0,0,3809,599,18148801
7563,17,0,0,3809,599,18151201
7564,17,1,0,3810,599,18153601
7565,18,0,0,3810,599,18156001
7566,18,0,0,3810,599,18158401
7567,16,0,0,3810,599,18160801
7568,17,2,0,3812,599,18163201
7569,15,0,0,3812,599,18165601
7570,15,0,0,3812,599,18168001
7571,16,0,0,3812,599,18170401
7572,16,1,0,3813,599,18172801
7573,17,2,0,3815,599,18175201
7574,18,0,0,3815,599,18177601
7575,15,0,0,3815,599,18180001
7576,18,0,0,3815,599,18182401
7577,18,1,1,3816,600,18184801
7578,21,0,0,3816,600,18187201
7579,18,0,0,3816,600,18189601
7580,21,0,0,3816,600,18192001
7581,22,0,0,3816,600,18194401
7582,25,0,0,3816,600,18196801
7583,23,0,0,3816,600,18199201
7584,25,0,0,3816,600,18201601
7585,24,2,0,3818,600,18204001
7586,26,0,0,3818,600,18206401
7587,25,1,0,3819,600,18208801
7588,23,1,0,3820,600,18211201
7589,21,2,0,3822,600,18213601
7590,23,1,0,3823,600,18216001
7591,23,1,0,3824,600,18218401
7592,25,1,0,3825,600,18220801
7593,26,1,0,3826,600,18223201
7594,24,0,0,3826,600,18225601
7595,31,1,0,3827,600,18228001
7596,26,1,0,3828,600,18230401
7597,28,0,0,3828,600,18232801
7598,25,2,0,3830,600,18235201
7599,25,2,0,3832,600,18237601
7600,20,3,0,3835,600,18240001
7601,22,0,0,3835,600,18242401
7602,20,1,0,3836,600,18244801
7603,19,2,0,3838,600,18247201
7604,20,1,0,3839,600,18249601
7605,21,0,0,3839,600,18252001
7606,24,0,0,3839,600,18254401
7607,21,1,0,3840,600,18256801
7608,21,0,0,3840,600,18259201
7609,24,1,0,3841,600,18261601
7610,23,1,0,3842,600,18264001
7611,25,0,0,3842,600,18266401
7612,26,0,0,3842,600,18268801
7613,25,0,0,3842,600,18271201
7614,25,1,0,3843,600,18273601
7615,26,0,0,3843,600,18276001
7616,23,1,0,3844,600,18278401
7617,26,2,0,3846,600,18280801
7618,24,2,0,3848,600,18283201
7619,22,0,0,3848,600,18285601
7620,24,2,1,3850,601,18288001
7621,26,1,0,3851,601,18290401
7622,26,0,0,3851,601,18292801
7623,25,0,0,3851,601,18295201
7624,23,1,0,3852,601,18297601
7625,22,2,0,3854,601,18300001
7626,21,0,0,3854,601,18302401
7627,25,0,0,3854,601,18304801
7628,23,1,0,3855,601,18307201
7629,28,2,0,3857,601,18309601
7630,23,0,0,3857,601,18312001
7631,26,0,0,3857,601,18314401
7632,24,1,0,3858,601,18316801
7633,21,2,0,3860,601,18319201
7634,22,0,0,3860,601,18321601
7635,20,0,0,3860,601,18324001
7636,21,2,0,3862,601,18326401
7637,21,0,0,3862,601,18328801
7638,22,0,0,3862,601,18331201
7639,16,1,0,3863,601,18333601
7640,17,0,0,3863,601,18336001
7641,18,1,0,3864,601,18338401
7642,16,1,0,3865,601,18340801
7643,18,0,0,3865,601,18343201
7644,18,0,0,3865,601,18345601
7645,19,0,0,3865,601,18348001
7646,18,0,0,3865,601,18350401
7647,18,1,0,3866,601,18352801
7648,18,0,0,3866,601,18355201
7649,17,0,0,3866,601,18357601
7650,19,0,0,3866,601,18360001
7651,18,0,0,3866,601,18362401
7652,20,0,0,3866,601,18364801
7653,24,0,0,3866,601,18367201
7654,20,0,0,3866,601,18369601
7655,20,1,0,3867,601,18372001
7656,17,1,0,3868,601,18374401
7657,20,0,0,3868,601,18376801
7658,20,0,0,3868,601,18379201
7659,18,1,0,3869,601,18381601
7660,17,0,0,3869,601,18384001
7661,20,1,1,3870,602,18386401
7662,23,0,0,3870,602,18388801
7663,27,0,0,3870,602,18391201
7664,23,1,0,3871,602,18393601
7665,23,3,2,3874,604,18396001
7666,22,1,0,3875,604,18398401
7667,22,1,0,3876,604,18400801
7668,21,0,0,3876,604,18403201
7669,24,0,0,3876,604,18405601
7670,22,1,0,3877,604,18408001
7671,19,0,0,3877,604,18410401
7672,18,1,0,3878,604,18412801
7673,20,1,0,3879,604,18415201
7674,19,0,0,3879,604,18417601
7675,19,0,0,3879,604,18420001
7676,19,2,0,3881,604,18422401
7677,16,0,0,3881,604,18424801
7678,16,0,0,3881,604,18427201
7679,18,0,0,3881,604,18429601
7680,19,0,0,3881,604,18432001
7681,17,2,0,3883,604,18434401
7682,16,2,1,3885,605,18436801
7683,20,2,0,3887,605,18439201
7684,17,0,0,3887,605,18441601
7685,18,0,0,3887,605,18444001
7686,16,0,0,3887,605,18446401
7687,17,0,0,3887,605,18448801
7688,17,0,0,3887,605,18451201
7689,19,0,0,3887,605,18453601
7690,21,1,0,3888,605,18456001
7691,20,0,0,3888,605,18458401
7692,22,1,0,3889,605,18460801
7693,20,0,0,3889,605,18463201
7694,21,1,0,3890,605,18465601
7695,21,1,1,3891,606,18468001
7696,21,1,1,3892,607,18470401
7697,23,0,0,3892,607,18472801
7698,22,0,0,3892,607,18475201
7699,26,0,0,3892,607,18477601
7700,23,0,0,3892,607,18480001
7701,26,1,0,3893,607,18482401
7702,24,0,0,3893,607,18484801
7703,23,0,0,3893,607,18487201
7704,26,0,0,3893,607,18489601
7705,23,1,0,3894,607,18492001
7706,26,1,0,3895,607,18494401
7707,23,0,0,3895,607,18496801
7708,26,0,0,3895,607,18499201
7709,24,0,0,3895,607,18501601
7710,25,0,0,3895,607,18504001
7711,24,1,1,3896,608,18506401
7712,22,0,0,3896,608,18508801
7713,24,0,0,3896,608,18511201
7714,20,1,0,3897,608,18513601
7715,23,0,0,3897,608,18516001
7716,22,0,0,3897,608,18518401
7717,23,1,0,3898,608,18520801
7718,22,0,0,3898,608,18523201
7719,24,1,0,3899,608,18525601
7720,20,0,0,3899,608,18528001
7721,19,0,0,3899,608,18530401
7722,23,0,0,3899,608,18532801
7723,21,2,0,3901,608,18535201
7724,19,2,0,3903,608,18537601
7725,19,1,0,3904,608,18540001
7726,20,0,0,3904,608,18542401
7727,21,0,0,3904,608,18544801
7728,24,0,0,3904,608,18547201
7729,21,1,0,3905,608,18549601
7730,20,2,0,3907,608,18552001
7731,24,0,0,3907,608,18554401
7732,22,0,0,3907,608,18556801
7733,22,0,0,3907,608,18559201
7734,21,0,0,3907,608,18561601
7735,24,0,0,3907,608,18564001
7736,21,0,0,3907,608,18566401
7737,23,1,0,3908,608,18568801
7738,23,1,0,3909,608,18571201
7739,21,2,0,3911,608,18573601
7740,18,1,0,3912,608,18576001
7741,24,0,0,3912,608,18578401
7742,18,2,1,3914,609,18580801
7743,20,1,1,3915,610,18583201
7744,21,0,0,3915,610,18585601
7745,23,0,0,3915,610,18588001
7746,23,1,0,3916,610,18590401
7747,22,1,0,3917,610,18592801
7748,24,0,0,3917,610,18595201
7749,24,0,0,3917,610,18597601
7750,23,1,0,3918,610,18600001
7751,19,0,0,3918,610,18602401
7752,21,2,0,3920,610,18604801
7753,20,0,0,3920,610,18607201
7754,20,1,0,3921,610,18609601
7755,22,1,1,3922,611,18612001
7756,21,0,0,3922,611,18614401
7757,22,0,0,3922,611,18616801
7758,21,1,1,3923,612,18619201
7759,22,0,0,3923,612,18621601
7760,22,0,0,3923,612,18624001
7761,25,0,0,3923,612,18626401
7762,27,0,0,3923,612,18628801
7763,30,0,0,3923,612,18631201
7764,28,0,0,3923,612,18633601
7765,27,1,0,3924,612,18636001
7766,23,0,0,3924,612,18638401
7767,24,0,0,3924,612,18640801
7768,25,1,0,3925,612,18643201
7769,24,1,0,3926,612,18645601
7770,23,0,0,3926,612,18648001
7771,21,0,0,3926,612,18650401
7772,23,1,0,3927,612,18652801
7773,25,0,0,3927,612,18655201
7774,24,0,0,3927,612,18657601
7775,22,2,0,3929,612,18660001
7776,23,0,0,3929,612,18662401
7777,26,0,0,3929,612,18664801
7778,22,1,0,3930,612,18667201
7779,23,1,0,3931,612,18669601
7780,23,2,2,3933,614,18672001
7781,25,0,0,3933,614,18674401
7782,26,0,0,3933,614,18676801
7783,24,1,0,3934,614,18679201
7784,28,1,0,3935,614,18681601
7785,25,2,0,3937,614,18684001
7786,25,0,0,3937,614,18686401
7787,23,1,0,3938,614,18688801
7788,23,2,1,3940,615,18691201
7789,20,1,0,3941,615,18693601
7790,21,0,0,3941,615,18696001
7791,21,1,0,3942,615,18698401
7792,22,0,0,3942,615,18700801
7793,20,1,0,3943,615,18703201
7794,21,1,0,3944,615,18705601
7795,26,0,0,3944,615,18708001
7796,20,0,0,3944,615,18710401
7797,19,1,0,3945,615,18712801
7798,21,0,0,3945,615,18715201
7799,23,0,0,3945,615,18717601
7800,19,0,0,3945,615,18720001
7801,20,1,0,3946,615,18722401
7802,22,0,0,3946,615,18724801
7803,21,2,0,3948,615,18727201
7804,20,1,1,3949,616,18729601
7805,21,0,0,3949,616,18732001
7806,20,0,0,3949,616,18734401
7807,19,1,0,3950,616,18736801
7808,23,1,0,3951,616,18739201
7809,21,0,0,3951,616,18741601
7810,18,1,0,3952,616,18744001
7811,18,1,0,3953,616,18746401
7812,20,1,0,3954,616,18748801
7813,19,0,0,3954,616,18751201
7814,18,1,0,3955,616,18753601
7815,19,0,0,3955,616,18756001
7816,19,0,0,3955,616,18758401
7817,18,2,1,3957,617,18760801
7818,18,0,0,3957,617,18763201
7819,17,1,0,3958,617,18765601
7820,16,1,0,3959,617,18768001
7821,17,0,0,3959,617,18770401
7822,16,0,0,3959,617,18772801
7823,17,0,0,3959,617,18775201
7824,16,1,0,3960,617,18777601
7825,17,0,0,3960,617,18780001
7826,19,0,0,3960,617,18782401
7827,20,1,0,3961,617,18784801
7828,20,0,0,3961,617,18787201
7829,25,0,0,3961,617,18789601
7830,20,1,0,3962,617,18792001
7831,22,0,0,3962,617,18794401
7832,20,0,0,3962,617,18796801
7833,23,0,0,3962,617,18799201
7834,21,0,0,3962,617,18801601
7835,24,1,0,3963,617,18804001
7836,24,1,1,3964,618,18806401
7837,23,2,0,3966,618,18808801
7838,23,1,0,3967,618,18811201
7839,23,0,0,3967,618,18813601
7840,23,1,0,3968,618,18816001
7841,24,1,0,3969,618,18818401
7842,24,0,0,3969,618,18820801
7843,26,1,0,3970,618,18823201
7844,24,0,0,3970,618,18825601
7845,26,0,0,3970,618,18828001
7846,27,0,0,3970,618,18830401
7847,25,0,0,3970,618,18832801
7848,24,0,0,3970,618,18835201
7849,23,0,0,3970,618,18837601
7850,23,0,0,3970,618,18840001
7851,24,1,0,3971,618,18842401
7852,19,1,0,3972,618,18844801
7853,20,2,0,3974,618,18847201
7854,20,0,0,3974,618,18849601
7855,18,2,0,3976,618,18852001
7856,18,0,0,3976,618,18854401
7857,19,0,0,3976,618,18856801
7858,19,0,0,3976,618,18859201
7859,19,0,0,3976,618,18861601
7860,23,0,0,3976,618,18864001
7861,21,1,0,3977,618,18866401
7862,21,1,0,3978,618,18868801
7863,20,1,0,3979,618,18871201
7864,22,1,0,3980,618,18873601
7865,22,0,0,3980,618,18876001
7866,24,0,0,3980,618,18878401
7867,23,1,0,3981,618,18880801
7868,25,0,0,3981,618,18883201
7869,21,1,0,3982,618,18885601
7870,24,1,0,3983,618,18888001
7871,27,0,0,3983,618,18890401
7872,23,1,0,3984,618,18892801
7873,26,0,0,3984,618,18895201
7874,25,3,0,3987,618,18897601
7875,24,0,0,3987,618,18900001
7876,26,1,0,3988,618,18902401
7877,25,0,0,3988,618,18904801
7878,24,0,0,3988,618,18907201
7879,23,0,0,3988,618,18909601
7880,23,0,0,3988,618,18912001
7881,24,0,0,3988,618,18914401
7882,23,1,0,3989,618,18916801
7883,24,1,0,3990,618,18919201
7884,28,0,0,3990,618,18921601
7885,28,0,0,3990,618,18924001
7886,29,1,0,3991,618,18926401
7887,28,1,0,3992,618,18928801
7888,31,0,0,3992,618,18931201
7889,27,1,0,3993,618,18933601
7890,27,0,0,3993,618,18936001
7891,25,1,0,3994,618,18938401
7892,25,1,0,3995,618,18940801
7893,24,1,0,3996,618,18943201
7894,26,0,0,3996,618,18945601
7895,25,1,0,3997,618,18948001
7896,21,0,0,3997,618,18950401
7897,21,1,0,3998,618,18952801
7898,19,1,1,3999,619,18955201
7899,19,2,0,4001,619,18957601
7900,20,0,0,4001,619,18960001
7901,19,0,0,4001,619,18962401
7902,17,2,1,4003,620,18964801
7903,18,0,0,4003,620,18967201
7904,18,1,0,4004,620,18969601
7905,20,0,0,4004,620,18972001
7906,20,2,0,4006,620,18974401
7907,20,2,0,4008,620,18976801
7908,20,0,0,4008,620,18979201
7909,22,0,0,4008,620,18981601
7910,20,0,0,4008,620,18984001
7911,21,0,0,4008,620,18986401
7912,23,2,1,4010,621,18988801
7913,19,0,0,4010,621,18991201
7914,22,1,0,4011,621,18993601
7915,23,0,0,4011,621,18996001
7916,22,0,0,4011,621,18998401
7917,21,1,0,4012,621,19000801
7918,22,0,0,4012,621,19003201
7919,21,0,0,4012,621,19005601
7920,21,1,0,4013,621,19008001
7921,23,0,0,4013,621,19010401
7922,25,0,0,4013,621,19012801
7923,27,0,0,4013,621,19015201
7924,24,1,0,4014,621,19017601
7925,27,1,0,4015,621,19020001
7926,28,1,0,4016,621,19022401
7927,27,0,0,4016,621,19024801
7928,25,1,0,4017,621,19027201
7929,24,0,0,4017,621,19029601
7930,24,1,0,4018,621,19032001
7931,24,1,0,4019,621,19034401
7932,21,1,0,4020,621,19036801
7933,21,1,0,4021,621,19039201
7934,21,1,0,4022,621,19041601
7935,23,2,0,4024,621,19044001
7936,24,0,0,4024,621,19046401
7937,25,0,0,4024,621,19048801
7938,20,0,0,4024,621,19051201
7939,18,1,0,4025,621,19053601
7940,19,0,0,4025,621,19056001
7941,21,0,0,4025,621,19058401
7942,22,0,0,4025,621,19060801
7943,24,1,1,4026,622,19063201
7944,27,0,0,4026,622,19065601
7945,30,1,0,4027,622,19068001
7946,24,3,0,4030,622,19070401
7947,26,0,0,4030,622,19072801
7948,25,0,0,4030,622,19075201
7949,26,1,0,4031,622,19077601
7950,27,0,0,4031,622,19080001
7951,27,0,0,4031,622,19082401
7952,22,1,0,4032,622,19084801
7953,25,0,0,4032,622,19087201
7954,23,0,0,4032,622,19089601
7955,18,2,0,4034,622,19092001
7956,17,1,0,4035,622,19094401
7957,18,0,0,4035,622,19096801
7958,20,1,0,4036,622,19099201
7959,20,0,0,4036,622,19101601
7960,19,1,1,4037,623,19104001
7961,19,0,0,4037,623,19106401
7962,19,0,0,4037,623,19108801
7963,20,0,0,4037,623,19111201
7964,19,0,0,4037,623,19113601
7965,21,1,0,4038,623,19116001
7966,20,1,0,4039,623,19118401
7967,20,0,0,4039,623,19120801
7968,17,1,0,4040,623,19123201
7969,18,0,0,4040,623,19125601
7970,17,1,0,4041,623,19128001
7971,16,2,2,4043,625,19130401
7972,16,3,0,4046,625,19132801
7973,18,0,0,4046,625,19135201
7974,19,1,0,4047,625,19137601
7975,20,0,0,4047,625,19140001
7976,19,0,0,4047,625,19142401
7977,19,1,0,4048,625,19144801
7978,24,0,0,4048,625,19147201
7979,23,0,0,4048,625,19149601
7980,23,0,0,4048,625,19152001
7981,20,2,1,4050,626,19154401
7982,21,0,0,4050,626,19156801
7983,20,2,1,4052,627,19159201
7984,20,1,0,4053,627,19161601
7985,21,0,0,4053,627,19164001
7986,24,1,0,4054,627,19166401
7987,22,4,2,4058,629,19168801
7988,22,1,0,4059,629,19171201
7989,21,2,0,4061,629,19173601
7990,22,0,0,4061,629,19176001
7991,20,1,0,4062,629,19178401
7992,22,0,0,4062,629,19180801
7993,20,0,0,4062,629,19183201
7994,26,0,0,4062,629,19185601
7995,21,1,1,4063,630,19188001
7996,21,0,0,4063,630,19190401
7997,24,0,0,4063,630,19192801
7998,23,0,0,4063,630,19195201
7999,26,1,1,4064,631,19197601
8000,21,0,0,4064,631,19200001
8001,24,1,0,4065,631,19202401
8002,22,3,0,4068,631,19204801
8003,24,0,0,4068,631,19207201
8004,22,0,0,4068,631,19209601
8005,21,0,0,4068,631,19212001
8006,21,1,0,4069,631,19214401
8007,19,3,1,4072,632,19216801
8008,20,1,1,4073,633,19219201
8009,18,0,0,4073,633,19221601
8010,19,0,0,4073,633,19224001
8011,17,0,0,4073,633,19226401
8012,19,0,0,4073,633,19228801
8013,22,0,0,4073,633,19231201
8014,23,0,0,4073,633,19233601
8015,22,2,0,4075,633,19236001
8016,22,1,0,4076,633,19238401
8017,19,0,0,4076,633,19240801
8018,20,0,0,4076,633,19243201
8019,21,0,0,4076,633,19245601
8020,20,0,0,4076,633,19248001
8021,19,1,1,4077,634,19250401
8022,18,1,0,4078,634,19252801
8023,19,0,0,4078,634,19255201
8024,17,0,0,4078,634,19257601
8025,22,0,0,4078,634,19260001
8026,20,0,0,4078,634,19262401
8027,20,0,0,4078,634,19264801
8028,21,0,0,4078,634,19267201
8029,16,2,0,4080,634,19269601
8030,18,0,0,4080,634,19272001
8031,19,0,0,4080,634,19274401
8032,20,0,0,4080,634,19276801
8033,18,1,0,4081,634,19279201
8034,18,1,0,4082,634,19281601
8035,18,2,0,4084,634,19284001
8036,17,1,0,4085,634,19286401
8037,20,0,0,4085,634,19288801
8038,20,1,0,4086,634,19291201
8039,22,1,0,4087,634,19293601
8040,22,1,0,4088,634,19296001
8041,22,1,0,4089,634,19298401
8042,19,1,0,4090,634,19300801
8043,22,0,0,4090,634,19303201
8044,19,1,0,4091,634,19305601
8045,25,0,0,4091,634,19308001
8046,26,0,0,4091,634,19310401
8047,24,0,0,4091,634,19312801
8048,23,2,0,4093,634,19315201
8049,20,1,0,4094,634,19317601
8050,20,0,0,4094,634,19320001
8051,20,0,0,4094,634,19322401
8052,22,1,0,4095,634,19324801
8053,21,1,0,4096,634,19327201
8054,19,1,1,4097,635,19329601
8055,18,1,0,4098,635,19332001
8056,18,0,0,4098,635,19334401
8057,19,0,0,4098,635,19336801
8058,18,1,0,4099,635,19339201
8059,18,2,0,4101,635,19341601
8060,19,0,0,4101,635,19344001
8061,21,0,0,4101,635,19346401
8062,22,3,0,4104,635,19348801
8063,23,0,0,4104,635,19351201
8064,25,0,0,4104,635,19353601
8065,25,1,0,4105,635,19356001
8066,22,0,0,4105,635,19358401
8067,24,0,0,4105,635,19360801
8068,21,0,0,4105,635,19363201
8069,21,0,0,4105,635,19365601
8070,21,0,0,4105,635,19368001
8071,20,0,0,4105,635,19370401
8072,22,1,0,4106,635,19372801
8073,20,2,1,4108,636,19375201
8074,20,1,0,4109,636,19377601
8075,20,2,0,4111,636,19380001
8076,21,1,0,4112,636,19382401
8077,23,0,0,4112,636,19384801
8078,25,0,0,4112,636,19387201
8079,25,1,0,4113,636,19389601
8080,23,1,0,4114,636,19392001
8081,23,0,0,4114,636,19394401
8082,25,0,0,4114,636,19396801
8083,23,0,0,4114,636,19399201
8084,26,0,0,4114,636,19401601
8085,28,1,0,4115,636,19404001
8086,23,0,0,4115,636,19406401
8087,21,1,0,4116,636,19408801
8088,23,0,0,4116,636,19411201
8089,20,1,0,4117,636,19413601
8090,20,1,0,4118,636,19416001
8091,20,0,0,4118,636,19418401
8092,21,0,0,4118,636,19420801
8093,21,0,0,4118,636,19423201
8094,21,0,0,4118,636,19425601
8095,22,0,0,4118,636,19428001
8096,21,1,0,4119,636,19430401
8097,20,3,0,4122,636,19432801
8098,21,1,0,4123,636,19435201
8099,21,1,0,4124,636,19437601
8100,23,1,0,4125,636,19440001
8101,25,0,0,4125,636,19442401
8102,23,1,0,4126,636,19444801
8103,23,1,1,4127,637,19447201
8104,27,0,0,4127,637,19449601
8105,22,1,0,4128,637,19452001
8106,19,1,1,4129,638,19454401
8107,21,0,0,4129,638,19456801
8108,21,1,0,4130,638,19459201
8109,20,0,0,4130,638,19461601
8110,16,0,0,4130,638,19464001
8111,17,0,0,4130,638,19466401
8112,18,1,0,4131,638,19468801
8113,16,2,0,4133,638,19471201
8114,20,2,0,4135,638,19473601
8115,22,1,1,4136,639,19476001
8116,21,0,0,4136,639,19478401
8117,25,1,0,4137,639,19480801
8118,23,0,0,4137,639,19483201
8119,25,0,0,4137,639,19485601
8120,22,1,1,4138,640,19488001
8121,21,1,0,4139,640,19490401
8122,20,3,1,4142,641,19492801
8123,20,0,0,4142,641,19495201
8124,18,1,0,4143,641,19497601
8125,24,0,0,4143,641,19500001
8126,25,0,0,4143,641,19502401
8127,25,0,0,4143,641,19504801
8128,26,1,0,4144,641,19507201
8129,24,0,0,4144,641,19509601
8130,29,1,0,4145,641,19512001
8131,27,2,1,4147,642,19514401
8132,26,2,0,4149,642,19516801
8133,22,1,0,4150,642,19519201
8134,24,0,0,4150,642,19521601
8135,22,0,0,4150,642,19524001
8136,22,0,0,4150,642,19526401
8137,24,0,0,4150,642,19528801
8138,23,1,0,4151,642,19531201
8139,24,1,0,4152,642,19533601
8140,23,0,0,4152,642,19536001
8141,22,1,1,4153,643,19538401
8142,22,2,0,4155,643,19540801
8143,21,4,0,4159,643,19543201
8144,22,0,0,4159,643,19545601
8145,23,0,0,4159,643,19548001
8146,24,0,0,4159,643,19550401
8147,19,2,0,4161,643,19552801
8148,20,1,0,4162,643,19555201
8149,21,1,0,4163,643,19557601
8150,18,2,0,4165,643,19560001
8151,20,0,0,4165,643,19562401
8152,20,0,0,4165,643,19564801
8153,21,0,0,4165,643,19567201
8154,22,1,0,4166,643,19569601
8155,23,0,0,4166,643,19572001
8156,24,2,1,4168,644,19574401
8157,22,1,0,4169,644,19576801
8158,23,0,0,4169,644,19579201
8159,21,1,0,4170,644,19581601
8160,20,1,0,4171,644,19584001
8161,21,1,0,4172,644,19586401
8162,21,0,0,4172,644,19588801
8163,26,0,0,4172,644,19591201
8164,24,3,0,4175,644,19593601
8165,24,2,0,4177,644,19596001
8166,22,0,0,4177,644,19598401
8167,24,0,0,4177,644,19600801
8168,20,1,0,4178,644,19603201
8169,21,0,0,4178,644,19605601
8170,26,0,0,4178,644,19608001
8171,20,3,0,4181,644,19610401
8172,21,0,0,4181,644,19612801
8173,21,0,0,4181,644,19615201
8174,21,0,0,4181,644,19617601
8175,22,1,0,4182,644,19620001
8176,22,0,0,4182,644,19622401
8177,20,0,0,4182,644,19624801
8178,21,1,0,4183,644,19627201
8179,19,0,0,4183,644,19629601
8180,23,0,0,4183,644,19632001
8181,20,0,0,4183,644,19634401
8182,22,0,0,4183,644,19636801
8183,22,0,0,4183,644,19639201
8184,17,1,0,4184,644,19641601
8185,18,1,0,4185,644,19644001
8186,19,1,1,4186,645,19646401
8187,17,2,1,4188,646,19648801
8188,17,0,0,4188,646,19651201
8189,20,1,0,4189,646,19653601
8190,17,1,0,4190,646,19656001
8191,18,0,0,4190,646,19658401
8192,22,0,0,4190,646,19660801
8193,19,0,0,4190,646,19663201
8194,20,0,0,4190,646,19665601
8195,19,0,0,4190,646,19668001
8196,21,1,0,4191,646,19670401
8197,19,0,0,4191,646,19672801
8198,16,1,0,4192,646,19675201
8199,15,0,0,4192,646,19677601
8200,18,0,0,4192,646,19680001
8201,21,0,0,4192,646,19682401
8202,19,2,1,4194,647,19684801
8203,18,0,0,4194,647,19687201
8204,17,0,0,4194,647,19689601
8205,17,1,0,4195,647,19692001
8206,18,1,1,4196,648,19694401
8207,16,0,0,4196,648,19696801
8208,17,0,0,4196,648,19699201
8209,21,0,0,4196,648,19701601
8210,21,1,0,4197,648,19704001
8211,18,0,0,4197,648,19706401
8212,21,0,0,4197,648,19708801
8213,21,0,0,4197,648,19711201
8214,20,0,0,4197,648,19713601
8215,22,1,0,4198,648,19716001
8216,22,1,0,4199,648,19718401
8217,25,0,0,4199,648,19720801
8218,28,1,0,4200,648,19723201
8219,24,0,0,4200,648,19725601
8220,22,0,0,4200,648,19728001
8221,25,0,0,4200,648,19730401
8222,24,0,0,4200,648,19732801
8223,28,0,0,4200,648,19735201
8224,28,0,0,4200,648,19737601
8225,23,1,0,4201,648,19740001
8226,22,2,0,4203,648,19742401
8227,24,0,0,4203,648,19744801
8228,22,1,0,4204,648,19747201
8229,25,0,0,4204,648,19749601
8230,24,0,0,4204,648,19752001
8231,22,1,0,4205,648,19754401
8232,21,1,0,4206,648,19756801
8233,22,0,0,4206,648,19759201
8234,23,1,0,4207,648,19761601
8235,19,1,0,4208,648,19764001
8236,19,0,0,4208,648,19766401
8237,22,0,0,4208,648,19768801
8238,23,0,0,4208,648,19771201
8239,24,0,0,4208,648,19773601
8240,23,0,0,4208,648,19776001
8241,24,0,0,4208,648,19778401
8242,22,1,0,4209,648,19780801
8243,22,1,0,4210,648,19783201
8244,24,0,0,4210,648,19785601
8245,22,0,0,4210,648,19788001
8246,24,0,0,4210,648,19790401
8247,22,1,0,4211,648,19792801
8248,24,0,0,4211,648,19795201
8249,26,1,0,4212,648,19797601
8250,29,0,0,4212,648,19800001
8251,26,0,0,4212,648,19802401
8252,25,1,0,4213,648,19804801
8253,26,1,1,4214,649,19807201
8254,26,0,0,4214,649,19809601
8255,25,0,0,4214,649,19812001
8256,24,0,0,4214,649,19814401
8257,18,2,0,4216,649,19816801
8258,23,0,0,4216,649,19819201
8259,22,2,1,4218,650,19821601
8260,24,1,0,4219,650,19824001
8261,21,0,0,4219,650,19826401
8262,21,0,0,4219,650,19828801
8263,22,1,1,4220,651,19831201
8264,20,1,0,4221,651,19833601
8265,22,1,0,4222,651,19836001
8266,24,0,0,4222,651,19838401
8267,22,1,0,4223,651,19840801
8268,24,0,0,4223,651,19843201
8269,22,1,0,4224,651,19845601
8270,21,1,0,4225,651,19848001
8271,19,1,0,4226,651,19850401
8272,23,0,0,4226,651,19852801
8273,22,1,0,4227,651,19855201
8274,21,1,0,4228,651,19857601
8275,20,0,0,4228,651,19860001
8276,22,0,0,4228,651,19862401
8277,18,0,0,4228,651,19864801
8278,21,1,0,4229,651,19867201
8279,21,0,0,4229,651,19869601
8280,23,0,0,4229,651,19872001
8281,22,1,0,4230,651,19874401
8282,24,0,0,4230,651,19876801
8283,23,0,0,4230,651,19879201
8284,22,2,0,4232,651,19881601
8285,25,0,0,4232,651,19884001
8286,24,0,0,4232,651,19886401
8287,24,0,0,4232,651,19888801
8288,23,0,0,4232,651,19891201
8289,24,0,0,4232,651,19893601
8290,23,1,0,4233,651,19896001
8291,21,1,0,4234,651,19898401
8292,21,0,0,4234,651,19900801
8293,20,1,1,4235,652,19903201
8294,24,0,0,4235,652,19905601
8295,22,2,0,4237,652,19908001
8296,26,0,0,4237,652,19910401
8297,28,0,0,4237,652,19912801
8298,24,0,0,4237,652,19915201
8299,25,1,0,4238,652,19917601
8300,23,1,1,4239,653,19920001
8301,23,1,0,4240,653,19922401
8302,22,0,0,4240,653,19924801
8303,23,0,0,4240,653,19927201
8304,22,1,0,4241,653,19929601
8305,18,0,0,4241,653,19932001
8306,18,0,0,4241,653,19934401
8307,19,1,0,4242,653,19936801
8308,19,1,1,4243,654,19939201
8309,20,0,0,4243,654,19941601
8310,22,0,0,4243,654,19944001
8311,21,0,0,4243,654,19946401
8312,22,0,0,4243,654,19948801
8313,22,1,0,4244,654,19951201
8314,22,2,1,4246,655,19953601
8315,20,2,0,4248,655,19956001
8316,22,1,0,4249,655,19958401
8317,25,1,0,4250,655,19960801
8318,24,0,0,4250,655,19963201
8319,22,0,0,4250,655,19965601
8320,24,0,0,4250,655,19968001
8321,24,1,0,4251,655,19970401
8322,22,2,0,4253,655,19972801
8323,23,0,0,4253,655,19975201
8324,19,2,0,4255,655,19977601
8325,20,0,0,4255,655,19980001
8326,23,0,0,4255,655,19982401
8327,22,1,1,4256,656,19984801
8328,23,1,0,4257,656,19987201
8329,25,1,0,4258,656,19989601
8330,25,0,0,4258,656,19992001
8331,25,0,0,4258,656,19994401
8332,24,0,0,4258,656,19996801
8333,24,1,1,4259,657,19999201
8334,25,1,0,4260,657,20001601
8335,23,0,0,4260,657,20004001
8336,23,1,0,4261,657,20006401
8337,22,3,0,4264,657,20008801
8338,23,0,0,4264,657,20011201
8339,25,0,0,4264,657,20013601
8340,23,0,0,4264,657,20016001
8341,26,1,0,4265,657,20018401
8342,22,1,0,4266,657,20020801
8343,21,4,0,4270,657,20023201
8344,19,1,0,4271,657,20025601
8345,17,0,0,4271,657,20028001
8346,22,0,0,4271,657,20030401
8347,20,0,0,4271,657,20032801
8348,20,0,0,4271,657,20035201
8349,20,2,0,4273,657,20037601
8350,24,1,0,4274,657,20040001
8351,22,0,0,4274,657,20042401
8352,25,1,0,4275,657,20044801
8353,24,2,0,4277,657,20047201
8354,24,0,0,4277,657,20049601
8355,24,0,0,4277,657,20052001
8356,21,1,0,4278,657,20054401
8357,22,0,0,4278,657,20056801
8358,20,0,0,4278,657,20059201
8359,19,0,0,4278,657,20061601
8360,24,0,0,4278,657,20064001
8361,22,2,0,4280,657,20066401
8362,22,0,0,4280,657,20068801
8363,22,0,0,4280,657,20071201
8364,24,0,0,4280,657,20073601
8365,24,0,0,4280,657,20076001
8366,21,2,1,4282,658,20078401
8367,21,0,0,4282,658,20080801
8368,24,0,0,4282,658,20083201
8369,24,0,0,4282,658,20085601
8370,22,0,0,4282,658,20088001
8371,22,0,0,4282,658,20090401
8372,25,2,1,4284,659,20092801
8373,24,0,0,4284,659,20095201
8374,20,1,0,4285,659,20097601
8375,19,1,0,4286,659,20100001
8376,21,2,0,4288,659,20102401
8377,20,0,0,4288,659,20104801
8378,22,1,0,4289,659,20107201
8379,20,1,0,4290,659,20109601
8380,21,2,0,4292,659,20112001
8381,18,1,0,4293,659,20114401
8382,19,0,0,4293,659,20116801
8383,19,2,0,4295,659,20119201
8384,20,0,0,4295,659,20121601
8385,20,0,0,4295,659,20124001
8386,21,1,0,4296,659,20126401
8387,23,0,0,4296,659,20128801
8388,23,0,0,4296,659,20131201
8389,27,0,0,4296,659,20133601
8390,25,1,0,4297,659,20136001
8391,24,1,0,4298,659,20138401
8392,19,1,1,4299,660,20140801
8393,22,0,0,4299,660,20143201
8394,18,1,0,4300,660,20145601
8395,19,0,0,4300,660,20148001
8396,19,0,0,4300,660,20150401
8397,20,1,0,4301,660,20152801
8398,24,0,0,4301,660,20155201
8399,24,2,2,4303,662,20157601
8400,20,1,1,4304,663,20160001
8401,15,2,0,4306,663,20162401
8402,16,0,0,4306,663,20164801
8403,16,0,0,4306,663,20167201
8404,17,0,0,4306,663,20169601
8405,17,0,0,4306,663,20172001
8406,17,0,0,4306,663,20174401
8407,18,0,0,4306,663,20176801
8408,17,1,0,4307,663,20179201
8409,16,0,0,4307,663,20181601
8410,16,0,0,4307,663,20184001
8411,17,1,0,4308,663,20186401
8412,15,0,0,4308,663,20188801
8413,15,0,0,4308,663,20191201
8414,18,0,0,4308,663,20193601
8415,17,0,0,4308,663,20196001
8416,17,2,0,4310,663,20198401
8417,18,0,0,4310,663,20200801
8418,23,0,0,4310,663,20203201
8419,19,0,0,4310,663,20205601
8420,22,0,0,4310,663,20208001
8421,20,0,0,4310,663,20210401
8422,23,0,0,4310,663,20212801
8423,22,0,0,4310,663,20215201
8424,22,1,0,4311,663,20217601
8425,19,0,0,4311,663,20220001
8426,21,0,0,4311,663,20222401
8427,21,0,0,4311,663,20224801
8428,24,0,0,4311,663,20227201
8429,20,0,0,4311,663,20229601
8430,19,1,0,4312,663,20232001
8431,21,0,0,4312,663,20234401
8432,22,1,0,4313,663,20236801
8433,22,2,1,4315,664,20239201
8434,23,0,0,4315,664,20241601
8435,24,0,0,4315,664,20244001
8436,24,2,0,4317,664,20246401
8437,27,0,0,4317,664,20248801
8438,22,1,0,4318,664,20251201
8439,21,1,0,4319,664,20253601
8440,20,1,0,4320,664,20256001
8441,20,1,1,4321,665,20258401
8442,18,0,0,4321,665,20260801
8443,19,0,0,4321,665,20263201
8444,22,1,0,4322,665,20265601
8445,22,0,0,4322,665,20268001
8446,23,0,0,4322,665,20270401
8447,22,0,0,4322,665,20272801
8448,25,0,0,4322,665,20275201
8449,24,1,0,4323,665,20277601
8450,26,0,0,4323,665,20280001
8451,26,0,0,4323,665,20282401
8452,29,0,0,4323,665,20284801
8453,31,1,0,4324,665,20287201
8454,28,0,0,4324,665,20289601
8455,29,2,0,4326,665,20292001
8456,27,0,0,4326,665,20294401
8457,28,0,0,4326,665,20296801
8458,29,0,0,4326,665,20299201
8459,32,1,0,4327,665,20301601
8460,29,3,0,4330,665,20304001
8461,31,2,2,4332,667,20306401
8462,30,1,0,4333,667,20308801
8463,31,0,0,4333,667,20311201
8464,28,0,0,4333,667,20313601
8465,26,0,0,4333,667,20316001
8466,28,0,0,4333,667,20318401
8467,28,0,0,4333,667,20320801
8468,26,2,0,4335,667,20323201
8469,31,1,0,4336,667,20325601
8470,27,1,0,4337,667,20328001
8471,28,0,0,4337,667,20330401
8472,29,0,0,4337,667,20332801
8473,26,0,0,4337,667,20335201
8474,28,1,0,4338,667,20337601
8475,27,0,0,4338,667,20340001
8476,26,1,0,4339,667,20342401
8477,23,1,0,4340,667,20344801
8478,23,1,0,4341,667,20347201
8479,25,0,0,4341,667,20349601
8480,21,0,0,4341,667,20352001
8481,20,1,0,4342,667,20354401
8482,21,1,0,4343,667,20356801
8483,25,0,0,4343,667,20359201
8484,25,0,0,4343,667,20361601
8485,21,1,0,4344,667,20364001
8486,24,2,0,4346,667,20366401
8487,20,0,0,4346,667,20368801
8488,21,1,0,4347,667,20371201
8489,21,0,0,4347,667,20373601
8490,24,0,0,4347,667,20376001
8491,21,2,0,4349,667,20378401
8492,22,1,1,4350,668,20380801
8493,21,1,0,4351,668,20383201
8494,21,0,0,4351,668,20385601
8495,23,1,0,4352,668,20388001
8496,27,0,0,4352,668,20390401
8497,27,0,0,4352,668,20392801
8498,28,0,0,4352,668,20395201
8499,27,1,1,4353,669,20397601
8500,27,0,0,4353,669,20400001
8501,25,0,0,4353,669,20402401
8502,23,0,0,4353,669,20404801
8503,23,1,0,4354,669,20407201
8504,24,0,0,4354,669,20409601
8505,26,1,0,4355,669,20412001
8506,23,2,0,4357,669,20414401
8507,25,0,0,4357,669,20416801
8508,22,2,0,4359,669,20419201
8509,24,0,0,4359,669,20421601
8510,27,0,0,4359,669,20424001
8511,24,1,0,4360,669,20426401
8512,26,0,0,4360,669,20428801
8513,21,0,0,4360,669,20431201
8514,24,0,0,4360,669,20433601
8515,20,1,0,4361,669,20436001
8516,21,0,0,4361,669,20438401
8517,22,0,0,4361,669,20440801
8518,22,0,0,4361,669,20443201
8519,24,0,0,4361,669,20445601
8520,24,2,0,4363,669,20448001
8521,24,0,0,4363,669,20450401
8522,21,0,0,4363,669,20452801
8523,22,2,0,4365,669,20455201
8524,23,0,0,4365,669,20457601
8525,21,0,0,4365,669,20460001
8526,20,1,0,4366,669,20462401
8527,18,0,0,4366,669,20464801
8528,20,1,0,4367,669,20467201
8529,18,0,0,4367,669,20469601
8530,20,0,0,4367,669,20472001
8531,23,0,0,4367,669,20474401
8532,24,0,0,4367,669,20476801
8533,24,0,0,4367,669,20479201
8534,26,2,0,4369,669,20481601
8535,25,0,0,4369,669,20484001
8536,25,1,0,4370,669,20486401
8537,23,2,1,4372,670,20488801
8538,24,0,0,4372,670,20491201
8539,23,0,0,4372,670,20493601
8540,22,0,0,4372,670,20496001
8541,22,1,0,4373,670,20498401
8542,24,0,0,4373,670,20500801
8543,24,2,0,4375,670,20503201
8544,26,0,0,4375,670,20505601
8545,23,1,0,4376,670,20508001
8546,23,0,0,4376,670,20510401
8547,21,2,0,4378,670,20512801
8548,23,0,0,4378,670,20515201
8549,22,0,0,4378,670,20517601
8550,21,0,0,4378,670,20520001
8551,18,2,0,4380,670,20522401
8552,20,0,0,4380,670,20524801
8553,17,1,0,4381,670,20527201
8554,16,1,0,4382,670,20529601
8555,20,0,0,4382,670,20532001
8556,24,0,0,4382,670,20534401
8557,21,3,0,4385,670,20536801
8558,23,1,0,4386,670,20539201
8559,24,1,0,4387,670,20541601
8560,24,1,0,4388,670,20544001
8561,22,1,0,4389,670,20546401
8562,24,0,0,4389,670,20548801
8563,24,0,0,4389,670,20551201
8564,24,0,0,4389,670,20553601
8565,22,0,0,4389,670,20556001
8566,22,1,1,4390,671,20558401
8567,18,0,0,4390,671,20560801
8568,21,1,0,4391,671,20563201
8569,17,0,0,4391,671,20565601
8570,18,0,0,4391,671,20568001
8571,19,0,0,4391,671,20570401
8572,21,2,1,4393,672,20572801
8573,22,0,0,4393,672,20575201
8574,19,0,0,4393,672,20577601
8575,22,0,0,4393,672,20580001
8576,18,0,0,4393,672,20582401
8577,20,2,1,4395,673,20584801
8578,18,1,0,4396,673,20587201
8579,20,0,0,4396,673,20589601
8580,19,0,0,4396,673,20592001
8581,19,0,0,4396,673,20594401
8582,22,0,0,4396,673,20596801
8583,26,1,1,4397,674,20599201
8584,22,1,1,4398,675,20601601
8585,26,0,0,4398,675,20604001
8586,18,0,0,4398,675,20606401
8587,22,1,1,4399,676,20608801
8588,19,0,0,4399,676,20611201
8589,21,2,1,4401,677,20613601
8590,19,0,0,4401,677,20616001
8591,25,1,0,4402,677,20618401
8592,21,0,0,4402,677,20620801
8593,24,1,0,4403,677,20623201
8594,23,0,0,4403,677,20625601
8595,22,0,0,4403,677,20628001
8596,21,0,0,4403,677,20630401
8597,21,0,0,4403,677,20632801
8598,21,0,0,4403,677,20635201
8599,21,0,0,4403,677,20637601
8600,21,0,0,4403,677,20640001
8601,22,0,0,4403,677,20642401
8602,19,1,0,4404,677,20644801
8603,23,0,0,4404,677,20647201
8604,20,0,0,4404,677,20649601
8605,20,0,0,4404,677,20652001
8606,18,0,0,4404,677,20654401
8607,18,0,0,4404,677,20656801
8608,17,2,0,4406,677,20659201
8609,15,0,0,4406,677,20661601
8610,17,1,0,4407,677,20664001
8611,16,0,0,4407,677,20666401
8612,15,2,0,4409,677,20668801
8613,16,1,0,4410,677,20671201
8614,18,1,0,4411,677,20673601
8615,18,0,0,4411,677,20676001
8616,17,0,0,4411,677,20678401
8617,18,0,0,4411,677,20680801
8618,18,1,0,4412,677,20683201
8619,21,1,0,4413,677,20685601
8620,21,1,0,4414,677,20688001
8621,18,1,0,4415,677,20690401
8622,18,0,0,4415,677,20692801
8623,17,0,0,4415,677,20695201
8624,16,0,0,4415,677,20697601
8625,17,0,0,4415,677,20700001
8626,19,0,0,4415,677,20702401
8627,15,0,0,4415,677,20704801
8628,15,0,0,4415,677,20707201
8629,16,1,0,4416,677,20709601
8630,16,1,0,4417,677,20712001
8631,14,1,0,4418,677,20714401
8632,14,0,0,4418,677,20716801
8633,16,0,0,4418,677,20719201
8634,17,0,0,4418,677,20721601
8635,18,0,0,4418,677,20724001
8636,19,1,1,4419,678,20726401
8637,14,1,0,4420,678,20728801
8638,15,2,0,4422,678,20731201
8639,16,1,0,4423,678,20733601
8640,15,0,0,4423,678,20736001
8641,15,3,0,4426,678,20738401
8642,18,0,0,4426,678,20740801
8643,17,0,0,4426,678,20743201
8644,16,0,0,4426,678,20745601
8645,17,0,0,4426,678,20748001
8646,20,1,0,4427,678,20750401
8647,18,0,0,4427,678,20752801
8648,20,0,0,4427,678,20755201
8649,19,3,0,4430,678,20757601
8650,21,0,0,4430,678,20760001
8651,20,0,0,4430,678,20762401
8652,22,0,0,4430,678,20764801
8653,27,0,0,4430,678,20767201
8654,27,0,0,4430,678,20769601
8655,21,2,1,4432,679,20772001
8656,21,0,0,4432,679,20774401
8657,20,0,0,4432,679,20776801
8658,19,0,0,4432,679,20779201
8659,22,0,0,4432,679,20781601
8660,18,0,0,4432,679,20784001
8661,20,0,0,4432,679,20786401
8662,21,1,0,4433,679,20788801
8663,18,0,0,4433,679,20791201
8664,18,1,1,4434,680,20793601
8665,16,0,0,4434,680,20796001
8666,16,1,0,4435,680,20798401
8667,19,0,0,4435,680,20800801
8668,19,0,0,4435,680,20803201
8669,20,0,0,4435,680,20805601
8670,18,1,0,4436,680,20808001
8671,19,1,0,4437,680,20810401
8672,18,2,0,4439,680,20812801
8673,18,2,0,4441,680,20815201
8674,18,0,0,4441,680,20817601
8675,17,0,0,4441,680,20820001
8676,16,0,0,4441,680,20822401
8677,15,0,0,4441,680,20824801
8678,17,0,0,4441,680,20827201
8679,20,2,0,4443,680,20829601
8680,20,1,0,4444,680,20832001
8681,21,0,0,4444,680,20834401
8682,17,1,0,4445,680,20836801
8683,16,0,0,4445,680,20839201
8684,20,1,1,4446,681,20841601
8685,18,0,0,4446,681,20844001
8686,21,0,0,4446,681,20846401
8687,20,1,0,4447,681,20848801
8688,21,0,0,4447,681,20851201
8689,23,0,0,4447,681,20853601
8690,20,1,0,4448,681,20856001
8691,16,3,0,4451,681,20858401
8692,15,1,0,4452,681,20860801
8693,18,2,1,4454,682,20863201
8694,15,1,0,4455,682,20865601
8695,16,0,0,4455,682,20868001
8696,15,0,0,4455,682,20870401
8697,17,0,0,4455,682,20872801
8698,18,0,0,4455,682,20875201
8699,19,0,0,4455,682,20877601
8700,18,2,0,4457,682,20880001
8701,20,0,0,4457,682,20882401
8702,19,1,0,4458,682,20884801
8703,15,0,0,4458,682,20887201
8704,15,0,0,4458,682,20889601
8705,14,1,0,4459,682,20892001
8706,15,0,0,4459,682,20894401
8707,15,0,0,4459,682,20896801
8708,16,0,0,4459,682,20899201
8709,16,0,0,4459,682,20901601
8710,18,0,0,4459,682,20904001
8711,22,0,0,4459,682,20906401
8712,18,1,0,4460,682,20908801
8713,21,0,0,4460,682,20911201
8714,19,0,0,4460,682,20913601
8715,23,0,0,4460,682,20916001
8716,23,2,0,4462,682,20918401
8717,24,0,0,4462,682,20920801
8718,23,0,0,4462,682,20923201
8719,25,0,0,4462,682,20925601
8720,23,1,1,4463,683,20928001
8721,21,1,0,4464,683,20930401
8722,17,0,0,4464,683,20932801
8723,18,1,0,4465,683,20935201
8724,18,0,0,4465,683,20937601
8725,18,0,0,4465,683,20940001
8726,20,0,0,4465,683,20942401
8727,24,2,0,4467,683,20944801
8728,19,0,0,4467,683,20947201
8729,24,1,1,4468,684,20949601
8730,23,0,0,4468,684,20952001
8731,22,2,0,4470,684,20954401
8732,18,1,0,4471,684,20956801
8733,18,0,0,4471,684,20959201
8734,18,0,0,4471,684,20961601
8735,20,1,0,4472,684,20964001
8736,20,3,0,4475,684,20966401
8737,17,2,1,4477,685,20968801
8738,18,0,0,4477,685,20971201
8739,18,0,0,4477,685,20973601
8740,19,0,0,4477,685,20976001
8741,16,2,0,4479,685,20978401
8742,18,0,0,4479,685,20980801
8743,15,0,0,4479,685,20983201
8744,16,1,0,4480,685,20985601
8745,15,1,0,4481,685,20988001
8746,18,0,0,4481,685,20990401
8747,18,0,0,4481,685,20992801
8748,18,2,0,4483,685,20995201
8749,16,0,0,4483,685,20997601
8750,19,2,0,4485,685,21000001
8751,19,0,0,4485,685,21002401
8752,23,0,0,4485,685,21004801
8753,19,0,0,4485,685,21007201
8754,19,1,1,4486,686,21009601
8755,18,1,0,4487,686,21012001
8756,16,0,0,4487,686,21014401
8757,17,0,0,4487,686,21016801
8758,16,0,0,4487,686,21019201
8759,18,0,0,4487,686,21021601
8760,16,1,0,4488,686,21024001
8761,18,0,0,4488,686,21026401
8762,17,1,0,4489,686,21028801
8763,17,0,0,4489,686,21031201
8764,16,2,0,4491,686,21033601
8765,18,0,0,4491,686,21036001
8766,16,1,0,4492,686,21038401
8767,18,0,0,4492,686,21040801
8768,19,0,0,4492,686,21043201
8769,20,1,0,4493,686,21045601
8770,19,0,0,4493,686,21048001
8771,20,0,0,4493,686,21050401
8772,22,0,0,4493,686,21052801
8773,23,0,0,4493,686,21055201
8774,20,0,0,4493,686,21057601
8775,17,2,1,4495,687,21060001
8776,16,2,0,4497,687,21062401
8777,16,0,0,4497,687,21064801
8778,18,1,0,4498,687,21067201
8779,18,0,0,4498,687,21069601
8780,17,0,0,4498,687,21072001
8781,15,1,0,4499,687,21074401
8782,14,1,0,4500,687,21076801
8783,17,1,0,4501,687,21079201
8784,15,1,0,4502,687,21081601
8785,20,0,0,4502,687,21084001
8786,16,1,0,4503,687,21086401
8787,15,0,0,4503,687,21088801
8788,15,0,0,4503,687,21091201
8789,17,0,0,4503,687,21093601
8790,16,0,0,4503,687,21096001
8791,16,2,2,4505,689,21098401
8792,17,0,0,4505,689,21100801
8793,15,2,1,4507,690,21103201
8794,18,0,0,4507,690,21105601
8795,17,0,0,4507,690,21108001
8796,16,1,0,4508,690,21110401
8797,15,0,0,4508,690,21112801
8798,16,0,0,4508,690,21115201
8799,18,0,0,4508,690,21117601
8800,18,0,0,4508,690,21120001
8801,20,2,0,4510,690,21122401
8802,22,0,0,4510,690,21124801
8803,19,1,1,4511,691,21127201
8804,18,0,0,4511,691,21129601
8805,19,0,0,4511,691,21132001
8806,19,0,0,4511,691,21134401
8807,19,1,1,4512,692,21136801
8808,19,0,0,4512,692,21139201
8809,18,1,0,4513,692,21141601
8810,19,1,0,4514,692,21144001
8811,20,0,0,4514,692,21146401
8812,20,1,0,4515,692,21148801
8813,16,1,0,4516,692,21151201
8814,18,1,0,4517,692,21153601
8815,20,0,0,4517,692,21156001
8816,17,0,0,4517,692,21158401
8817,18,1,0,4518,692,21160801
8818,17,0,0,4518,692,21163201
8819,18,1,0,4519,692,21165601
8820,16,1,0,4520,692,21168001
8821,19,0,0,4520,692,21170401
8822,18,0,0,4520,692,21172801
8823,18,1,0,4521,692,21175201
8824,17,1,1,4522,693,21177601
8825,19,2,0,4524,693,21180001
8826,19,0,0,4524,693,21182401
8827,21,1,0,4525,693,21184801
8828,22,0,0,4525,693,21187201
8829,22,0,0,4525,693,21189601
8830,23,0,0,4525,693,21192001
8831,23,0,0,4525,693,21194401
8832,23,0,0,4525,693,21196801
8833,23,0,0,4525,693,21199201
8834,23,2,1,4527,694,21201601
8835,22,1,0,4528,694,21204001
8836,20,0,0,4528,694,21206401
8837,19,0,0,4528,694,21208801
8838,19,0,0,4528,694,21211201
8839,20,0,0,4528,694,21213601
8840,21,2,0,4530,694,21216001
8841,22,1,0,4531,694,21218401
8842,18,1,0,4532,694,21220801
8843,18,2,0,4534,694,21223201
8844,17,3,1,4537,695,21225601
8845,16,0,0,4537,695,21228001
8846,14,2,1,4539,696,21230401
8847,17,1,0,4540,696,21232801
8848,15,2,0,4542,696,21235201
8849,16,0,0,4542,696,21237601
8850,19,0,0,4542,696,21240001
8851,21,0,0,4542,696,21242401
8852,19,2,0,4544,696,21244801
8853,17,3,0,4547,696,21247201
8854,16,1,0,4548,696,21249601
8855,17,0,0,4548,696,21252001
8856,16,0,0,4548,696,21254401
8857,17,0,0,4548,696,21256801
8858,17,2,0,4550,696,21259201
8859,18,0,0,4550,696,21261601
8860,16,0,0,4550,696,21264001
8861,19,0,0,4550,696,21266401
8862,19,0,0,4550,696,21268801
8863,23,0,0,4550,696,21271201
8864,21,0,0,4550,696,21273601
8865,21,0,0,4550,696,21276001
8866,18,2,0,4552,696,21278401
8867,18,0,0,4552,696,21280801
8868,17,0,0,4552,696,21283201
8869,18,0,0,4552,696,21285601
8870,19,1,0,4553,696,21288001
8871,20,0,0,4553,696,21290401
8872,19,2,0,4555,696,21292801
8873,18,0,0,4555,696,21295201
8874,23,0,0,4555,696,21297601
8875,19,2,0,4557,696,21300001
8876,19,1,0,4558,696,21302401
8877,21,0,0,4558,696,21304801
8878,22,0,0,4558,696,21307201
8879,23,0,0,4558,696,21309601
8880,25,0,0,4558,696,21312001
8881,24,1,0,4559,696,21314401
8882,22,1,0,4560,696,21316801
8883,24,1,1,4561,697,21319201
8884,25,2,0,4563,697,21321601
8885,25,0,0,4563,697,21324001
8886,25,2,0,4565,697,21326401
8887,25,1,0,4566,697,21328801
8888,25,1,0,4567,697,21331201
8889,24,0,0,4567,697,21333601
8890,24,1,0,4568,697,21336001
8891,24,0,0,4568,697,21338401
8892,23,1,0,4569,697,21340801
8893,22,1,0,4570,697,21343201
8894,23,1,0,4571,697,21345601
8895,21,1,0,4572,697,21348001
8896,18,0,0,4572,697,21350401
8897,20,0,0,4572,697,21352801
8898,19,1,0,4573,697,21355201
8899,21,0,0,4573,697,21357601
8900,19,0,0,4573,697,21360001
8901,21,0,0,4573,697,21362401
8902,19,1,0,4574,697,21364801
8903,20,0,0,4574,697,21367201
8904,23,1,0,4575,697,21369601
8905,25,0,0,4575,697,21372001
8906,26,2,1,4577,698,21374401
8907,25,2,1,4579,699,21376801
8908,28,0,0,4579,699,21379201
8909,21,2,0,4581,699,21381601
8910,21,1,1,4582,700,21384001
8911,19,2,0,4584,700,21386401
8912,16,0,0,4584,700,21388801
8913,15,3,1,4587,701,21391201
8914,14,0,0,4587,701,21393601
8915,13,1,0,4588,701,21396001
8916,14,0,0,4588,701,21398401
8917,14,0,0,4588,701,21400801
8918,15,0,0,4588,701,21403201
8919,15,0,0,4588,701,21405601
8920,16,0,0,4588,701,21408001
8921,16,1,0,4589,701,21410401
8922,17,0,0,4589,701,21412801
8923,19,0,0,4589,701,21415201
8924,17,0,0,4589,701,21417601
8925,18,0,0,4589,701,21420001
8926,21,0,0,4589,701,21422401
8927,18,1,1,4590,702,21424801
8928,19,0,0,4590,702,21427201
8929,19,1,0,4591,702,21429601
8930,18,1,0,4592,702,21432001
8931,18,1,0,4593,702,21434401
8932,17,1,1,4594,703,21436801
8933,16,0,0,4594,703,21439201
8934,20,0,0,4594,703,21441601
8935,19,1,0,4595,703,21444001
8936,23,0,0,4595,703,21446401
8937,21,0,0,4595,703,21448801
8938,22,1,1,4596,704,21451201
8939,25,0,0,4596,704,21453601
8940,27,1,0,4597,704,21456001
8941,27,2,0,4599,704,21458401
8942,25,0,0,4599,704,21460801
8943,26,1,0,4600,704,21463201
8944,25,0,0,4600,704,21465601
8945,28,3,1,4603,705,21468001
8946,27,1,0,4604,705,21470401
8947,27,1,0,4605,705,21472801
8948,25,0,0,4605,705,21475201
8949,22,1,1,4606,706,21477601
8950,24,0,0,4606,706,21480001
8951,22,0,0,4606,706,21482401
8952,23,0,0,4606,706,21484801
8953,21,0,0,4606,706,21487201
8954,23,0,0,4606,706,21489601
8955,23,2,0,4608,706,21492001
8956,28,1,0,4609,706,21494401
8957,26,0,0,4609,706,21496801
8958,26,0,0,4609,706,21499201
8959,24,2,0,4611,706,21501601
8960,21,1,0,4612,706,21504001
8961,20,0,0,4612,706,21506401
8962,20,0,0,4612,706,21508801
8963,24,0,0,4612,706,21511201
8964,21,1,0,4613,706,21513601
8965,23,0,0,4613,706,21516001
8966,22,2,1,4615,707,21518401
8967,20,1,0,4616,707,21520801
8968,20,0,0,4616,707,21523201
8969,21,1,0,4617,707,21525601
8970,22,2,0,4619,707,21528001
8971,23,1,0,4620,707,21530401
8972,24,1,0,4621,707,21532801
8973,22,1,0,4622,707,21535201
8974,24,0,0,4622,707,21537601
8975,23,0,0,4622,707,21540001
8976,22,0,0,4622,707,21542401
8977,26,1,0,4623,707,21544801
8978,22,0,0,4623,707,21547201
8979,24,3,2,4626,709,21549601
8980,24,0,0,4626,709,21552001
8981,25,2,0,4628,709,21554401
8982,23,1,0,4629,709,21556801
8983,20,1,0,4630,709,21559201
8984,19,2,0,4632,709,21561601
8985,19,0,0,4632,709,21564001
8986,16,0,0,4632,709,21566401
8987,15,0,0,4632,709,21568801
8988,15,1,0,4633,709,21571201
8989,15,0,0,4633,709,21573601
8990,15,2,0,4635,709,21576001
8991,16,0,0,4635,709,21578401
8992,16,0,0,4635,709,21580801
8993,17,0,0,4635,709,21583201
8994,19,1,0,4636,709,21585601
8995,17,1,0,4637,709,21588001
8996,18,1,0,4638,709,21590401
8997,18,0,0,4638,709,21592801
8998,19,1,0,4639,709,21595201
8999,21,1,0,4640,709,21597601
9000,18,0,0,4640,709,21600001
9001,23,0,0,4640,709,21602401
9002,21,0,0,4640,709,21604801
9003,22,0,0,4640,709,21607201
9004,23,0,0,4640,709,21609601
9005,23,2,1,4642,710,21612001
9006,24,1,0,4643,710,21614401
9007,25,0,0,4643,710,21616801
9008,24,0,0,4643,710,21619201
9009,22,0,0,4643,710,21621601
9010,23,1,0,4644,710,21624001
9011,20,0,0,4644,710,21626401
9012,20,0,0,4644,710,21628801
9013,23,2,1,4646,711,21631201
9014,19,1,0,4647,711,21633601
9015,20,0,0,4647,711,21636001
9016,21,0,0,4647,711,21638401
9017,21,1,0,4648,711,21640801
9018,23,0,0,4648,711,21643201
9019,22,1,1,4649,712,21645601
9020,17,0,0,4649,712,21648001
9021,19,0,0,4649,712,21650401
9022,20,0,0,4649,712,21652801
9023,18,2,0,4651,712,21655201
9024,20,1,0,4652,712,21657601
9025,21,1,0,4653,712,21660001
9026,23,2,1,4655,713,21662401
9027,20,3,0,4658,713,21664801
9028,22,1,0,4659,713,21667201
9029,22,0,0,4659,713,21669601
9030,21,0,0,4659,713,21672001
9031,22,1,0,4660,713,21674401
9032,24,0,0,4660,713,21676801
9033,24,0,0,4660,713,21679201
9034,21,1,0,4661,713,21681601
9035,16,4,0,4665,713,21684001
9036,16,0,0,4665,713,21686401
9037,15,0,0,4665,713,21688801
9038,14,1,0,4666,713,21691201
9039,14,0,0,4666,713,21693601
9040,15,0,0,4666,713,21696001
9041,15,0,0,4666,713,21698401
9042,17,2,1,4668,714,21700801
9043,19,2,0,4670,714,21703201
9044,19,0,0,4670,714,21705601
9045,21,0,0,4670,714,21708001
9046,20,1,0,4671,714,21710401
9047,21,0,0,4671,714,21712801
9048,20,1,0,4672,714,21715201
9049,21,0,0,4672,714,21717601
9050,20,0,0,4672,714,21720001
9051,20,2,0,4674,714,21722401
9052,20,0,0,4674,714,21724801
9053,21,0,0,4674,714,21727201
9054,22,1,0,4675,714,21729601
9055,24,1,0,4676,714,21732001
9056,22,1,0,4677,714,21734401
9057,21,0,0,4677,714,21736801
9058,23,0,0,4677,714,21739201
9059,18,1,0,4678,714,21741601
9060,18,2,2,4680,716,21744001
9061,17,0,0,4680,716,21746401
9062,18,0,0,4680,716,21748801
9063,17,1,0,4681,716,21751201
9064,17,1,0,4682,716,21753601
9065,18,2,0,4684,716,21756001
9066,18,1,0,4685,716,21758401
9067,17,0,0,4685,716,21760801
9068,16,0,0,4685,716,21763201
9069,16,2,0,4687,716,21765601
9070,17,0,0,4687,716,21768001
9071,19,0,0,4687,716,21770401
9072,16,1,0,4688,716,21772801
9073,17,2,1,4690,717,21775201
9074,19,0,0,4690,717,21777601
9075,19,0,0,4690,717,21780001
9076,19,0,0,4690,717,21782401
9077,19,0,0,4690,717,21784801
9078,24,0,0,4690,717,21787201
9079,20,0,0,4690,717,21789601
9080,21,0,0,4690,717,21792001
9081,24,0,0,4690,717,21794401
9082,24,1,0,4691,717,21796801
9083,26,0,0,4691,717,21799201
9084,26,0,0,4691,717,21801601
9085,29,0,0,4691,717,21804001
9086,31,0,0,4691,717,21806401
9087,26,1,0,4692,717,21808801
9088,21,2,1,4694,718,21811201
9089,21,0,0,4694,718,21813601
9090,21,0,0,4694,718,21816001
9091,19,1,0,4695,718,21818401
9092,17,1,0,4696,718,21820801
9093,18,0,0,4696,718,21823201
9094,17,0,0,4696,718,21825601
9095,17,0,0,4696,718,21828001
9096,17,0,0,4696,718,21830401
9097,17,0,0,4696,718,21832801
9098,19,0,0,4696,718,21835201
9099,20,0,0,4696,718,21837601
9100,18,1,0,4697,718,21840001
9101,18,0,0,4697,718,21842401
9102,17,0,0,4697,718,21844801
9103,18,0,0,4697,718,21847201
9104,20,0,0,4697,718,21849601
9105,21,0,0,4697,718,21852001
9106,20,0,0,4697,718,21854401
9107,20,2,0,4699,718,21856801
9108,18,0,0,4699,718,21859201
9109,21,1,1,4700,719,21861601
9110,20,2,2,4702,721,21864001
9111,21,1,0,4703,721,21866401
9112,17,3,0,4706,721,21868801
9113,19,1,0,4707,721,21871201
9114,24,2,0,4709,721,21873601
9115,25,1,0,4710,721,21876001
9116,24,1,0,4711,721,21878401
9117,26,0,0,4711,721,21880801
9118,21,1,0,4712,721,21883201
9119,21,0,0,4712,721,21885601
9120,19,1,0,4713,721,21888001
9121,22,1,0,4714,721,21890401
9122,18,0,0,4714,721,21892801
9123,18,1,0,4715,721,21895201
9124,16,0,0,4715,721,21897601
9125,22,0,0,4715,721,21900001
9126,17,1,0,4716,721,21902401
9127,19,0,0,4716,721,21904801
9128,20,1,1,4717,722,21907201
9129,18,0,0,4717,722,21909601
9130,20,0,0,4717,722,21912001
9131,17,0,0,4717,722,21914401
9132,16,0,0,4717,722,21916801
9133,14,1,1,4718,723,21919201
9134,17,1,0,4719,723,21921601
9135,17,0,0,4719,723,21924001
9136,18,0,0,4719,723,21926401
9137,18,0,0,4719,723,21928801
9138,22,0,0,4719,723,21931201
9139,22,0,0,4719,723,21933601
9140,23,2,0,4721,723,21936001
9141,26,0,0,4721,723,21938401
9142,21,3,0,4724,723,21940801
9143,20,2,1,4726,724,21943201
9144,22,0,0,4726,724,21945601
9145,21,2,0,4728,724,21948001
9146,21,1,1,4729,725,21950401
9147,22,0,0,4729,725,21952801
9148,20,0,0,4729,725,21955201
9149,23,1,0,4730,725,21957601
9150,22,0,0,4730,725,21960001
9151,23,0,0,4730,725,21962401
9152,22,1,0,4731,725,21964801
9153,25,0,0,4731,725,21967201
9154,25,0,0,4731,725,21969601
9155,22,0,0,4731,725,21972001
9156,20,1,0,4732,725,21974401
9157,24,0,0,4732,725,21976801
9158,24,1,0,4733,725,21979201
9159,22,1,0,4734,725,21981601
9160,21,1,0,4735,725,21984001
9161,19,0,0,4735,725,21986401
9162,21,0,0,4735,725,21988801
9163,19,0,0,4735,725,21991201
9164,21,0,0,4735,725,21993601
9165,19,3,1,4738,726,21996001
9166,22,0,0,4738,726,21998401
9167,22,0,0,4738,726,22000801
9168,21,0,0,4738,726,22003201
9169,19,1,0,4739,726,22005601
9170,23,1,0,4740,726,22008001
9171,24,1,0,4741,726,22010401
9172,22,2,0,4743,726,22012801
9173,23,0,0,4743,726,22015201
9174,24,1,1,4744,727,22017601
9175,26,0,0,4744,727,22020001
9176,23,2,0,4746,727,22022401
9177,23,0,0,4746,727,22024801
9178,19,2,1,4748,728,22027201
9179,17,2,0,4750,728,22029601
9180,17,1,0,4751,728,22032001
9181,15,1,0,4752,728,22034401
9182,15,0,0,4752,728,22036801
9183,16,0,0,4752,728,22039201
9184,16,0,0,4752,728,22041601
9185,17,1,0,4753,728,22044001
9186,17,0,0,4753,728,22046401
9187,16,1,0,4754,728,22048801
9188,18,0,0,4754,728,22051201
9189,18,0,0,4754,728,22053601
9190,16,1,0,4755,728,22056001
9191,19,0,0,4755,728,22058401
9192,21,0,0,4755,728,22060801
9193,19,0,0,4755,728,22063201
9194,16,0,0,4755,728,22065601
9195,17,0,0,4755,728,22068001
9196,19,0,0,4755,728,22070401
9197,20,1,0,4756,728,22072801
9198,22,0,0,4756,728,22075201
9199,25,0,0,4756,728,22077601
9200,24,2,1,4758,729,22080001
9201,25,0,0,4758,729,22082401
9202,23,0,0,4758,729,22084801
9203,24,1,1,4759,730,22087201
9204,23,2,1,4761,731,22089601
9205,22,0,0,4761,731,22092001
9206,21,1,0,4762,731,22094401
9207,21,0,0,4762,731,22096801
9208,18,3,1,4765,732,22099201
9209,18,2,0,4767,732,22101601
9210,18,0,0,4767,732,22104001
9211,20,0,0,4767,732,22106401
9212,16,1,0,4768,732,22108801
9213,18,0,0,4768,732,22111201
9214,20,0,0,4768,732,22113601
9215,18,0,0,4768,732,22116001
9216,17,1,0,4769,732,22118401
9217,18,1,0,4770,732,22120801
9218,19,1,0,4771,732,22123201
9219,18,0,0,4771,732,22125601
9220,23,0,0,4771,732,22128001
9221,21,2,0,4773,732,22130401
9222,17,2,0,4775,732,22132801
9223,16,3,0,4778,732,22135201
9224,22,0,0,4778,732,22137601
9225,19,0,0,4778,732,22140001
9226,20,0,0,4778,732,22142401
9227,18,0,0,4778,732,22144801
9228,21,0,0,4778,732,22147201
9229,20,0,0,4778,732,22149601
9230,22,1,0,4779,732,22152001
9231,22,2,1,4781,733,22154401
9232,22,3,0,4784,733,22156801
9233,20,0,0,4784,733,22159201
9234,21,1,0,4785,733,22161601
9235,18,1,0,4786,733,22164001
9236,20,0,0,4786,733,22166401
9237,22,0,0,4786,733,22168801
9238,22,1,1,4787,734,22171201
9239,22,0,0,4787,734,22173601
9240,19,0,0,4787,734,22176001
9241,17,0,0,4787,734,22178401
9242,17,0,0,4787,734,22180801
9243,16,1,0,4788,734,22183201
9244,18,1,0,4789,734,22185601
9245,19,0,0,4789,734,22188001
9246,19,1,0,4790,734,22190401
9247,21,0,0,4790,734,22192801
9248,19,2,1,4792,735,22195201
9249,18,1,0,4793,735,22197601
9250,17,1,0,4794,735,22200001
9251,20,0,0,4794,735,22202401
9252,18,1,1,4795,736,22204801
9253,21,0,0,4795,736,22207201
9254,24,0,0,4795,736,22209601
9255,19,0,0,4795,736,22212001
9256,19,0,0,4795,736,22214401
9257,19,0,0,4795,736,22216801
9258,17,1,0,4796,736,22219201
9259,14,1,0,4797,736,22221601
9260,14,0,0,4797,736,22224001
9261,16,0,0,4797,736,22226401
9262,14,3,0,4800,736,22228801
9263,15,0,0,4800,736,22231201
9264,15,0,0,4800,736,22233601
9265,15,0,0,4800,736,22236001
9266,18,0,0,4800,736,22238401
9267,19,2,1,4802,737,22240801
9268,18,0,0,4802,737,22243201
9269,19,0,0,4802,737,22245601
9270,19,0,0,4802,737,22248001
9271,18,0,0,4802,737,22250401
9272,18,0,0,4802,737,22252801
9273,18,0,0,4802,737,22255201
9274,19,1,0,4803,737,22257601
9275,17,1,0,4804,737,22260001
9276,16,3,1,4807,738,22262401
9277,17,0,0,4807,738,22264801
9278,20,0,0,4807,738,22267201
9279,20,0,0,4807,738,22269601
9280,23,0,0,4807,738,22272001
9281,21,0,0,4807,738,22274401
9282,24,0,0,4807,738,22276801
9283,26,1,0,4808,738,22279201
9284,25,1,0,4809,738,22281601
9285,25,2,1,4811,739,22284001
9286,23,2,1,4813,740,22286401
9287,24,1,0,4814,740,22288801
9288,22,2,1,4816,741,22291201
9289,20,1,0,4817,741,22293601
9290,20,1,0,4818,741,22296001
9291,20,0,0,4818,741,22298401
9292,20,0,0,4818,741,22300801
9293,20,0,0,4818,741,22303201
9294,18,0,0,4818,741,22305601
9295,18,1,0,4819,741,22308001
9296,21,0,0,4819,741,22310401
9297,17,0,0,4819,741,22312801
9298,16,0,0,4819,741,22315201
9299,18,0,0,4819,741,22317601
9300,19,0,0,4819,741,22320001
9301,19,0,0,4819,741,22322401
9302,16,0,0,4819,741,22324801
9303,16,0,0,4819,741,22327201
9304,14,1,0,4820,741,22329601
9305,12,2,0,4822,741,22332001
9306,13,1,0,4823,741,22334401
9307,18,0,0,4823,741,22336801
9308,14,0,0,4823,741,22339201
9309,14,0,0,4823,741,22341601
9310,18,1,1,4824,742,22344001
9311,18,0,0,4824,742,22346401
9312,18,0,0,4824,742,22348801
9313,17,0,0,4824,742,22351201
9314,17,2,1,4826,743,22353601
9315,15,1,0,4827,743,22356001
9316,15,1,0,4828,743,22358401
9317,17,0,0,4828,743,22360801
9318,18,0,0,4828,743,22363201
9319,20,2,0,4830,743,22365601
9320,20,0,0,4830,743,22368001
9321,18,0,0,4830,743,22370401
9322,19,0,0,4830,743,22372801
9323,20,0,0,4830,743,22375201
9324,23,0,0,4830,743,22377601
9325,20,1,0,4831,743,22380001
9326,19,0,0,4831,743,22382401
9327,19,3,1,4834,744,22384801
9328,20,1,0,4835,744,22387201
9329,20,0,0,4835,744,22389601
9330,15,3,0,4838,744,22392001
9331,17,0,0,4838,744,22394401
9332,16,1,1,4839,745,22396801
9333,15,0,0,4839,745,22399201
9334,15,1,0,4840,745,22401601
9335,20,0,0,4840,745,22404001
9336,19,0,0,4840,745,22406401
9337,16,1,0,4841,745,22408801
9338,18,0,0,4841,745,22411201
9339,17,0,0,4841,745,22413601
9340,17,0,0,4841,745,22416001
9341,20,0,0,4841,745,22418401
9342,21,0,0,4841,745,22420801
9343,22,1,0,4842,745,22423201
9344,26,0,0,4842,745,22425601
9345,23,0,0,4842,745,22428001
9346,22,0,0,4842,745,22430401
9347,21,1,0,4843,745,22432801
9348,20,1,0,4844,745,22435201
9349,22,1,1,4845,746,22437601
9350,21,1,0,4846,746,22440001
9351,21,0,0,4846,746,22442401
9352,23,0,0,4846,746,22444801
9353,23,0,0,4846,746,22447201
9354,23,0,0,4846,746,22449601
9355,21,4,1,4850,747,22452001
9356,22,0,0,4850,747,22454401
9357,21,2,0,4852,747,22456801
9358,18,1,0,4853,747,22459201
9359,18,2,0,4855,747,22461601
9360,18,0,0,4855,747,22464001
9361,18,2,0,4857,747,22466401
9362,18,1,0,4858,747,22468801
9363,20,0,0,4858,747,22471201
9364,19,2,0,4860,747,22473601
9365,20,0,0,4860,747,22476001
9366,20,2,0,4862,747,22478401
9367,20,1,0,4863,747,22480801
9368,18,0,0,4863,747,22483201
9369,17,1,0,4864,747,22485601
9370,17,1,0,4865,747,22488001
9371,20,0,0,4865,747,22490401
9372,19,0,0,4865,747,22492801
9373,22,1,0,4866,747,22495201
9374,20,2,1,4868,748,22497601
9375,19,0,0,4868,748,22500001
9376,20,0,0,4868,748,22502401
9377,20,0,0,4868,748,22504801
9378,19,0,0,4868,748,22507201
9379,20,0,0,4868,748,22509601
9380,19,1,0,4869,748,22512001
9381,16,1,0,4870,748,22514401
9382,17,0,0,4870,748,22516801
9383,19,0,0,4870,748,22519201
9384,17,1,0,4871,748,22521601
9385,18,0,0,4871,748,22524001
9386,16,0,0,4871,748,22526401
9387,19,1,1,4872,749,22528801
9388,16,3,0,4875,749,22531201
9389,18,1,0,4876,749,22533601
9390,19,1,0,4877,749,22536001
9391,17,1,0,4878,749,22538401
9392,18,0,0,4878,749,22540801
9393,20,1,0,4879,749,22543201
9394,19,1,0,4880,749,22545601
9395,18,1,0,4881,749,22548001
9396,17,1,0,4882,749,22550401
9397,16,0,0,4882,749,22552801
9398,16,0,0,4882,749,22555201
9399,17,0,0,4882,749,22557601
9400,17,0,0,4882,749,22560001
9401,19,0,0,4882,749,22562401
9402,15,1,0,4883,749,22564801
9403,16,0,0,4883,749,22567201
9404,14,1,0,4884,749,22569601
9405,14,0,0,4884,749,22572001
9406,14,0,0,4884,749,22574401
9407,14,0,0,4884,749,22576801
9408,12,2,0,4886,749,22579201
9409,15,0,0,4886,749,22581601
9410,17,1,0,4887,749,22584001
9411,16,0,0,4887,749,22586401
9412,16,0,0,4887,749,22588801
9413,15,0,0,4887,749,22591201
9414,14,0,0,4887,749,22593601
9415,15,1,1,4888,750,22596001
9416,16,0,0,4888,750,22598401
9417,17,1,0,4889,750,22600801
9418,16,1,0,4890,750,22603201
9419,20,1,1,4891,751,22605601
9420,16,0,0,4891,751,22608001
9421,16,0,0,4891,751,22610401
9422,17,0,0,4891,751,22612801
9423,17,1,0,4892,751,22615201
9424,15,1,0,4893,751,22617601
9425,15,0,0,4893,751,22620001
9426,15,0,0,4893,751,22622401
9427,19,0,0,4893,751,22624801
9428,18,0,0,4893,751,22627201
9429,20,0,0,4893,751,22629601
9430,15,1,0,4894,751,22632001
9431,17,0,0,4894,751,22634401
9432,15,1,0,4895,751,22636801
9433,19,0,0,4895,751,22639201
9434,19,2,1,4897,752,22641601
9435,23,0,0,4897,752,22644001
9436,22,0,0,4897,752,22646401
9437,27,1,0,4898,752,22648801
9438,29,1,0,4899,752,22651201
9439,25,1,1,4900,753,22653601
9440,22,0,0,4900,753,22656001
9441,21,1,0,4901,753,22658401
9442,23,0,0,4901,753,22660801
9443,20,1,0,4902,753,22663201
9444,20,0,0,4902,753,22665601
9445,18,2,1,4904,754,22668001
9446,19,0,0,4904,754,22670401
9447,16,0,0,4904,754,22672801
9448,17,2,1,4906,755,22675201
9449,15,3,0,4909,755,22677601
9450,17,0,0,4909,755,22680001
9451,17,1,1,4910,756,22682401
9452,16,0,0,4910,756,22684801
9453,17,0,0,4910,756,22687201
9454,15,1,0,4911,756,22689601
9455,15,0,0,4911,756,22692001
9456,12,2,2,4913,758,22694401
9457,13,0,0,4913,758,22696801
9458,12,0,0,4913,758,22699201
9459,13,2,0,4915,758,22701601
9460,15,1,0,4916,758,22704001
9461,16,0,0,4916,758,22706401
9462,20,0,0,4916,758,22708801
9463,17,0,0,4916,758,22711201
9464,21,0,0,4916,758,22713601
9465,20,0,0,4916,758,22716001
9466,21,0,0,4916,758,22718401
9467,21,1,0,4917,758,22720801
9468,26,0,0,4917,758,22723201
9469,29,2,0,4919,758,22725601
9470,21,0,0,4919,758,22728001
9471,24,0,0,4919,758,22730401
9472,24,2,1,4921,759,22732801
9473,27,0,0,4921,759,22735201
9474,28,0,0,4921,759,22737601
9475,26,1,1,4922,760,22740001
9476,24,2,0,4924,760,22742401
9477,25,0,0,4924,760,22744801
9478,24,1,0,4925,760,22747201
9479,20,1,0,4926,760,22749601
9480,17,2,0,4928,760,22752001
9481,19,1,0,4929,760,22754401
9482,17,1,0,4930,760,22756801
9483,16,1,0,4931,760,22759201
9484,17,0,0,4931,760,22761601
9485,16,0,0,4931,760,22764001
9486,15,0,0,4931,760,22766401
9487,16,0,0,4931,760,22768801
9488,15,1,0,4932,760,22771201
9489,15,1,1,4933,761,22773601
9490,16,0,0,4933,761,22776001
9491,15,0,0,4933,761,22778401
9492,17,1,0,4934,761,22780801
9493,16,2,0,4936,761,22783201
9494,16,0,0,4936,761,22785601
9495,16,1,0,4937,761,22788001
9496,15,2,1,4939,762,22790401
9497,17,1,0,4940,762,22792801
9498,19,0,0,4940,762,22795201
9499,17,0,0,4940,762,22797601
9500,18,0,0,4940,762,22800001
9501,20,2,1,4942,763,22802401
9502,24,0,0,4942,763,22804801
9503,19,3,1,4945,764,22807201
9504,18,1,0,4946,764,22809601
9505,18,0,0,4946,764,22812001
9506,16,1,0,4947,764,22814401
9507,17,0,0,4947,764,22816801
9508,18,0,0,4947,764,22819201
9509,17,0,0,4947,764,22821601
9510,18,0,0,4947,764,22824001
9511,19,0,0,4947,764,22826401
9512,18,1,0,4948,764,22828801
9513,17,0,0,4948,764,22831201
9514,18,2,0,4950,764,22833601
9515,19,0,0,4950,764,22836001
9516,17,1,0,4951,764,22838401
9517,19,1,0,4952,764,22840801
9518,17,3,0,4955,764,22843201
9519,17,1,0,4956,764,22845601
9520,16,0,0,4956,764,22848001
9521,16,0,0,4956,764,22850401
9522,17,0,0,4956,764,22852801
9523,18,0,0,4956,764,22855201
9524,18,2,0,4958,764,22857601
9525,18,0,0,4958,764,22860001
9526,19,0,0,4958,764,22862401
9527,20,0,0,4958,764,22864801
9528,23,2,0,4960,764,22867201
9529,19,0,0,4960,764,22869601
9530,19,2,0,4962,764,22872001
9531,17,1,0,4963,764,22874401
9532,17,0,0,4963,764,22876801
9533,16,0,0,4963,764,22879201
9534,19,0,0,4963,764,22881601
9535,17,1,0,4964,764,22884001
9536,17,1,1,4965,765,22886401
9537,18,0,0,4965,765,22888801
9538,16,0,0,4965,765,22891201
9539,17,0,0,4965,765,22893601
9540,16,2,2,4967,767,22896001
9541,16,0,0,4967,767,22898401
9542,15,0,0,4967,767,22900801
9543,15,0,0,4967,767,22903201
9544,16,0,0,4967,767,22905601
9545,16,0,0,4967,767,22908001
9546,18,1,0,4968,767,22910401
9547,19,0,0,4968,767,22912801
9548,18,0,0,4968,767,22915201
9549,15,4,1,4972,768,22917601
9550,16,1,1,4973,769,22920001
9551,17,1,0,4974,769,22922401
9552,17,1,0,4975,769,22924801
9553,19,0,0,4975,769,22927201
9554,15,0,0,4975,769,22929601
9555,16,0,0,4975,769,22932001
9556,17,2,0,4977,769,22934401
9557,19,0,0,4977,769,22936801
9558,21,0,0,4977,769,22939201
9559,19,0,0,4977,769,22941601
9560,22,1,1,4978,770,22944001
9561,20,1,1,4979,771,22946401
9562,19,1,0,4980,771,22948801
9563,18,0,0,4980,771,22951201
9564,20,1,1,4981,772,22953601
9565,21,1,0,4982,772,22956001
9566,22,0,0,4982,772,22958401
9567,23,1,0,4983,772,22960801
9568,23,1,0,4984,772,22963201
9569,23,0,0,4984,772,22965601
9570,24,1,0,4985,772,22968001
9571,24,2,1,4987,773,22970401
9572,21,0,0,4987,773,22972801
9573,24,1,1,4988,774,22975201
9574,27,1,0,4989,774,22977601
9575,25,2,1,4991,775,22980001
9576,21,1,0,4992,775,22982401
9577,19,0,0,4992,775,22984801
9578,21,2,1,4994,776,22987201
9579,20,1,1,4995,777,22989601
9580,16,1,0,4996,777,22992001
9581,14,2,1,4998,778,22994401
9582,13,0,0,4998,778,22996801
9583,13,0,0,4998,778,22999201
9584,13,1,0,4999,778,23001601
9585,13,1,0,5000,778,23004001
9586,14,0,0,5000,778,23006401
9587,13,0,0,5000,778,23008801
9588,13,0,0,5000,778,23011201
9589,13,0,0,5000,778,23013601
9590,17,0,0,5000,778,23016001
9591,19,0,0,5000,778,23018401
9592,17,1,1,5001,779,23020801
9593,19,0,0,5001,779,23023201
9594,21,1,1,5002,780,23025601
9595,24,0,0,5002,780,23028001
9596,23,0,0,5002,780,23030401
9597,19,2,0,5004,780,23032801
9598,19,0,0,5004,780,23035201
9599,20,2,0,5006,780,23037601
9600,20,0,0,5006,780,23040001
9601,20,4,2,5010,782,23042401
9602,18,2,0,5012,782,23044801
9603,19,0,0,5012,782,23047201
9604,17,0,0,5012,782,23049601
9605,18,2,0,5014,782,23052001
9606,16,2,0,5016,782,23054401
9607,15,0,0,5016,782,23056801
9608,15,0,0,5016,782,23059201
9609,17,0,0,5016,782,23061601
9610,16,2,2,5018,784,23064001
9611,15,1,0,5019,784,23066401
9612,18,0,0,5019,784,23068801
9613,16,0,0,5019,784,23071201
9614,12,2,0,5021,784,23073601
9615,13,0,0,5021,784,23076001
9616,13,0,0,5021,784,23078401
9617,12,2,0,5023,784,23080801
9618,13,0,0,5023,784,23083201
9619,15,1,0,5024,784,23085601
9620,14,0,0,5024,784,23088001
9621,13,1,0,5025,784,23090401
9622,14,0,0,5025,784,23092801
9623,14,0,0,5025,784,23095201
9624,13,1,0,5026,784,23097601
9625,14,1,1,5027,785,23100001
9626,13,1,1,5028,786,23102401
9627,12,1,1,5029,787,23104801
9628,13,2,1,5031,788,23107201
9629,14,0,0,5031,788,23109601
9630,13,1,0,5032,788,23112001
9631,14,0,0,5032,788,23114401
9632,18,0,0,5032,788,23116801
9633,16,1,1,5033,789,23119201
9634,17,2,0,5035,789,23121601
9635,15,1,0,5036,789,23124001
9636,15,0,0,5036,789,23126401
9637,16,0,0,5036,789,23128801
9638,20,1,0,5037,789,23131201
9639,21,0,0,5037,789,23133601
9640,23,0,0,5037,789,23136001
9641,28,2,2,5039,791,23138401
9642,24,1,1,5040,792,23140801
9643,26,0,0,5040,792,23143201
9644,27,0,0,5040,792,23145601
9645,23,2,0,5042,792,23148001
9646,23,1,0,5043,792,23150401
9647,26,1,0,5044,792,23152801
9648,19,1,0,5045,792,23155201
9649,19,0,0,5045,792,23157601
9650,21,0,0,5045,792,23160001
9651,22,1,0,5046,792,23162401
9652,21,0,0,5046,792,23164801
9653,21,1,1,5047,793,23167201
9654,19,0,0,5047,793,23169601
9655,20,0,0,5047,793,23172001
9656,19,2,1,5049,794,23174401
9657,19,0,0,5049,794,23176801
9658,19,0,0,5049,794,23179201
9659,17,0,0,5049,794,23181601
9660,19,0,0,5049,794,23184001
9661,21,0,0,5049,794,23186401
9662,21,0,0,5049,794,23188801
9663,25,0,0,5049,794,23191201
9664,22,0,0,5049,794,23193601
9665,28,0,0,5049,794,23196001
9666,31,0,0,5049,794,23198401
9667,28,0,0,5049,794,23200801
9668,25,0,0,5049,794,23203201
9669,26,1,0,5050,794,23205601
9670,24,2,0,5052,794,23208001
9671,23,1,0,5053,794,23210401
9672,22,1,0,5054,794,23212801
9673,24,1,0,5055,794,23215201
9674,25,3,1,5058,795,23217601
9675,21,1,0,5059,795,23220001
9676,18,5,1,5064,796,23222401
9677,18,1,0,5065,796,23224801
9678,19,2,1,5067,797,23227201
9679,20,0,0,5067,797,23229601
9680,16,0,0,5067,797,23232001
9681,19,0,0,5067,797,23234401
9682,18,0,0,5067,797,23236801
9683,18,0,0,5067,797,23239201
9684,18,1,0,5068,797,23241601
9685,16,0,0,5068,797,23244001
9686,19,0,0,5068,797,23246401
9687,20,0,0,5068,797,23248801
9688,21,0,0,5068,797,23251201
9689,22,0,0,5068,797,23253601
9690,23,0,0,5068,797,23256001
9691,20,2,0,5070,797,23258401
9692,17,2,1,5072,798,23260801
9693,20,0,0,5072,798,23263201
9694,17,0,0,5072,798,23265601
9695,16,1,0,5073,798,23268001
9696,18,1,0,5074,798,23270401
9697,18,0,0,5074,798,23272801
9698,17,1,0,5075,798,23275201
9699,16,0,0,5075,798,23277601
9700,17,0,0,5075,798,23280001
9701,18,1,0,5076,798,23282401
9702,17,0,0,5076,798,23284801
9703,17,1,1,5077,799,23287201
9704,17,0,0,5077,799,23289601
9705,17,0,0,5077,799,23292001
9706,19,1,0,5078,799,23294401
9707,16,1,0,5079,799,23296801
9708,19,1,0,5080,799,23299201
9709,22,0,0,5080,799,23301601
9710,21,0,0,5080,799,23304001
9711,19,2,0,5082,799,23306401
9712,18,1,0,5083,799,23308801
9713,19,1,0,5084,799,23311201
9714,17,1,0,5085,799,23313601
9715,19,0,0,5085,799,23316001
9716,18,2,0,5087,799,23318401
9717,18,1,0,5088,799,23320801
9718,21,0,0,5088,799,23323201
9719,16,1,1,5089,800,23325601
9720,17,0,0,5089,800,23328001
9721,17,0,0,5089,800,23330401
9722,17,0,0,5089,800,23332801
9723,17,0,0,5089,800,23335201
9724,17,0,0,5089,800,23337601
9725,17,0,0,5089,800,23340001
9726,17,1,1,5090,801,23342401
9727,15,1,0,5091,801,23344801
9728,15,0,0,5091,801,23347201
9729,15,0,0,5091,801,23349601
9730,15,2,1,5093,802,23352001
9731,16,1,0,5094,802,23354401
9732,18,0,0,5094,802,23356801
9733,19,0,0,5094,802,23359201
9734,15,0,0,5094,802,23361601
9735,15,1,0,5095,802,23364001
9736,17,0,0,5095,802,23366401
9737,16,0,0,5095,802,23368801
9738,16,0,0,5095,802,23371201
9739,17,0,0,5095,802,23373601
9740,16,1,0,5096,802,23376001
9741,16,0,0,5096,802,23378401
9742,17,0,0,5096,802,23380801
9743,17,1,0,5097,802,23383201
9744,16,3,0,5100,802,23385601
9745,17,0,0,5100,802,23388001
9746,16,0,0,5100,802,23390401
9747,17,1,1,5101,803,23392801
9748,16,0,0,5101,803,23395201
9749,14,1,0,5102,803,23397601
9750,16,1,0,5103,803,23400001
9751,14,2,0,5105,803,23402401
9752,19,0,0,5105,803,23404801
9753,18,1,1,5106,804,23407201
9754,16,2,2,5108,806,23409601
9755,17,0,0,5108,806,23412001
9756,19,0,0,5108,806,23414401
9757,18,3,3,5111,809,23416801
9758,15,0,0,5111,809,23419201
9759,18,1,0,5112,809,23421601
9760,16,1,0,5113,809,23424001
9761,15,0,0,5113,809,23426401
9762,16,1,0,5114,809,23428801
9763,17,1,0,5115,809,23431201
9764,15,0,0,5115,809,23433601
9765,18,0,0,5115,809,23436001
9766,14,2,0,5117,809,23438401
9767,17,1,1,5118,810,23440801
9768,16,0,0,5118,810,23443201
9769,15,1,0,5119,810,23445601
9770,15,0,0,5119,810,23448001
9771,16,0,0,5119,810,23450401
9772,14,2,0,5121,810,23452801
9773,14,0,0,5121,810,23455201
9774,14,2,0,5123,810,23457601
9775,16,0,0,5123,810,23460001
9776,16,0,0,5123,810,23462401
9777,14,0,0,5123,810,23464801
9778,16,1,1,5124,811,23467201
9779,18,1,1,5125,812,23469601
9780,18,1,0,5126,812,23472001
9781,16,2,0,5128,812,23474401
9782,16,0,0,5128,812,23476801
9783,16,0,0,5128,812,23479201
9784,14,0,0,5128,812,23481601
9785,14,1,0,5129,812,23484001
9786,14,0,0,5129,812,23486401
9787,15,0,0,5129,812,23488801
9788,15,0,0,5129,812,23491201
9789,15,0,0,5129,812,23493601
9790,16,1,0,5130,812,23496001
9791,18,0,0,5130,812,23498401
9792,16,0,0,5130,812,23500801
9793,17,0,0,5130,812,23503201
9794,16,1,0,5131,812,23505601
9795,17,0,0,5131,812,23508001
9796,15,2,0,5133,812,23510401
9797,14,1,0,5134,812,23512801
9798,14,1,0,5135,812,23515201
9799,13,1,0,5136,812,23517601
9800,13,0,0,5136,812,23520001
9801,17,0,0,5136,812,23522401
9802,15,2,0,5138,812,23524801
9803,15,0,0,5138,812,23527201
9804,14,4,0,5142,812,23529601
9805,14,0,0,5142,812,23532001
9806,15,0,0,5142,812,23534401
9807,16,0,0,5142,812,23536801
9808,16,1,0,5143,812,23539201
9809,17,0,0,5143,812,23541601
9810,18,0,0,5143,812,23544001
9811,21,0,0,5143,812,23546401
9812,21,1,1,5144,813,23548801
9813,21,0,0,5144,813,23551201
9814,22,0,0,5144,813,23553601
9815,21,0,0,5144,813,23556001
9816,22,0,0,5144,813,23558401
9817,22,0,0,5144,813,23560801
9818,23,1,0,5145,813,23563201
9819,23,0,0,5145,813,23565601
9820,16,1,0,5146,813,23568001
9821,19,0,0,5146,813,23570401
9822,17,0,0,5146,813,23572801
9823,16,0,0,5146,813,23575201
9824,17,0,0,5146,813,23577601
9825,16,0,0,5146,813,23580001
9826,18,0,0,5146,813,23582401
9827,18,1,0,5147,813,23584801
9828,19,1,0,5148,813,23587201
9829,19,0,0,5148,813,23589601
9830,19,1,0,5149,813,23592001
9831,20,0,0,5149,813,23594401
9832,19,0,0,5149,813,23596801
9833,28,0,0,5149,813,23599201
9834,25,0,0,5149,813,23601601
9835,20,0,0,5149,813,23604001
9836,21,0,0,5149,813,23606401
9837,22,0,0,5149,813,23608801
9838,23,3,0,5152,813,23611201
9839,23,0,0,5152,813,23613601
9840,22,0,0,5152,813,23616001
9841,21,1,0,5153,813,23618401
9842,17,3,0,5156,813,23620801
9843,17,0,0,5156,813,23623201
9844,17,0,0,5156,813,23625601
9845,18,1,0,5157,813,23628001
9846,15,1,0,5158,813,23630401
9847,15,0,0,5158,813,23632801
9848,16,1,0,5159,813,23635201
9849,16,0,0,5159,813,23637601
9850,16,1,1,5160,814,23640001
9851,16,0,0,5160,814,23642401
9852,19,0,0,5160,814,23644801
9853,16,1,0,5161,814,23647201
9854,17,0,0,5161,814,23649601
9855,16,2,0,5163,814,23652001
9856,14,1,0,5164,814,23654401
9857,15,0,0,5164,814,23656801
9858,15,0,0,5164,814,23659201
9859,17,0,0,5164,814,23661601
9860,14,2,0,5166,814,23664001
9861,15,0,0,5166,814,23666401
9862,14,0,0,5166,814,23668801
9863,14,0,0,5166,814,23671201
9864,14,0,0,5166,814,23673601
9865,17,0,0,5166,814,23676001
9866,15,0,0,5166,814,23678401
9867,15,0,0,5166,814,23680801
9868,13,1,0,5167,814,23683201
9869,14,0,0,5167,814,23685601
9870,13,0,0,5167,814,23688001
9871,13,0,0,5167,814,23690401
9872,12,2,0,5169,814,23692801
9873,14,0,0,5169,814,23695201
9874,16,0,0,5169,814,23697601
9875,14,0,0,5169,814,23700001
9876,15,0,0,5169,814,23702401
9877,16,1,0,5170,814,23704801
9878,15,0,0,5170,814,23707201
9879,14,0,0,5170,814,23709601
9880,16,0,0,5170,814,23712001
9881,17,0,0,5170,814,23714401
9882,17,1,1,5171,815,23716801
9883,14,2,0,5173,815,23719201
9884,12,0,0,5173,815,23721601
9885,14,0,0,5173,815,23724001
9886,16,0,0,5173,815,23726401
9887,16,0,0,5173,815,23728801
9888,16,0,0,5173,815,23731201
9889,18,0,0,5173,815,23733601
9890,20,0,0,5173,815,23736001
9891,16,1,0,5174,815,23738401
9892,15,1,0,5175,815,23740801
9893,15,1,0,5176,815,23743201
9894,16,0,0,5176,815,23745601
9895,14,3,0,5179,815,23748001
9896,15,0,0,5179,815,23750401
9897,15,1,0,5180,815,23752801
9898,16,1,1,5181,816,23755201
9899,16,1,0,5182,816,23757601
9900,15,1,0,5183,816,23760001
9901,14,0,0,5183,816,23762401
9902,17,0,0,5183,816,23764801
9903,16,0,0,5183,816,23767201
9904,17,0,0,5183,816,23769601
9905,17,0,0,5183,816,23772001
9906,17,1,1,5184,817,23774401
9907,17,0,0,5184,817,23776801
9908,20,0,0,5184,817,23779201
9909,19,1,0,5185,817,23781601
9910,19,0,0,5185,817,23784001
9911,19,1,0,5186,817,23786401
9912,17,0,0,5186,817,23788801
9913,19,0,0,5186,817,23791201
9914,18,0,0,5186,817,23793601
9915,17,0,0,5186,817,23796001
9916,18,0,0,5186,817,23798401
9917,21,1,0,5187,817,23800801
9918,21,2,1,5189,818,23803201
9919,20,0,0,5189,818,23805601
9920,17,0,0,5189,818,23808001
9921,20,1,1,5190,819,23810401
9922,18,1,0,5191,819,23812801
9923,15,1,0,5192,819,23815201
9924,17,0,0,5192,819,23817601
9925,16,0,0,5192,819,23820001
9926,15,0,0,5192,819,23822401
9927,16,0,0,5192,819,23824801
9928,18,0,0,5192,819,23827201
9929,17,1,0,5193,819,23829601
9930,17,0,0,5193,819,23832001
9931,17,1,0,5194,819,23834401
9932,20,0,0,5194,819,23836801
9933,18,0,0,5194,819,23839201
9934,19,0,0,5194,819,23841601
9935,17,0,0,5194,819,23844001
9936,17,2,1,5196,820,23846401
9937,17,1,0,5197,820,23848801
9938,17,0,0,5197,820,23851201
9939,17,0,0,5197,820,23853601
9940,14,2,0,5199,820,23856001
9941,14,0,0,5199,820,23858401
9942,14,0,0,5199,820,23860801
9943,14,0,0,5199,820,23863201
9944,13,0,0,5199,820,23865601
9945,13,0,0,5199,820,23868001
9946,14,0,0,5199,820,23870401
9947,17,0,0,5199,820,23872801
9948,15,0,0,5199,820,23875201
9949,17,0,0,5199,820,23877601
9950,14,0,0,5199,820,23880001
9951,13,1,0,5200,820,23882401
9952,13,0,0,5200,820,23884801
9953,13,1,1,5201,821,23887201
9954,13,1,0,5202,821,23889601
9955,12,1,0,5203,821,23892001
9956,14,0,0,5203,821,23894401
9957,12,0,0,5203,821,23896801
9958,13,0,0,5203,821,23899201
9959,14,0,0,5203,821,23901601
9960,11,0,0,5203,821,23904001
9961,13,0,0,5203,821,23906401
9962,12,0,0,5203,821,23908801
9963,12,0,0,5203,821,23911201
9964,12,0,0,5203,821,23913601
9965,14,0,0,5203,821,23916001
9966,13,0,0,5203,821,23918401
9967,13,0,0,5203,821,23920801
9968,14,1,1,5204,822,23923201
9969,13,0,0,5204,822,23925601
9970,12,2,1,5206,823,23928001
9971,12,0,0,5206,823,23930401
9972,12,0,0,5206,823,23932801
9973,12,0,0,5206,823,23935201
9974,12,0,0,5206,823,23937601
9975,11,0,0,5206,823,23940001
9976,11,1,0,5207,823,23942401
9977,11,1,0,5208,823,23944801
9978,11,0,0,5208,823,23947201
9979,11,0,0,5208,823,23949601
9980,12,0,0,5208,823,23952001
9981,14,0,0,5208,823,23954401
9982,16,0,0,5208,823,23956801
9983,16,0,0,5208,823,23959201
9984,17,1,1,5209,824,23961601
9985,17,0,0,5209,824,23964001
9986,16,0,0,5209,824,23966401
9987,16,0,0,5209,824,23968801
9988,17,0,0,5209,824,23971201
9989,14,0,0,5209,824,23973601
9990,14,0,0,5209,824,23976001
9991,16,0,0,5209,824,23978401
9992,18,1,1,5210,825,23980801
9993,17,0,0,5210,825,23983201
9994,19,1,1,5211,826,23985601
9995,19,4,0,5215,826,23988001
9996,18,0,0,5215,826,23990401
9997,18,1,1,5216,827,23992801
9998,16,2,1,5218,828,23995201
9999,18,0,0,5218,828,23997601
10000,18,1,0,5219,828,24000001
10001,16,0,0,5219,828,24002401
10002,16,0,0,5219,828,24004801
10003,17,0,0,5219,828,24007201
10004,16,0,0,5219,828,24009601
10005,14,0,0,5219,828,24012001
10006,14,0,0,5219,828,24014401
10007,16,0,0,5219,828,24016801
10008,17,0,0,5219,828,24019201
10009,15,0,0,5219,828,24021601
10010,14,1,0,5220,828,24024001
10011,16,0,0,5220,828,24026401
10012,18,0,0,5220,828,24028801
10013,19,0,0,5220,828,24031201
10014,20,0,0,5220,828,24033601
10015,19,0,0,5220,828,24036001
10016,22,0,0,5220,828,24038401
10017,22,1,1,5221,829,24040801
10018,20,0,0,5221,829,24043201
10019,21,0,0,5221,829,24045601
10020,20,0,0,5221,829,24048001
10021,20,0,0,5221,829,24050401
10022,17,3,1,5224,830,24052801
10023,17,0,0,5224,830,24055201
10024,16,0,0,5224,830,24057601
10025,17,0,0,5224,830,24060001
10026,18,0,0,5224,830,24062401
10027,18,1,0,5225,830,24064801
10028,16,1,0,5226,830,24067201
10029,18,0,0,5226,830,24069601
10030,17,2,1,5228,831,24072001
10031,17,1,0,5229,831,24074401
10032,18,0,0,5229,831,24076801
10033,16,3,2,5232,833,24079201
10034,15,0,0,5232,833,24081601
10035,15,0,0,5232,833,24084001
10036,16,0,0,5232,833,24086401
10037,16,1,1,5233,834,24088801
10038,14,3,0,5236,834,24091201
10039,13,1,0,5237,834,24093601
10040,16,0,0,5237,834,24096001
10041,18,0,0,5237,834,24098401
10042,16,0,0,5237,834,24100801
10043,18,0,0,5237,834,24103201
10044,17,0,0,5237,834,24105601
10045,16,1,0,5238,834,24108001
10046,14,0,0,5238,834,24110401
10047,14,0,0,5238,834,24112801
10048,13,0,0,5238,834,24115201
10049,14,2,0,5240,834,24117601
10050,13,1,0,5241,834,24120001
10051,13,0,0,5241,834,24122401
10052,14,0,0,5241,834,24124801
10053,16,1,0,5242,834,24127201
10054,15,0,0,5242,834,24129601
10055,16,0,0,5242,834,24132001
10056,16,0,0,5242,834,24134401
10057,16,0,0,5242,834,24136801
10058,16,0,0,5242,834,24139201
10059,17,0,0,5242,834,24141601
10060,15,1,0,5243,834,24144001
10061,16,0,0,5243,834,24146401
10062,15,1,0,5244,834,24148801
10063,15,0,0,5244,834,24151201
10064,14,0,0,5244,834,24153601
10065,16,0,0,5244,834,24156001
10066,19,0,0,5244,834,24158401
10067,17,0,0,5244,834,24160801
10068,18,0,0,5244,834,24163201
10069,15,1,0,5245,834,24165601
10070,17,0,0,5245,834,24168001
10071,16,0,0,5245,834,24170401
10072,15,1,0,5246,834,24172801
10073,15,1,0,5247,834,24175201
10074,16,1,0,5248,834,24177601
10075,15,0,0,5248,834,24180001
10076,15,0,0,5248,834,24182401
10077,16,0,0,5248,834,24184801
10078,15,0,0,5248,834,24187201
10079,17,0,0,5248,834,24189601
10080,15,0,0,5248,834,24192001
10081,15,0,0,5248,834,24194401
10082,17,0,0,5248,834,24196801
10083,16,0,0,5248,834,24199201
10084,15,0,0,5248,834,24201601
10085,16,0,0,5248,834,24204001
10086,18,0,0,5248,834,24206401
10087,15,0,0,5248,834,24208801
10088,17,1,0,5249,834,24211201
10089,16,1,1,5250,835,24213601
10090,16,1,0,5251,835,24216001
10091,16,1,0,5252,835,24218401
10092,18,0,0,5252,835,24220801
10093,19,1,1,5253,836,24223201
10094,19,0,0,5253,836,24225601
10095,19,0,0,5253,836,24228001
10096,17,1,0,5254,836,24230401
10097,18,0,0,5254,836,24232801
10098,18,0,0,5254,836,24235201
10099,18,1,0,5255,836,24237601
10100,18,0,0,5255,836,24240001
10101,16,1,1,5256,837,24242401
10102,14,0,0,5256,837,24244801
10103,13,1,0,5257,837,24247201
10104,15,0,0,5257,837,24249601
10105,13,2,1,5259,838,24252001
10106,13,0,0,5259,838,24254401
10107,13,0,0,5259,838,24256801
10108,13,2,1,5261,839,24259201
10109,13,0,0,5261,839,24261601
10110,14,0,0,5261,839,24264001
10111,13,0,0,5261,839,24266401
10112,13,0,0,5261,839,24268801
10113,15,0,0,5261,839,24271201
10114,14,1,0,5262,839,24273601
10115,15,0,0,5262,839,24276001
10116,14,0,0,5262,839,24278401
10117,13,2,0,5264,839,24280801
10118,14,0,0,5264,839,24283201
10119,15,1,0,5265,839,24285601
10120,12,1,1,5266,840,24288001
10121,12,1,0,5267,840,24290401
10122,12,0,0,5267,840,24292801
10123,12,1,1,5268,841,24295201
10124,12,1,0,5269,841,24297601
10125,12,0,0,5269,841,24300001
10126,13,0,0,5269,841,24302401
10127,14,0,0,5269,841,24304801
10128,13,0,0,5269,841,24307201
10129,12,0,0,5269,841,24309601
10130,12,0,0,5269,841,24312001
10131,12,0,0,5269,841,24314401
10132,12,0,0,5269,841,24316801
10133,14,0,0,5269,841,24319201
10134,13,0,0,5269,841,24321601
10135,14,0,0,5269,841,24324001
10136,12,1,0,5270,841,24326401
10137,11,2,0,5272,841,24328801
10138,11,0,0,5272,841,24331201
10139,13,0,0,5272,841,24333601
10140,13,0,0,5272,841,24336001
10141,13,0,0,5272,841,24338401
10142,14,0,0,5272,841,24340801
10143,12,0,0,5272,841,24343201
10144,14,1,0,5273,841,24345601
10145,14,1,0,5274,841,24348001
10146,13,0,0,5274,841,24350401
10147,13,0,0,5274,841,24352801
10148,12,0,0,5274,841,24355201
10149,14,0,0,5274,841,24357601
10150,14,0,0,5274,841,24360001
10151,16,0,0,5274,841,24362401
10152,14,0,0,5274,841,24364801
10153,15,0,0,5274,841,24367201
10154,17,0,0,5274,841,24369601
10155,19,0,0,5274,841,24372001
10156,16,0,0,5274,841,24374401
10157,17,0,0,5274,841,24376801
10158,16,1,1,5275,842,24379201
10159,15,0,0,5275,842,24381601
10160,16,1,0,5276,842,24384001
10161,13,0,0,5276,842,24386401
10162,13,0,0,5276,842,24388801
10163,12,0,0,5276,842,24391201
10164,11,3,1,5279,843,24393601
10165,12,0,0,5279,843,24396001
10166,12,1,1,5280,844,24398401
10167,14,0,0,5280,844,24400801
10168,13,0,0,5280,844,24403201
10169,13,0,0,5280,844,24405601
10170,13,0,0,5280,844,24408001
10171,13,2,1,5282,845,24410401
10172,14,0,0,5282,845,24412801
10173,14,0,0,5282,845,24415201
10174,14,0,0,5282,845,24417601
10175,17,0,0,5282,845,24420001
10176,19,0,0,5282,845,24422401
10177,19,1,0,5283,845,24424801
10178,19,0,0,5283,845,24427201
10179,18,0,0,5283,845,24429601
10180,15,0,0,5283,845,24432001
10181,16,0,0,5283,845,24434401
10182,16,0,0,5283,845,24436801
10183,17,1,0,5284,845,24439201
10184,16,0,0,5284,845,24441601
10185,16,1,0,5285,845,24444001
10186,18,1,1,5286,846,24446401
10187,18,0,0,5286,846,24448801
10188,20,0,0,5286,846,24451201
10189,19,1,0,5287,846,24453601
10190,21,0,0,5287,846,24456001
10191,17,0,0,5287,846,24458401
10192,20,0,0,5287,846,24460801
10193,18,0,0,5287,846,24463201
10194,20,0,0,5287,846,24465601
10195,20,1,1,5288,847,24468001
10196,19,0,0,5288,847,24470401
10197,19,0,0,5288,847,24472801
10198,18,2,2,5290,849,24475201
10199,17,0,0,5290,849,24477601
10200,16,0,0,5290,849,24480001
10201,15,1,0,5291,849,24482401
10202,16,1,0,5292,849,24484801
10203,16,0,0,5292,849,24487201
10204,16,0,0,5292,849,24489601
10205,20,0,0,5292,849,24492001
10206,18,0,0,5292,849,24494401
10207,19,1,0,5293,849,24496801
10208,19,0,0,5293,849,24499201
10209,18,0,0,5293,849,24501601
10210,19,0,0,5293,849,24504001
10211,22,1,1,5294,850,24506401
10212,18,0,0,5294,850,24508801
10213,18,0,0,5294,850,24511201
10214,19,0,0,5294,850,24513601
10215,17,0,0,5294,850,24516001
10216,17,1,0,5295,850,24518401
10217,18,0,0,5295,850,24520801
10218,18,0,0,5295,850,24523201
10219,20,0,0,5295,850,24525601
10220,18,0,0,5295,850,24528001
10221,18,0,0,5295,850,24530401
10222,18,0,0,5295,850,24532801
10223,17,1,0,5296,850,24535201
10224,18,0,0,5296,850,24537601
10225,18,1,1,5297,851,24540001
10226,17,0,0,5297,851,24542401
10227,15,2,0,5299,851,24544801
10228,17,0,0,5299,851,24547201
10229,17,0,0,5299,851,24549601
10230,18,0,0,5299,851,24552001
10231,17,0,0,5299,851,24554401
10232,19,0,0,5299,851,24556801
10233,18,0,0,5299,851,24559201
10234,18,0,0,5299,851,24561601
10235,17,0,0,5299,851,24564001
10236,18,1,0,5300,851,24566401
10237,17,0,0,5300,851,24568801
10238,16,0,0,5300,851,24571201
10239,17,0,0,5300,851,24573601
10240,17,0,0,5300,851,24576001
10241,17,0,0,5300,851,24578401
10242,16,2,1,5302,852,24580801
10243,15,1,0,5303,852,24583201
10244,15,0,0,5303,852,24585601
10245,15,1,1,5304,853,24588001
10246,14,0,0,5304,853,24590401
10247,15,0,0,5304,853,24592801
10248,15,0,0,5304,853,24595201
10249,15,0,0,5304,853,24597601
10250,13,1,0,5305,853,24600001
10251,13,0,0,5305,853,24602401
10252,14,0,0,5305,853,24604801
10253,14,0,0,5305,853,24607201
10254,13,0,0,5305,853,24609601
10255,14,1,0,5306,853,24612001
10256,14,0,0,5306,853,24614401
10257,12,0,0,5306,853,24616801
10258,12,1,0,5307,853,24619201
10259,13,1,0,5308,853,24621601
10260,14,0,0,5308,853,24624001
10261,12,1,0,5309,853,24626401
10262,12,0,0,5309,853,24628801
10263,11,1,0,5310,853,24631201
10264,11,1,0,5311,853,24633601
10265,11,0,0,5311,853,24636001
10266,12,0,0,5311,853,24638401
10267,15,0,0,5311,853,24640801
10268,11,2,0,5313,853,24643201
10269,11,0,0,5313,853,24645601
10270,12,0,0,5313,853,24648001
10271,14,0,0,5313,853,24650401
10272,13,0,0,5313,853,24652801
10273,12,0,0,5313,853,24655201
10274,13,0,0,5313,853,24657601
10275,13,0,0,5313,853,24660001
10276,13,0,0,5313,853,24662401
10277,14,0,0,5313,853,24664801
10278,14,0,0,5313,853,24667201
10279,15,1,0,5314,853,24669601
10280,15,1,1,5315,854,24672001
10281,14,1,1,5316,855,24674401
10282,15,0,0,5316,855,24676801
10283,15,0,0,5316,855,24679201
10284,14,0,0,5316,855,24681601
10285,16,0,0,5316,855,24684001
10286,14,1,0,5317,855,24686401
10287,14,0,0,5317,855,24688801
10288,13,0,0,5317,855,24691201
10289,15,0,0,5317,855,24693601
10290,15,0,0,5317,855,24696001
10291,15,2,1,5319,856,24698401
10292,14,0,0,5319,856,24700801
10293,13,1,0,5320,856,24703201
10294,15,0,0,5320,856,24705601
10295,15,1,0,5321,856,24708001
10296,14,1,0,5322,856,24710401
10297,11,2,1,5324,857,24712801
10298,11,1,0,5325,857,24715201
10299,11,0,0,5325,857,24717601
10300,11,0,0,5325,857,24720001
10301,11,0,0,5325,857,24722401
10302,13,1,0,5326,857,24724801
10303,15,0,0,5326,857,24727201
10304,13,0,0,5326,857,24729601
10305,12,1,0,5327,857,24732001
10306,12,0,0,5327,857,24734401
10307,14,1,0,5328,857,24736801
10308,14,1,1,5329,858,24739201
10309,11,0,0,5329,858,24741601
10310,10,1,0,5330,858,24744001
10311,12,0,0,5330,858,24746401
10312,14,0,0,5330,858,24748801
10313,13,1,0,5331,858,24751201
10314,12,1,1,5332,859,24753601
10315,11,1,0,5333,859,24756001
10316,15,0,0,5333,859,24758401
10317,13,0,0,5333,859,24760801
10318,10,0,0,5333,859,24763201
10319,10,0,0,5333,859,24765601
10320,12,0,0,5333,859,24768001
10321,12,0,0,5333,859,24770401
10322,12,0,0,5333,859,24772801
10323,11,1,0,5334,859,24775201
10324,11,0,0,5334,859,24777601
10325,12,1,0,5335,859,24780001
10326,11,0,0,5335,859,24782401
10327,10,0,0,5335,859,24784801
10328,10,2,0,5337,859,24787201
10329,12,0,0,5337,859,24789601
10330,13,0,0,5337,859,24792001
10331,10,1,0,5338,859,24794401
10332,11,0,0,5338,859,24796801
10333,13,0,0,5338,859,24799201
10334,15,1,0,5339,859,24801601
10335,14,0,0,5339,859,24804001
10336,13,0,0,5339,859,24806401
10337,13,0,0,5339,859,24808801
10338,17,0,0,5339,859,24811201
10339,15,0,0,5339,859,24813601
10340,15,0,0,5339,859,24816001
10341,16,0,0,5339,859,24818401
10342,17,0,0,5339,859,24820801
10343,16,1,0,5340,859,24823201
10344,16,1,1,5341,860,24825601
10345,16,0,0,5341,860,24828001
10346,16,0,0,5341,860,24830401
10347,18,1,1,5342,861,24832801
10348,16,0,0,5342,861,24835201
10349,16,0,0,5342,861,24837601
10350,17,0,0,5342,861,24840001
10351,17,1,1,5343,862,24842401
10352,17,0,0,5343,862,24844801
10353,18,0,0,5343,862,24847201
10354,17,0,0,5343,862,24849601
10355,17,1,0,5344,862,24852001
10356,17,0,0,5344,862,24854401
10357,16,0,0,5344,862,24856801
10358,15,0,0,5344,862,24859201
10359,16,0,0,5344,862,24861601
10360,18,0,0,5344,862,24864001
10361,14,1,0,5345,862,24866401
10362,14,0,0,5345,862,24868801
10363,13,2,0,5347,862,24871201
10364,15,0,0,5347,862,24873601
10365,15,0,0,5347,862,24876001
10366,15,0,0,5347,862,24878401
10367,16,0,0,5347,862,24880801
10368,15,0,0,5347,862,24883201
10369,17,0,0,5347,862,24885601
10370,16,0,0,5347,862,24888001
10371,18,0,0,5347,862,24890401
10372,20,0,0,5347,862,24892801
10373,22,1,1,5348,863,24895201
10374,19,0,0,5348,863,24897601
10375,18,0,0,5348,863,24900001
10376,18,0,0,5348,863,24902401
10377,18,0,0,5348,863,24904801
10378,18,0,0,5348,863,24907201
10379,19,0,0,5348,863,24909601
10380,17,1,0,5349,863,24912001
10381,15,1,0,5350,863,24914401
10382,17,1,0,5351,863,24916801
10383,15,0,0,5351,863,24919201
10384,14,1,1,5352,864,24921601
10385,14,0,0,5352,864,24924001
10386,16,0,0,5352,864,24926401
10387,17,0,0,5352,864,24928801
10388,15,1,0,5353,864,24931201
10389,15,0,0,5353,864,24933601
10390,15,0,0,5353,864,24936001
10391,17,0,0,5353,864,24938401
10392,15,0,0,5353,864,24940801
10393,16,0,0,5353,864,24943201
10394,15,0,0,5353,864,24945601
10395,17,0,0,5353,864,24948001
10396,16,1,0,5354,864,24950401
10397,16,0,0,5354,864,24952801
10398,15,1,0,5355,864,24955201
10399,15,0,0,5355,864,24957601
10400,16,0,0,5355,864,24960001
10401,14,0,0,5355,864,24962401
10402,14,0,0,5355,864,24964801
10403,13,1,0,5356,864,24967201
10404,15,0,0,5356,864,24969601
10405,13,0,0,5356,864,24972001
10406,16,0,0,5356,864,24974401
10407,15,0,0,5356,864,24976801
10408,15,0,0,5356,864,24979201
10409,18,0,0,5356,864,24981601
10410,17,0,0,5356,864,24984001
10411,18,1,0,5357,864,24986401
10412,17,0,0,5357,864,24988801
10413,18,0,0,5357,864,24991201
10414,18,0,0,5357,864,24993601
10415,21,0,0,5357,864,24996001
10416,20,0,0,5357,864,24998401
10417,18,0,0,5357,864,25000801
10418,19,0,0,5357,864,25003201
10419,19,0,0,5357,864,25005601
10420,22,0,0,5357,864,25008001
10421,23,1,1,5358,865,25010401
10422,24,0,0,5358,865,25012801
10423,23,0,0,5358,865,25015201
10424,23,0,0,5358,865,25017601
10425,24,0,0,5358,865,25020001
10426,21,0,0,5358,865,25022401
10427,24,0,0,5358,865,25024801
10428,24,0,0,5358,865,25027201
10429,25,0,0,5358,865,25029601
10430,21,0,0,5358,865,25032001
10431,22,0,0,5358,865,25034401
10432,24,0,0,5358,865,25036801
10433,27,0,0,5358,865,25039201
10434,26,0,0,5358,865,25041601
10435,25,0,0,5358,865,25044001
10436,28,1,0,5359,865,25046401
10437,25,0,0,5359,865,25048801
10438,24,0,0,5359,865,25051201
10439,25,0,0,5359,865,25053601
10440,28,0,0,5359,865,25056001
10441,25,0,0,5359,865,25058401
10442,26,0,0,5359,865,25060801
10443,25,2,0,5361,865,25063201
10444,25,0,0,5361,865,25065601
10445,26,0,0,5361,865,25068001
10446,24,0,0,5361,865,25070401
10447,27,0,0,5361,865,25072801
10448,27,0,0,5361,865,25075201
10449,28,0,0,5361,865,25077601
10450,27,0,0,5361,865,25080001
10451,27,0,0,5361,865,25082401
10452,28,1,1,5362,866,25084801
10453,24,1,1,5363,867,25087201
10454,24,0,0,5363,867,25089601
10455,25,0,0,5363,867,25092001
10456,25,0,0,5363,867,25094401
10457,24,1,0,5364,867,25096801
10458,24,3,0,5367,867,25099201
10459,22,1,0,5368,867,25101601
10460,22,0,0,5368,867,25104001
10461,21,0,0,5368,867,25106401
10462,22,0,0,5368,867,25108801
10463,24,0,0,5368,867,25111201
10464,26,0,0,5368,867,25113601
10465,24,0,0,5368,867,25116001
10466,25,0,0,5368,867,25118401
10467,26,0,0,5368,867,25120801
10468,28,0,0,5368,867,25123201
10469,29,0,0,5368,867,25125601
10470,29,0,0,5368,867,25128001
10471,29,0,0,5368,867,25130401
10472,29,0,0,5368,867,25132801
10473,30,1,0,5369,867,25135201
10474,31,2,0,5371,867,25137601
10475,29,0,0,5371,867,25140001
10476,29,0,0,5371,867,25142401
10477,31,1,0,5372,867,25144801
10478,28,4,0,5376,867,25147201
10479,28,0,0,5376,867,25149601
10480,28,1,0,5377,867,25152001
10481,28,1,0,5378,867,25154401
10482,29,1,0,5379,867,25156801
10483,31,0,0,5379,867,25159201
10484,31,0,0,5379,867,25161601
10485,30,1,0,5380,867,25164001
10486,31,1,0,5381,867,25166401
10487,30,0,0,5381,867,25168801
10488,28,1,0,5382,867,25171201
10489,27,0,0,5382,867,25173601
10490,26,0,0,5382,867,25176001
10491,27,0,0,5382,867,25178401
10492,31,0,0,5382,867,25180801
10493,28,0,0,5382,867,25183201
10494,26,0,0,5382,867,25185601
10495,25,1,0,5383,867,25188001
10496,27,0,0,5383,867,25190401
10497,26,0,0,5383,867,25192801
10498,23,0,0,5383,867,25195201
10499,22,0,0,5383,867,25197601
10500,23,0,0,5383,867,25200001
10501,26,0,0,5383,867,25202401
10502,25,0,0,5383,867,25204801
10503,25,0,0,5383,867,25207201
10504,24,0,0,5383,867,25209601
10505,25,1,0,5384,867,25212001
10506,26,0,0,5384,867,25214401
10507,25,0,0,5384,867,25216801
10508,27,0,0,5384,867,25219201
10509,27,0,0,5384,867,25221601
10510,28,1,0,5385,867,25224001
10511,28,0,0,5385,867,25226401
10512,27,0,0,5385,867,25228801
10513,26,0,0,5385,867,25231201
10514,28,0,0,5385,867,25233601
10515,27,1,0,5386,867,25236001
10516,26,1,0,5387,867,25238401
10517,26,0,0,5387,867,25240801
10518,25,1,0,5388,867,25243201
10519,29,0,0,5388,867,25245601
10520,29,0,0,5388,867,25248001
10521,29,0,0,5388,867,25250401
10522,28,0,0,5388,867,25252801
10523,33,0,0,5388,867,25255201
10524,30,2,0,5390,867,25257601
10525,30,0,0,5390,867,25260001
10526,30,0,0,5390,867,25262401
10527,30,0,0,5390,867,25264801
10528,31,0,0,5390,867,25267201
10529,33,0,0,5390,867,25269601
10530,33,0,0,5390,867,25272001
10531,33,0,0,5390,867,25274401
10532,34,1,0,5391,867,25276801
10533,32,0,0,5391,867,25279201
10534,34,0,0,5391,867,25281601
10535,31,1,0,5392,867,25284001
10536,29,1,0,5393,867,25286401
10537,30,0,0,5393,867,25288801
10538,34,0,0,5393,867,25291201
10539,34,1,0,5394,867,25293601
10540,33,0,0,5394,867,25296001
10541,32,0,0,5394,867,25298401
10542,31,1,0,5395,867,25300801
10543,34,0,0,5395,867,25303201
10544,33,0,0,5395,867,25305601
10545,33,0,0,5395,867,25308001
10546,31,0,0,5395,867,25310401
10547,30,0,0,5395,867,25312801
10548,33,0,0,5395,867,25315201
10549,31,0,0,5395,867,25317601
10550,28,0,0,5395,867,25320001
10551,27,0,0,5395,867,25322401
10552,34,0,0,5395,867,25324801
10553,30,0,0,5395,867,25327201
10554,27,0,0,5395,867,25329601
10555,25,0,0,5395,867,25332001
10556,25,0,0,5395,867,25334401
10557,26,1,0,5396,867,25336801
10558,27,0,0,5396,867,25339201
10559,27,1,0,5397,867,25341601
10560,23,0,0,5397,867,25344001
10561,21,0,0,5397,867,25346401
10562,23,1,0,5398,867,25348801
10563,20,0,0,5398,867,25351201
10564,20,0,0,5398,867,25353601
10565,21,0,0,5398,867,25356001
10566,22,0,0,5398,867,25358401
10567,23,0,0,5398,867,25360801
10568,23,0,0,5398,867,25363201
10569,21,0,0,5398,867,25365601
10570,18,0,0,5398,867,25368001
10571,19,0,0,5398,867,25370401
10572,22,0,0,5398,867,25372801
10573,23,0,0,5398,867,25375201
10574,21,0,0,5398,867,25377601
10575,21,0,0,5398,867,25380001
10576,22,0,0,5398,867,25382401
10577,23,0,0,5398,867,25384801
10578,19,0,0,5398,867,25387201
10579,20,0,0,5398,867,25389601
10580,18,0,0,5398,867,25392001
10581,19,1,0,5399,867,25394401
10582,18,0,0,5399,867,25396801
10583,18,0,0,5399,867,25399201
10584,18,0,0,5399,867,25401601
10585,21,0,0,5399,867,25404001
10586,21,0,0,5399,867,25406401
10587,20,0,0,5399,867,25408801
10588,21,0,0,5399,867,25411201
10589,20,0,0,5399,867,25413601
10590,24,0,0,5399,867,25416001
10591,23,0,0,5399,867,25418401
10592,23,0,0,5399,867,25420801
10593,21,1,0,5400,867,25423201
10594,23,0,0,5400,867,25425601
10595,26,0,0,5400,867,25428001
10596,25,1,0,5401,867,25430401
10597,24,0,0,5401,867,25432801
10598,22,1,0,5402,867,25435201
10599,23,0,0,5402,867,25437601
10600,22,0,0,5402,867,25440001
10601,21,1,0,5403,867,25442401
10602,20,0,0,5403,867,25444801
10603,20,0,0,5403,867,25447201
10604,23,0,0,5403,867,25449601
10605,21,0,0,5403,867,25452001
10606,20,0,0,5403,867,25454401
10607,17,0,0,5403,867,25456801
10608,21,0,0,5403,867,25459201
10609,22,0,0,5403,867,25461601
10610,20,0,0,5403,867,25464001
10611,21,0,0,5403,867,25466401
10612,21,0,0,5403,867,25468801
10613,24,0,0,5403,867,25471201
10614,25,0,0,5403,867,25473601
10615,23,0,0,5403,867,25476001
10616,22,0,0,5403,867,25478401
10617,25,0,0,5403,867,25480801
10618,27,1,0,5404,867,25483201
10619,22,0,0,5404,867,25485601
10620,23,0,0,5404,867,25488001
10621,24,1,0,5405,867,25490401
10622,24,0,0,5405,867,25492801
10623,24,1,0,5406,867,25495201
10624,23,0,0,5406,867,25497601
10625,23,0,0,5406,867,25500001
10626,24,0,0,5406,867,25502401
10627,26,0,0,5406,867,25504801
10628,24,1,0,5407,867,25507201
10629,25,0,0,5407,867,25509601
10630,27,0,0,5407,867,25512001
10631,31,0,0,5407,867,25514401
10632,29,0,0,5407,867,25516801
10633,30,0,0,5407,867,25519201
10634,30,0,0,5407,867,25521601
10635,34,1,0,5408,867,25524001
10636,34,0,0,5408,867,25526401
10637,33,1,0,5409,867,25528801
10638,32,0,0,5409,867,25531201
10639,31,0,0,5409,867,25533601
10640,33,2,0,5411,867,25536001
10641,37,0,0,5411,867,25538401
10642,33,0,0,5411,867,25540801
10643,31,1,0,5412,867,25543201
10644,35,0,0,5412,867,25545601
10645,38,0,0,5412,867,25548001
10646,33,1,0,5413,867,25550401
10647,30,1,0,5414,867,25552801
10648,30,1,0,5415,867,25555201
10649,31,0,0,5415,867,25557601
10650,32,0,0,5415,867,25560001
10651,28,0,0,5415,867,25562401
10652,30,0,0,5415,867,25564801
10653,31,1,0,5416,867,25567201
10654,32,0,0,5416,867,25569601
10655,32,0,0,5416,867,25572001
10656,30,0,0,5416,867,25574401
10657,30,0,0,5416,867,25576801
10658,32,1,0,5417,867,25579201
10659,30,0,0,5417,867,25581601
10660,28,1,0,5418,867,25584001
10661,26,0,0,5418,867,25586401
10662,26,0,0,5418,867,25588801
10663,25,0,0,5418,867,25591201
10664,25,0,0,5418,867,25593601
10665,25,1,0,5419,867,25596001
10666,24,0,0,5419,867,25598401
10667,27,0,0,5419,867,25600801
10668,25,0,0,5419,867,25603201
10669,25,0,0,5419,867,25605601
10670,24,0,0,5419,867,25608001
10671,25,0,0,5419,867,25610401
10672,27,0,0,5419,867,25612801
10673,26,0,0,5419,867,25615201
10674,28,0,0,5419,867,25617601
10675,30,1,0,5420,867,25620001
10676,27,0,0,5420,867,25622401
10677,27,0,0,5420,867,25624801
10678,26,0,0,5420,867,25627201
10679,21,0,0,5420,867,25629601
10680,24,0,0,5420,867,25632001
10681,25,0,0,5420,867,25634401
10682,24,0,0,5420,867,25636801
10683,22,0,0,5420,867,25639201
10684,22,1,0,5421,867,25641601
10685,24,0,0,5421,867,25644001
10686,24,1,0,5422,867,25646401
10687,24,0,0,5422,867,25648801
10688,23,0,0,5422,867,25651201
10689,24,0,0,5422,867,25653601
10690,24,1,0,5423,867,25656001
10691,25,1,0,5424,867,25658401
10692,23,0,0,5424,867,25660801
10693,24,0,0,5424,867,25663201
10694,24,0,0,5424,867,25665601
10695,24,0,0,5424,867,25668001
10696,20,0,0,5424,867,25670401
10697,20,0,0,5424,867,25672801
10698,22,0,0,5424,867,25675201
10699,20,1,0,5425,867,25677601
10700,22,0,0,5425,867,25680001
10701,21,0,0,5425,867,25682401
10702,23,1,0,5426,867,25684801
10703,22,0,0,5426,867,25687201
10704,23,0,0,5426,867,25689601
10705,21,1,0,5427,867,25692001
10706,21,1,0,5428,867,25694401
10707,22,0,0,5428,867,25696801
10708,21,0,0,5428,867,25699201
10709,20,1,0,5429,867,25701601
10710,20,0,0,5429,867,25704001
10711,22,1,0,5430,867,25706401
10712,18,0,0,5430,867,25708801
10713,18,1,0,5431,867,25711201
10714,18,0,0,5431,867,25713601
10715,21,0,0,5431,867,25716001
10716,21,0,0,5431,867,25718401
10717,19,0,0,5431,867,25720801
10718,19,0,0,5431,867,25723201
10719,20,0,0,5431,867,25725601
10720,23,0,0,5431,867,25728001
10721,24,0,0,5431,867,25730401
10722,25,0,0,5431,867,25732801
10723,26,0,0,5431,867,25735201
10724,25,0,0,5431,867,25737601
10725,26,0,0,5431,867,25740001
10726,26,0,0,5431,867,25742401
10727,24,0,0,5431,867,25744801
10728,25,0,0,5431,867,25747201
10729,26,0,0,5431,867,25749601
10730,26,0,0,5431,867,25752001
10731,28,0,0,5431,867,25754401
10732,29,0,0,5431,867,25756801
10733,29,0,0,5431,867,25759201
10734,29,0,0,5431,867,25761601
10735,28,0,0,5431,867,25764001
10736,29,0,0,5431,867,25766401
10737,31,0,0,5431,867,25768801
10738,29,1,0,5432,867,25771201
10739,29,0,0,5432,867,25773601
10740,31,0,0,5432,867,25776001
10741,33,0,0,5432,867,25778401
10742,34,0,0,5432,867,25780801
10743,35,0,0,5432,867,25783201
10744,35,0,0,5432,867,25785601
10745,38,0,0,5432,867,25788001
10746,36,0,0,5432,867,25790401
10747,30,0,0,5432,867,25792801
10748,30,1,0,5433,867,25795201
10749,30,0,0,5433,867,25797601
10750,30,0,0,5433,867,25800001
10751,29,0,0,5433,867,25802401
10752,29,1,0,5434,867,25804801
10753,30,1,0,5435,867,25807201
10754,32,0,0,5435,867,25809601
10755,27,2,0,5437,867,25812001
10756,30,0,0,5437,867,25814401
10757,28,1,0,5438,867,25816801
10758,31,0,0,5438,867,25819201
10759,26,0,0,5438,867,25821601
10760,22,1,0,5439,867,25824001
10761,23,0,0,5439,867,25826401
10762,24,0,0,5439,867,25828801
10763,25,0,0,5439,867,25831201
10764,24,0,0,5439,867,25833601
10765,25,0,0,5439,867,25836001
10766,28,0,0,5439,867,25838401
10767,28,0,0,5439,867,25840801
10768,27,0,0,5439,867,25843201
10769,27,0,0,5439,867,25845601
10770,26,0,0,5439,867,25848001
10771,30,1,0,5440,867,25850401
10772,30,0,0,5440,867,25852801
10773,30,0,0,5440,867,25855201
10774,30,0,0,5440,867,25857601
10775,28,0,0,5440,867,25860001
10776,25,3,0,5443,867,25862401
10777,24,0,0,5443,867,25864801
10778,23,0,0,5443,867,25867201
10779,24,0,0,5443,867,25869601
10780,25,0,0,5443,867,25872001
10781,27,0,0,5443,867,25874401
10782,23,0,0,5443,867,25876801
10783,24,0,0,5443,867,25879201
10784,25,0,0,5443,867,25881601
10785,24,1,0,5444,867,25884001
10786,23,0,0,5444,867,25886401
10787,22,0,0,5444,867,25888801
10788,25,0,0,5444,867,25891201
10789,25,0,0,5444,867,25893601
10790,24,0,0,5444,867,25896001
10791,23,1,0,5445,867,25898401
10792,24,0,0,5445,867,25900801
10793,25,0,0,5445,867,25903201
10794,25,0,0,5445,867,25905601
10795,25,0,0,5445,867,25908001
10796,25,0,0,5445,867,25910401
10797,27,0,0,5445,867,25912801
10798,28,0,0,5445,867,25915201
10799,27,0,0,5445,867,25917601
10800,26,0,0,5445,867,25920001
10801,27,1,0,5446,867,25922401
10802,29,0,0,5446,867,25924801
10803,29,0,0,5446,867,25927201
10804,30,0,0,5446,867,25929601
10805,30,1,0,5447,867,25932001
10806,31,0,0,5447,867,25934401
10807,31,0,0,5447,867,25936801
10808,28,0,0,5447,867,25939201
10809,26,0,0,5447,867,25941601
10810,29,0,0,5447,867,25944001
10811,29,0,0,5447,867,25946401
10812,29,0,0,5447,867,25948801
10813,27,0,0,5447,867,25951201
10814,26,1,0,5448,867,25953601
10815,28,0,0,5448,867,25956001
10816,27,0,0,5448,867,25958401
10817,27,0,0,5448,867,25960801
10818,27,0,0,5448,867,25963201
10819,26,1,0,5449,867,25965601
10820,26,0,0,5449,867,25968001
10821,27,0,0,5449,867,25970401
10822,26,0,0,5449,867,25972801
10823,29,0,0,5449,867,25975201
10824,27,0,0,5449,867,25977601
10825,25,0,0,5449,867,25980001
10826,23,0,0,5449,867,25982401
10827,23,0,0,5449,867,25984801
10828,27,0,0,5449,867,25987201
10829,26,0,0,5449,867,25989601
10830,26,1,0,5450,867,25992001
10831,24,1,0,5451,867,25994401
10832,24,0,0,5451,867,25996801
10833,24,1,0,5452,867,25999201
10834,22,1,0,5453,867,26001601
10835,23,1,0,5454,867,26004001
10836,23,0,0,5454,867,26006401
10837,24,1,0,5455,867,26008801
10838,26,0,0,5455,867,26011201
10839,23,0,0,5455,867,26013601
10840,26,0,0,5455,867,26016001
10841,27,0,0,5455,867,26018401
10842,27,0,0,5455,867,26020801
10843,32,0,0,5455,867,26023201
10844,25,2,0,5457,867,26025601
10845,29,0,0,5457,867,26028001
10846,27,0,0,5457,867,26030401
10847,29,0,0,5457,867,26032801
10848,28,1,0,5458,867,26035201
10849,29,0,0,5458,867,26037601
10850,30,0,0,5458,867,26040001
10851,29,0,0,5458,867,26042401
10852,31,0,0,5458,867,26044801
10853,31,0,0,5458,867,26047201
10854,31,0,0,5458,867,26049601
10855,32,1,0,5459,867,26052001
10856,33,0,0,5459,867,26054401
10857,33,0,0,5459,867,26056801
10858,35,0,0,5459,867,26059201
10859,37,0,0,5459,867,26061601
10860,38,0,0,5459,867,26064001
10861,39,0,0,5459,867,26066401
10862,39,0,0,5459,867,26068801
10863,37,1,0,5460,867,26071201
10864,33,0,0,5460,867,26073601
10865,36,0,0,5460,867,26076001
10866,35,0,0,5460,867,26078401
10867,38,0,0,5460,867,26080801
10868,36,0,0,5460,867,26083201
10869,37,0,0,5460,867,26085601
10870,41,0,0,5460,867,26088001
10871,39,0,0,5460,867,26090401
10872,39,0,0,5460,867,26092801
10873,41,0,0,5460,867,26095201
10874,37,1,0,5461,867,26097601
10875,42,0,0,5461,867,26100001
10876,38,1,0,5462,867,26102401
10877,41,0,0,5462,867,26104801
10878,44,1,0,5463,867,26107201
10879,36,1,0,5464,867,26109601
10880,33,0,0,5464,867,26112001
10881,34,1,0,5465,867,26114401
10882,36,0,0,5465,867,26116801
10883,36,0,0,5465,867,26119201
10884,34,0,0,5465,867,26121601
10885,31,1,0,5466,867,26124001
10886,31,0,0,5466,867,26126401
10887,33,1,0,5467,867,26128801
10888,33,1,0,5468,867,26131201
10889,30,0,0,5468,867,26133601
10890,28,0,0,5468,867,26136001
10891,28,0,0,5468,867,26138401
10892,29,0,0,5468,867,26140801
10893,26,0,0,5468,867,26143201
10894,25,0,0,5468,867,26145601
10895,25,0,0,5468,867,26148001
10896,23,0,0,5468,867,26150401
10897,24,0,0,5468,867,26152801
10898,21,0,0,5468,867,26155201
10899,22,0,0,5468,867,26157601
10900,20,0,0,5468,867,26160001
10901,22,0,0,5468,867,26162401
10902,22,0,0,5468,867,26164801
10903,21,0,0,5468,867,26167201
10904,20,0,0,5468,867,26169601
10905,18,0,0,5468,867,26172001
10906,22,0,0,5468,867,26174401
10907,19,1,0,5469,867,26176801
10908,17,0,0,5469,867,26179201
10909,19,0,0,5469,867,26181601
10910,18,0,0,5469,867,26184001
10911,19,0,0,5469,867,26186401
10912,20,0,0,5469,867,26188801
10913,20,0,0,5469,867,26191201
10914,21,0,0,5469,867,26193601
10915,22,0,0,5469,867,26196001
10916,24,0,0,5469,867,26198401
10917,25,0,0,5469,867,26200801
10918,25,0,0,5469,867,26203201
10919,26,0,0,5469,867,26205601
10920,27,0,0,5469,867,26208001
10921,30,0,0,5469,867,26210401
10922,28,1,0,5470,867,26212801
10923,27,0,0,5470,867,26215201
10924,26,0,0,5470,867,26217601
10925,25,0,0,5470,867,26220001
10926,26,0,0,5470,867,26222401
10927,27,0,0,5470,867,26224801
10928,26,1,0,5471,867,26227201
10929,27,0,0,5471,867,26229601
10930,25,0,0,5471,867,26232001
10931,28,0,0,5471,867,26234401
10932,28,0,0,5471,867,26236801
10933,27,0,0,5471,867,26239201
10934,28,0,0,5471,867,26241601
10935,29,0,0,5471,867,26244001
10936,30,0,0,5471,867,26246401
10937,31,0,0,5471,867,26248801
10938,31,0,0,5471,867,26251201
10939,32,0,0,5471,867,26253601
10940,34,0,0,5471,867,26256001
10941,33,0,0,5471,867,26258401
10942,31,1,0,5472,867,26260801
10943,34,0,0,5472,867,26263201
10944,32,0,0,5472,867,26265601
10945,31,0,0,5472,867,26268001
10946,31,0,0,5472,867,26270401
10947,32,1,0,5473,867,26272801
10948,30,0,0,5473,867,26275201
10949,29,0,0,5473,867,26277601
10950,27,1,0,5474,867,26280001
10951,28,0,0,5474,867,26282401
10952,31,0,0,5474,867,26284801
10953,31,0,0,5474,867,26287201
10954,26,0,0,5474,867,26289601
10955,27,0,0,5474,867,26292001
10956,30,0,0,5474,867,26294401
10957,26,0,0,5474,867,26296801
10958,30,0,0,5474,867,26299201
10959,28,1,0,5475,867,26301601
10960,29,0,0,5475,867,26304001
10961,30,0,0,5475,867,26306401
10962,28,0,0,5475,867,26308801
10963,30,0,0,5475,867,26311201
10964,32,0,0,5475,867,26313601
10965,34,0,0,5475,867,26316001
10966,29,0,0,5475,867,26318401
10967,32,0,0,5475,867,26320801
10968,33,0,0,5475,867,26323201
10969,32,0,0,5475,867,26325601
10970,37,0,0,5475,867,26328001
10971,35,0,0,5475,867,26330401
10972,35,0,0,5475,867,26332801
10973,38,0,0,5475,867,26335201
10974,42,0,0,5475,867,26337601
10975,43,0,0,5475,867,26340001
10976,41,0,0,5475,867,26342401
10977,41,0,0,5475,867,26344801
10978,42,0,0,5475,867,26347201
10979,44,0,0,5475,867,26349601
10980,38,0,0,5475,867,26352001
10981,34,1,0,5476,867,26354401
10982,34,0,0,5476,867,26356801
10983,33,0,0,5476,867,26359201
10984,36,0,0,5476,867,26361601
10985,36,0,0,5476,867,26364001
10986,32,0,0,5476,867,26366401
10987,29,0,0,5476,867,26368801
10988,33,0,0,5476,867,26371201
10989,28,0,0,5476,867,26373601
10990,32,0,0,5476,867,26376001
10991,31,0,0,5476,867,26378401
10992,30,0,0,5476,867,26380801
10993,32,0,0,5476,867,26383201
10994,32,0,0,5476,867,26385601
10995,37,0,0,5476,867,26388001
10996,36,0,0,5476,867,26390401
10997,34,0,0,5476,867,26392801
10998,32,0,0,5476,867,26395201
10999,33,0,0,5476,867,26397601
11000,37,0,0,5476,867,26400001
11001,38,0,0,5476,867,26402401
11002,36,1,0,5477,867,26404801
11003,36,0,0,5477,867,26407201
11004,36,1,0,5478,867,26409601
11005,34,0,0,5478,867,26412001
11006,37,0,0,5478,867,26414401
11007,33,0,0,5478,867,26416801
11008,34,0,0,5478,867,26419201
11009,31,0,0,5478,867,26421601
11010,32,1,0,5479,867,26424001
11011,35,0,0,5479,867,26426401
11012,33,1,0,5480,867,26428801
11013,29,0,0,5480,867,26431201
11014,27,0,0,5480,867,26433601
11015,30,0,0,5480,867,26436001
11016,32,0,0,5480,867,26438401
11017,32,0,0,5480,867,26440801
11018,28,2,0,5482,867,26443201
11019,29,0,0,5482,867,26445601
11020,28,2,0,5484,867,26448001
11021,26,0,0,5484,867,26450401
11022,30,0,0,5484,867,26452801
11023,27,0,0,5484,867,26455201
11024,26,0,0,5484,867,26457601
11025,27,1,0,5485,867,26460001
11026,24,1,0,5486,867,26462401
11027,28,0,0,5486,867,26464801
11028,25,0,0,5486,867,26467201
11029,24,0,0,5486,867,26469601
11030,24,0,0,5486,867,26472001
11031,23,0,0,5486,867,26474401
11032,22,0,0,5486,867,26476801
11033,25,0,0,5486,867,26479201
11034,24,1,0,5487,867,26481601
11035,23,0,0,5487,867,26484001
11036,23,0,0,5487,867,26486401
11037,23,0,0,5487,867,26488801
11038,25,0,0,5487,867,26491201
11039,21,0,0,5487,867,26493601
11040,24,0,0,5487,867,26496001
11041,24,0,0,5487,867,26498401
11042,22,0,0,5487,867,26500801
11043,24,0,0,5487,867,26503201
11044,21,0,0,5487,867,26505601
11045,22,0,0,5487,867,26508001
11046,22,0,0,5487,867,26510401
11047,21,0,0,5487,867,26512801
11048,21,0,0,5487,867,26515201
11049,23,1,0,5488,867,26517601
11050,20,2,0,5490,867,26520001
11051,22,0,0,5490,867,26522401
11052,21,0,0,5490,867,26524801
11053,19,0,0,5490,867,26527201
11054,22,0,0,5490,867,26529601
11055,24,1,0,5491,867,26532001
11056,23,0,0,5491,867,26534401
11057,22,0,0,5491,867,26536801
11058,24,0,0,5491,867,26539201
11059,26,0,0,5491,867,26541601
11060,28,0,0,5491,867,26544001
11061,26,0,0,5491,867,26546401
11062,24,0,0,5491,867,26548801
11063,24,0,0,5491,867,26551201
11064,22,2,0,5493,867,26553601
11065,21,0,0,5493,867,26556001
11066,19,0,0,5493,867,26558401
11067,19,0,0,5493,867,26560801
11068,17,0,0,5493,867,26563201
11069,19,0,0,5493,867,26565601
11070,20,1,0,5494,867,26568001
11071,18,0,0,5494,867,26570401
11072,15,1,0,5495,867,26572801
11073,15,0,0,5495,867,26575201
11074,15,0,0,5495,867,26577601
11075,18,0,0,5495,867,26580001
11076,17,1,0,5496,867,26582401
11077,18,0,0,5496,867,26584801
11078,19,0,0,5496,867,26587201
11079,17,1,0,5497,867,26589601
11080,19,0,0,5497,867,26592001
11081,19,0,0,5497,867,26594401
11082,20,0,0,5497,867,26596801
11083,21,0,0,5497,867,26599201
11084,20,0,0,5497,867,26601601
11085,20,0,0,5497,867,26604001
11086,21,0,0,5497,867,26606401
11087,21,0,0,5497,867,26608801
11088,22,0,0,5497,867,26611201
11089,24,0,0,5497,867,26613601
11090,25,0,0,5497,867,26616001
11091,25,0,0,5497,867,26618401
11092,27,0,0,5497,867,26620801
11093,28,0,0,5497,867,26623201
11094,26,0,0,5497,867,26625601
11095,28,0,0,5497,867,26628001
11096,26,0,0,5497,867,26630401
11097,26,0,0,5497,867,26632801
11098,27,0,0,5497,867,26635201
11099,30,0,0,5497,867,26637601
11100,31,0,0,5497,867,26640001
11101,26,1,0,5498,867,26642401
11102,29,0,0,5498,867,26644801
11103,29,0,0,5498,867,26647201
11104,29,0,0,5498,867,26649601
11105,29,0,0,5498,867,26652001
11106,28,0,0,5498,867,26654401
11107,29,0,0,5498,867,26656801
11108,29,1,0,5499,867,26659201
11109,29,0,0,5499,867,26661601
11110,30,0,0,5499,867,26664001
11111,28,1,0,5500,867,26666401
11112,32,0,0,5500,867,26668801
11113,36,0,0,5500,867,26671201
11114,37,0,0,5500,867,26673601
11115,34,1,0,5501,867,26676001
11116,28,1,0,5502,867,26678401
11117,31,0,0,5502,867,26680801
11118,29,2,0,5504,867,26683201
11119,30,0,0,5504,867,26685601
11120,30,0,0,5504,867,26688001
11121,29,0,0,5504,867,26690401
11122,33,0,0,5504,867,26692801
11123,36,0,0,5504,867,26695201
11124,36,0,0,5504,867,26697601
11125,34,0,0,5504,867,26700001
11126,33,0,0,5504,867,26702401
11127,38,0,0,5504,867,26704801
11128,39,0,0,5504,867,26707201
11129,38,1,0,5505,867,26709601
11130,38,0,0,5505,867,26712001
11131,37,0,0,5505,867,26714401
11132,40,0,0,5505,867,26716801
11133,41,0,0,5505,867,26719201
11134,43,0,0,5505,867,26721601
11135,44,0,0,5505,867,26724001
11136,41,0,0,5505,867,26726401
11137,41,0,0,5505,867,26728801
11138,39,0,0,5505,867,26731201
11139,41,0,0,5505,867,26733601
11140,41,0,0,5505,867,26736001
11141,40,0,0,5505,867,26738401
11142,43,0,0,5505,867,26740801
11143,42,0,0,5505,867,26743201
11144,45,0,0,5505,867,26745601
11145,42,0,0,5505,867,26748001
11146,41,0,0,5505,867,26750401
11147,43,0,0,5505,867,26752801
11148,39,0,0,5505,867,26755201
11149,45,0,0,5505,867,26757601
11150,43,0,0,5505,867,26760001
11151,46,1,0,5506,867,26762401
11152,47,0,0,5506,867,26764801
11153,43,0,0,5506,867,26767201
11154,47,1,0,5507,867,26769601
11155,41,1,0,5508,867,26772001
11156,40,0,0,5508,867,26774401
11157,41,0,0,5508,867,26776801
11158,39,0,0,5508,867,26779201
11159,45,0,0,5508,867,26781601
11160,43,0,0,5508,867,26784001
11161,44,0,0,5508,867,26786401
11162,41,0,0,5508,867,26788801
11163,41,0,0,5508,867,26791201
11164,45,0,0,5508,867,26793601
11165,44,1,0,5509,867,26796001
11166,35,0,0,5509,867,26798401
11167,37,0,0,5509,867,26800801
11168,37,0,0,5509,867,26803201
11169,42,0,0,5509,867,26805601
11170,39,1,0,5510,867,26808001
11171,36,0,0,5510,867,26810401
11172,34,1,0,5511,867,26812801
11173,34,0,0,5511,867,26815201
11174,36,1,0,5512,867,26817601
11175,41,0,0,5512,867,26820001
11176,37,0,0,5512,867,26822401
11177,34,0,0,5512,867,26824801
11178,32,0,0,5512,867,26827201
11179,33,1,0,5513,867,26829601
11180,31,0,0,5513,867,26832001
11181,29,0,0,5513,867,26834401
11182,30,0,0,5513,867,26836801
11183,32,0,0,5513,867,26839201
11184,32,0,0,5513,867,26841601
11185,33,1,0,5514,867,26844001
11186,33,0,0,5514,867,26846401
11187,28,0,0,5514,867,26848801
11188,32,0,0,5514,867,26851201
11189,30,0,0,5514,867,26853601
11190,31,0,0,5514,867,26856001
11191,31,0,0,5514,867,26858401
11192,32,0,0,5514,867,26860801
11193,35,0,0,5514,867,26863201
11194,34,1,0,5515,867,26865601
11195,34,0,0,5515,867,26868001
11196,34,0,0,5515,867,26870401
11197,32,0,0,5515,867,26872801
11198,33,0,0,5515,867,26875201
11199,33,0,0,5515,867,26877601
11200,29,1,0,5516,867,26880001
11201,27,0,0,5516,867,26882401
11202,27,0,0,5516,867,26884801
11203,26,0,0,5516,867,26887201
11204,23,0,0,5516,867,26889601
11205,22,0,0,5516,867,26892001
11206,22,0,0,5516,867,26894401
11207,22,0,0,5516,867,26896801
11208,26,0,0,5516,867,26899201
11209,25,0,0,5516,867,26901601
11210,24,0,0,5516,867,26904001
11211,22,0,0,5516,867,26906401
11212,21,0,0,5516,867,26908801
11213,21,0,0,5516,867,26911201
11214,22,0,0,5516,867,26913601
11215,23,0,0,5516,867,26916001
11216,24,0,0,5516,867,26918401
11217,24,0,0,5516,867,26920801
11218,21,0,0,5516,867,26923201
11219,22,0,0,5516,867,26925601
11220,22,0,0,5516,867,26928001
11221,21,0,0,5516,867,26930401
11222,22,0,0,5516,867,26932801
11223,19,0,0,5516,867,26935201
11224,19,0,0,5516,867,26937601
11225,18,0,0,5516,867,26940001
11226,18,0,0,5516,867,26942401
11227,17,0,0,5516,867,26944801
11228,16,1,0,5517,867,26947201
11229,18,1,0,5518,867,26949601
11230,15,0,0,5518,867,26952001
11231,16,0,0,5518,867,26954401
11232,16,0,0,5518,867,26956801
11233,16,0,0,5518,867,26959201
11234,18,0,0,5518,867,26961601
11235,17,0,0,5518,867,26964001
11236,21,0,0,5518,867,26966401
11237,19,0,0,5518,867,26968801
11238,17,0,0,5518,867,26971201
11239,17,0,0,5518,867,26973601
11240,18,0,0,5518,867,26976001
11241,20,0,0,5518,867,26978401
11242,19,0,0,5518,867,26980801
11243,20,0,0,5518,867,26983201
11244,21,0,0,5518,867,26985601
11245,22,0,0,5518,867,26988001
11246,22,0,0,5518,867,26990401
11247,22,0,0,5518,867,26992801
11248,21,0,0,5518,867,26995201
11249,22,1,0,5519,867,26997601
11250,23,0,0,5519,867,27000001
11251,24,0,0,5519,867,27002401
11252,25,0,0,5519,867,27004801
11253,22,0,0,5519,867,27007201
11254,24,0,0,5519,867,27009601
11255,23,0,0,5519,867,27012001
11256,24,0,0,5519,867,27014401
11257,25,0,0,5519,867,27016801
11258,22,0,0,5519,867,27019201
11259,27,0,0,5519,867,27021601
11260,25,0,0,5519,867,27024001
11261,28,0,0,5519,867,27026401
11262,27,0,0,5519,867,27028801
11263,25,0,0,5519,867,27031201
11264,28,0,0,5519,867,27033601
11265,27,0,0,5519,867,27036001
11266,26,0,0,5519,867,27038401
11267,26,1,0,5520,867,27040801
11268,24,1,0,5521,867,27043201
11269,25,0,0,5521,867,27045601
11270,23,0,0,5521,867,27048001
11271,23,0,0,5521,867,27050401
11272,26,0,0,5521,867,27052801
11273,27,0,0,5521,867,27055201
11274,27,0,0,5521,867,27057601
11275,28,0,0,5521,867,27060001
11276,27,0,0,5521,867,27062401
11277,27,0,0,5521,867,27064801
11278,26,0,0,5521,867,27067201
11279,28,0,0,5521,867,27069601
11280,28,0,0,5521,867,27072001
11281,28,0,0,5521,867,27074401
11282,25,1,0,5522,867,27076801
11283,26,0,0,5522,867,27079201
11284,27,0,0,5522,867,27081601
11285,25,1,0,5523,867,27084001
11286,28,0,0,5523,867,27086401
11287,26,0,0,5523,867,27088801
11288,25,0,0,5523,867,27091201
11289,26,0,0,5523,867,27093601
11290,22,0,0,5523,867,27096001
11291,23,0,0,5523,867,27098401
11292,22,0,0,5523,867,27100801
11293,23,0,0,5523,867,27103201
11294,25,0,0,5523,867,27105601
11295,25,1,0,5524,867,27108001
11296,24,0,0,5524,867,27110401
11297,25,0,0,5524,867,27112801
11298,25,0,0,5524,867,27115201
11299,28,0,0,5524,867,27117601
11300,30,0,0,5524,867,27120001
11301,28,0,0,5524,867,27122401
11302,30,0,0,5524,867,27124801
11303,31,0,0,5524,867,27127201
11304,33,0,0,5524,867,27129601
11305,31,0,0,5524,867,27132001
11306,30,0,0,5524,867,27134401
11307,28,1,0,5525,867,27136801
11308,31,0,0,5525,867,27139201
11309,32,0,0,5525,867,27141601
11310,32,0,0,5525,867,27144001
11311,30,0,0,5525,867,27146401
11312,30,0,0,5525,867,27148801
11313,29,0,0,5525,867,27151201
11314,30,0,0,5525,867,27153601
11315,31,0,0,5525,867,27156001
11316,32,0,0,5525,867,27158401
11317,31,1,0,5526,867,27160801
11318,31,0,0,5526,867,27163201
11319,35,0,0,5526,867,27165601
11320,34,0,0,5526,867,27168001
11321,33,0,0,5526,867,27170401
11322,30,0,0,5526,867,27172801
11323,28,0,0,5526,867,27175201
11324,31,0,0,5526,867,27177601
11325,30,0,0,5526,867,27180001
11326,31,0,0,5526,867,27182401
11327,30,0,0,5526,867,27184801
11328,31,0,0,5526,867,27187201
11329,34,0,0,5526,867,27189601
11330,33,0,0,5526,867,27192001
11331,34,0,0,5526,867,27194401
11332,34,0,0,5526,867,27196801
11333,34,1,0,5527,867,27199201
11334,38,0,0,5527,867,27201601
11335,37,0,0,5527,867,27204001
11336,38,1,0,5528,867,27206401
11337,34,0,0,5528,867,27208801
11338,33,0,0,5528,867,27211201
11339,36,0,0,5528,867,27213601
11340,29,0,0,5528,867,27216001
11341,33,0,0,5528,867,27218401
11342,30,0,0,5528,867,27220801
11343,34,0,0,5528,867,27223201
11344,36,0,0,5528,867,27225601
11345,35,0,0,5528,867,27228001
11346,33,0,0,5528,867,27230401
11347,31,0,0,5528,867,27232801
11348,35,0,0,5528,867,27235201
11349,38,0,0,5528,867,27237601
11350,34,0,0,5528,867,27240001
11351,31,0,0,5528,867,27242401
11352,30,0,0,5528,867,27244801
11353,31,0,0,5528,867,27247201
11354,36,0,0,5528,867,27249601
11355,31,0,0,5528,867,27252001
11356,28,0,0,5528,867,27254401
11357,28,1,0,5529,867,27256801
11358,28,0,0,5529,867,27259201
11359,31,2,0,5531,867,27261601
11360,26,0,0,5531,867,27264001
11361,28,0,0,5531,867,27266401
11362,26,0,0,5531,867,27268801
11363,25,0,0,5531,867,27271201
11364,25,0,0,5531,867,27273601
11365,21,0,0,5531,867,27276001
11366,21,1,0,5532,867,27278401
11367,17,0,0,5532,867,27280801
11368,19,0,0,5532,867,27283201
11369,21,0,0,5532,867,27285601
11370,20,0,0,5532,867,27288001
11371,20,0,0,5532,867,27290401
11372,17,1,0,5533,867,27292801
11373,20,0,0,5533,867,27295201
11374,20,0,0,5533,867,27297601
11375,17,1,0,5534,867,27300001
11376,17,0,0,5534,867,27302401
11377,19,0,0,5534,867,27304801
11378,18,0,0,5534,867,27307201
11379,19,0,0,5534,867,27309601
11380,17,0,0,5534,867,27312001
11381,16,0,0,5534,867,27314401
11382,18,0,0,5534,867,27316801
11383,18,0,0,5534,867,27319201
11384,18,0,0,5534,867,27321601
11385,15,0,0,5534,867,27324001
11386,16,0,0,5534,867,27326401
11387,17,0,0,5534,867,27328801
11388,20,0,0,5534,867,27331201
11389,18,1,0,5535,867,27333601
11390,18,0,0,5535,867,27336001
11391,17,0,0,5535,867,27338401
11392,16,0,0,5535,867,27340801
11393,20,0,0,5535,867,27343201
11394,21,0,0,5535,867,27345601
11395,24,0,0,5535,867,27348001
11396,24,0,0,5535,867,27350401
11397,22,0,0,5535,867,27352801
11398,26,0,0,5535,867,27355201
11399,27,0,0,5535,867,27357601
11400,25,0,0,5535,867,27360001
11401,23,0,0,5535,867,27362401
11402,23,0,0,5535,867,27364801
11403,23,1,0,5536,867,27367201
11404,23,0,0,5536,867,27369601
11405,25,0,0,5536,867,27372001
11406,20,0,0,5536,867,27374401
11407,21,0,0,5536,867,27376801
11408,22,0,0,5536,867,27379201
11409,24,0,0,5536,867,27381601
11410,22,0,0,5536,867,27384001
11411,22,0,0,5536,867,27386401
11412,22,0,0,5536,867,27388801
11413,24,0,0,5536,867,27391201
11414,24,0,0,5536,867,27393601
11415,23,0,0,5536,867,27396001
11416,22,0,0,5536,867,27398401
11417,22,0,0,5536,867,27400801
11418,26,0,0,5536,867,27403201
11419,26,0,0,5536,867,27405601
11420,26,0,0,5536,867,27408001
11421,27,0,0,5536,867,27410401
11422,28,0,0,5536,867,27412801
11423,31,0,0,5536,867,27415201
11424,27,2,0,5538,867,27417601
11425,28,0,0,5538,867,27420001
11426,27,1,0,5539,867,27422401
11427,24,1,0,5540,867,27424801
11428,26,1,0,5541,867,27427201
11429,24,0,0,5541,867,27429601
11430,24,0,0,5541,867,27432001
11431,23,0,0,5541,867,27434401
11432,24,0,0,5541,867,27436801
11433,27,0,0,5541,867,27439201
11434,25,0,0,5541,867,27441601
11435,26,1,0,5542,867,27444001
11436,26,0,0,5542,867,27446401
11437,24,0,0,5542,867,27448801
11438,27,0,0,5542,867,27451201
11439,28,0,0,5542,867,27453601
11440,29,0,0,5542,867,27456001
11441,30,1,0,5543,867,27458401
11442,32,0,0,5543,867,27460801
11443,33,0,0,5543,867,27463201
11444,30,0,0,5543,867,27465601
11445,30,0,0,5543,867,27468001
11446,30,0,0,5543,867,27470401
11447,31,0,0,5543,867,27472801
11448,34,0,0,5543,867,27475201
11449,30,0,0,5543,867,27477601
11450,31,0,0,5543,867,27480001
11451,32,0,0,5543,867,27482401
11452,33,0,0,5543,867,27484801
11453,33,0,0,5543,867,27487201
11454,33,0,0,5543,867,27489601
11455,31,0,0,5543,867,27492001
11456,33,0,0,5543,867,27494401
11457,34,0,0,5543,867,27496801
11458,34,0,0,5543,867,27499201
11459,30,0,0,5543,867,27501601
11460,30,0,0,5543,867,27504001
11461,34,0,0,5543,867,27506401
11462,32,0,0,5543,867,27508801
11463,34,0,0,5543,867,27511201
11464,31,0,0,5543,867,27513601
11465,29,0,0,5543,867,27516001
11466,28,0,0,5543,867,27518401
11467,28,0,0,5543,867,27520801
11468,30,0,0,5543,867,27523201
11469,32,0,0,5543,867,27525601
11470,29,0,0,5543,867,27528001
11471,29,0,0,5543,867,27530401
11472,30,0,0,5543,867,27532801
11473,25,0,0,5543,867,27535201
11474,23,1,0,5544,867,27537601
11475,24,0,0,5544,867,27540001
11476,29,0,0,5544,867,27542401
11477,27,0,0,5544,867,27544801
11478,24,0,0,5544,867,27547201
11479,24,0,0,5544,867,27549601
11480,23,0,0,5544,867,27552001
11481,26,0,0,5544,867,27554401
11482,24,0,0,5544,867,27556801
11483,21,1,0,5545,867,27559201
11484,21,0,0,5545,867,27561601
11485,22,0,0,5545,867,27564001
11486,24,0,0,5545,867,27566401
11487,23,0,0,5545,867,27568801
11488,23,0,0,5545,867,27571201
11489,20,0,0,5545,867,27573601
11490,19,1,0,5546,867,27576001
11491,21,0,0,5546,867,27578401
11492,22,0,0,5546,867,27580801
11493,23,0,0,5546,867,27583201
11494,24,0,0,5546,867,27585601
11495,25,0,0,5546,867,27588001
11496,25,0,0,5546,867,27590401
11497,26,0,0,5546,867,27592801
11498,25,1,0,5547,867,27595201
11499,23,0,0,5547,867,27597601
11500,23,0,0,5547,867,27600001
11501,24,0,0,5547,867,27602401
11502,24,0,0,5547,867,27604801
11503,25,0,0,5547,867,27607201
11504,22,0,0,5547,867,27609601
11505,23,0,0,5547,867,27612001
11506,24,0,0,5547,867,27614401
11507,26,0,0,5547,867,27616801
11508,28,0,0,5547,867,27619201
11509,25,0,0,5547,867,27621601
11510,25,0,0,5547,867,27624001
11511,29,0,0,5547,867,27626401
11512,27,0,0,5547,867,27628801
11513,27,0,0,5547,867,27631201
11514,26,0,0,5547,867,27633601
11515,28,0,0,5547,867,27636001
11516,26,0,0,5547,867,27638401
11517,25,0,0,5547,867,27640801
11518,27,0,0,5547,867,27643201
11519,24,0,0,5547,867,27645601
11520,24,0,0,5547,867,27648001
11521,23,0,0,5547,867,27650401
11522,25,0,0,5547,867,27652801
11523,25,0,0,5547,867,27655201
11524,24,0,0,5547,867,27657601
11525,23,0,0,5547,867,27660001
11526,22,1,0,5548,867,27662401
11527,24,0,0,5548,867,27664801
11528,22,0,0,5548,867,27667201
11529,23,0,0,5548,867,27669601
11530,23,0,0,5548,867,27672001
11531,24,0,0,5548,867,27674401
11532,26,0,0,5548,867,27676801
11533,27,0,0,5548,867,27679201
11534,26,0,0,5548,867,27681601
11535,25,0,0,5548,867,27684001
11536,25,0,0,5548,867,27686401
11537,28,0,0,5548,867,27688801
11538,26,0,0,5548,867,27691201
11539,27,0,0,5548,867,27693601
11540,28,0,0,5548,867,27696001
11541,26,0,0,5548,867,27698401
11542,31,0,0,5548,867,27700801
11543,28,0,0,5548,867,27703201
11544,27,0,0,5548,867,27705601
11545,28,0,0,5548,867,27708001
11546,27,0,0,5548,867,27710401
11547,27,0,0,5548,867,27712801
11548,26,0,0,5548,867,27715201
11549,26,0,0,5548,867,27717601
11550,27,0,0,5548,867,27720001
11551,23,0,0,5548,867,27722401
11552,27,0,0,5548,867,27724801
11553,26,0,0,5548,867,27727201
11554,26,0,0,5548,867,27729601
11555,27,0,0,5548,867,27732001
11556,25,0,0,5548,867,27734401
11557,25,0,0,5548,867,27736801
11558,26,0,0,5548,867,27739201
11559,25,0,0,5548,867,27741601
11560,26,0,0,5548,867,27744001
11561,23,1,0,5549,867,27746401
11562,28,0,0,5549,867,27748801
11563,28,0,0,5549,867,27751201
11564,27,0,0,5549,867,27753601
11565,27,0,0,5549,867,27756001
11566,29,0,0,5549,867,27758401
11567,30,0,0,5549,867,27760801
11568,29,0,0,5549,867,27763201
11569,24,0,0,5549,867,27765601
11570,26,0,0,5549,867,27768001
11571,26,0,0,5549,867,27770401
11572,28,0,0,5549,867,27772801
11573,27,0,0,5549,867,27775201
11574,26,0,0,5549,867,27777601
11575,26,0,0,5549,867,27780001
11576,24,0,0,5549,867,27782401
11577,25,0,0,5549,867,27784801
11578,26,0,0,5549,867,27787201
11579,23,0,0,5549,867,27789601
11580,24,0,0,5549,867,27792001
11581,23,0,0,5549,867,27794401
11582,26,0,0,5549,867,27796801
11583,27,0,0,5549,867,27799201
11584,24,1,0,5550,867,27801601
11585,24,0,0,5550,867,27804001
11586,23,0,0,5550,867,27806401
11587,23,0,0,5550,867,27808801
11588,24,0,0,5550,867,27811201
11589,22,0,0,5550,867,27813601
11590,22,0,0,5550,867,27816001
11591,22,0,0,5550,867,27818401
11592,22,0,0,5550,867,27820801
11593,23,1,0,5551,867,27823201
11594,21,0,0,5551,867,27825601
11595,20,0,0,5551,867,27828001
11596,21,0,0,5551,867,27830401
11597,22,0,0,5551,867,27832801
11598,25,0,0,5551,867,27835201
11599,25,0,0,5551,867,27837601
11600,23,0,0,5551,867,27840001
11601,25,0,0,5551,867,27842401
11602,25,0,0,5551,867,27844801
11603,26,0,0,5551,867,27847201
11604,25,0,0,5551,867,27849601
11605,23,0,0,5551,867,27852001
11606,26,0,0,5551,867,27854401
11607,24,0,0,5551,867,27856801
11608,25,0,0,5551,867,27859201
11609,24,0,0,5551,867,27861601
11610,23,0,0,5551,867,27864001
11611,22,0,0,5551,867,27866401
11612,24,0,0,5551,867,27868801
11613,25,0,0,5551,867,27871201
11614,23,1,0,5552,867,27873601
11615,23,0,0,5552,867,27876001
11616,25,0,0,5552,867,27878401
11617,27,0,0,5552,867,27880801
11618,26,1,0,5553,867,27883201
11619,25,0,0,5553,867,27885601
11620,23,0,0,5553,867,27888001
11621,25,0,0,5553,867,27890401
11622,27,0,0,5553,867,27892801
11623,28,0,0,5553,867,27895201
11624,25,0,0,5553,867,27897601
11625,24,0,0,5553,867,27900001
11626,25,0,0,5553,867,27902401
11627,29,0,0,5553,867,27904801
11628,27,1,0,5554,867,27907201
11629,28,0,0,5554,867,27909601
11630,28,0,0,5554,867,27912001
11631,26,0,0,5554,867,27914401
11632,27,0,0,5554,867,27916801
11633,25,0,0,5554,867,27919201
11634,25,0,0,5554,867,27921601
11635,27,0,0,5554,867,27924001
11636,29,0,0,5554,867,27926401
11637,31,0,0,5554,867,27928801
11638,27,1,0,5555,867,27931201
11639,27,0,0,5555,867,27933601
11640,28,0,0,5555,867,27936001
11641,29,0,0,5555,867,27938401
11642,30,0,0,5555,867,27940801
11643,28,0,0,5555,867,27943201
11644,26,0,0,5555,867,27945601
11645,28,0,0,5555,867,27948001
11646,26,0,0,5555,867,27950401
11647,28,0,0,5555,867,27952801
11648,25,0,0,5555,867,27955201
11649,25,0,0,5555,867,27957601
11650,26,0,0,5555,867,27960001
11651,23,0,0,5555,867,27962401
11652,27,0,0,5555,867,27964801
11653,27,0,0,5555,867,27967201
11654,24,0,0,5555,867,27969601
11655,25,0,0,5555,867,27972001
11656,22,0,0,5555,867,27974401
11657,26,0,0,5555,867,27976801
11658,23,1,0,5556,867,27979201
11659,21,0,0,5556,867,27981601
11660,24,0,0,5556,867,27984001
11661,24,0,0,5556,867,27986401
11662,26,0,0,5556,867,27988801
11663,24,0,0,5556,867,27991201
11664,25,0,0,5556,867,27993601
11665,26,0,0,5556,867,27996001
11666,27,0,0,5556,867,27998401
11667,27,0,0,5556,867,28000801
11668,29,0,0,5556,867,28003201
11669,24,0,0,5556,867,28005601
11670,25,0,0,5556,867,28008001
11671,23,0,0,5556,867,28010401
11672,24,0,0,5556,867,28012801
11673,20,0,0,5556,867,28015201
11674,18,0,0,5556,867,28017601
11675,16,1,0,5557,867,28020001
11676,17,0,0,5557,867,28022401
11677,14,0,0,5557,867,28024801
11678,19,0,0,5557,867,28027201
11679,15,0,0,5557,867,28029601
11680,17,0,0,5557,867,28032001
11681,16,0,0,5557,867,28034401
11682,15,0,0,5557,867,28036801
11683,18,0,0,5557,867,28039201
11684,16,0,0,5557,867,28041601
11685,17,0,0,5557,867,28044001
11686,16,0,0,5557,867,28046401
11687,17,0,0,5557,867,28048801
11688,21,0,0,5557,867,28051201
11689,21,0,0,5557,867,28053601
11690,24,0,0,5557,867,28056001
11691,23,0,0,5557,867,28058401
11692,22,0,0,5557,867,28060801
11693,25,0,0,5557,867,28063201
11694,26,0,0,5557,867,28065601
11695,24,0,0,5557,867,28068001
11696,22,1,0,5558,867,28070401
11697,22,0,0,5558,867,28072801
11698,27,0,0,5558,867,28075201
11699,24,1,0,5559,867,28077601
11700,23,0,0,5559,867,28080001
11701,22,0,0,5559,867,28082401
11702,21,0,0,5559,867,28084801
11703,23,0,0,5559,867,28087201
11704,21,0,0,5559,867,28089601
11705,23,0,0,5559,867,28092001
11706,24,0,0,5559,867,28094401
11707,25,0,0,5559,867,28096801
11708,28,0,0,5559,867,28099201
11709,28,0,0,5559,867,28101601
11710,31,0,0,5559,867,28104001
11711,28,1,0,5560,867,28106401
11712,28,0,0,5560,867,28108801
11713,29,0,0,5560,867,28111201
11714,31,0,0,5560,867,28113601
11715,32,0,0,5560,867,28116001
11716,31,0,0,5560,867,28118401
11717,29,0,0,5560,867,28120801
11718,33,0,0,5560,867,28123201
11719,31,0,0,5560,867,28125601
11720,32,1,0,5561,867,28128001
11721,27,0,0,5561,867,28130401
11722,29,0,0,5561,867,28132801
11723,35,0,0,5561,867,28135201
11724,32,1,0,5562,867,28137601
11725,33,0,0,5562,867,28140001
11726,32,0,0,5562,867,28142401
11727,30,0,0,5562,867,28144801
11728,31,0,0,5562,867,28147201
11729,29,0,0,5562,867,28149601
11730,30,0,0,5562,867,28152001
11731,26,1,0,5563,867,28154401
11732,27,0,0,5563,867,28156801
11733,32,0,0,5563,867,28159201
11734,32,0,0,5563,867,28161601
11735,31,1,0,5564,867,28164001
11736,28,0,0,5564,867,28166401
11737,29,0,0,5564,867,28168801
11738,29,0,0,5564,867,28171201
11739,26,0,0,5564,867,28173601
11740,29,1,0,5565,867,28176001
11741,26,1,0,5566,867,28178401
11742,23,0,0,5566,867,28180801
11743,23,0,0,5566,867,28183201
11744,25,0,0,5566,867,28185601
11745,21,0,0,5566,867,28188001
11746,20,0,0,5566,867,28190401
11747,22,0,0,5566,867,28192801
11748,22,0,0,5566,867,28195201
11749,23,0,0,5566,867,28197601
11750,24,2,0,5568,867,28200001
11751,24,0,0,5568,867,28202401
11752,22,0,0,5568,867,28204801
11753,25,0,0,5568,867,28207201
11754,23,0,0,5568,867,28209601
11755,26,0,0,5568,867,28212001
11756,25,0,0,5568,867,28214401
11757,25,0,0,5568,867,28216801
11758,26,0,0,5568,867,28219201
11759,29,0,0,5568,867,28221601
11760,29,0,0,5568,867,28224001
11761,27,0,0,5568,867,28226401
11762,27,0,0,5568,867,28228801
11763,26,0,0,5568,867,28231201
11764,24,1,0,5569,867,28233601
11765,26,0,0,5569,867,28236001
11766,26,0,0,5569,867,28238401
11767,27,0,0,5569,867,28240801
11768,27,0,0,5569,867,28243201
11769,25,0,0,5569,867,28245601
11770,26,0,0,5569,867,28248001
11771,26,1,0,5570,867,28250401
11772,26,0,0,5570,867,28252801
11773,27,0,0,5570,867,28255201
11774,25,0,0,5570,867,28257601
11775,25,0,0,5570,867,28260001
11776,24,0,0,5570,867,28262401
11777,26,0,0,5570,867,28264801
11778,25,0,0,5570,867,28267201
11779,26,0,0,5570,867,28269601
11780,25,0,0,5570,867,28272001
11781,26,0,0,5570,867,28274401
11782,24,0,0,5570,867,28276801
11783,25,0,0,5570,867,28279201
11784,25,1,0,5571,867,28281601
11785,23,0,0,5571,867,28284001
11786,23,0,0,5571,867,28286401
11787,26,0,0,5571,867,28288801
11788,27,0,0,5571,867,28291201
11789,27,0,0,5571,867,28293601
11790,29,0,0,5571,867,28296001
11791,28,0,0,5571,867,28298401
11792,32,0,0,5571,867,28300801
11793,33,0,0,5571,867,28303201
11794,34,0,0,5571,867,28305601
11795,33,0,0,5571,867,28308001
11796,34,0,0,5571,867,28310401
11797,37,0,0,5571,867,28312801
11798,37,0,0,5571,867,28315201
11799,33,0,0,5571,867,28317601
11800,34,0,0,5571,867,28320001
11801,31,1,0,5572,867,28322401
11802,31,0,0,5572,867,28324801
11803,30,1,0,5573,867,28327201
11804,28,0,0,5573,867,28329601
11805,30,0,0,5573,867,28332001
11806,26,0,0,5573,867,28334401
11807,29,0,0,5573,867,28336801
11808,29,0,0,5573,867,28339201
11809,26,0,0,5573,867,28341601
11810,27,0,0,5573,867,28344001
11811,27,0,0,5573,867,28346401
11812,27,0,0,5573,867,28348801
11813,25,0,0,5573,867,28351201
11814,28,0,0,5573,867,28353601
11815,23,0,0,5573,867,28356001
11816,24,0,0,5573,867,28358401
11817,23,0,0,5573,867,28360801
11818,24,0,0,5573,867,28363201
11819,26,0,0,5573,867,28365601
11820,23,0,0,5573,867,28368001
11821,21,1,0,5574,867,28370401
11822,21,0,0,5574,867,28372801
11823,23,0,0,5574,867,28375201
11824,23,0,0,5574,867,28377601
11825,23,0,0,5574,867,28380001
11826,23,0,0,5574,867,28382401
11827,23,0,0,5574,867,28384801
11828,26,0,0,5574,867,28387201
11829,29,0,0,5574,867,28389601
11830,26,0,0,5574,867,28392001
11831,24,0,0,5574,867,28394401
11832,25,0,0,5574,867,28396801
11833,24,1,0,5575,867,28399201
11834,23,0,0,5575,867,28401601
11835,23,0,0,5575,867,28404001
11836,22,0,0,5575,867,28406401
11837,23,0,0,5575,867,28408801
11838,25,0,0,5575,867,28411201
11839,24,0,0,5575,867,28413601
11840,21,0,0,5575,867,28416001
11841,21,0,0,5575,867,28418401
11842,22,0,0,5575,867,28420801
11843,22,0,0,5575,867,28423201
11844,21,0,0,5575,867,28425601
11845,21,0,0,5575,867,28428001
11846,19,0,0,5575,867,28430401
11847,19,1,0,5576,867,28432801
11848,22,0,0,5576,867,28435201
11849,22,0,0,5576,867,28437601
11850,21,0,0,5576,867,28440001
11851,19,0,0,5576,867,28442401
11852,22,0,0,5576,867,28444801
11853,23,0,0,5576,867,28447201
11854,23,0,0,5576,867,28449601
11855,23,0,0,5576,867,28452001
11856,22,0,0,5576,867,28454401
11857,25,0,0,5576,867,28456801
11858,27,0,0,5576,867,28459201
11859,23,1,0,5577,867,28461601
11860,23,1,0,5578,867,28464001
11861,21,1,0,5579,867,28466401
11862,21,0,0,5579,867,28468801
11863,20,1,0,5580,867,28471201
11864,18,0,0,5580,867,28473601
11865,19,0,0,5580,867,28476001
11866,19,0,0,5580,867,28478401
11867,20,1,0,5581,867,28480801
11868,18,1,0,5582,867,28483201
11869,20,0,0,5582,867,28485601
11870,19,0,0,5582,867,28488001
11871,19,0,0,5582,867,28490401
11872,19,0,0,5582,867,28492801
11873,21,0,0,5582,867,28495201
11874,20,0,0,5582,867,28497601
11875,19,0,0,5582,867,28500001
11876,20,0,0,5582,867,28502401
11877,18,0,0,5582,867,28504801
11878,16,0,0,5582,867,28507201
11879,15,0,0,5582,867,28509601
11880,15,0,0,5582,867,28512001
11881,17,0,0,5582,867,28514401
11882,18,0,0,5582,867,28516801
11883,20,0,0,5582,867,28519201
11884,20,0,0,5582,867,28521601
11885,19,0,0,5582,867,28524001
11886,21,0,0,5582,867,28526401
11887,21,0,0,5582,867,28528801
11888,21,0,0,5582,867,28531201
11889,22,0,0,5582,867,28533601
11890,24,0,0,5582,867,28536001
11891,23,0,0,5582,867,28538401
11892,23,1,0,5583,867,28540801
11893,22,0,0,5583,867,28543201
11894,23,0,0,5583,867,28545601
11895,24,0,0,5583,867,28548001
11896,24,1,0,5584,867,28550401
11897,22,0,0,5584,867,28552801
11898,21,1,0,5585,867,28555201
11899,18,1,0,5586,867,28557601
11900,18,0,0,5586,867,28560001
11901,18,0,0,5586,867,28562401
11902,20,0,0,5586,867,28564801
11903,23,0,0,5586,867,28567201
11904,21,0,0,5586,867,28569601
11905,22,0,0,5586,867,28572001
11906,24,0,0,5586,867,28574401
11907,23,0,0,5586,867,28576801
11908,25,0,0,5586,867,28579201
11909,24,0,0,5586,867,28581601
11910,26,0,0,5586,867,28584001
11911,26,0,0,5586,867,28586401
11912,28,0,0,5586,867,28588801
11913,31,0,0,5586,867,28591201
11914,31,0,0,5586,867,28593601
11915,32,0,0,5586,867,28596001
11916,29,0,0,5586,867,28598401
11917,29,0,0,5586,867,28600801
11918,32,1,0,5587,867,28603201
11919,32,0,0,5587,867,28605601
11920,32,0,0,5587,867,28608001
11921,32,0,0,5587,867,28610401
11922,34,1,0,5588,867,28612801
11923,34,0,0,5588,867,28615201
11924,33,0,0,5588,867,28617601
11925,29,0,0,5588,867,28620001
11926,29,0,0,5588,867,28622401
11927,29,0,0,5588,867,28624801
11928,30,0,0,5588,867,28627201
11929,31,0,0,5588,867,28629601
11930,32,0,0,5588,867,28632001
11931,31,0,0,5588,867,28634401
11932,32,0,0,5588,867,28636801
11933,34,0,0,5588,867,28639201
11934,33,0,0,5588,867,28641601
11935,32,0,0,5588,867,28644001
11936,31,0,0,5588,867,28646401
11937,32,0,0,5588,867,28648801
11938,33,0,0,5588,867,28651201
11939,29,0,0,5588,867,28653601
11940,31,0,0,5588,867,28656001
11941,30,1,0,5589,867,28658401
11942,29,0,0,5589,867,28660801
11943,26,1,0,5590,867,28663201
11944,27,0,0,5590,867,28665601
11945,25,0,0,5590,867,28668001
11946,23,0,0,5590,867,28670401
11947,24,0,0,5590,867,28672801
11948,27,0,0,5590,867,28675201
11949,28,0,0,5590,867,28677601
11950,26,0,0,5590,867,28680001
11951,23,0,0,5590,867,28682401
11952,25,0,0,5590,867,28684801
11953,23,0,0,5590,867,28687201
11954,25,0,0,5590,867,28689601
11955,21,0,0,5590,867,28692001
11956,21,0,0,5590,867,28694401
11957,20,0,0,5590,867,28696801
11958,21,0,0,5590,867,28699201
11959,22,0,0,5590,867,28701601
11960,21,0,0,5590,867,28704001
11961,18,1,0,5591,867,28706401
11962,19,0,0,5591,867,28708801
11963,20,0,0,5591,867,28711201
11964,24,0,0,5591,867,28713601
11965,25,0,0,5591,867,28716001
11966,24,0,0,5591,867,28718401
11967,25,0,0,5591,867,28720801
11968,24,0,0,5591,867,28723201
11969,21,2,0,5593,867,28725601
11970,21,0,0,5593,867,28728001
11971,16,1,0,5594,867,28730401
11972,17,0,0,5594,867,28732801
11973,15,1,0,5595,867,28735201
11974,18,0,0,5595,867,28737601
11975,18,0,0,5595,867,28740001
11976,20,0,0,5595,867,28742401
11977,18,0,0,5595,867,28744801
11978,19,0,0,5595,867,28747201
11979,20,0,0,5595,867,28749601
11980,20,0,0,5595,867,28752001
11981,22,0,0,5595,867,28754401
11982,19,0,0,5595,867,28756801
11983,15,0,0,5595,867,28759201
11984,16,1,0,5596,867,28761601
11985,14,0,0,5596,867,28764001
11986,17,0,0,5596,867,28766401
11987,15,0,0,5596,867,28768801
11988,15,0,0,5596,867,28771201
11989,15,1,0,5597,867,28773601
11990,14,0,0,5597,867,28776001
11991,12,0,0,5597,867,28778401
11992,12,0,0,5597,867,28780801
11993,12,0,0,5597,867,28783201
11994,14,0,0,5597,867,28785601
11995,15,0,0,5597,867,28788001
11996,14,1,0,5598,867,28790401
11997,13,1,0,5599,867,28792801
11998,13,0,0,5599,867,28795201
11999,15,0,0,5599,867,28797601
12000,14,1,0,5600,867,28800001
12001,13,0,0,5600,867,28802401
12002,12,0,0,5600,867,28804801
12003,11,0,0,5600,867,28807201
12004,13,0,0,5600,867,28809601
12005,15,0,0,5600,867,28812001
12006,16,0,0,5600,867,28814401
12007,15,0,0,5600,867,28816801
12008,15,0,0,5600,867,28819201
12009,16,0,0,5600,867,28821601
12010,21,0,0,5600,867,28824001
12011,21,0,0,5600,867,28826401
12012,20,0,0,5600,867,28828801
12013,19,0,0,5600,867,28831201
12014,21,0,0,5600,867,28833601
12015,23,0,0,5600,867,28836001
12016,21,0,0,5600,867,28838401
12017,21,0,0,5600,867,28840801
12018,22,0,0,5600,867,28843201
12019,21,0,0,5600,867,28845601
12020,23,0,0,5600,867,28848001
12021,23,0,0,5600,867,28850401
12022,24,0,0,5600,867,28852801
12023,24,0,0,5600,867,28855201
12024,25,0,0,5600,867,28857601
12025,27,0,0,5600,867,28860001
12026,28,0,0,5600,867,28862401
12027,28,1,0,5601,867,28864801
12028,27,0,0,5601,867,28867201
12029,28,0,0,5601,867,28869601
12030,29,0,0,5601,867,28872001
12031,29,0,0,5601,867,28874401
12032,27,0,0,5601,867,28876801
12033,27,0,0,5601,867,28879201
12034,28,0,0,5601,867,28881601
12035,30,0,0,5601,867,28884001
12036,28,0,0,5601,867,28886401
12037,29,0,0,5601,867,28888801
12038,27,0,0,5601,867,28891201
12039,31,0,0,5601,867,28893601
12040,34,0,0,5601,867,28896001
12041,34,0,0,5601,867,28898401
12042,31,1,0,5602,867,28900801
12043,32,0,0,5602,867,28903201
12044,30,1,0,5603,867,28905601
12045,33,0,0,5603,867,28908001
12046,30,0,0,5603,867,28910401
12047,31,0,0,5603,867,28912801
12048,31,0,0,5603,867,28915201
12049,33,2,0,5605,867,28917601
12050,33,0,0,5605,867,28920001
12051,29,0,0,5605,867,28922401
12052,26,0,0,5605,867,28924801
12053,31,0,0,5605,867,28927201
12054,31,0,0,5605,867,28929601
12055,33,0,0,5605,867,28932001
12056,30,0,0,5605,867,28934401
12057,32,0,0,5605,867,28936801
12058,30,0,0,5605,867,28939201
12059,32,0,0,5605,867,28941601
12060,34,0,0,5605,867,28944001
12061,35,0,0,5605,867,28946401
12062,34,0,0,5605,867,28948801
12063,26,0,0,5605,867,28951201
12064,27,0,0,5605,867,28953601
12065,30,1,0,5606,867,28956001
12066,28,0,0,5606,867,28958401
12067,25,0,0,5606,867,28960801
12068,25,0,0,5606,867,28963201
12069,28,0,0,5606,867,28965601
12070,28,0,0,5606,867,28968001
12071,25,1,0,5607,867,28970401
12072,25,0,0,5607,867,28972801
12073,25,0,0,5607,867,28975201
12074,26,0,0,5607,867,28977601
12075,26,0,0,5607,867,28980001
12076,22,0,0,5607,867,28982401
12077,20,0,0,5607,867,28984801
12078,20,0,0,5607,867,28987201
12079,21,0,0,5607,867,28989601
12080,21,0,0,5607,867,28992001
12081,23,1,0,5608,867,28994401
12082,21,0,0,5608,867,28996801
12083,17,0,0,5608,867,28999201
12084,22,0,0,5608,867,29001601
12085,19,0,0,5608,867,29004001
12086,17,0,0,5608,867,29006401
12087,19,0,0,5608,867,29008801
12088,19,0,0,5608,867,29011201
12089,22,0,0,5608,867,29013601
12090,22,0,0,5608,867,29016001
12091,22,0,0,5608,867,29018401
12092,19,1,0,5609,867,29020801
12093,20,0,0,5609,867,29023201
12094,25,0,0,5609,867,29025601
12095,21,0,0,5609,867,29028001
12096,18,0,0,5609,867,29030401
12097,18,1,0,5610,867,29032801
12098,17,0,0,5610,867,29035201
12099,19,0,0,5610,867,29037601
12100,17,0,0,5610,867,29040001
12101,18,1,0,5611,867,29042401
12102,16,0,0,5611,867,29044801
12103,16,0,0,5611,867,29047201
12104,16,0,0,5611,867,29049601
12105,16,0,0,5611,867,29052001
12106,14,1,0,5612,867,29054401
12107,13,0,0,5612,867,29056801
12108,12,0,0,5612,867,29059201
12109,14,0,0,5612,867,29061601
12110,14,0,0,5612,867,29064001
12111,14,0,0,5612,867,29066401
12112,13,0,0,5612,867,29068801
12113,14,0,0,5612,867,29071201
12114,13,0,0,5612,867,29073601
12115,16,0,0,5612,867,29076001
12116,13,0,0,5612,867,29078401
12117,12,0,0,5612,867,29080801
12118,11,0,0,5612,867,29083201
12119,12,1,0,5613,867,29085601
12120,13,1,0,5614,867,29088001
12121,13,0,0,5614,867,29090401
12122,13,0,0,5614,867,29092801
12123,12,0,0,5614,867,29095201
12124,13,0,0,5614,867,29097601
12125,15,0,0,5614,867,29100001
12126,14,0,0,5614,867,29102401
12127,13,0,0,5614,867,29104801
12128,12,0,0,5614,867,29107201
12129,14,0,0,5614,867,29109601
12130,14,0,0,5614,867,29112001
12131,12,0,0,5614,867,29114401
12132,12,0,0,5614,867,29116801
12133,12,0,0,5614,867,29119201
12134,13,0,0,5614,867,29121601
12135,14,0,0,5614,867,29124001
12136,12,0,0,5614,867,29126401
12137,14,0,0,5614,867,29128801
12138,15,0,0,5614,867,29131201
12139,14,0,0,5614,867,29133601
12140,13,1,0,5615,867,29136001
12141,14,0,0,5615,867,29138401
12142,15,0,0,5615,867,29140801
12143,13,0,0,5615,867,29143201
12144,13,0,0,5615,867,29145601
12145,15,0,0,5615,867,29148001
12146,14,0,0,5615,867,29150401
12147,14,0,0,5615,867,29152801
12148,14,0,0,5615,867,29155201
12149,14,0,0,5615,867,29157601
12150,13,0,0,5615,867,29160001
12151,13,0,0,5615,867,29162401
12152,15,0,0,5615,867,29164801
12153,16,0,0,5615,867,29167201
12154,15,0,0,5615,867,29169601
12155,16,0,0,5615,867,29172001
12156,17,0,0,5615,867,29174401
12157,16,0,0,5615,867,29176801
12158,14,0,0,5615,867,29179201
12159,14,0,0,5615,867,29181601
12160,16,0,0,5615,867,29184001
12161,19,0,0,5615,867,29186401
12162,18,0,0,5615,867,29188801
12163,19,0,0,5615,867,29191201
12164,20,0,0,5615,867,29193601
12165,21,1,0,5616,867,29196001
12166,20,0,0,5616,867,29198401
12167,18,0,0,5616,867,29200801
12168,19,0,0,5616,867,29203201
12169,20,0,0,5616,867,29205601
12170,19,0,0,5616,867,29208001
12171,17,1,0,5617,867,29210401
12172,17,0,0,5617,867,29212801
12173,20,0,0,5617,867,29215201
12174,22,0,0,5617,867,29217601
12175,21,0,0,5617,867,29220001
12176,21,0,0,5617,867,29222401
12177,23,0,0,5617,867,29224801
12178,24,0,0,5617,867,29227201
12179,25,0,0,5617,867,29229601
12180,24,0,0,5617,867,29232001
12181,23,0,0,5617,867,29234401
12182,22,0,0,5617,867,29236801
12183,22,0,0,5617,867,29239201
12184,22,0,0,5617,867,29241601
12185,26,0,0,5617,867,29244001
12186,25,0,0,5617,867,29246401
12187,26,0,0,5617,867,29248801
12188,26,1,0,5618,867,29251201
12189,28,0,0,5618,867,29253601
12190,29,0,0,5618,867,29256001
12191,25,1,0,5619,867,29258401
12192,25,0,0,5619,867,29260801
12193,29,0,0,5619,867,29263201
12194,29,0,0,5619,867,29265601
12195,29,1,0,5620,867,29268001
12196,29,0,0,5620,867,29270401
12197,31,0,0,5620,867,29272801
12198,34,0,0,5620,867,29275201
12199,35,0,0,5620,867,29277601
12200,32,0,0,5620,867,29280001
12201,36,0,0,5620,867,29282401
12202,32,0,0,5620,867,29284801
12203,32,1,0,5621,867,29287201
12204,30,0,0,5621,867,29289601
12205,31,0,0,5621,867,29292001
12206,32,0,0,5621,867,29294401
12207,30,0,0,5621,867,29296801
12208,30,0,0,5621,867,29299201
12209,31,0,0,5621,867,29301601
12210,28,0,0,5621,867,29304001
12211,28,0,0,5621,867,29306401
12212,28,0,0,5621,867,29308801
12213,27,0,0,5621,867,29311201
12214,25,1,0,5622,867,29313601
12215,24,0,0,5622,867,29316001
12216,25,0,0,5622,867,29318401
12217,22,0,0,5622,867,29320801
12218,20,1,0,5623,867,29323201
12219,22,0,0,5623,867,29325601
12220,17,0,0,5623,867,29328001
12221,20,0,0,5623,867,29330401
12222,20,0,0,5623,867,29332801
12223,24,0,0,5623,867,29335201
12224,21,0,0,5623,867,29337601
12225,21,0,0,5623,867,29340001
12226,18,0,0,5623,867,29342401
12227,19,0,0,5623,867,29344801
12228,20,0,0,5623,867,29347201
12229,21,0,0,5623,867,29349601
12230,20,0,0,5623,867,29352001
12231,20,0,0,5623,867,29354401
12232,17,0,0,5623,867,29356801
12233,17,0,0,5623,867,29359201
12234,16,0,0,5623,867,29361601
12235,16,0,0,5623,867,29364001
12236,16,0,0,5623,867,29366401
12237,19,0,0,5623,867,29368801
12238,19,0,0,5623,867,29371201
12239,17,0,0,5623,867,29373601
12240,14,0,0,5623,867,29376001
12241,17,0,0,5623,867,29378401
12242,17,0,0,5623,867,29380801
12243,20,0,0,5623,867,29383201
12244,17,0,0,5623,867,29385601
12245,17,0,0,5623,867,29388001
12246,16,1,0,5624,867,29390401
12247,13,0,0,5624,867,29392801
12248,13,0,0,5624,867,29395201
12249,17,0,0,5624,867,29397601
12250,17,0,0,5624,867,29400001
12251,15,1,0,5625,867,29402401
12252,16,0,0,5625,867,29404801
12253,16,0,0,5625,867,29407201
12254,16,1,0,5626,867,29409601
12255,15,0,0,5626,867,29412001
12256,15,0,0,5626,867,29414401
12257,17,0,0,5626,867,29416801
12258,15,1,0,5627,867,29419201
12259,16,0,0,5627,867,29421601
12260,13,1,0,5628,867,29424001
12261,15,0,0,5628,867,29426401
12262,14,0,0,5628,867,29428801
12263,15,0,0,5628,867,29431201
12264,19,0,0,5628,867,29433601
12265,19,0,0,5628,867,29436001
12266,18,0,0,5628,867,29438401
12267,17,0,0,5628,867,29440801
12268,19,0,0,5628,867,29443201
12269,20,0,0,5628,867,29445601
12270,18,0,0,5628,867,29448001
12271,17,1,0,5629,867,29450401
12272,18,0,0,5629,867,29452801
12273,21,0,0,5629,867,29455201
12274,22,0,0,5629,867,29457601
12275,20,0,0,5629,867,29460001
12276,20,0,0,5629,867,29462401
12277,22,0,0,5629,867,29464801
12278,20,0,0,5629,867,29467201
12279,21,0,0,5629,867,29469601
12280,19,1,0,5630,867,29472001
12281,23,0,0,5630,867,29474401
12282,22,0,0,5630,867,29476801
12283,23,0,0,5630,867,29479201
12284,25,0,0,5630,867,29481601
12285,26,0,0,5630,867,29484001
12286,22,0,0,5630,867,29486401
12287,22,0,0,5630,867,29488801
12288,24,0,0,5630,867,29491201
12289,27,0,0,5630,867,29493601
12290,24,0,0,5630,867,29496001
12291,25,0,0,5630,867,29498401
12292,24,0,0,5630,867,29500801
12293,29,0,0,5630,867,29503201
12294,27,0,0,5630,867,29505601
12295,24,0,0,5630,867,29508001
12296,25,1,0,5631,867,29510401
12297,27,0,0,5631,867,29512801
12298,24,1,0,5632,867,29515201
12299,22,0,0,5632,867,29517601
12300,23,0,0,5632,867,29520001
12301,23,0,0,5632,867,29522401
12302,22,0,0,5632,867,29524801
12303,20,0,0,5632,867,29527201
12304,21,0,0,5632,867,29529601
12305,25,0,0,5632,867,29532001
12306,25,0,0,5632,867,29534401
12307,22,0,0,5632,867,29536801
12308,25,0,0,5632,867,29539201
12309,27,2,0,5634,867,29541601
12310,23,0,0,5634,867,29544001
12311,22,0,0,5634,867,29546401
12312,24,0,0,5634,867,29548801
12313,24,0,0,5634,867,29551201
12314,22,0,0,5634,867,29553601
12315,22,0,0,5634,867,29556001
12316,24,0,0,5634,867,29558401
12317,20,0,0,5634,867,29560801
12318,20,0,0,5634,867,29563201
12319,20,0,0,5634,867,29565601
12320,19,0,0,5634,867,29568001
12321,20,0,0,5634,867,29570401
12322,18,0,0,5634,867,29572801
12323,19,0,0,5634,867,29575201
12324,20,0,0,5634,867,29577601
12325,22,0,0,5634,867,29580001
12326,21,0,0,5634,867,29582401
12327,18,0,0,5634,867,29584801
12328,21,0,0,5634,867,29587201
12329,21,0,0,5634,867,29589601
12330,20,0,0,5634,867,29592001
12331,18,0,0,5634,867,29594401
12332,17,0,0,5634,867,29596801
12333,21,1,0,5635,867,29599201
12334,15,0,0,5635,867,29601601
12335,15,0,0,5635,867,29604001
12336,18,0,0,5635,867,29606401
12337,18,0,0,5635,867,29608801
12338,15,0,0,5635,867,29611201
12339,14,0,0,5635,867,29613601
12340,16,0,0,5635,867,29616001
12341,19,0,0,5635,867,29618401
12342,16,0,0,5635,867,29620801
12343,15,0,0,5635,867,29623201
12344,18,0,0,5635,867,29625601
12345,18,0,0,5635,867,29628001
12346,16,0,0,5635,867,29630401
12347,16,0,0,5635,867,29632801
12348,16,0,0,5635,867,29635201
12349,18,0,0,5635,867,29637601
12350,16,0,0,5635,867,29640001
12351,14,0,0,5635,867,29642401
12352,16,0,0,5635,867,29644801
12353,14,1,0,5636,867,29647201
12354,13,0,0,5636,867,29649601
12355,12,0,0,5636,867,29652001
12356,11,0,0,5636,867,29654401
12357,11,0,0,5636,867,29656801
12358,11,0,0,5636,867,29659201
12359,13,0,0,5636,867,29661601
12360,12,0,0,5636,867,29664001
12361,14,0,0,5636,867,29666401
12362,14,0,0,5636,867,29668801
12363,14,0,0,5636,867,29671201
12364,15,0,0,5636,867,29673601
12365,16,0,0,5636,867,29676001
12366,18,0,0,5636,867,29678401
12367,18,0,0,5636,867,29680801
12368,18,0,0,5636,867,29683201
12369,19,0,0,5636,867,29685601
12370,20,0,0,5636,867,29688001
12371,21,0,0,5636,867,29690401
12372,21,0,0,5636,867,29692801
12373,21,0,0,5636,867,29695201
12374,23,0,0,5636,867,29697601
12375,23,0,0,5636,867,29700001
12376,24,0,0,5636,867,29702401
12377,22,2,0,5638,867,29704801
12378,22,0,0,5638,867,29707201
12379,24,0,0,5638,867,29709601
12380,24,0,0,5638,867,29712001
12381,25,0,0,5638,867,29714401
12382,27,0,0,5638,867,29716801
12383,26,0,0,5638,867,29719201
12384,26,0,0,5638,867,29721601
12385,26,0,0,5638,867,29724001
12386,29,0,0,5638,867,29726401
12387,30,0,0,5638,867,29728801
12388,30,0,0,5638,867,29731201
12389,31,0,0,5638,867,29733601
12390,30,0,0,5638,867,29736001
12391,34,0,0,5638,867,29738401
12392,32,0,0,5638,867,29740801
12393,34,0,0,5638,867,29743201
12394,34,1,0,5639,867,29745601
12395,31,0,0,5639,867,29748001
12396,32,0,0,5639,867,29750401
12397,33,0,0,5639,867,29752801
12398,32,0,0,5639,867,29755201
12399,32,0,0,5639,867,29757601
12400,33,0,0,5639,867,29760001
12401,31,0,0,5639,867,29762401
12402,34,0,0,5639,867,29764801
12403,29,0,0,5639,867,29767201
12404,31,0,0,5639,867,29769601
12405,30,0,0,5639,867,29772001
12406,31,0,0,5639,867,29774401
12407,26,0,0,5639,867,29776801
12408,21,0,0,5639,867,29779201
12409,22,0,0,5639,867,29781601
12410,22,0,0,5639,867,29784001
12411,20,0,0,5639,867,29786401
12412,21,0,0,5639,867,29788801
12413,21,0,0,5639,867,29791201
12414,22,1,0,5640,867,29793601
12415,23,0,0,5640,867,29796001
12416,23,1,0,5641,867,29798401
12417,24,0,0,5641,867,29800801
12418,23,0,0,5641,867,29803201
12419,22,0,0,5641,867,29805601
12420,21,0,0,5641,867,29808001
12421,23,0,0,5641,867,29810401
12422,22,0,0,5641,867,29812801
12423,22,0,0,5641,867,29815201
12424,22,0,0,5641,867,29817601
12425,20,0,0,5641,867,29820001
12426,20,0,0,5641,867,29822401
12427,20,0,0,5641,867,29824801
12428,21,0,0,5641,867,29827201
12429,21,0,0,5641,867,29829601
12430,19,0,0,5641,867,29832001
12431,17,0,0,5641,867,29834401
12432,18,0,0,5641,867,29836801
12433,17,0,0,5641,867,29839201
12434,16,0,0,5641,867,29841601
12435,17,0,0,5641,867,29844001
12436,20,0,0,5641,867,29846401
12437,17,0,0,5641,867,29848801
12438,17,0,0,5641,867,29851201
12439,19,0,0,5641,867,29853601
12440,19,0,0,5641,867,29856001
12441,17,0,0,5641,867,29858401
12442,18,0,0,5641,867,29860801
12443,18,0,0,5641,867,29863201
12444,20,0,0,5641,867,29865601
12445,20,0,0,5641,867,29868001
12446,17,0,0,5641,867,29870401
12447,15,0,0,5641,867,29872801
12448,16,0,0,5641,867,29875201
12449,16,0,0,5641,867,29877601
12450,17,0,0,5641,867,29880001
12451,18,0,0,5641,867,29882401
12452,19,0,0,5641,867,29884801
12453,18,0,0,5641,867,29887201
12454,16,0,0,5641,867,29889601
12455,19,0,0,5641,867,29892001
12456,18,0,0,5641,867,29894401
12457,16,0,0,5641,867,29896801
12458,16,0,0,5641,867,29899201
12459,18,0,0,5641,867,29901601
12460,16,0,0,5641,867,29904001
12461,16,0,0,5641,867,29906401
12462,16,0,0,5641,867,29908801
12463,16,0,0,5641,867,29911201
12464,16,0,0,5641,867,29913601
12465,15,0,0,5641,867,29916001
12466,19,0,0,5641,867,29918401
12467,20,0,0,5641,867,29920801
12468,18,0,0,5641,867,29923201
12469,18,1,0,5642,867,29925601
12470,16,0,0,5642,867,29928001
12471,19,0,0,5642,867,29930401
12472,18,0,0,5642,867,29932801
12473,16,0,0,5642,867,29935201
12474,17,0,0,5642,867,29937601
12475,16,0,0,5642,867,29940001
12476,16,0,0,5642,867,29942401
12477,18,0,0,5642,867,29944801
12478,17,0,0,5642,867,29947201
12479,15,1,0,5643,867,29949601
12480,14,0,0,5643,867,29952001
12481,15,1,0,5644,867,29954401
12482,15,0,0,5644,867,29956801
12483,16,0,0,5644,867,29959201
12484,14,0,0,5644,867,29961601
12485,15,0,0,5644,867,29964001
12486,16,0,0,5644,867,29966401
12487,17,0,0,5644,867,29968801
12488,20,0,0,5644,867,29971201
12489,21,0,0,5644,867,29973601
12490,18,0,0,5644,867,29976001
12491,18,0,0,5644,867,29978401
12492,19,0,0,5644,867,29980801
12493,22,0,0,5644,867,29983201
12494,18,0,0,5644,867,29985601
12495,20,0,0,5644,867,29988001
12496,19,0,0,5644,867,29990401
12497,21,0,0,5644,867,29992801
12498,18,0,0,5644,867,29995201
12499,20,0,0,5644,867,29997601
12500,21,0,0,5644,867,30000001
12501,24,0,0,5644,867,30002401
12502,22,0,0,5644,867,30004801
12503,21,0,0,5644,867,30007201
12504,23,0,0,5644,867,30009601
12505,19,1,0,5645,867,30012001
12506,17,0,0,5645,867,30014401
12507,17,0,0,5645,867,30016801
12508,18,0,0,5645,867,30019201
12509,19,0,0,5645,867,30021601
12510,22,0,0,5645,867,30024001
12511,19,0,0,5645,867,30026401
12512,19,0,0,5645,867,30028801
12513,19,0,0,5645,867,30031201
12514,21,0,0,5645,867,30033601
12515,18,0,0,5645,867,30036001
12516,19,0,0,5645,867,30038401
12517,21,0,0,5645,867,30040801
12518,20,0,0,5645,867,30043201
12519,17,0,0,5645,867,30045601
12520,18,0,0,5645,867,30048001
12521,22,0,0,5645,867,30050401
12522,20,0,0,5645,867,30052801
12523,20,0,0,5645,867,30055201
12524,20,0,0,5645,867,30057601
12525,21,0,0,5645,867,30060001
12526,20,0,0,5645,867,30062401
12527,20,0,0,5645,867,30064801
12528,22,0,0,5645,867,30067201
12529,22,0,0,5645,867,30069601
12530,19,0,0,5645,867,30072001
12531,19,0,0,5645,867,30074401
12532,18,0,0,5645,867,30076801
12533,19,0,0,5645,867,30079201
12534,19,0,0,5645,867,30081601
12535,17,0,0,5645,867,30084001
12536,17,0,0,5645,867,30086401
12537,17,0,0,5645,867,30088801
12538,20,0,0,5645,867,30091201
12539,19,0,0,5645,867,30093601
12540,18,0,0,5645,867,30096001
12541,20,0,0,5645,867,30098401
12542,21,0,0,5645,867,30100801
12543,18,0,0,5645,867,30103201
12544,16,0,0,5645,867,30105601
12545,16,1,0,5646,867,30108001
12546,18,0,0,5646,867,30110401
12547,21,0,0,5646,867,30112801
12548,20,0,0,5646,867,30115201
12549,20,0,0,5646,867,30117601
12550,21,1,0,5647,867,30120001
12551,20,0,0,5647,867,30122401
12552,19,0,0,5647,867,30124801
12553,21,0,0,5647,867,30127201
12554,24,0,0,5647,867,30129601
12555,23,0,0,5647,867,30132001
12556,21,0,0,5647,867,30134401
12557,19,0,0,5647,867,30136801
12558,22,0,0,5647,867,30139201
12559,23,0,0,5647,867,30141601
12560,23,0,0,5647,867,30144001
12561,24,0,0,5647,867,30146401
12562,24,0,0,5647,867,30148801
12563,22,0,0,5647,867,30151201
12564,22,0,0,5647,867,30153601
12565,24,0,0,5647,867,30156001
12566,23,1,0,5648,867,30158401
12567,21,0,0,5648,867,30160801
12568,20,0,0,5648,867,30163201
12569,20,0,0,5648,867,30165601
12570,22,0,0,5648,867,30168001
12571,20,1,0,5649,867,30170401
12572,18,0,0,5649,867,30172801
12573,16,0,0,5649,867,30175201
12574,19,0,0,5649,867,30177601
12575,19,0,0,5649,867,30180001
12576,19,0,0,5649,867,30182401
12577,18,0,0,5649,867,30184801
12578,22,0,0,5649,867,30187201
12579,19,0,0,5649,867,30189601
12580,19,0,0,5649,867,30192001
12581,20,0,0,5649,867,30194401
12582,24,0,0,5649,867,30196801
12583,24,0,0,5649,867,30199201
12584,23,0,0,5649,867,30201601
12585,22,0,0,5649,867,30204001
12586,27,0,0,5649,867,30206401
12587,23,0,0,5649,867,30208801
12588,20,0,0,5649,867,30211201
12589,18,0,0,5649,867,30213601
12590,22,0,0,5649,867,30216001
12591,19,0,0,5649,867,30218401
12592,18,0,0,5649,867,30220801
12593,17,0,0,5649,867,30223201
12594,21,0,0,5649,867,30225601
12595,21,0,0,5649,867,30228001
12596,19,0,0,5649,867,30230401
12597,22,0,0,5649,867,30232801
12598,26,0,0,5649,867,30235201
12599,20,0,0,5649,867,30237601
12600,20,0,0,5649,867,30240001
12601,19,0,0,5649,867,30242401
12602,22,0,0,5649,867,30244801
12603,19,0,0,5649,867,30247201
12604,20,0,0,5649,867,30249601
12605,16,0,0,5649,867,30252001
12606,21,0,0,5649,867,30254401
12607,20,0,0,5649,867,30256801
12608,17,0,0,5649,867,30259201
12609,15,0,0,5649,867,30261601
12610,19,0,0,5649,867,30264001
12611,22,0,0,5649,867,30266401
12612,19,0,0,5649,867,30268801
12613,19,0,0,5649,867,30271201
12614,21,0,0,5649,867,30273601
12615,22,0,0,5649,867,30276001
12616,20,0,0,5649,867,30278401
12617,21,0,0,5649,867,30280801
12618,21,0,0,5649,867,30283201
12619,25,0,0,5649,867,30285601
12620,21,0,0,5649,867,30288001
12621,20,0,0,5649,867,30290401
12622,20,0,0,5649,867,30292801
12623,22,0,0,5649,867,30295201
12624,22,0,0,5649,867,30297601
12625,23,0,0,5649,867,30300001
12626,23,0,0,5649,867,30302401
12627,21,0,0,5649,867,30304801
12628,20,0,0,5649,867,30307201
12629,19,0,0,5649,867,30309601
12630,23,0,0,5649,867,30312001
12631,25,0,0,5649,867,30314401
12632,21,0,0,5649,867,30316801
12633,20,0,0,5649,867,30319201
12634,22,0,0,5649,867,30321601
12635,25,0,0,5649,867,30324001
12636,23,0,0,5649,867,30326401
12637,22,0,0,5649,867,30328801
12638,26,0,0,5649,867,30331201
12639,30,0,0,5649,867,30333601
12640,24,0,0,5649,867,30336001
12641,24,0,0,5649,867,30338401
12642,28,0,0,5649,867,30340801
12643,29,0,0,5649,867,30343201
12644,26,0,0,5649,867,30345601
12645,26,0,0,5649,867,30348001
12646,30,0,0,5649,867,30350401
12647,29,0,0,5649,867,30352801
12648,25,0,0,5649,867,30355201
12649,25,0,0,5649,867,30357601
12650,25,0,0,5649,867,30360001
12651,23,0,0,5649,867,30362401
12652,20,0,0,5649,867,30364801
12653,22,0,0,5649,867,30367201
12654,23,0,0,5649,867,30369601
12655,22,0,0,5649,867,30372001
12656,19,0,0,5649,867,30374401
12657,22,0,0,5649,867,30376801
12658,22,0,0,5649,867,30379201
12659,21,0,0,5649,867,30381601
12660,19,0,0,5649,867,30384001
12661,20,0,0,5649,867,30386401
12662,21,0,0,5649,867,30388801
12663,22,0,0,5649,867,30391201
12664,22,0,0,5649,867,30393601
12665,23,0,0,5649,867,30396001
12666,22,0,0,5649,867,30398401
12667,20,0,0,5649,867,30400801
12668,20,0,0,5649,867,30403201
12669,18,0,0,5649,867,30405601
12670,17,0,0,5649,867,30408001
12671,16,0,0,5649,867,30410401
12672,14,0,0,5649,867,30412801
12673,14,0,0,5649,867,30415201
12674,17,0,0,5649,867,30417601
12675,18,0,0,5649,867,30420001
12676,16,0,0,5649,867,30422401
12677,16,0,0,5649,867,30424801
12678,14,0,0,5649,867,30427201
12679,15,0,0,5649,867,30429601
12680,15,0,0,5649,867,30432001
12681,15,0,0,5649,867,30434401
12682,15,0,0,5649,867,30436801
12683,14,0,0,5649,867,30439201
12684,14,0,0,5649,867,30441601
12685,16,0,0,5649,867,30444001
12686,17,0,0,5649,867,30446401
12687,16,0,0,5649,867,30448801
12688,17,0,0,5649,867,30451201
12689,19,0,0,5649,867,30453601
12690,21,0,0,5649,867,30456001
12691,19,0,0,5649,867,30458401
12692,19,0,0,5649,867,30460801
12693,21,0,0,5649,867,30463201
12694,20,0,0,5649,867,30465601
12695,21,0,0,5649,867,30468001
12696,22,0,0,5649,867,30470401
12697,23,0,0,5649,867,30472801
12698,21,0,0,5649,867,30475201
12699,21,0,0,5649,867,30477601
12700,21,0,0,5649,867,30480001
12701,24,0,0,5649,867,30482401
12702,23,1,0,5650,867,30484801
12703,21,0,0,5650,867,30487201
12704,21,0,0,5650,867,30489601
12705,23,0,0,5650,867,30492001
12706,22,0,0,5650,867,30494401
12707,23,0,0,5650,867,30496801
12708,21,0,0,5650,867,30499201
12709,23,0,0,5650,867,30501601
12710,22,0,0,5650,867,30504001
12711,24,0,0,5650,867,30506401
12712,20,0,0,5650,867,30508801
12713,22,0,0,5650,867,30511201
12714,25,0,0,5650,867,30513601
12715,27,0,0,5650,867,30516001
12716,22,0,0,5650,867,30518401
12717,23,0,0,5650,867,30520801
12718,24,0,0,5650,867,30523201
12719,22,0,0,5650,867,30525601
12720,21,0,0,5650,867,30528001
12721,20,0,0,5650,867,30530401
12722,22,0,0,5650,867,30532801
12723,23,0,0,5650,867,30535201
12724,19,0,0,5650,867,30537601
12725,22,0,0,5650,867,30540001
12726,24,0,0,5650,867,30542401
12727,26,0,0,5650,867,30544801
12728,27,0,0,5650,867,30547201
12729,28,0,0,5650,867,30549601
12730,28,0,0,5650,867,30552001
12731,29,0,0,5650,867,30554401
12732,29,0,0,5650,867,30556801
12733,28,0,0,5650,867,30559201
12734,25,0,0,5650,867,30561601
12735,25,0,0,5650,867,30564001
12736,23,0,0,5650,867,30566401
12737,28,0,0,5650,867,30568801
12738,23,0,0,5650,867,30571201
12739,26,0,0,5650,867,30573601
12740,25,0,0,5650,867,30576001
12741,27,0,0,5650,867,30578401
12742,22,0,0,5650,867,30580801
12743,21,0,0,5650,867,30583201
12744,19,0,0,5650,867,30585601
12745,20,0,0,5650,867,30588001
12746,20,0,0,5650,867,30590401
12747,19,0,0,5650,867,30592801
12748,19,0,0,5650,867,30595201
12749,19,1,0,5651,867,30597601
12750,20,0,0,5651,867,30600001
12751,20,0,0,5651,867,30602401
12752,22,0,0,5651,867,30604801
12753,24,0,0,5651,867,30607201
12754,22,0,0,5651,867,30609601
12755,23,0,0,5651,867,30612001
12756,23,0,0,5651,867,30614401
12757,25,0,0,5651,867,30616801
12758,24,1,0,5652,867,30619201
12759,21,0,0,5652,867,30621601
12760,23,0,0,5652,867,30624001
12761,24,0,0,5652,867,30626401
12762,24,0,0,5652,867,30628801
12763,21,0,0,5652,867,30631201
12764,22,0,0,5652,867,30633601
12765,23,0,0,5652,867,30636001
12766,24,0,0,5652,867,30638401
12767,23,0,0,5652,867,30640801
12768,24,0,0,5652,867,30643201
12769,25,0,0,5652,867,30645601
12770,26,1,0,5653,867,30648001
12771,23,0,0,5653,867,30650401
12772,25,0,0,5653,867,30652801
12773,29,0,0,5653,867,30655201
12774,27,0,0,5653,867,30657601
12775,25,0,0,5653,867,30660001
12776,27,0,0,5653,867,30662401
12777,26,0,0,5653,867,30664801
12778,29,0,0,5653,867,30667201
12779,25,0,0,5653,867,30669601
12780,22,0,0,5653,867,30672001
12781,23,0,0,5653,867,30674401
12782,26,0,0,5653,867,30676801
12783,20,0,0,5653,867,30679201
12784,22,0,0,5653,867,30681601
12785,23,0,0,5653,867,30684001
12786,25,0,0,5653,867,30686401
12787,20,0,0,5653,867,30688801
12788,20,1,0,5654,867,30691201
12789,19,0,0,5654,867,30693601
12790,19,0,0,5654,867,30696001
12791,19,0,0,5654,867,30698401
12792,21,0,0,5654,867,30700801
12793,20,0,0,5654,867,30703201
12794,23,0,0,5654,867,30705601
12795,17,0,0,5654,867,30708001
12796,19,0,0,5654,867,30710401
12797,20,0,0,5654,867,30712801
12798,20,0,0,5654,867,30715201
12799,16,0,0,5654,867,30717601
12800,18,0,0,5654,867,30720001
12801,19,0,0,5654,867,30722401
12802,23,0,0,5654,867,30724801
12803,19,0,0,5654,867,30727201
12804,18,0,0,5654,867,30729601
12805,18,0,0,5654,867,30732001
12806,21,0,0,5654,867,30734401
12807,18,0,0,5654,867,30736801
12808,20,0,0,5654,867,30739201
12809,22,0,0,5654,867,30741601
12810,26,0,0,5654,867,30744001
12811,23,0,0,5654,867,30746401
12812,23,0,0,5654,867,30748801
12813,16,0,0,5654,867,30751201
12814,17,0,0,5654,867,30753601
12815,14,1,0,5655,867,30756001
12816,19,0,0,5655,867,30758401
12817,18,0,0,5655,867,30760801
12818,16,0,0,5655,867,30763201
12819,14,0,0,5655,867,30765601
12820,18,0,0,5655,867,30768001
12821,17,0,0,5655,867,30770401
12822,15,0,0,5655,867,30772801
12823,13,0,0,5655,867,30775201
12824,16,0,0,5655,867,30777601
12825,13,0,0,5655,867,30780001
12826,14,0,0,5655,867,30782401
12827,11,0,0,5655,867,30784801
12828,14,0,0,5655,867,30787201
12829,14,0,0,5655,867,30789601
12830,14,0,0,5655,867,30792001
12831,14,0,0,5655,867,30794401
12832,15,0,0,5655,867,30796801
12833,15,0,0,5655,867,30799201
12834,17,0,0,5655,867,30801601
12835,18,0,0,5655,867,30804001
12836,18,0,0,5655,867,30806401
12837,18,0,0,5655,867,30808801
12838,17,0,0,5655,867,30811201
12839,16,0,0,5655,867,30813601
12840,17,0,0,5655,867,30816001
12841,17,0,0,5655,867,30818401
12842,17,0,0,5655,867,30820801
12843,17,0,0,5655,867,30823201
12844,18,0,0,5655,867,30825601
12845,15,0,0,5655,867,30828001
12846,15,0,0,5655,867,30830401
12847,13,0,0,5655,867,30832801
12848,16,0,0,5655,867,30835201
12849,15,0,0,5655,867,30837601
12850,16,0,0,5655,867,30840001
12851,14,0,0,5655,867,30842401
12852,16,0,0,5655,867,30844801
12853,18,0,0,5655,867,30847201
12854,19,0,0,5655,867,30849601
12855,16,0,0,5655,867,30852001
12856,16,0,0,5655,867,30854401
12857,17,0,0,5655,867,30856801
12858,17,0,0,5655,867,30859201
12859,16,0,0,5655,867,30861601
12860,19,0,0,5655,867,30864001
12861,17,0,0,5655,867,30866401
12862,18,0,0,5655,867,30868801
12863,18,0,0,5655,867,30871201
12864,17,0,0,5655,867,30873601
12865,18,0,0,5655,867,30876001
12866,15,0,0,5655,867,30878401
12867,15,0,0,5655,867,30880801
12868,17,0,0,5655,867,30883201
12869,16,0,0,5655,867,30885601
12870,18,0,0,5655,867,30888001
12871,18,0,0,5655,867,30890401
12872,18,0,0,5655,867,30892801
12873,19,0,0,5655,867,30895201
12874,20,0,0,5655,867,30897601
12875,20,0,0,5655,867,30900001
12876,22,0,0,5655,867,30902401
12877,21,0,0,5655,867,30904801
12878,21,0,0,5655,867,30907201
12879,23,0,0,5655,867,30909601
12880,21,0,0,5655,867,30912001
12881,20,0,0,5655,867,30914401
12882,24,0,0,5655,867,30916801
12883,22,1,0,5656,867,30919201
12884,23,0,0,5656,867,30921601
12885,21,0,0,5656,867,30924001
12886,27,0,0,5656,867,30926401
12887,26,0,0,5656,867,30928801
12888,26,0,0,5656,867,30931201
12889,23,1,0,5657,867,30933601
12890,25,0,0,5657,867,30936001
12891,26,0,0,5657,867,30938401
12892,24,0,0,5657,867,30940801
12893,22,0,0,5657,867,30943201
12894,26,0,0,5657,867,30945601
12895,21,0,0,5657,867,30948001
12896,24,0,0,5657,867,30950401
12897,23,0,0,5657,867,30952801
12898,24,0,0,5657,867,30955201
12899,24,0,0,5657,867,30957601
12900,24,0,0,5657,867,30960001
12901,23,0,0,5657,867,30962401
12902,24,0,0,5657,867,30964801
12903,20,0,0,5657,867,30967201
12904,22,0,0,5657,867,30969601
12905,20,0,0,5657,867,30972001
12906,24,0,0,5657,867,30974401
12907,20,1,0,5658,867,30976801
12908,22,0,0,5658,867,30979201
12909,23,0,0,5658,867,30981601
12910,20,1,0,5659,867,30984001
12911,20,0,0,5659,867,30986401
12912,22,0,0,5659,867,30988801
12913,21,0,0,5659,867,30991201
12914,23,0,0,5659,867,30993601
12915,20,0,0,5659,867,30996001
12916,23,0,0,5659,867,30998401
12917,23,0,0,5659,867,31000801
12918,23,0,0,5659,867,31003201
12919,20,0,0,5659,867,31005601
12920,23,0,0,5659,867,31008001
12921,23,0,0,5659,867,31010401
12922,21,0,0,5659,867,31012801
12923,19,0,0,5659,867,31015201
12924,18,0,0,5659,867,31017601
12925,18,0,0,5659,867,31020001
12926,18,1,0,5660,867,31022401
12927,17,0,0,5660,867,31024801
12928,15,0,0,5660,867,31027201
12929,16,0,0,5660,867,31029601
12930,17,0,0,5660,867,31032001
12931,15,0,0,5660,867,31034401
12932,16,0,0,5660,867,31036801
12933,16,1,0,5661,867,31039201
12934,17,0,0,5661,867,31041601
12935,15,0,0,5661,867,31044001
12936,18,0,0,5661,867,31046401
12937,19,0,0,5661,867,31048801
12938,18,0,0,5661,867,31051201
12939,19,0,0,5661,867,31053601
12940,19,0,0,5661,867,31056001
12941,15,0,0,5661,867,31058401
12942,14,0,0,5661,867,31060801
12943,13,0,0,5661,867,31063201
12944,16,0,0,5661,867,31065601
12945,16,0,0,5661,867,31068001
12946,15,0,0,5661,867,31070401
12947,15,0,0,5661,867,31072801
12948,17,0,0,5661,867,31075201
12949,18,0,0,5661,867,31077601
12950,16,0,0,5661,867,31080001
12951,16,0,0,5661,867,31082401
12952,19,0,0,5661,867,31084801
12953,20,0,0,5661,867,31087201
12954,19,1,0,5662,867,31089601
12955,17,0,0,5662,867,31092001
12956,20,0,0,5662,867,31094401
12957,20,0,0,5662,867,31096801
12958,19,0,0,5662,867,31099201
12959,17,0,0,5662,867,31101601
12960,21,1,0,5663,867,31104001
12961,21,0,0,5663,867,31106401
12962,20,0,0,5663,867,31108801
12963,20,0,0,5663,867,31111201
12964,25,0,0,5663,867,31113601
12965,22,1,0,5664,867,31116001
12966,20,1,0,5665,867,31118401
12967,17,1,0,5666,867,31120801
12968,19,0,0,5666,867,31123201
12969,18,0,0,5666,867,31125601
12970,17,0,0,5666,867,31128001
12971,15,0,0,5666,867,31130401
12972,17,0,0,5666,867,31132801
12973,19,0,0,5666,867,31135201
12974,17,0,0,5666,867,31137601
12975,18,0,0,5666,867,31140001
12976,18,0,0,5666,867,31142401
12977,21,0,0,5666,867,31144801
12978,21,0,0,5666,867,31147201
12979,21,0,0,5666,867,31149601
12980,21,1,0,5667,867,31152001
12981,21,0,0,5667,867,31154401
12982,20,0,0,5667,867,31156801
12983,20,0,0,5667,867,31159201
12984,19,0,0,5667,867,31161601
12985,20,0,0,5667,867,31164001
12986,19,0,0,5667,867,31166401
12987,17,0,0,5667,867,31168801
12988,16,1,0,5668,867,31171201
12989,18,0,0,5668,867,31173601
12990,15,0,0,5668,867,31176001
12991,15,0,0,5668,867,31178401
12992,17,0,0,5668,867,31180801
12993,19,0,0,5668,867,31183201
12994,17,0,0,5668,867,31185601
12995,17,0,0,5668,867,31188001
12996,19,0,0,5668,867,31190401
12997,19,0,0,5668,867,31192801
12998,19,0,0,5668,867,31195201
12999,17,0,0,5668,867,31197601
13000,18,0,0,5668,867,31200001
13001,18,0,0,5668,867,31202401
13002,18,0,0,5668,867,31204801
13003,19,0,0,5668,867,31207201
13004,20,0,0,5668,867,31209601
13005,21,0,0,5668,867,31212001
13006,18,0,0,5668,867,31214401
13007,18,0,0,5668,867,31216801
13008,18,0,0,5668,867,31219201
13009,20,0,0,5668,867,31221601
13010,19,0,0,5668,867,31224001
13011,20,0,0,5668,867,31226401
13012,18,0,0,5668,867,31228801
13013,17,0,0,5668,867,31231201
13014,18,0,0,5668,867,31233601
13015,20,0,0,5668,867,31236001
13016,19,0,0,5668,867,31238401
13017,19,0,0,5668,867,31240801
13018,20,0,0,5668,867,31243201
13019,21,0,0,5668,867,31245601
13020,22,0,0,5668,867,31248001
13021,19,0,0,5668,867,31250401
13022,22,0,0,5668,867,31252801
13023,21,0,0,5668,867,31255201
13024,20,0,0,5668,867,31257601
13025,18,0,0,5668,867,31260001
13026,20,0,0,5668,867,31262401
13027,19,1,0,5669,867,31264801
13028,21,0,0,5669,867,31267201
13029,20,0,0,5669,867,31269601
13030,21,0,0,5669,867,31272001
13031,21,0,0,5669,867,31274401
13032,24,0,0,5669,867,31276801
13033,24,1,0,5670,867,31279201
13034,24,1,0,5671,867,31281601
13035,22,0,0,5671,867,31284001
13036,21,0,0,5671,867,31286401
13037,21,0,0,5671,867,31288801
13038,23,0,0,5671,867,31291201
13039,19,0,0,5671,867,31293601
13040,23,0,0,5671,867,31296001
13041,20,0,0,5671,867,31298401
13042,21,0,0,5671,867,31300801
13043,18,0,0,5671,867,31303201
13044,22,0,0,5671,867,31305601
13045,18,0,0,5671,867,31308001
13046,17,0,0,5671,867,31310401
13047,17,0,0,5671,867,31312801
13048,18,0,0,5671,867,31315201
13049,15,0,0,5671,867,31317601
13050,15,1,0,5672,867,31320001
13051,16,0,0,5672,867,31322401
13052,16,0,0,5672,867,31324801
13053,13,0,0,5672,867,31327201
13054,13,0,0,5672,867,31329601
13055,15,0,0,5672,867,31332001
13056,15,0,0,5672,867,31334401
13057,13,0,0,5672,867,31336801
13058,13,0,0,5672,867,31339201
13059,14,0,0,5672,867,31341601
13060,13,0,0,5672,867,31344001
13061,11,0,0,5672,867,31346401
13062,13,0,0,5672,867,31348801
13063,13,0,0,5672,867,31351201
13064,14,0,0,5672,867,31353601
13065,12,1,0,5673,867,31356001
13066,10,0,0,5673,867,31358401
13067,11,0,0,5673,867,31360801
13068,10,0,0,5673,867,31363201
13069,13,0,0,5673,867,31365601
13070,12,0,0,5673,867,31368001
13071,13,0,0,5673,867,31370401
13072,13,0,0,5673,867,31372801
13073,15,0,0,5673,867,31375201
13074,15,0,0,5673,867,31377601
13075,17,1,0,5674,867,31380001
13076,15,0,0,5674,867,31382401
13077,14,0,0,5674,867,31384801
13078,15,0,0,5674,867,31387201
13079,16,0,0,5674,867,31389601
13080,17,0,0,5674,867,31392001
13081,17,0,0,5674,867,31394401
13082,18,0,0,5674,867,31396801
13083,19,0,0,5674,867,31399201
13084,19,1,0,5675,867,31401601
13085,18,0,0,5675,867,31404001
13086,14,1,0,5676,867,31406401
13087,16,0,0,5676,867,31408801
13088,16,0,0,5676,867,31411201
13089,15,0,0,5676,867,31413601
13090,14,0,0,5676,867,31416001
13091,18,0,0,5676,867,31418401
13092,17,0,0,5676,867,31420801
13093,15,0,0,5676,867,31423201
13094,15,0,0,5676,867,31425601
13095,19,0,0,5676,867,31428001
13096,16,1,0,5677,867,31430401
13097,14,0,0,5677,867,31432801
13098,13,0,0,5677,867,31435201
13099,16,0,0,5677,867,31437601
13100,18,0,0,5677,867,31440001
13101,18,0,0,5677,867,31442401
13102,18,0,0,5677,867,31444801
13103,20,0,0,5677,867,31447201
13104,20,1,0,5678,867,31449601
13105,19,0,0,5678,867,31452001
13106,17,1,0,5679,867,31454401
13107,19,0,0,5679,867,31456801
13108,18,0,0,5679,867,31459201
13109,17,0,0,5679,867,31461601
13110,15,0,0,5679,867,31464001
13111,17,0,0,5679,867,31466401
13112,18,0,0,5679,867,31468801
13113,20,0,0,5679,867,31471201
13114,21,1,0,5680,867,31473601
13115,20,0,0,5680,867,31476001
13116,18,0,0,5680,867,31478401
13117,20,0,0,5680,867,31480801
13118,17,0,0,5680,867,31483201
13119,16,0,0,5680,867,31485601
13120,15,0,0,5680,867,31488001
13121,17,0,0,5680,867,31490401
13122,16,0,0,5680,867,31492801
13123,17,0,0,5680,867,31495201
13124,18,0,0,5680,867,31497601
13125,23,0,0,5680,867,31500001
13126,21,0,0,5680,867,31502401
13127,23,0,0,5680,867,31504801
13128,24,0,0,5680,867,31507201
13129,24,0,0,5680,867,31509601
13130,22,0,0,5680,867,31512001
13131,24,1,0,5681,867,31514401
13132,21,0,0,5681,867,31516801
13133,23,0,0,5681,867,31519201
13134,20,0,0,5681,867,31521601
13135,20,1,0,5682,867,31524001
13136,21,0,0,5682,867,31526401
13137,20,0,0,5682,867,31528801
13138,21,0,0,5682,867,31531201
13139,18,0,0,5682,867,31533601
13140,19,0,0,5682,867,31536001
13141,22,0,0,5682,867,31538401
13142,20,1,0,5683,867,31540801
13143,21,0,0,5683,867,31543201
13144,23,0,0,5683,867,31545601
13145,22,0,0,5683,867,31548001
13146,22,0,0,5683,867,31550401
13147,23,0,0,5683,867,31552801
13148,21,0,0,5683,867,31555201
13149,19,0,0,5683,867,31557601
13150,19,0,0,5683,867,31560001
13151,22,0,0,5683,867,31562401
13152,23,0,0,5683,867,31564801
13153,23,0,0,5683,867,31567201
13154,22,0,0,5683,867,31569601
13155,28,0,0,5683,867,31572001
13156,22,0,0,5683,867,31574401
13157,22,0,0,5683,867,31576801
13158,20,0,0,5683,867,31579201
13159,24,0,0,5683,867,31581601
13160,23,0,0,5683,867,31584001
13161,22,1,0,5684,867,31586401
13162,21,0,0,5684,867,31588801
13163,27,0,0,5684,867,31591201
13164,25,0,0,5684,867,31593601
13165,25,0,0,5684,867,31596001
13166,22,0,0,5684,867,31598401
13167,27,0,0,5684,867,31600801
13168,22,0,0,5684,867,31603201
13169,23,0,0,5684,867,31605601
13170,18,0,0,5684,867,31608001
13171,24,0,0,5684,867,31610401
13172,23,0,0,5684,867,31612801
13173,19,0,0,5684,867,31615201
13174,18,1,0,5685,867,31617601
13175,22,1,0,5686,867,31620001
13176,18,0,0,5686,867,31622401
13177,16,0,0,5686,867,31624801
13178,17,0,0,5686,867,31627201
13179,19,0,0,5686,867,31629601
13180,18,0,0,5686,867,31632001
13181,17,0,0,5686,867,31634401
13182,20,0,0,5686,867,31636801
13183,20,0,0,5686,867,31639201
13184,19,0,0,5686,867,31641601
13185,17,0,0,5686,867,31644001
13186,19,1,0,5687,867,31646401
13187,21,0,0,5687,867,31648801
13188,20,0,0,5687,867,31651201
13189,18,0,0,5687,867,31653601
13190,20,0,0,5687,867,31656001
13191,25,0,0,5687,867,31658401
13192,19,0,0,5687,867,31660801
13193,17,0,0,5687,867,31663201
13194,20,0,0,5687,867,31665601
13195,25,0,0,5687,867,31668001
13196,21,0,0,5687,867,31670401
13197,19,0,0,5687,867,31672801
13198,22,0,0,5687,867,31675201
13199,22,1,0,5688,867,31677601
13200,21,0,0,5688,867,31680001
13201,22,0,0,5688,867,31682401
13202,20,1,0,5689,867,31684801
13203,21,0,0,5689,867,31687201
13204,19,0,0,5689,867,31689601
13205,18,0,0,5689,867,31692001
13206,16,0,0,5689,867,31694401
13207,16,0,0,5689,867,31696801
13208,15,0,0,5689,867,31699201
13209,15,1,0,5690,867,31701601
13210,13,0,0,5690,867,31704001
13211,14,0,0,5690,867,31706401
13212,14,0,0,5690,867,31708801
13213,11,1,0,5691,867,31711201
13214,10,0,0,5691,867,31713601
13215,11,0,0,5691,867,31716001
13216,12,0,0,5691,867,31718401
13217,12,0,0,5691,867,31720801
13218,13,0,0,5691,867,31723201
13219,15,0,0,5691,867,31725601
13220,16,0,0,5691,867,31728001
13221,16,0,0,5691,867,31730401
13222,16,0,0,5691,867,31732801
13223,18,0,0,5691,867,31735201
13224,14,0,0,5691,867,31737601
13225,13,0,0,5691,867,31740001
13226,12,0,0,5691,867,31742401
13227,15,0,0,5691,867,31744801
13228,14,0,0,5691,867,31747201
13229,14,0,0,5691,867,31749601
13230,13,0,0,5691,867,31752001
13231,15,0,0,5691,867,31754401
13232,15,0,0,5691,867,31756801
13233,15,0,0,5691,867,31759201
13234,13,0,0,5691,867,31761601
13235,16,0,0,5691,867,31764001
13236,16,0,0,5691,867,31766401
13237,15,0,0,5691,867,31768801
13238,15,0,0,5691,867,31771201
13239,18,0,0,5691,867,31773601
13240,18,0,0,5691,867,31776001
13241,16,0,0,5691,867,31778401
13242,16,0,0,5691,867,31780801
13243,19,0,0,5691,867,31783201
13244,17,0,0,5691,867,31785601
13245,14,1,0,5692,867,31788001
13246,15,0,0,5692,867,31790401
13247,17,0,0,5692,867,31792801
13248,17,0,0,5692,867,31795201
13249,19,0,0,5692,867,31797601
13250,18,0,0,5692,867,31800001
13251,21,0,0,5692,867,31802401
13252,19,1,0,5693,867,31804801
13253,20,0,0,5693,867,31807201
13254,19,0,0,5693,867,31809601
13255,23,0,0,5693,867,31812001
13256,21,0,0,5693,867,31814401
13257,22,0,0,5693,867,31816801
13258,19,0,0,5693,867,31819201
13259,21,0,0,5693,867,31821601
13260,18,1,0,5694,867,31824001
13261,17,0,0,5694,867,31826401
13262,16,0,0,5694,867,31828801
13263,19,0,0,5694,867,31831201
13264,17,0,0,5694,867,31833601
13265,16,1,0,5695,867,31836001
13266,16,0,0,5695,867,31838401
13267,19,0,0,5695,867,31840801
13268,17,0,0,5695,867,31843201
13269,18,0,0,5695,867,31845601
13270,18,1,0,5696,867,31848001
13271,21,0,0,5696,867,31850401
13272,19,0,0,5696,867,31852801
13273,20,0,0,5696,867,31855201
13274,19,1,0,5697,867,31857601
13275,20,1,0,5698,867,31860001
13276,15,1,0,5699,867,31862401
13277,15,0,0,5699,867,31864801
13278,17,0,0,5699,867,31867201
13279,16,0,0,5699,867,31869601
13280,17,0,0,5699,867,31872001
13281,18,0,0,5699,867,31874401
13282,21,0,0,5699,867,31876801
13283,21,0,0,5699,867,31879201
13284,22,0,0,5699,867,31881601
13285,19,0,0,5699,867,31884001
13286,21,0,0,5699,867,31886401
13287,19,0,0,5699,867,31888801
13288,20,0,0,5699,867,31891201
13289,22,0,0,5699,867,31893601
13290,21,0,0,5699,867,31896001
13291,20,1,0,5700,867,31898401
13292,20,0,0,5700,867,31900801
13293,20,1,0,5701,867,31903201
13294,22,0,0,5701,867,31905601
13295,19,2,0,5703,867,31908001
13296,18,1,0,5704,867,31910401
13297,20,0,0,5704,867,31912801
13298,19,0,0,5704,867,31915201
13299,20,0,0,5704,867,31917601
13300,18,0,0,5704,867,31920001
13301,19,0,0,5704,867,31922401
13302,21,0,0,5704,867,31924801
13303,19,0,0,5704,867,31927201
13304,16,1,0,5705,867,31929601
13305,17,0,0,5705,867,31932001
13306,16,0,0,5705,867,31934401
13307,15,0,0,5705,867,31936801
13308,13,0,0,5705,867,31939201
13309,14,0,0,5705,867,31941601
13310,14,0,0,5705,867,31944001
13311,15,0,0,5705,867,31946401
13312,14,0,0,5705,867,31948801
13313,17,0,0,5705,867,31951201
13314,15,0,0,5705,867,31953601
13315,16,0,0,5705,867,31956001
13316,14,1,0,5706,867,31958401
13317,15,0,0,5706,867,31960801
13318,14,0,0,5706,867,31963201
13319,15,0,0,5706,867,31965601
13320,15,0,0,5706,867,31968001
13321,17,0,0,5706,867,31970401
13322,16,0,0,5706,867,31972801
13323,15,0,0,5706,867,31975201
13324,16,0,0,5706,867,31977601
13325,18,0,0,5706,867,31980001
13326,19,0,0,5706,867,31982401
13327,19,0,0,5706,867,31984801
13328,19,0,0,5706,867,31987201
13329,19,0,0,5706,867,31989601
13330,23,0,0,5706,867,31992001
13331,20,0,0,5706,867,31994401
13332,20,1,0,5707,867,31996801
13333,20,0,0,5707,867,31999201
13334,22,0,0,5707,867,32001601
13335,20,0,0,5707,867,32004001
13336,19,0,0,5707,867,32006401
13337,17,1,0,5708,867,32008801
13338,21,0,0,5708,867,32011201
13339,18,0,0,5708,867,32013601
13340,19,0,0,5708,867,32016001
13341,20,0,0,5708,867,32018401
13342,23,0,0,5708,867,32020801
13343,22,0,0,5708,867,32023201
13344,24,0,0,5708,867,32025601
13345,25,0,0,5708,867,32028001
13346,27,1,0,5709,867,32030401
13347,23,0,0,5709,867,32032801
13348,25,0,0,5709,867,32035201
13349,24,0,0,5709,867,32037601
13350,25,0,0,5709,867,32040001
13351,24,0,0,5709,867,32042401
13352,24,1,0,5710,867,32044801
13353,27,0,0,5710,867,32047201
13354,24,0,0,5710,867,32049601
13355,23,0,0,5710,867,32052001
13356,24,0,0,5710,867,32054401
13357,29,0,0,5710,867,32056801
13358,21,2,0,5712,867,32059201
13359,21,0,0,5712,867,32061601
13360,20,0,0,5712,867,32064001
13361,24,0,0,5712,867,32066401
13362,20,0,0,5712,867,32068801
13363,23,0,0,5712,867,32071201
13364,21,0,0,5712,867,32073601
13365,23,1,0,5713,867,32076001
13366,19,0,0,5713,867,32078401
13367,22,0,0,5713,867,32080801
13368,18,0,0,5713,867,32083201
13369,18,0,0,5713,867,32085601
13370,18,0,0,5713,867,32088001
13371,22,0,0,5713,867,32090401
13372,20,0,0,5713,867,32092801
13373,22,0,0,5713,867,32095201
13374,22,0,0,5713,867,32097601
13375,23,0,0,5713,867,32100001
13376,19,1,0,5714,867,32102401
13377,20,0,0,5714,867,32104801
13378,22,0,0,5714,867,32107201
13379,20,0,0,5714,867,32109601
13380,14,0,0,5714,867,32112001
13381,17,0,0,5714,867,32114401
13382,17,0,0,5714,867,32116801
13383,19,0,0,5714,867,32119201
13384,17,0,0,5714,867,32121601
13385,20,0,0,5714,867,32124001
13386,20,0,0,5714,867,32126401
13387,20,0,0,5714,867,32128801
13388,18,0,0,5714,867,32131201
13389,19,0,0,5714,867,32133601
13390,22,0,0,5714,867,32136001
13391,19,0,0,5714,867,32138401
13392,16,0,0,5714,867,32140801
13393,14,0,0,5714,867,32143201
13394,17,0,0,5714,867,32145601
13395,16,0,0,5714,867,32148001
13396,17,0,0,5714,867,32150401
13397,16,0,0,5714,867,32152801
13398,17,0,0,5714,867,32155201
13399,16,1,0,5715,867,32157601
13400,17,0,0,5715,867,32160001
13401,15,0,0,5715,867,32162401
13402,17,0,0,5715,867,32164801
13403,15,0,0,5715,867,32167201
13404,16,0,0,5715,867,32169601
13405,16,0,0,5715,867,32172001
13406,17,0,0,5715,867,32174401
13407,18,0,0,5715,867,32176801
13408,18,0,0,5715,867,32179201
13409,15,1,0,5716,867,32181601
13410,16,0,0,5716,867,32184001
13411,14,0,0,5716,867,32186401
13412,17,0,0,5716,867,32188801
13413,15,0,0,5716,867,32191201
13414,18,0,0,5716,867,32193601
13415,17,0,0,5716,867,32196001
13416,20,0,0,5716,867,32198401
13417,19,0,0,5716,867,32200801
13418,18,0,0,5716,867,32203201
13419,19,0,0,5716,867,32205601
13420,18,0,0,5716,867,32208001
13421,19,0,0,5716,867,32210401
13422,21,0,0,5716,867,32212801
13423,21,1,0,5717,867,32215201
13424,19,0,0,5717,867,32217601
13425,20,0,0,5717,867,32220001
13426,22,0,0,5717,867,32222401
13427,21,0,0,5717,867,32224801
13428,21,0,0,5717,867,32227201
13429,22,0,0,5717,867,32229601
13430,22,1,0,5718,867,32232001
13431,22,0,0,5718,867,32234401
13432,22,0,0,5718,867,32236801
13433,22,1,0,5719,867,32239201
13434,22,0,0,5719,867,32241601
13435,21,0,0,5719,867,32244001
13436,23,0,0,5719,867,32246401
13437,22,0,0,5719,867,32248801
13438,22,1,0,5720,867,32251201
13439,20,1,0,5721,867,32253601
13440,19,0,0,5721,867,32256001
13441,20,1,0,5722,867,32258401
13442,19,0,0,5722,867,32260801
13443,16,0,0,5722,867,32263201
13444,15,0,0,5722,867,32265601
13445,16,0,0,5722,867,32268001
13446,20,1,0,5723,867,32270401
13447,15,0,0,5723,867,32272801
13448,13,1,0,5724,867,32275201
13449,14,0,0,5724,867,32277601
13450,16,0,0,5724,867,32280001
13451,15,0,0,5724,867,32282401
13452,15,0,0,5724,867,32284801
13453,17,0,0,5724,867,32287201
13454,19,0,0,5724,867,32289601
13455,16,0,0,5724,867,32292001
13456,17,0,0,5724,867,32294401
13457,17,0,0,5724,867,32296801
13458,18,0,0,5724,867,32299201
13459,20,0,0,5724,867,32301601
13460,19,0,0,5724,867,32304001
13461,19,0,0,5724,867,32306401
13462,22,0,0,5724,867,32308801
13463,24,0,0,5724,867,32311201
13464,20,0,0,5724,867,32313601
13465,21,0,0,5724,867,32316001
13466,21,0,0,5724,867,32318401
13467,22,0,0,5724,867,32320801
13468,20,0,0,5724,867,32323201
13469,21,0,0,5724,867,32325601
13470,22,0,0,5724,867,32328001
13471,22,0,0,5724,867,32330401
13472,24,0,0,5724,867,32332801
13473,24,0,0,5724,867,32335201
13474,22,0,0,5724,867,32337601
13475,22,0,0,5724,867,32340001
13476,23,0,0,5724,867,32342401
13477,23,0,0,5724,867,32344801
13478,20,0,0,5724,867,32347201
13479,21,0,0,5724,867,32349601
13480,23,1,0,5725,867,32352001
13481,21,0,0,5725,867,32354401
13482,18,0,0,5725,867,32356801
13483,17,0,0,5725,867,32359201
13484,22,0,0,5725,867,32361601
13485,19,0,0,5725,867,32364001
13486,19,0,0,5725,867,32366401
13487,18,0,0,5725,867,32368801
13488,19,0,0,5725,867,32371201
13489,17,0,0,5725,867,32373601
13490,19,0,0,5725,867,32376001
13491,19,0,0,5725,867,32378401
13492,20,0,0,5725,867,32380801
13493,21,0,0,5725,867,32383201
13494,20,0,0,5725,867,32385601
13495,17,0,0,5725,867,32388001
13496,18,0,0,5725,867,32390401
13497,15,2,0,5727,867,32392801
13498,15,1,0,5728,867,32395201
13499,16,0,0,5728,867,32397601
13500,16,0,0,5728,867,32400001
13501,14,0,0,5728,867,32402401
13502,17,0,0,5728,867,32404801
13503,17,0,0,5728,867,32407201
13504,17,0,0,5728,867,32409601
13505,15,0,0,5728,867,32412001
13506,18,1,0,5729,867,32414401
13507,19,0,0,5729,867,32416801
13508,18,0,0,5729,867,32419201
13509,17,0,0,5729,867,32421601
13510,16,0,0,5729,867,32424001
13511,19,0,0,5729,867,32426401
13512,18,0,0,5729,867,32428801
13513,18,0,0,5729,867,32431201
13514,18,0,0,5729,867,32433601
13515,21,0,0,5729,867,32436001
13516,20,0,0,5729,867,32438401
13517,17,0,0,5729,867,32440801
13518,17,0,0,5729,867,32443201
13519,19,0,0,5729,867,32445601
13520,18,0,0,5729,867,32448001
13521,17,0,0,5729,867,32450401
13522,17,0,0,5729,867,32452801
13523,23,0,0,5729,867,32455201
13524,21,0,0,5729,867,32457601
13525,20,0,0,5729,867,32460001
13526,19,0,0,5729,867,32462401
13527,22,1,0,5730,867,32464801
13528,19,0,0,5730,867,32467201
13529,21,0,0,5730,867,32469601
13530,22,0,0,5730,867,32472001
13531,24,0,0,5730,867,32474401
13532,21,0,0,5730,867,32476801
13533,22,1,0,5731,867,32479201
13534,23,0,0,5731,867,32481601
13535,21,0,0,5731,867,32484001
13536,20,0,0,5731,867,32486401
13537,16,0,0,5731,867,32488801
13538,17,1,0,5732,867,32491201
13539,17,1,0,5733,867,32493601
13540,17,0,0,5733,867,32496001
13541,16,0,0,5733,867,32498401
13542,17,0,0,5733,867,32500801
13543,18,0,0,5733,867,32503201
13544,17,0,0,5733,867,32505601
13545,17,0,0,5733,867,32508001
13546,18,0,0,5733,867,32510401
13547,19,0,0,5733,867,32512801
13548,16,0,0,5733,867,32515201
13549,12,0,0,5733,867,32517601
13550,13,0,0,5733,867,32520001
13551,15,0,0,5733,867,32522401
13552,14,0,0,5733,867,32524801
13553,12,0,0,5733,867,32527201
13554,14,0,0,5733,867,32529601
13555,14,2,0,5735,867,32532001
13556,15,0,0,5735,867,32534401
13557,15,0,0,5735,867,32536801
13558,15,0,0,5735,867,32539201
13559,15,0,0,5735,867,32541601
13560,13,0,0,5735,867,32544001
13561,15,0,0,5735,867,32546401
13562,15,0,0,5735,867,32548801
13563,14,0,0,5735,867,32551201
13564,12,0,0,5735,867,32553601
13565,15,0,0,5735,867,32556001
13566,13,0,0,5735,867,32558401
13567,15,0,0,5735,867,32560801
13568,17,0,0,5735,867,32563201
13569,17,0,0,5735,867,32565601
13570,16,0,0,5735,867,32568001
13571,16,0,0,5735,867,32570401
13572,20,0,0,5735,867,32572801
13573,22,0,0,5735,867,32575201
13574,19,2,0,5737,867,32577601
13575,17,0,0,5737,867,32580001
13576,20,0,0,5737,867,32582401
13577,21,0,0,5737,867,32584801
13578,20,0,0,5737,867,32587201
13579,21,0,0,5737,867,32589601
13580,19,1,0,5738,867,32592001
13581,20,0,0,5738,867,32594401
13582,20,0,0,5738,867,32596801
13583,21,0,0,5738,867,32599201
13584,20,0,0,5738,867,32601601
13585,19,0,0,5738,867,32604001
13586,19,0,0,5738,867,32606401
13587,17,1,0,5739,867,32608801
13588,16,1,0,5740,867,32611201
13589,13,0,0,5740,867,32613601
13590,13,0,0,5740,867,32616001
13591,13,0,0,5740,867,32618401
13592,13,0,0,5740,867,32620801
13593,11,0,0,5740,867,32623201
13594,11,0,0,5740,867,32625601
13595,11,0,0,5740,867,32628001
13596,10,0,0,5740,867,32630401
13597,10,0,0,5740,867,32632801
13598,11,0,0,5740,867,32635201
13599,11,0,0,5740,867,32637601
13600,11,0,0,5740,867,32640001
13601,12,0,0,5740,867,32642401
13602,10,0,0,5740,867,32644801
13603,12,0,0,5740,867,32647201
13604,13,0,0,5740,867,32649601
13605,13,0,0,5740,867,32652001
13606,14,0,0,5740,867,32654401
13607,16,0,0,5740,867,32656801
13608,18,0,0,5740,867,32659201
13609,16,0,0,5740,867,32661601
13610,17,0,0,5740,867,32664001
13611,18,0,0,5740,867,32666401
13612,18,0,0,5740,867,32668801
13613,19,0,0,5740,867,32671201
13614,16,0,0,5740,867,32673601
13615,18,0,0,5740,867,32676001
13616,18,0,0,5740,867,32678401
13617,20,0,0,5740,867,32680801
13618,18,0,0,5740,867,32683201
13619,18,0,0,5740,867,32685601
13620,20,0,0,5740,867,32688001
13621,21,0,0,5740,867,32690401
13622,20,1,0,5741,867,32692801
13623,20,2,0,5743,867,32695201
13624,23,0,0,5743,867,32697601
13625,23,0,0,5743,867,32700001
13626,25,0,0,5743,867,32702401
13627,26,0,0,5743,867,32704801
13628,26,0,0,5743,867,32707201
13629,24,0,0,5743,867,32709601
13630,25,0,0,5743,867,32712001
13631,28,0,0,5743,867,32714401
13632,25,0,0,5743,867,32716801
13633,24,0,0,5743,867,32719201
13634,25,0,0,5743,867,32721601
13635,29,0,0,5743,867,32724001
13636,25,0,0,5743,867,32726401
13637,23,0,0,5743,867,32728801
13638,23,0,0,5743,867,32731201
13639,22,0,0,5743,867,32733601
13640,19,1,0,5744,867,32736001
13641,18,0,0,5744,867,32738401
13642,22,1,0,5745,867,32740801
13643,19,1,0,5746,867,32743201
13644,18,0,0,5746,867,32745601
13645,18,0,0,5746,867,32748001
13646,20,0,0,5746,867,32750401
13647,18,0,0,5746,867,32752801
13648,18,0,0,5746,867,32755201
13649,19,0,0,5746,867,32757601
13650,20,0,0,5746,867,32760001
13651,17,0,0,5746,867,32762401
13652,15,0,0,5746,867,32764801
13653,16,0,0,5746,867,32767201
13654,17,0,0,5746,867,32769601
13655,16,0,0,5746,867,32772001
13656,17,0,0,5746,867,32774401
13657,15,0,0,5746,867,32776801
13658,17,0,0,5746,867,32779201
13659,16,1,0,5747,867,32781601
13660,17,0,0,5747,867,32784001
13661,16,0,0,5747,867,32786401
13662,13,0,0,5747,867,32788801
13663,14,0,0,5747,867,32791201
13664,15,0,0,5747,867,32793601
13665,15,0,0,5747,867,32796001
13666,14,0,0,5747,867,32798401
13667,17,0,0,5747,867,32800801
13668,13,0,0,5747,867,32803201
13669,13,0,0,5747,867,32805601
13670,12,0,0,5747,867,32808001
13671,16,0,0,5747,867,32810401
13672,13,0,0,5747,867,32812801
13673,12,0,0,5747,867,32815201
13674,12,0,0,5747,867,32817601
13675,14,0,0,5747,867,32820001
13676,14,0,0,5747,867,32822401
13677,16,0,0,5747,867,32824801
13678,14,0,0,5747,867,32827201
13679,14,0,0,5747,867,32829601
13680,14,0,0,5747,867,32832001
13681,15,0,0,5747,867,32834401
13682,16,0,0,5747,867,32836801
13683,17,0,0,5747,867,32839201
13684,18,0,0,5747,867,32841601
13685,19,0,0,5747,867,32844001
13686,19,0,0,5747,867,32846401
13687,18,0,0,5747,867,32848801
13688,18,0,0,5747,867,32851201
13689,19,0,0,5747,867,32853601
13690,16,0,0,5747,867,32856001
13691,15,0,0,5747,867,32858401
13692,15,0,0,5747,867,32860801
13693,16,0,0,5747,867,32863201
13694,13,1,0,5748,867,32865601
13695,12,0,0,5748,867,32868001
13696,12,0,0,5748,867,32870401
13697,15,0,0,5748,867,32872801
13698,15,0,0,5748,867,32875201
13699,13,0,0,5748,867,32877601
13700,14,0,0,5748,867,32880001
13701,15,0,0,5748,867,32882401
13702,15,0,0,5748,867,32884801
13703,13,0,0,5748,867,32887201
13704,13,0,0,5748,867,32889601
13705,16,0,0,5748,867,32892001
13706,14,1,0,5749,867,32894401
13707,14,0,0,5749,867,32896801
13708,17,0,0,5749,867,32899201
13709,16,1,0,5750,867,32901601
13710,16,0,0,5750,867,32904001
13711,16,0,0,5750,867,32906401
13712,21,0,0,5750,867,32908801
13713,19,0,0,5750,867,32911201
13714,17,0,0,5750,867,32913601
13715,14,0,0,5750,867,32916001
13716,19,0,0,5750,867,32918401
13717,18,0,0,5750,867,32920801
13718,17,0,0,5750,867,32923201
13719,17,0,0,5750,867,32925601
13720,22,0,0,5750,867,32928001
13721,19,0,0,5750,867,32930401
13722,18,0,0,5750,867,32932801
13723,22,0,0,5750,867,32935201
13724,20,0,0,5750,867,32937601
13725,17,1,0,5751,867,32940001
13726,17,0,0,5751,867,32942401
13727,22,0,0,5751,867,32944801
13728,20,0,0,5751,867,32947201
13729,17,0,0,5751,867,32949601
13730,16,0,0,5751,867,32952001
13731,20,0,0,5751,867,32954401
13732,19,0,0,5751,867,32956801
13733,16,0,0,5751,867,32959201
13734,16,0,0,5751,867,32961601
13735,17,0,0,5751,867,32964001
13736,16,0,0,5751,867,32966401
13737,16,0,0,5751,867,32968801
13738,19,0,0,5751,867,32971201
13739,17,0,0,5751,867,32973601
13740,15,0,0,5751,867,32976001
13741,13,1,0,5752,867,32978401
13742,14,2,0,5754,867,32980801
13743,16,0,0,5754,867,32983201
13744,15,0,0,5754,867,32985601
13745,14,0,0,5754,867,32988001
13746,14,0,0,5754,867,32990401
13747,17,0,0,5754,867,32992801
13748,14,0,0,5754,867,32995201
13749,16,0,0,5754,867,32997601
13750,15,0,0,5754,867,33000001
13751,17,0,0,5754,867,33002401
13752,15,0,0,5754,867,33004801
13753,15,0,0,5754,867,33007201
13754,16,0,0,5754,867,33009601
13755,19,0,0,5754,867,33012001
13756,16,0,0,5754,867,33014401
13757,17,0,0,5754,867,33016801
13758,16,0,0,5754,867,33019201
13759,18,0,0,5754,867,33021601
13760,16,1,0,5755,867,33024001
13761,13,0,0,5755,867,33026401
13762,14,0,0,5755,867,33028801
13763,12,0,0,5755,867,33031201
13764,11,0,0,5755,867,33033601
13765,11,0,0,5755,867,33036001
13766,13,0,0,5755,867,33038401
13767,12,0,0,5755,867,33040801
13768,13,0,0,5755,867,33043201
13769,12,1,0,5756,867,33045601
13770,12,0,0,5756,867,33048001
13771,10,0,0,5756,867,33050401
13772,12,0,0,5756,867,33052801
13773,12,0,0,5756,867,33055201
13774,13,0,0,5756,867,33057601
13775,13,0,0,5756,867,33060001
13776,15,0,0,5756,867,33062401
13777,14,0,0,5756,867,33064801
13778,13,0,0,5756,867,33067201
13779,14,0,0,5756,867,33069601
13780,17,0,0,5756,867,33072001
13781,16,0,0,5756,867,33074401
13782,16,0,0,5756,867,33076801
13783,16,0,0,5756,867,33079201
13784,16,0,0,5756,867,33081601
13785,15,0,0,5756,867,33084001
13786,15,0,0,5756,867,33086401
13787,13,0,0,5756,867,33088801
13788,12,0,0,5756,867,33091201
13789,13,0,0,5756,867,33093601
13790,16,0,0,5756,867,33096001
13791,17,0,0,5756,867,33098401
13792,14,1,0,5757,867,33100801
13793,13,1,0,5758,867,33103201
13794,13,0,0,5758,867,33105601
13795,14,0,0,5758,867,33108001
13796,14,0,0,5758,867,33110401
13797,16,0,0,5758,867,33112801
13798,16,0,0,5758,867,33115201
13799,16,0,0,5758,867,33117601
13800,15,0,0,5758,867,33120001
13801,18,0,0,5758,867,33122401
13802,17,0,0,5758,867,33124801
13803,16,0,0,5758,867,33127201
13804,15,0,0,5758,867,33129601
13805,16,0,0,5758,867,33132001
13806,17,0,0,5758,867,33134401
13807,17,0,0,5758,867,33136801
13808,14,0,0,5758,867,33139201
13809,17,0,0,5758,867,33141601
13810,15,0,0,5758,867,33144001
13811,13,0,0,5758,867,33146401
13812,13,0,0,5758,867,33148801
13813,17,0,0,5758,867,33151201
13814,15,0,0,5758,867,33153601
13815,15,0,0,5758,867,33156001
13816,16,0,0,5758,867,33158401
13817,19,0,0,5758,867,33160801
13818,19,0,0,5758,867,33163201
13819,19,0,0,5758,867,33165601
13820,19,0,0,5758,867,33168001
13821,18,0,0,5758,867,33170401
13822,19,0,0,5758,867,33172801
13823,20,0,0,5758,867,33175201
13824,22,0,0,5758,867,33177601
13825,21,0,0,5758,867,33180001
13826,18,0,0,5758,867,33182401
13827,20,0,0,5758,867,33184801
13828,22,0,0,5758,867,33187201
13829,21,0,0,5758,867,33189601
13830,20,0,0,5758,867,33192001
13831,21,1,0,5759,867,33194401
13832,20,0,0,5759,867,33196801
13833,21,0,0,5759,867,33199201
13834,21,0,0,5759,867,33201601
13835,21,0,0,5759,867,33204001
13836,21,0,0,5759,867,33206401
13837,21,0,0,5759,867,33208801
13838,22,0,0,5759,867,33211201
13839,20,0,0,5759,867,33213601
13840,20,0,0,5759,867,33216001
13841,19,0,0,5759,867,33218401
13842,21,1,0,5760,867,33220801
13843,19,0,0,5760,867,33223201
13844,21,0,0,5760,867,33225601
13845,21,0,0,5760,867,33228001
13846,21,0,0,5760,867,33230401
13847,21,0,0,5760,867,33232801
13848,18,0,0,5760,867,33235201
13849,21,0,0,5760,867,33237601
13850,23,0,0,5760,867,33240001
13851,23,0,0,5760,867,33242401
13852,24,0,0,5760,867,33244801
13853,27,0,0,5760,867,33247201
13854,29,0,0,5760,867,33249601
13855,26,1,0,5761,867,33252001
13856,28,0,0,5761,867,33254401
13857,26,0,0,5761,867,33256801
13858,25,0,0,5761,867,33259201
13859,23,0,0,5761,867,33261601
13860,25,0,0,5761,867,33264001
13861,21,0,0,5761,867,33266401
13862,20,0,0,5761,867,33268801
13863,19,0,0,5761,867,33271201
13864,17,0,0,5761,867,33273601
13865,17,1,0,5762,867,33276001
13866,17,0,0,5762,867,33278401
13867,16,0,0,5762,867,33280801
13868,17,0,0,5762,867,33283201
13869,16,0,0,5762,867,33285601
13870,16,0,0,5762,867,33288001
13871,17,0,0,5762,867,33290401
13872,17,0,0,5762,867,33292801
13873,20,0,0,5762,867,33295201
13874,17,1,0,5763,867,33297601
13875,15,0,0,5763,867,33300001
13876,18,0,0,5763,867,33302401
13877,17,0,0,5763,867,33304801
13878,17,0,0,5763,867,33307201
13879,17,0,0,5763,867,33309601
13880,16,0,0,5763,867,33312001
13881,17,0,0,5763,867,33314401
13882,18,0,0,5763,867,33316801
13883,16,0,0,5763,867,33319201
13884,18,0,0,5763,867,33321601
13885,20,0,0,5763,867,33324001
13886,19,0,0,5763,867,33326401
13887,18,0,0,5763,867,33328801
13888,17,0,0,5763,867,33331201
13889,21,0,0,5763,867,33333601
13890,20,0,0,5763,867,33336001
13891,23,0,0,5763,867,33338401
13892,25,0,0,5763,867,33340801
13893,25,0,0,5763,867,33343201
13894,25,0,0,5763,867,33345601
13895,23,0,0,5763,867,33348001
13896,24,1,0,5764,867,33350401
13897,21,0,0,5764,867,33352801
13898,22,1,0,5765,867,33355201
13899,22,0,0,5765,867,33357601
13900,24,0,0,5765,867,33360001
13901,23,0,0,5765,867,33362401
13902,26,0,0,5765,867,33364801
13903,26,1,0,5766,867,33367201
13904,25,0,0,5766,867,33369601
13905,27,0,0,5766,867,33372001
13906,28,0,0,5766,867,33374401
13907,23,0,0,5766,867,33376801
13908,22,0,0,5766,867,33379201
13909,22,0,0,5766,867,33381601
13910,23,1,0,5767,867,33384001
13911,25,0,0,5767,867,33386401
13912,24,0,0,5767,867,33388801
13913,18,0,0,5767,867,33391201
13914,19,0,0,5767,867,33393601
13915,19,0,0,5767,867,33396001
13916,17,0,0,5767,867,33398401
13917,18,0,0,5767,867,33400801
13918,18,0,0,5767,867,33403201
13919,20,0,0,5767,867,33405601
13920,16,0,0,5767,867,33408001
13921,18,0,0,5767,867,33410401
13922,17,0,0,5767,867,33412801
13923,14,0,0,5767,867,33415201
13924,15,0,0,5767,867,33417601
13925,21,0,0,5767,867,33420001
13926,17,0,0,5767,867,33422401
13927,17,0,0,5767,867,33424801
13928,15,0,0,5767,867,33427201
13929,19,0,0,5767,867,33429601
13930,17,0,0,5767,867,33432001
13931,18,0,0,5767,867,33434401
13932,16,0,0,5767,867,33436801
13933,22,0,0,5767,867,33439201
13934,19,0,0,5767,867,33441601
13935,17,0,0,5767,867,33444001
13936,21,0,0,5767,867,33446401
13937,22,0,0,5767,867,33448801
13938,20,0,0,5767,867,33451201
13939,19,0,0,5767,867,33453601
13940,22,0,0,5767,867,33456001
13941,22,0,0,5767,867,33458401
13942,21,0,0,5767,867,33460801
13943,20,0,0,5767,867,33463201
13944,20,0,0,5767,867,33465601
13945,21,0,0,5767,867,33468001
13946,20,0,0,5767,867,33470401
13947,20,0,0,5767,867,33472801
13948,22,1,0,5768,867,33475201
13949,19,1,0,5769,867,33477601
13950,17,0,0,5769,867,33480001
13951,19,0,0,5769,867,33482401
13952,19,0,0,5769,867,33484801
13953,17,0,0,5769,867,33487201
13954,15,0,0,5769,867,33489601
13955,16,0,0,5769,867,33492001
13956,19,0,0,5769,867,33494401
13957,16,2,0,5771,867,33496801
13958,15,0,0,5771,867,33499201
13959,14,0,0,5771,867,33501601
13960,17,0,0,5771,867,33504001
13961,17,0,0,5771,867,33506401
13962,16,0,0,5771,867,33508801
13963,15,0,0,5771,867,33511201
13964,16,0,0,5771,867,33513601
13965,15,0,0,5771,867,33516001
13966,14,0,0,5771,867,33518401
13967,15,0,0,5771,867,33520801
13968,16,0,0,5771,867,33523201
13969,12,1,0,5772,867,33525601
13970,13,0,0,5772,867,33528001
13971,13,0,0,5772,867,33530401
13972,14,0,0,5772,867,33532801
13973,13,0,0,5772,867,33535201
13974,12,0,0,5772,867,33537601
13975,13,1,0,5773,867,33540001
13976,11,0,0,5773,867,33542401
13977,10,0,0,5773,867,33544801
13978,11,0,0,5773,867,33547201
13979,15,0,0,5773,867,33549601
13980,12,0,0,5773,867,33552001
13981,11,0,0,5773,867,33554401
13982,10,0,0,5773,867,33556801
13983,14,0,0,5773,867,33559201
13984,12,0,0,5773,867,33561601
13985,13,0,0,5773,867,33564001
13986,14,0,0,5773,867,33566401
13987,18,0,0,5773,867,33568801
13988,19,0,0,5773,867,33571201
13989,21,0,0,5773,867,33573601
13990,18,1,0,5774,867,33576001
13991,20,0,0,5774,867,33578401
13992,21,0,0,5774,867,33580801
13993,20,0,0,5774,867,33583201
13994,20,0,0,5774,867,33585601
13995,21,0,0,5774,867,33588001
13996,23,0,0,5774,867,33590401
13997,23,0,0,5774,867,33592801
13998,23,0,0,5774,867,33595201
13999,22,0,0,5774,867,33597601
14000,25,0,0,5774,867,33600001
14001,23,0,0,5774,867,33602401
14002,21,0,0,5774,867,33604801
14003,20,0,0,5774,867,33607201
14004,19,0,0,5774,867,33609601
14005,19,0,0,5774,867,33612001
14006,18,1,0,5775,867,33614401
14007,19,0,0,5775,867,33616801
14008,15,0,0,5775,867,33619201
14009,17,0,0,5775,867,33621601
14010,17,0,0,5775,867,33624001
14011,18,0,0,5775,867,33626401
14012,20,0,0,5775,867,33628801
14013,20,0,0,5775,867,33631201
14014,20,0,0,5775,867,33633601
14015,22,0,0,5775,867,33636001
14016,18,0,0,5775,867,33638401
14017,18,0,0,5775,867,33640801
14018,20,0,0,5775,867,33643201
14019,18,1,0,5776,867,33645601
14020,20,0,0,5776,867,33648001
14021,21,0,0,5776,867,33650401
14022,22,0,0,5776,867,33652801
14023,21,0,0,5776,867,33655201
14024,22,0,0,5776,867,33657601
14025,22,0,0,5776,867,33660001
14026,24,0,0,5776,867,33662401
14027,27,0,0,5776,867,33664801
14028,25,0,0,5776,867,33667201
14029,26,0,0,5776,867,33669601
14030,26,0,0,5776,867,33672001
14031,27,0,0,5776,867,33674401
14032,26,1,0,5777,867,33676801
14033,23,1,0,5778,867,33679201
14034,26,1,0,5779,867,33681601
14035,22,0,0,5779,867,33684001
14036,22,0,0,5779,867,33686401
14037,20,0,0,5779,867,33688801
14038,20,0,0,5779,867,33691201
14039,20,0,0,5779,867,33693601
14040,22,0,0,5779,867,33696001
14041,21,1,0,5780,867,33698401
14042,18,0,0,5780,867,33700801
14043,21,0,0,5780,867,33703201
14044,18,1,0,5781,867,33705601
14045,21,0,0,5781,867,33708001
14046,19,0,0,5781,867,33710401
14047,21,0,0,5781,867,33712801
14048,21,0,0,5781,867,33715201
14049,19,1,0,5782,867,33717601
14050,17,0,0,5782,867,33720001
14051,19,0,0,5782,867,33722401
14052,21,0,0,5782,867,33724801
14053,21,0,0,5782,867,33727201
14054,24,0,0,5782,867,33729601
14055,20,0,0,5782,867,33732001
14056,21,0,0,5782,867,33734401
14057,22,0,0,5782,867,33736801
14058,21,0,0,5782,867,33739201
14059,20,0,0,5782,867,33741601
14060,21,0,0,5782,867,33744001
14061,23,0,0,5782,867,33746401
14062,21,0,0,5782,867,33748801
14063,20,0,0,5782,867,33751201
14064,21,0,0,5782,867,33753601
14065,23,0,0,5782,867,33756001
14066,23,0,0,5782,867,33758401
14067,21,0,0,5782,867,33760801
14068,22,0,0,5782,867,33763201
14069,19,0,0,5782,867,33765601
14070,18,1,0,5783,867,33768001
14071,21,0,0,5783,867,33770401
14072,18,2,0,5785,867,33772801
14073,17,0,0,5785,867,33775201
14074,17,0,0,5785,867,33777601
14075,20,0,0,5785,867,33780001
14076,18,0,0,5785,867,33782401
14077,16,1,0,5786,867,33784801
14078,13,0,0,5786,867,33787201
14079,15,0,0,5786,867,33789601
14080,13,0,0,5786,867,33792001
14081,14,0,0,5786,867,33794401
14082,15,0,0,5786,867,33796801
14083,16,0,0,5786,867,33799201
14084,16,0,0,5786,867,33801601
14085,17,0,0,5786,867,33804001
14086,20,0,0,5786,867,33806401
14087,16,0,0,5786,867,33808801
14088,16,0,0,5786,867,33811201
14089,14,0,0,5786,867,33813601
14090,14,0,0,5786,867,33816001
14091,16,0,0,5786,867,33818401
14092,13,0,0,5786,867,33820801
14093,14,0,0,5786,867,33823201
14094,14,0,0,5786,867,33825601
14095,16,0,0,5786,867,33828001
14096,17,0,0,5786,867,33830401
14097,15,0,0,5786,867,33832801
14098,17,0,0,5786,867,33835201
14099,15,0,0,5786,867,33837601
14100,16,0,0,5786,867,33840001
14101,15,0,0,5786,867,33842401
14102,17,0,0,5786,867,33844801
14103,17,0,0,5786,867,33847201
14104,17,0,0,5786,867,33849601
14105,19,0,0,5786,867,33852001
14106,20,0,0,5786,867,33854401
14107,21,0,0,5786,867,33856801
14108,22,1,0,5787,867,33859201
14109,22,0,0,5787,867,33861601
14110,21,0,0,5787,867,33864001
14111,21,1,0,5788,867,33866401
14112,22,0,0,5788,867,33868801
14113,24,0,0,5788,867,33871201
14114,26,0,0,5788,867,33873601
14115,27,0,0,5788,867,33876001
14116,26,0,0,5788,867,33878401
14117,24,1,0,5789,867,33880801
14118,25,0,0,5789,867,33883201
14119,23,0,0,5789,867,33885601
14120,24,1,0,5790,867,33888001
14121,24,0,0,5790,867,33890401
14122,26,0,0,5790,867,33892801
14123,25,2,0,5792,867,33895201
14124,23,0,0,5792,867,33897601
14125,25,0,0,5792,867,33900001
14126,24,1,0,5793,867,33902401
14127,23,0,0,5793,867,33904801
14128,24,0,0,5793,867,33907201
14129,24,0,0,5793,867,33909601
14130,20,0,0,5793,867,33912001
14131,19,0,0,5793,867,33914401
14132,18,0,0,5793,867,33916801
14133,19,0,0,5793,867,33919201
14134,21,0,0,5793,867,33921601
14135,18,0,0,5793,867,33924001
14136,21,0,0,5793,867,33926401
14137,18,0,0,5793,867,33928801
14138,19,0,0,5793,867,33931201
14139,19,0,0,5793,867,33933601
14140,16,0,0,5793,867,33936001
14141,18,0,0,5793,867,33938401
14142,17,0,0,5793,867,33940801
14143,18,0,0,5793,867,33943201
14144,18,0,0,5793,867,33945601
14145,21,0,0,5793,867,33948001
14146,21,0,0,5793,867,33950401
14147,20,0,0,5793,867,33952801
14148,20,0,0,5793,867,33955201
14149,21,0,0,5793,867,33957601
14150,19,0,0,5793,867,33960001
14151,20,0,0,5793,867,33962401
14152,21,0,0,5793,867,33964801
14153,24,0,0,5793,867,33967201
14154,21,0,0,5793,867,33969601
14155,23,1,0,5794,867,33972001
14156,24,0,0,5794,867,33974401
14157,22,0,0,5794,867,33976801
14158,23,0,0,5794,867,33979201
14159,24,0,0,5794,867,33981601
14160,25,0,0,5794,867,33984001
14161,22,0,0,5794,867,33986401
14162,23,0,0,5794,867,33988801
14163,24,1,0,5795,867,33991201
14164,21,0,0,5795,867,33993601
14165,24,0,0,5795,867,33996001
14166,24,1,0,5796,867,33998401
14167,25,0,0,5796,867,34000801
14168,23,0,0,5796,867,34003201
14169,23,0,0,5796,867,34005601
14170,22,0,0,5796,867,34008001
14171,18,1,0,5797,867,34010401
14172,20,0,0,5797,867,34012801
14173,19,0,0,5797,867,34015201
14174,17,1,0,5798,867,34017601
14175,18,1,0,5799,867,34020001
14176,18,0,0,5799,867,34022401
14177,19,0,0,5799,867,34024801
14178,18,0,0,5799,867,34027201
14179,18,0,0,5799,867,34029601
14180,17,0,0,5799,867,34032001
14181,16,0,0,5799,867,34034401
14182,16,0,0,5799,867,34036801
14183,15,0,0,5799,867,34039201
14184,14,1,0,5800,867,34041601
14185,13,0,0,5800,867,34044001
14186,16,0,0,5800,867,34046401
14187,15,0,0,5800,867,34048801
14188,14,0,0,5800,867,34051201
14189,15,0,0,5800,867,34053601
14190,15,0,0,5800,867,34056001
14191,15,0,0,5800,867,34058401
14192,17,0,0,5800,867,34060801
14193,19,0,0,5800,867,34063201
14194,18,0,0,5800,867,34065601
14195,19,0,0,5800,867,34068001
14196,18,0,0,5800,867,34070401
14197,19,0,0,5800,867,34072801
14198,17,1,0,5801,867,34075201
14199,18,0,0,5801,867,34077601
14200,18,0,0,5801,867,34080001
14201,18,0,0,5801,867,34082401
14202,21,0,0,5801,867,34084801
14203,22,0,0,5801,867,34087201
14204,20,1,0,5802,867,34089601
14205,21,0,0,5802,867,34092001
14206,22,0,0,5802,867,34094401
14207,20,0,0,5802,867,34096801
14208,19,0,0,5802,867,34099201
14209,17,0,0,5802,867,34101601
14210,19,0,0,5802,867,34104001
14211,20,0,0,5802,867,34106401
14212,21,0,0,5802,867,34108801
14213,21,0,0,5802,867,34111201
14214,20,0,0,5802,867,34113601
14215,17,0,0,5802,867,34116001
14216,18,0,0,5802,867,34118401
14217,19,0,0,5802,867,34120801
14218,20,0,0,5802,867,34123201
14219,21,0,0,5802,867,34125601
14220,23,0,0,5802,867,34128001
14221,21,0,0,5802,867,34130401
14222,25,0,0,5802,867,34132801
14223,25,0,0,5802,867,34135201
14224,28,0,0,5802,867,34137601
14225,28,0,0,5802,867,34140001
14226,28,0,0,5802,867,34142401
14227,29,0,0,5802,867,34144801
14228,29,0,0,5802,867,34147201
14229,27,0,0,5802,867,34149601
14230,29,0,0,5802,867,34152001
14231,28,1,0,5803,867,34154401
14232,29,0,0,5803,867,34156801
14233,29,0,0,5803,867,34159201
14234,29,0,0,5803,867,34161601
14235,29,0,0,5803,867,34164001
14236,33,2,0,5805,867,34166401
14237,28,0,0,5805,867,34168801
14238,26,0,0,5805,867,34171201
14239,26,0,0,5805,867,34173601
14240,24,0,0,5805,867,34176001
14241,21,0,0,5805,867,34178401
14242,21,0,0,5805,867,34180801
14243,19,1,0,5806,867,34183201
14244,19,0,0,5806,867,34185601
14245,14,2,0,5808,867,34188001
14246,14,0,0,5808,867,34190401
14247,16,0,0,5808,867,34192801
14248,17,0,0,5808,867,34195201
14249,17,0,0,5808,867,34197601
14250,20,0,0,5808,867,34200001
14251,18,1,0,5809,867,34202401
14252,16,0,0,5809,867,34204801
14253,16,0,0,5809,867,34207201
14254,17,0,0,5809,867,34209601
14255,16,0,0,5809,867,34212001
14256,14,0,0,5809,867,34214401
14257,18,0,0,5809,867,34216801
14258,18,0,0,5809,867,34219201
14259,16,0,0,5809,867,34221601
14260,17,0,0,5809,867,34224001
14261,14,0,0,5809,867,34226401
14262,13,0,0,5809,867,34228801
14263,13,0,0,5809,867,34231201
14264,14,0,0,5809,867,34233601
14265,16,0,0,5809,867,34236001
14266,17,0,0,5809,867,34238401
14267,18,0,0,5809,867,34240801
14268,20,0,0,5809,867,34243201
14269,18,0,0,5809,867,34245601
14270,19,0,0,5809,867,34248001
14271,20,0,0,5809,867,34250401
14272,19,1,0,5810,867,34252801
14273,15,0,0,5810,867,34255201
14274,15,0,0,5810,867,34257601
14275,19,0,0,5810,867,34260001
14276,17,1,0,5811,867,34262401
14277,18,0,0,5811,867,34264801
14278,19,0,0,5811,867,34267201
14279,20,0,0,5811,867,34269601
14280,23,0,0,5811,867,34272001
14281,21,0,0,5811,867,34274401
14282,21,1,0,5812,867,34276801
14283,19,0,0,5812,867,34279201
14284,20,0,0,5812,867,34281601
14285,21,0,0,5812,867,34284001
14286,19,0,0,5812,867,34286401
14287,20,0,0,5812,867,34288801
14288,21,0,0,5812,867,34291201
14289,21,0,0,5812,867,34293601
14290,21,0,0,5812,867,34296001
14291,21,1,0,5813,867,34298401
14292,24,0,0,5813,867,34300801
14293,22,0,0,5813,867,34303201
14294,22,0,0,5813,867,34305601
14295,22,0,0,5813,867,34308001
14296,19,0,0,5813,867,34310401
14297,17,0,0,5813,867,34312801
14298,18,0,0,5813,867,34315201
14299,19,0,0,5813,867,34317601
14300,19,0,0,5813,867,34320001
14301,17,0,0,5813,867,34322401
14302,18,0,0,5813,867,34324801
14303,19,0,0,5813,867,34327201
14304,17,0,0,5813,867,34329601
14305,18,0,0,5813,867,34332001
14306,21,0,0,5813,867,34334401
14307,18,0,0,5813,867,34336801
14308,19,1,0,5814,867,34339201
14309,20,0,0,5814,867,34341601
14310,18,0,0,5814,867,34344001
14311,17,2,0,5816,867,34346401
14312,16,0,0,5816,867,34348801
14313,15,0,0,5816,867,34351201
14314,14,0,0,5816,867,34353601
14315,14,0,0,5816,867,34356001
14316,14,0,0,5816,867,34358401
14317,15,0,0,5816,867,34360801
14318,14,0,0,5816,867,34363201
14319,15,0,0,5816,867,34365601
14320,16,0,0,5816,867,34368001
14321,19,0,0,5816,867,34370401
14322,13,0,0,5816,867,34372801
14323,16,0,0,5816,867,34375201
14324,16,0,0,5816,867,34377601
14325,15,0,0,5816,867,34380001
14326,16,0,0,5816,867,34382401
14327,15,0,0,5816,867,34384801
14328,16,0,0,5816,867,34387201
14329,15,1,0,5817,867,34389601
14330,17,0,0,5817,867,34392001
14331,16,0,0,5817,867,34394401
14332,17,0,0,5817,867,34396801
14333,19,0,0,5817,867,34399201
14334,19,2,0,5819,867,34401601
14335,19,0,0,5819,867,34404001
14336,17,0,0,5819,867,34406401
14337,18,0,0,5819,867,34408801
14338,19,0,0,5819,867,34411201
14339,21,0,0,5819,867,34413601
14340,22,0,0,5819,867,34416001
14341,23,0,0,5819,867,34418401
14342,24,0,0,5819,867,34420801
14343,27,0,0,5819,867,34423201
14344,27,0,0,5819,867,34425601
14345,26,0,0,5819,867,34428001
14346,25,1,0,5820,867,34430401
14347,24,0,0,5820,867,34432801
14348,24,1,0,5821,867,34435201
14349,23,0,0,5821,867,34437601
14350,24,0,0,5821,867,34440001
14351,24,0,0,5821,867,34442401
14352,25,0,0,5821,867,34444801
14353,24,0,0,5821,867,34447201
14354,21,1,0,5822,867,34449601
14355,22,0,0,5822,867,34452001
14356,18,1,0,5823,867,34454401
14357,18,0,0,5823,867,34456801
14358,18,0,0,5823,867,34459201
14359,17,0,0,5823,867,34461601
14360,16,0,0,5823,867,34464001
14361,16,0,0,5823,867,34466401
14362,16,0,0,5823,867,34468801
14363,14,0,0,5823,867,34471201
14364,15,0,0,5823,867,34473601
14365,19,0,0,5823,867,34476001
14366,18,0,0,5823,867,34478401
14367,19,0,0,5823,867,34480801
14368,22,0,0,5823,867,34483201
14369,21,0,0,5823,867,34485601
14370,22,0,0,5823,867,34488001
14371,22,0,0,5823,867,34490401
14372,21,0,0,5823,867,34492801
14373,21,0,0,5823,867,34495201
14374,22,1,0,5824,867,34497601
14375,17,0,0,5824,867,34500001
14376,18,0,0,5824,867,34502401
14377,17,0,0,5824,867,34504801
14378,17,0,0,5824,867,34507201
14379,16,0,0,5824,867,34509601
14380,18,0,0,5824,867,34512001
14381,18,0,0,5824,867,34514401
14382,15,1,0,5825,867,34516801
14383,16,0,0,5825,867,34519201
14384,15,0,0,5825,867,34521601
14385,14,0,0,5825,867,34524001
14386,16,0,0,5825,867,34526401
14387,17,0,0,5825,867,34528801
14388,17,0,0,5825,867,34531201
14389,19,0,0,5825,867,34533601
14390,17,0,0,5825,867,34536001
14391,16,0,0,5825,867,34538401
14392,17,0,0,5825,867,34540801
14393,19,0,0,5825,867,34543201
14394,19,0,0,5825,867,34545601
14395,24,0,0,5825,867,34548001
14396,21,0,0,5825,867,34550401
14397,21,0,0,5825,867,34552801
14398,26,0,0,5825,867,34555201
14399,24,0,0,5825,867,34557601
14400,23,1,0,5826,867,34560001
14401,24,0,0,5826,867,34562401
14402,22,0,0,5826,867,34564801
14403,22,0,0,5826,867,34567201
14404,21,0,0,5826,867,34569601
14405,22,0,0,5826,867,34572001
14406,22,0,0,5826,867,34574401
14407,19,0,0,5826,867,34576801
14408,19,0,0,5826,867,34579201
14409,20,0,0,5826,867,34581601
14410,21,0,0,5826,867,34584001
14411,20,0,0,5826,867,34586401
14412,22,0,0,5826,867,34588801
14413,19,2,0,5828,867,34591201
14414,20,0,0,5828,867,34593601
14415,19,0,0,5828,867,34596001
14416,20,0,0,5828,867,34598401
14417,19,0,0,5828,867,34600801
14418,20,1,0,5829,867,34603201
14419,20,0,0,5829,867,34605601
14420,21,0,0,5829,867,34608001
14421,21,0,0,5829,867,34610401
14422,19,1,0,5830,867,34612801
14423,21,0,0,5830,867,34615201
14424,19,0,0,5830,867,34617601
14425,18,0,0,5830,867,34620001
14426,20,0,0,5830,867,34622401
14427,19,0,0,5830,867,34624801
14428,19,1,0,5831,867,34627201
14429,19,0,0,5831,867,34629601
14430,21,0,0,5831,867,34632001
14431,21,0,0,5831,867,34634401
14432,23,0,0,5831,867,34636801
14433,23,0,0,5831,867,34639201
14434,21,0,0,5831,867,34641601
14435,22,0,0,5831,867,34644001
14436,24,0,0,5831,867,34646401
14437,21,0,0,5831,867,34648801
14438,22,0,0,5831,867,34651201
14439,21,0,0,5831,867,34653601
14440,20,1,0,5832,867,34656001
14441,20,0,0,5832,867,34658401
14442,22,0,0,5832,867,34660801
14443,23,0,0,5832,867,34663201
14444,23,1,0,5833,867,34665601
14445,21,0,0,5833,867,34668001
14446,23,0,0,5833,867,34670401
14447,20,0,0,5833,867,34672801
14448,20,0,0,5833,867,34675201
14449,20,0,0,5833,867,34677601
14450,19,0,0,5833,867,34680001
14451,19,0,0,5833,867,34682401
14452,20,0,0,5833,867,34684801
14453,16,0,0,5833,867,34687201
14454,19,0,0,5833,867,34689601
14455,16,1,0,5834,867,34692001
14456,15,0,0,5834,867,34694401
14457,17,1,0,5835,867,34696801
14458,15,1,0,5836,867,34699201
14459,14,0,0,5836,867,34701601
14460,17,0,0,5836,867,34704001
14461,14,0,0,5836,867,34706401
14462,13,0,0,5836,867,34708801
14463,16,0,0,5836,867,34711201
14464,15,0,0,5836,867,34713601
14465,15,0,0,5836,867,34716001
14466,18,0,0,5836,867,34718401
14467,17,0,0,5836,867,34720801
14468,15,0,0,5836,867,34723201
14469,15,0,0,5836,867,34725601
14470,13,0,0,5836,867,34728001
14471,14,0,0,5836,867,34730401
14472,18,0,0,5836,867,34732801
14473,19,0,0,5836,867,34735201
14474,20,1,0,5837,867,34737601
14475,19,0,0,5837,867,34740001
14476,17,1,0,5838,867,34742401
14477,19,0,0,5838,867,34744801
14478,17,0,0,5838,867,34747201
14479,19,0,0,5838,867,34749601
14480,22,0,0,5838,867,34752001
14481,19,0,0,5838,867,34754401
14482,21,0,0,5838,867,34756801
14483,21,1,0,5839,867,34759201
14484,19,0,0,5839,867,34761601
14485,18,0,0,5839,867,34764001
14486,19,0,0,5839,867,34766401
14487,21,0,0,5839,867,34768801
14488,20,0,0,5839,867,34771201
14489,19,0,0,5839,867,34773601
14490,21,0,0,5839,867,34776001
14491,20,1,0,5840,867,34778401
14492,17,0,0,5840,867,34780801
14493,18,0,0,5840,867,34783201
14494,18,0,0,5840,867,34785601
14495,18,0,0,5840,867,34788001
14496,18,0,0,5840,867,34790401
14497,18,0,0,5840,867,34792801
14498,19,0,0,5840,867,34795201
14499,20,0,0,5840,867,34797601
14500,21,0,0,5840,867,34800001
14501,24,0,0,5840,867,34802401
14502,24,0,0,5840,867,34804801
14503,23,0,0,5840,867,34807201
14504,25,1,0,5841,867,34809601
14505,25,0,0,5841,867,34812001
14506,25,0,0,5841,867,34814401
14507,25,0,0,5841,867,34816801
14508,22,0,0,5841,867,34819201
14509,21,0,0,5841,867,34821601
14510,21,0,0,5841,867,34824001
14511,27,0,0,5841,867,34826401
14512,20,0,0,5841,867,34828801
14513,22,0,0,5841,867,34831201
14514,21,0,0,5841,867,34833601
14515,18,0,0,5841,867,34836001
14516,22,0,0,5841,867,34838401
14517,16,0,0,5841,867,34840801
14518,15,0,0,5841,867,34843201
14519,14,0,0,5841,867,34845601
14520,17,0,0,5841,867,34848001
14521,14,0,0,5841,867,34850401
14522,15,0,0,5841,867,34852801
14523,13,0,0,5841,867,34855201
14524,16,0,0,5841,867,34857601
14525,16,1,0,5842,867,34860001
14526,16,0,0,5842,867,34862401
14527,17,0,0,5842,867,34864801
14528,17,1,0,5843,867,34867201
14529,16,1,0,5844,867,34869601
14530,16,1,0,5845,867,34872001
14531,17,0,0,5845,867,34874401
14532,15,0,0,5845,867,34876801
14533,17,0,0,5845,867,34879201
14534,16,0,0,5845,867,34881601
14535,15,0,0,5845,867,34884001
14536,16,0,0,5845,867,34886401
14537,14,0,0,5845,867,34888801
14538,15,0,0,5845,867,34891201
14539,18,0,0,5845,867,34893601
14540,20,0,0,5845,867,34896001
14541,23,0,0,5845,867,34898401
14542,24,0,0,5845,867,34900801
14543,23,0,0,5845,867,34903201
14544,22,1,0,5846,867,34905601
14545,25,0,0,5846,867,34908001
14546,24,0,0,5846,867,34910401
14547,23,0,0,5846,867,34912801
14548,25,0,0,5846,867,34915201
14549,23,0,0,5846,867,34917601
14550,24,0,0,5846,867,34920001
14551,27,0,0,5846,867,34922401
14552,26,0,0,5846,867,34924801
14553,25,0,0,5846,867,34927201
14554,22,0,0,5846,867,34929601
14555,22,0,0,5846,867,34932001
14556,24,1,0,5847,867,34934401
14557,20,0,0,5847,867,34936801
14558,22,1,0,5848,867,34939201
14559,18,0,0,5848,867,34941601
14560,21,0,0,5848,867,34944001
14561,21,0,0,5848,867,34946401
14562,19,0,0,5848,867,34948801
14563,20,0,0,5848,867,34951201
14564,20,0,0,5848,867,34953601
14565,19,0,0,5848,867,34956001
14566,19,0,0,5848,867,34958401
14567,17,2,0,5850,867,34960801
14568,15,0,0,5850,867,34963201
14569,18,0,0,5850,867,34965601
14570,16,0,0,5850,867,34968001
14571,16,0,0,5850,867,34970401
14572,15,0,0,5850,867,34972801
14573,16,0,0,5850,867,34975201
14574,17,0,0,5850,867,34977601
14575,15,0,0,5850,867,34980001
14576,14,0,0,5850,867,34982401
14577,10,0,0,5850,867,34984801
14578,10,0,0,5850,867,34987201
14579,10,0,0,5850,867,34989601
14580,13,0,0,5850,867,34992001
14581,14,0,0,5850,867,34994401
14582,16,0,0,5850,867,34996801
14583,17,0,0,5850,867,34999201
14584,16,0,0,5850,867,35001601
14585,17,0,0,5850,867,35004001
14586,17,0,0,5850,867,35006401
14587,20,0,0,5850,867,35008801
14588,21,0,0,5850,867,35011201
14589,19,0,0,5850,867,35013601
14590,23,0,0,5850,867,35016001
14591,23,0,0,5850,867,35018401
14592,24,0,0,5850,867,35020801
14593,20,1,1,5851,868,35023201
14594,24,0,0,5851,868,35025601
14595,24,0,0,5851,868,35028001
14596,26,0,0,5851,868,35030401
14597,26,1,0,5852,868,35032801
14598,23,0,0,5852,868,35035201
14599,24,0,0,5852,868,35037601
14600,21,1,0,5853,868,35040001
14601,19,0,0,5853,868,35042401
14602,18,0,0,5853,868,35044801
14603,19,0,0,5853,868,35047201
14604,19,0,0,5853,868,35049601
14605,23,0,0,5853,868,35052001
14606,20,0,0,5853,868,35054401
14607,22,0,0,5853,868,35056801
14608,20,1,0,5854,868,35059201
14609,17,0,0,5854,868,35061601
14610,20,0,0,5854,868,35064001
14611,22,0,0,5854,868,35066401
14612,20,0,0,5854,868,35068801
14613,22,0,0,5854,868,35071201
14614,19,0,0,5854,868,35073601
14615,19,0,0,5854,868,35076001
14616,19,0,0,5854,868,35078401
14617,20,0,0,5854,868,35080801
14618,20,0,0,5854,868,35083201
14619,23,0,0,5854,868,35085601
14620,23,0,0,5854,868,35088001
14621,23,0,0,5854,868,35090401
14622,23,0,0,5854,868,35092801
14623,20,1,0,5855,868,35095201
14624,22,0,0,5855,868,35097601
14625,20,0,0,5855,868,35100001
14626,20,0,0,5855,868,35102401
14627,24,0,0,5855,868,35104801
14628,23,0,0,5855,868,35107201
14629,21,0,0,5855,868,35109601
14630,21,2,0,5857,868,35112001
14631,18,0,0,5857,868,35114401
14632,17,0,0,5857,868,35116801
14633,16,1,0,5858,868,35119201
14634,14,0,0,5858,868,35121601
14635,14,0,0,5858,868,35124001
14636,18,0,0,5858,868,35126401
14637,13,0,0,5858,868,35128801
14638,13,0,0,5858,868,35131201
14639,14,1,0,5859,868,35133601
14640,16,0,0,5859,868,35136001
14641,15,1,0,5860,868,35138401
14642,16,0,0,5860,868,35140801
14643,15,0,0,5860,868,35143201
14644,17,0,0,5860,868,35145601
14645,19,0,0,5860,868,35148001
14646,19,0,0,5860,868,35150401
14647,15,1,0,5861,868,35152801
14648,16,2,0,5863,868,35155201
14649,15,0,0,5863,868,35157601
14650,14,0,0,5863,868,35160001
14651,15,0,0,5863,868,35162401
14652,17,0,0,5863,868,35164801
14653,14,0,0,5863,868,35167201
14654,14,0,0,5863,868,35169601
14655,14,1,0,5864,868,35172001
14656,13,1,0,5865,868,35174401
14657,14,0,0,5865,868,35176801
14658,14,0,0,5865,868,35179201
14659,10,0,0,5865,868,35181601
14660,11,0,0,5865,868,35184001
14661,12,0,0,5865,868,35186401
14662,14,0,0,5865,868,35188801
14663,14,0,0,5865,868,35191201
14664,15,0,0,5865,868,35193601
14665,15,0,0,5865,868,35196001
14666,17,0,0,5865,868,35198401
14667,16,0,0,5865,868,35200801
14668,17,0,0,5865,868,35203201
14669,19,0,0,5865,868,35205601
14670,17,0,0,5865,868,35208001
14671,18,0,0,5865,868,35210401
14672,17,0,0,5865,868,35212801
14673,19,0,0,5865,868,35215201
14674,19,0,0,5865,868,35217601
14675,21,0,0,5865,868,35220001
14676,21,0,0,5865,868,35222401
14677,20,0,0,5865,868,35224801
14678,24,0,0,5865,868,35227201
14679,22,0,0,5865,868,35229601
14680,19,1,0,5866,868,35232001
14681,23,0,0,5866,868,35234401
14682,22,0,0,5866,868,35236801
14683,20,0,0,5866,868,35239201
14684,22,0,0,5866,868,35241601
14685,21,0,0,5866,868,35244001
14686,22,0,0,5866,868,35246401
14687,24,0,0,5866,868,35248801
14688,20,0,0,5866,868,35251201
14689,21,1,0,5867,868,35253601
14690,26,0,0,5867,868,35256001
14691,22,1,0,5868,868,35258401
14692,17,1,0,5869,868,35260801
14693,18,0,0,5869,868,35263201
14694,17,0,0,5869,868,35265601
14695,17,0,0,5869,868,35268001
14696,19,0,0,5869,868,35270401
14697,18,0,0,5869,868,35272801
14698,17,0,0,5869,868,35275201
14699,16,0,0,5869,868,35277601
14700,20,0,0,5869,868,35280001
14701,21,0,0,5869,868,35282401
14702,18,0,0,5869,868,35284801
14703,22,0,0,5869,868,35287201
14704,20,0,0,5869,868,35289601
14705,20,0,0,5869,868,35292001
14706,19,0,0,5869,868,35294401
14707,20,0,0,5869,868,35296801
14708,20,0,0,5869,868,35299201
14709,21,0,0,5869,868,35301601
14710,20,0,0,5869,868,35304001
14711,22,0,0,5869,868,35306401
14712,21,0,0,5869,868,35308801
14713,21,0,0,5869,868,35311201
14714,23,0,0,5869,868,35313601
14715,22,1,0,5870,868,35316001
14716,24,0,0,5870,868,35318401
14717,28,0,0,5870,868,35320801
14718,26,0,0,5870,868,35323201
14719,25,0,0,5870,868,35325601
14720,29,0,0,5870,868,35328001
14721,24,0,0,5870,868,35330401
14722,27,0,0,5870,868,35332801
14723,28,0,0,5870,868,35335201
14724,26,0,0,5870,868,35337601
14725,24,1,0,5871,868,35340001
14726,26,0,0,5871,868,35342401
14727,24,0,0,5871,868,35344801
14728,23,0,0,5871,868,35347201
14729,24,0,0,5871,868,35349601
14730,25,0,0,5871,868,35352001
14731,24,0,0,5871,868,35354401
14732,28,1,0,5872,868,35356801
14733,25,1,0,5873,868,35359201
14734,21,1,0,5874,868,35361601
14735,22,0,0,5874,868,35364001
14736,25,0,0,5874,868,35366401
14737,21,0,0,5874,868,35368801
14738,18,0,0,5874,868,35371201
14739,17,0,0,5874,868,35373601
14740,21,0,0,5874,868,35376001
14741,23,0,0,5874,868,35378401
14742,19,2,0,5876,868,35380801
14743,21,0,0,5876,868,35383201
14744,22,0,0,5876,868,35385601
14745,22,0,0,5876,868,35388001
14746,20,0,0,5876,868,35390401
14747,22,0,0,5876,868,35392801
14748,20,0,0,5876,868,35395201
14749,21,1,0,5877,868,35397601
14750,21,1,0,5878,868,35400001
14751,18,1,0,5879,868,35402401
14752,16,1,0,5880,868,35404801
14753,14,0,0,5880,868,35407201
14754,16,0,0,5880,868,35409601
14755,15,0,0,5880,868,35412001
14756,13,0,0,5880,868,35414401
14757,13,1,1,5881,869,35416801
14758,13,0,0,5881,869,35419201
14759,13,1,0,5882,869,35421601
14760,15,0,0,5882,869,35424001
14761,16,0,0,5882,869,35426401
14762,15,0,0,5882,869,35428801
14763,19,0,0,5882,869,35431201
14764,15,0,0,5882,869,35433601
14765,16,0,0,5882,869,35436001
14766,17,0,0,5882,869,35438401
14767,16,0,0,5882,869,35440801
14768,15,0,0,5882,869,35443201
14769,13,0,0,5882,869,35445601
14770,11,0,0,5882,869,35448001
14771,12,0,0,5882,869,35450401
14772,12,0,0,5882,869,35452801
14773,16,0,0,5882,869,35455201
14774,17,0,0,5882,869,35457601
14775,18,0,0,5882,869,35460001
14776,18,0,0,5882,869,35462401
14777,21,0,0,5882,869,35464801
14778,21,0,0,5882,869,35467201
14779,22,1,0,5883,869,35469601
14780,29,0,0,5883,869,35472001
14781,28,0,0,5883,869,35474401
14782,25,0,0,5883,869,35476801
14783,27,0,0,5883,869,35479201
14784,28,0,0,5883,869,35481601
14785,27,0,0,5883,869,35484001
14786,26,0,0,5883,869,35486401
14787,23,0,0,5883,869,35488801
14788,20,0,0,5883,869,35491201
14789,22,0,0,5883,869,35493601
14790,25,1,0,5884,869,35496001
14791,22,0,0,5884,869,35498401
14792,22,0,0,5884,869,35500801
14793,21,0,0,5884,869,35503201
14794,18,0,0,5884,869,35505601
14795,19,1,0,5885,869,35508001
14796,18,0,0,5885,869,35510401
14797,17,0,0,5885,869,35512801
14798,16,1,0,5886,869,35515201
14799,14,1,0,5887,869,35517601
14800,17,0,0,5887,869,35520001
14801,16,0,0,5887,869,35522401
14802,14,0,0,5887,869,35524801
14803,16,0,0,5887,869,35527201
14804,16,0,0,5887,869,35529601
14805,17,0,0,5887,869,35532001
14806,18,0,0,5887,869,35534401
14807,19,0,0,5887,869,35536801
14808,18,0,0,5887,869,35539201
14809,16,0,0,5887,869,35541601
14810,19,0,0,5887,869,35544001
14811,18,0,0,5887,869,35546401
14812,18,0,0,5887,869,35548801
14813,19,1,0,5888,869,35551201
14814,18,0,0,5888,869,35553601
14815,18,0,0,5888,869,35556001
14816,18,0,0,5888,869,35558401
14817,19,0,0,5888,869,35560801
14818,22,0,0,5888,869,35563201
14819,21,0,0,5888,869,35565601
14820,21,0,0,5888,869,35568001
14821,23,0,0,5888,869,35570401
14822,23,0,0,5888,869,35572801
14823,23,1,0,5889,869,35575201
14824,21,0,0,5889,869,35577601
14825,21,0,0,5889,869,35580001
14826,21,0,0,5889,869,35582401
14827,22,0,0,5889,869,35584801
14828,21,0,0,5889,869,35587201
14829,27,0,0,5889,869,35589601
14830,28,0,0,5889,869,35592001
14831,26,0,0,5889,869,35594401
14832,24,0,0,5889,869,35596801
14833,24,0,0,5889,869,35599201
14834,21,0,0,5889,869,35601601
14835,19,1,0,5890,869,35604001
14836,17,1,0,5891,869,35606401
14837,15,0,0,5891,869,35608801
14838,17,0,0,5891,869,35611201
14839,19,0,0,5891,869,35613601
14840,15,0,0,5891,869,35616001
14841,16,0,0,5891,869,35618401
14842,16,1,0,5892,869,35620801
14843,16,0,0,5892,869,35623201
14844,17,0,0,5892,869,35625601
14845,20,0,0,5892,869,35628001
14846,20,0,0,5892,869,35630401
14847,21,0,0,5892,869,35632801
14848,20,0,0,5892,869,35635201
14849,18,0,0,5892,869,35637601
14850,18,0,0,5892,869,35640001
14851,22,0,0,5892,869,35642401
14852,21,0,0,5892,869,35644801
14853,19,0,0,5892,869,35647201
14854,23,0,0,5892,869,35649601
14855,20,0,0,5892,869,35652001
14856,22,0,0,5892,869,35654401
14857,25,0,0,5892,869,35656801
14858,25,0,0,5892,869,35659201
14859,26,0,0,5892,869,35661601
14860,26,0,0,5892,869,35664001
14861,26,0,0,5892,869,35666401
14862,25,0,0,5892,869,35668801
14863,24,0,0,5892,869,35671201
14864,24,1,0,5893,869,35673601
14865,24,0,0,5893,869,35676001
14866,27,0,0,5893,869,35678401
14867,27,1,0,5894,869,35680801
14868,26,0,0,5894,869,35683201
14869,26,0,0,5894,869,35685601
14870,26,0,0,5894,869,35688001
14871,27,0,0,5894,869,35690401
14872,23,0,0,5894,869,35692801
14873,27,0,0,5894,869,35695201
14874,25,2,0,5896,869,35697601
14875,23,0,0,5896,869,35700001
14876,23,1,0,5897,869,35702401
14877,24,1,0,5898,869,35704801
14878,18,0,0,5898,869,35707201
14879,16,0,0,5898,869,35709601
14880,17,1,1,5899,870,35712001
14881,16,0,0,5899,870,35714401
14882,13,0,0,5899,870,35716801
14883,16,0,0,5899,870,35719201
14884,14,0,0,5899,870,35721601
14885,16,0,0,5899,870,35724001
14886,16,0,0,5899,870,35726401
14887,18,0,0,5899,870,35728801
14888,18,0,0,5899,870,35731201
14889,19,2,0,5901,870,35733601
14890,21,0,0,5901,870,35736001
14891,19,0,0,5901,870,35738401
14892,17,0,0,5901,870,35740801
14893,18,0,0,5901,870,35743201
14894,21,0,0,5901,870,35745601
14895,22,0,0,5901,870,35748001
14896,20,0,0,5901,870,35750401
14897,22,0,0,5901,870,35752801
14898,23,1,0,5902,870,35755201
14899,20,0,0,5902,870,35757601
14900,18,1,0,5903,870,35760001
14901,21,0,0,5903,870,35762401
14902,18,0,0,5903,870,35764801
14903,19,0,0,5903,870,35767201
14904,20,1,0,5904,870,35769601
14905,18,0,0,5904,870,35772001
14906,18,0,0,5904,870,35774401
14907,18,0,0,5904,870,35776801
14908,22,0,0,5904,870,35779201
14909,22,0,0,5904,870,35781601
14910,19,0,0,5904,870,35784001
14911,19,1,1,5905,871,35786401
14912,18,0,0,5905,871,35788801
14913,17,0,0,5905,871,35791201
14914,19,0,0,5905,871,35793601
14915,21,0,0,5905,871,35796001
14916,24,0,0,5905,871,35798401
14917,20,0,0,5905,871,35800801
14918,22,0,0,5905,871,35803201
14919,23,0,0,5905,871,35805601
14920,20,1,1,5906,872,35808001
14921,21,0,0,5906,872,35810401
14922,24,0,0,5906,872,35812801
14923,24,0,0,5906,872,35815201
14924,24,0,0,5906,872,35817601
14925,23,0,0,5906,872,35820001
14926,28,0,0,5906,872,35822401
14927,25,0,0,5906,872,35824801
14928,31,0,0,5906,872,35827201
14929,34,0,0,5906,872,35829601
14930,34,0,0,5906,872,35832001
14931,34,0,0,5906,872,35834401
14932,32,0,0,5906,872,35836801
14933,35,1,0,5907,872,35839201
14934,35,0,0,5907,872,35841601
14935,34,0,0,5907,872,35844001
14936,33,1,1,5908,873,35846401
14937,27,0,0,5908,873,35848801
14938,30,0,0,5908,873,35851201
14939,30,0,0,5908,873,35853601
14940,33,0,0,5908,873,35856001
14941,31,0,0,5908,873,35858401
14942,33,0,0,5908,873,35860801
14943,33,0,0,5908,873,35863201
14944,28,0,0,5908,873,35865601
14945,31,0,0,5908,873,35868001
14946,27,0,0,5908,873,35870401
14947,28,0,0,5908,873,35872801
14948,28,0,0,5908,873,35875201
14949,25,0,0,5908,873,35877601
14950,25,0,0,5908,873,35880001
14951,23,1,0,5909,873,35882401
14952,24,0,0,5909,873,35884801
14953,19,0,0,5909,873,35887201
14954,20,0,0,5909,873,35889601
14955,17,0,0,5909,873,35892001
14956,18,0,0,5909,873,35894401
14957,22,1,0,5910,873,35896801
14958,19,0,0,5910,873,35899201
14959,21,0,0,5910,873,35901601
14960,26,0,0,5910,873,35904001
14961,21,0,0,5910,873,35906401
14962,19,0,0,5910,873,35908801
14963,18,0,0,5910,873,35911201
14964,16,0,0,5910,873,35913601
14965,15,0,0,5910,873,35916001
14966,16,0,0,5910,873,35918401
14967,16,0,0,5910,873,35920801
14968,16,0,0,5910,873,35923201
14969,15,2,0,5912,873,35925601
14970,18,0,0,5912,873,35928001
14971,17,0,0,5912,873,35930401
14972,22,0,0,5912,873,35932801
14973,24,0,0,5912,873,35935201
14974,23,0,0,5912,873,35937601
14975,23,0,0,5912,873,35940001
14976,27,0,0,5912,873,35942401
14977,26,0,0,5912,873,35944801
14978,31,0,0,5912,873,35947201
14979,25,0,0,5912,873,35949601
14980,27,0,0,5912,873,35952001
14981,29,0,0,5912,873,35954401
14982,30,0,0,5912,873,35956801
14983,31,0,0,5912,873,35959201
14984,29,2,0,5914,873,35961601
14985,24,0,0,5914,873,35964001
14986,24,0,0,5914,873,35966401
14987,29,0,0,5914,873,35968801
14988,25,0,0,5914,873,35971201
14989,25,0,0,5914,873,35973601
14990,24,0,0,5914,873,35976001
14991,19,1,0,5915,873,35978401
14992,17,0,0,5915,873,35980801
14993,19,0,0,5915,873,35983201
14994,20,0,0,5915,873,35985601
14995,20,0,0,5915,873,35988001
14996,20,1,0,5916,873,35990401
14997,24,0,0,5916,873,35992801
14998,20,0,0,5916,873,35995201
14999,22,0,0,5916,873,35997601
15000,22,1,0,5917,873,36000001
15001,25,0,0,5917,873,36002401
15002,28,0,0,5917,873,36004801
15003,26,0,0,5917,873,36007201
15004,29,1,0,5918,873,36009601
15005,24,0,0,5918,873,36012001
15006,25,0,0,5918,873,36014401
15007,24,0,0,5918,873,36016801
15008,22,0,0,5918,873,36019201
15009,21,0,0,5918,873,36021601
15010,24,0,0,5918,873,36024001
15011,27,0,0,5918,873,36026401
15012,30,0,0,5918,873,36028801
15013,22,1,0,5919,873,36031201
15014,24,0,0,5919,873,36033601
15015,22,0,0,5919,873,36036001
15016,17,0,0,5919,873,36038401
15017,17,0,0,5919,873,36040801
15018,20,0,0,5919,873,36043201
15019,18,1,0,5920,873,36045601
15020,19,0,0,5920,873,36048001
15021,22,0,0,5920,873,36050401
15022,22,0,0,5920,873,36052801
15023,20,1,0,5921,873,36055201
15024,21,0,0,5921,873,36057601
15025,17,1,0,5922,873,36060001
15026,20,0,0,5922,873,36062401
15027,23,0,0,5922,873,36064801
15028,24,0,0,5922,873,36067201
15029,28,0,0,5922,873,36069601
15030,28,1,0,5923,873,36072001
15031,28,0,0,5923,873,36074401
15032,26,0,0,5923,873,36076801
15033,26,1,0,5924,873,36079201
15034,28,0,0,5924,873,36081601
15035,21,1,0,5925,873,36084001
15036,23,0,0,5925,873,36086401
15037,23,0,0,5925,873,36088801
15038,21,1,0,5926,873,36091201
15039,23,0,0,5926,873,36093601
15040,25,0,0,5926,873,36096001
15041,22,0,0,5926,873,36098401
15042,16,1,0,5927,873,36100801
15043,19,0,0,5927,873,36103201
15044,20,0,0,5927,873,36105601
15045,19,0,0,5927,873,36108001
15046,21,0,0,5927,873,36110401
15047,20,0,0,5927,873,36112801
15048,23,0,0,5927,873,36115201
15049,26,0,0,5927,873,36117601
15050,25,0,0,5927,873,36120001
15051,24,0,0,5927,873,36122401
15052,22,0,0,5927,873,36124801
15053,27,0,0,5927,873,36127201
15054,23,0,0,5927,873,36129601
15055,24,1,0,5928,873,36132001
15056,24,0,0,5928,873,36134401
15057,19,0,0,5928,873,36136801
15058,20,0,0,5928,873,36139201
15059,17,0,0,5928,873,36141601
15060,15,0,0,5928,873,36144001
15061,14,0,0,5928,873,36146401
15062,17,0,0,5928,873,36148801
15063,20,0,0,5928,873,36151201
15064,23,0,0,5928,873,36153601
15065,21,0,0,5928,873,36156001
15066,21,0,0,5928,873,36158401
15067,20,0,0,5928,873,36160801
15068,21,0,0,5928,873,36163201
15069,21,0,0,5928,873,36165601
15070,20,0,0,5928,873,36168001
15071,23,0,0,5928,873,36170401
15072,21,1,0,5929,873,36172801
15073,23,0,0,5929,873,36175201
15074,24,0,0,5929,873,36177601
15075,22,1,0,5930,873,36180001
15076,22,0,0,5930,873,36182401
15077,30,0,0,5930,873,36184801
15078,35,1,1,5931,874,36187201
15079,33,0,0,5931,874,36189601
15080,34,0,0,5931,874,36192001
15081,33,1,0,5932,874,36194401
15082,30,0,0,5932,874,36196801
15083,32,0,0,5932,874,36199201
15084,34,0,0,5932,874,36201601
15085,27,0,0,5932,874,36204001
15086,32,0,0,5932,874,36206401
15087,31,1,0,5933,874,36208801
15088,29,1,0,5934,874,36211201
15089,26,0,0,5934,874,36213601
15090,26,0,0,5934,874,36216001
15091,24,0,0,5934,874,36218401
15092,24,0,0,5934,874,36220801
15093,25,1,0,5935,874,36223201
15094,25,0,0,5935,874,36225601
15095,23,0,0,5935,874,36228001
15096,18,0,0,5935,874,36230401
15097,20,0,0,5935,874,36232801
15098,18,0,0,5935,874,36235201
15099,21,0,0,5935,874,36237601
15100,19,0,0,5935,874,36240001
15101,24,0,0,5935,874,36242401
15102,22,0,0,5935,874,36244801
15103,21,0,0,5935,874,36247201
15104,20,0,0,5935,874,36249601
15105,19,0,0,5935,874,36252001
15106,21,0,0,5935,874,36254401
15107,21,1,0,5936,874,36256801
15108,20,0,0,5936,874,36259201
15109,19,0,0,5936,874,36261601
15110,18,0,0,5936,874,36264001
15111,18,1,0,5937,874,36266401
15112,18,1,0,5938,874,36268801
15113,20,1,1,5939,875,36271201
15114,21,0,0,5939,875,36273601
15115,18,0,0,5939,875,36276001
15116,22,0,0,5939,875,36278401
15117,24,0,0,5939,875,36280801
15118,22,0,0,5939,875,36283201
15119,22,0,0,5939,875,36285601
15120,22,0,0,5939,875,36288001
15121,22,0,0,5939,875,36290401
15122,27,0,0,5939,875,36292801
15123,26,0,0,5939,875,36295201
15124,26,0,0,5939,875,36297601
15125,27,1,0,5940,875,36300001
15126,26,0,0,5940,875,36302401
15127,29,1,0,5941,875,36304801
15128,31,0,0,5941,875,36307201
15129,31,0,0,5941,875,36309601
15130,29,0,0,5941,875,36312001
15131,26,0,0,5941,875,36314401
15132,27,0,0,5941,875,36316801
15133,32,0,0,5941,875,36319201
15134,28,0,0,5941,875,36321601
15135,29,0,0,5941,875,36324001
15136,28,0,0,5941,875,36326401
15137,24,0,0,5941,875,36328801
15138,28,0,0,5941,875,36331201
15139,26,0,0,5941,875,36333601
15140,25,0,0,5941,875,36336001
15141,24,0,0,5941,875,36338401
15142,21,0,0,5941,875,36340801
15143,21,1,0,5942,875,36343201
15144,21,0,0,5942,875,36345601
15145,24,0,0,5942,875,36348001
15146,22,1,0,5943,875,36350401
15147,22,0,0,5943,875,36352801
15148,20,0,0,5943,875,36355201
15149,23,0,0,5943,875,36357601
15150,22,0,0,5943,875,36360001
15151,22,0,0,5943,875,36362401
15152,20,0,0,5943,875,36364801
15153,20,0,0,5943,875,36367201
15154,25,0,0,5943,875,36369601
15155,27,0,0,5943,875,36372001
15156,23,0,0,5943,875,36374401
15157,20,0,0,5943,875,36376801
15158,22,0,0,5943,875,36379201
15159,20,0,0,5943,875,36381601
15160,20,0,0,5943,875,36384001
15161,21,0,0,5943,875,36386401
15162,20,0,0,5943,875,36388801
15163,21,0,0,5943,875,36391201
15164,19,1,0,5944,875,36393601
15165,21,0,0,5944,875,36396001
15166,22,0,0,5944,875,36398401
15167,21,0,0,5944,875,36400801
15168,23,0,0,5944,875,36403201
15169,23,0,0,5944,875,36405601
15170,19,0,0,5944,875,36408001
15171,19,0,0,5944,875,36410401
15172,21,0,0,5944,875,36412801
15173,18,1,0,5945,875,36415201
15174,22,0,0,5945,875,36417601
15175,23,0,0,5945,875,36420001
15176,23,0,0,5945,875,36422401
15177,21,2,0,5947,875,36424801
15178,22,0,0,5947,875,36427201
15179,21,0,0,5947,875,36429601
15180,20,1,0,5948,875,36432001
15181,21,0,0,5948,875,36434401
15182,21,0,0,5948,875,36436801
15183,22,0,0,5948,875,36439201
15184,22,0,0,5948,875,36441601
15185,25,0,0,5948,875,36444001
15186,23,0,0,5948,875,36446401
15187,18,0,0,5948,875,36448801
15188,20,1,0,5949,875,36451201
15189,22,0,0,5949,875,36453601
15190,20,0,0,5949,875,36456001
15191,21,0,0,5949,875,36458401
15192,21,0,0,5949,875,36460801
15193,25,1,0,5950,875,36463201
15194,25,1,0,5951,875,36465601
15195,32,0,0,5951,875,36468001
15196,25,0,0,5951,875,36470401
15197,30,0,0,5951,875,36472801
15198,34,0,0,5951,875,36475201
15199,30,0,0,5951,875,36477601
15200,35,0,0,5951,875,36480001
15201,32,0,0,5951,875,36482401
15202,37,0,0,5951,875,36484801
15203,32,0,0,5951,875,36487201
15204,33,0,0,5951,875,36489601
15205,33,0,0,5951,875,36492001
15206,30,0,0,5951,875,36494401
15207,26,0,0,5951,875,36496801
15208,26,1,0,5952,875,36499201
15209,27,2,0,5954,875,36501601
15210,30,1,0,5955,875,36504001
15211,25,1,0,5956,875,36506401
15212,24,0,0,5956,875,36508801
15213,25,0,0,5956,875,36511201
15214,26,0,0,5956,875,36513601
15215,25,0,0,5956,875,36516001
15216,27,2,1,5958,876,36518401
15217,25,0,0,5958,876,36520801
15218,26,0,0,5958,876,36523201
15219,24,0,0,5958,876,36525601
15220,26,0,0,5958,876,36528001
15221,22,0,0,5958,876,36530401
15222,21,0,0,5958,876,36532801
15223,20,0,0,5958,876,36535201
15224,18,0,0,5958,876,36537601
15225,21,0,0,5958,876,36540001
15226,19,1,0,5959,876,36542401
15227,20,0,0,5959,876,36544801
15228,16,0,0,5959,876,36547201
15229,18,0,0,5959,876,36549601
15230,17,0,0,5959,876,36552001
15231,18,0,0,5959,876,36554401
15232,21,0,0,5959,876,36556801
15233,20,0,0,5959,876,36559201
15234,20,0,0,5959,876,36561601
15235,16,0,0,5959,876,36564001
15236,15,0,0,5959,876,36566401
15237,14,0,0,5959,876,36568801
15238,15,0,0,5959,876,36571201
15239,13,0,0,5959,876,36573601
15240,15,0,0,5959,876,36576001
15241,17,0,0,5959,876,36578401
15242,19,0,0,5959,876,36580801
15243,24,0,0,5959,876,36583201
15244,24,0,0,5959,876,36585601
15245,25,1,0,5960,876,36588001
15246,23,0,0,5960,876,36590401
15247,24,0,0,5960,876,36592801
15248,23,0,0,5960,876,36595201
15249,25,0,0,5960,876,36597601
15250,24,0,0,5960,876,36600001
15251,23,1,0,5961,876,36602401
15252,21,0,0,5961,876,36604801
15253,23,0,0,5961,876,36607201
15254,25,0,0,5961,876,36609601
15255,25,0,0,5961,876,36612001
15256,21,0,0,5961,876,36614401
15257,21,0,0,5961,876,36616801
15258,22,0,0,5961,876,36619201
15259,22,1,0,5962,876,36621601
15260,24,0,0,5962,876,36624001
15261,26,0,0,5962,876,36626401
15262,28,1,0,5963,876,36628801
15263,33,0,0,5963,876,36631201
15264,31,0,0,5963,876,36633601
15265,28,1,0,5964,876,36636001
15266,27,1,0,5965,876,36638401
15267,27,0,0,5965,876,36640801
15268,28,0,0,5965,876,36643201
15269,25,0,0,5965,876,36645601
15270,26,0,0,5965,876,36648001
15271,20,0,0,5965,876,36650401
15272,22,0,0,5965,876,36652801
15273,23,0,0,5965,876,36655201
15274,21,0,0,5965,876,36657601
15275,24,0,0,5965,876,36660001
15276,22,0,0,5965,876,36662401
15277,25,0,0,5965,876,36664801
15278,22,0,0,5965,876,36667201
15279,24,0,0,5965,876,36669601
15280,25,0,0,5965,876,36672001
15281,30,0,0,5965,876,36674401
15282,21,1,0,5966,876,36676801
15283,24,0,0,5966,876,36679201
15284,23,0,0,5966,876,36681601
15285,25,0,0,5966,876,36684001
15286,23,0,0,5966,876,36686401
15287,20,0,0,5966,876,36688801
15288,23,0,0,5966,876,36691201
15289,20,0,0,5966,876,36693601
15290,23,0,0,5966,876,36696001
15291,18,0,0,5966,876,36698401
15292,20,0,0,5966,876,36700801
15293,18,0,0,5966,876,36703201
15294,19,0,0,5966,876,36705601
15295,22,0,0,5966,876,36708001
15296,20,0,0,5966,876,36710401
15297,23,0,0,5966,876,36712801
15298,24,0,0,5966,876,36715201
15299,26,0,0,5966,876,36717601
15300,28,0,0,5966,876,36720001
15301,23,0,0,5966,876,36722401
15302,22,2,0,5968,876,36724801
15303,24,0,0,5968,876,36727201
15304,22,0,0,5968,876,36729601
15305,29,0,0,5968,876,36732001
15306,30,1,0,5969,876,36734401
15307,29,1,0,5970,876,36736801
15308,32,0,0,5970,876,36739201
15309,29,1,0,5971,876,36741601
15310,29,0,0,5971,876,36744001
15311,26,0,0,5971,876,36746401
15312,37,0,0,5971,876,36748801
15313,32,0,0,5971,876,36751201
15314,35,0,0,5971,876,36753601
15315,31,0,0,5971,876,36756001
15316,32,0,0,5971,876,36758401
15317,24,0,0,5971,876,36760801
15318,27,0,0,5971,876,36763201
15319,25,0,0,5971,876,36765601
15320,25,1,0,5972,876,36768001
15321,28,0,0,5972,876,36770401
15322,25,0,0,5972,876,36772801
15323,26,0,0,5972,876,36775201
15324,25,0,0,5972,876,36777601
15325,25,0,0,5972,876,36780001
15326,25,1,0,5973,876,36782401
15327,24,1,0,5974,876,36784801
15328,30,0,0,5974,876,36787201
15329,26,0,0,5974,876,36789601
15330,28,0,0,5974,876,36792001
15331,25,0,0,5974,876,36794401
15332,30,0,0,5974,876,36796801
15333,27,1,0,5975,876,36799201
15334,30,0,0,5975,876,36801601
15335,32,0,0,5975,876,36804001
15336,32,0,0,5975,876,36806401
15337,31,0,0,5975,876,36808801
15338,32,1,0,5976,876,36811201
15339,28,2,0,5978,876,36813601
15340,30,0,0,5978,876,36816001
15341,30,1,0,5979,876,36818401
15342,24,0,0,5979,876,36820801
15343,26,0,0,5979,876,36823201
15344,26,0,0,5979,876,36825601
15345,28,0,0,5979,876,36828001
15346,21,0,0,5979,876,36830401
15347,25,0,0,5979,876,36832801
15348,27,0,0,5979,876,36835201
15349,25,0,0,5979,876,36837601
15350,24,2,0,5981,876,36840001
15351,23,0,0,5981,876,36842401
15352,29,0,0,5981,876,36844801
15353,30,0,0,5981,876,36847201
15354,26,0,0,5981,876,36849601
15355,26,0,0,5981,876,36852001
15356,25,0,0,5981,876,36854401
15357,27,0,0,5981,876,36856801
15358,26,0,0,5981,876,36859201
15359,30,0,0,5981,876,36861601
15360,26,0,0,5981,876,36864001
15361,29,0,0,5981,876,36866401
15362,30,0,0,5981,876,36868801
15363,30,0,0,5981,876,36871201
15364,29,0,0,5981,876,36873601
15365,29,0,0,5981,876,36876001
15366,29,0,0,5981,876,36878401
15367,29,0,0,5981,876,36880801
15368,28,1,0,5982,876,36883201
15369,25,2,0,5984,876,36885601
15370,25,0,0,5984,876,36888001
15371,21,0,0,5984,876,36890401
15372,28,1,0,5985,876,36892801
15373,25,0,0,5985,876,36895201
15374,27,0,0,5985,876,36897601
15375,29,0,0,5985,876,36900001
15376,23,0,0,5985,876,36902401
15377,24,0,0,5985,876,36904801
15378,19,0,0,5985,876,36907201
15379,22,0,0,5985,876,36909601
15380,18,1,0,5986,876,36912001
15381,20,0,0,5986,876,36914401
15382,25,0,0,5986,876,36916801
15383,25,2,0,5988,876,36919201
15384,22,0,0,5988,876,36921601
15385,24,1,0,5989,876,36924001
15386,20,0,0,5989,876,36926401
15387,17,0,0,5989,876,36928801
15388,18,0,0,5989,876,36931201
15389,17,0,0,5989,876,36933601
15390,19,0,0,5989,876,36936001
15391,17,0,0,5989,876,36938401
15392,16,0,0,5989,876,36940801
15393,15,0,0,5989,876,36943201
15394,15,0,0,5989,876,36945601
15395,16,0,0,5989,876,36948001
15396,18,0,0,5989,876,36950401
15397,22,0,0,5989,876,36952801
15398,21,0,0,5989,876,36955201
15399,20,0,0,5989,876,36957601
15400,20,0,0,5989,876,36960001
15401,19,0,0,5989,876,36962401
15402,20,0,0,5989,876,36964801
15403,19,0,0,5989,876,36967201
15404,19,1,0,5990,876,36969601
15405,19,0,0,5990,876,36972001
15406,19,1,0,5991,876,36974401
15407,16,0,0,5991,876,36976801
15408,14,0,0,5991,876,36979201
15409,15,0,0,5991,876,36981601
15410,18,0,0,5991,876,36984001
15411,26,0,0,5991,876,36986401
15412,22,1,0,5992,876,36988801
15413,24,0,0,5992,876,36991201
15414,27,2,0,5994,876,36993601
15415,27,0,0,5994,876,36996001
15416,25,0,0,5994,876,36998401
15417,28,1,1,5995,877,37000801
15418,30,1,0,5996,877,37003201
15419,28,0,0,5996,877,37005601
15420,32,0,0,5996,877,37008001
15421,27,0,0,5996,877,37010401
15422,25,0,0,5996,877,37012801
15423,24,0,0,5996,877,37015201
15424,24,0,0,5996,877,37017601
15425,19,0,0,5996,877,37020001
15426,24,0,0,5996,877,37022401
15427,20,0,0,5996,877,37024801
15428,19,0,0,5996,877,37027201
15429,17,1,0,5997,877,37029601
15430,17,0,0,5997,877,37032001
15431,24,0,0,5997,877,37034401
15432,24,0,0,5997,877,37036801
15433,25,1,0,5998,877,37039201
15434,25,1,0,5999,877,37041601
15435,28,0,0,5999,877,37044001
15436,26,0,0,5999,877,37046401
15437,24,1,0,6000,877,37048801
15438,26,0,0,6000,877,37051201
15439,21,1,1,6001,878,37053601
15440,23,1,0,6002,878,37056001
15441,21,0,0,6002,878,37058401
15442,21,1,0,6003,878,37060801
15443,19,0,0,6003,878,37063201
15444,23,0,0,6003,878,37065601
15445,21,0,0,6003,878,37068001
15446,22,0,0,6003,878,37070401
15447,21,0,0,6003,878,37072801
15448,22,0,0,6003,878,37075201
15449,23,0,0,6003,878,37077601
15450,20,1,0,6004,878,37080001
15451,22,0,0,6004,878,37082401
15452,20,0,0,6004,878,37084801
15453,20,0,0,6004,878,37087201
15454,18,1,0,6005,878,37089601
15455,20,0,0,6005,878,37092001
15456,19,1,0,6006,878,37094401
15457,19,2,0,6008,878,37096801
15458,19,0,0,6008,878,37099201
15459,20,0,0,6008,878,37101601
15460,23,0,0,6008,878,37104001
15461,28,0,0,6008,878,37106401
15462,25,0,0,6008,878,37108801
15463,32,0,0,6008,878,37111201
15464,29,0,0,6008,878,37113601
15465,33,0,0,6008,878,37116001
15466,32,0,0,6008,878,37118401
15467,38,0,0,6008,878,37120801
15468,35,0,0,6008,878,37123201
15469,35,0,0,6008,878,37125601
15470,37,1,0,6009,878,37128001
15471,35,0,0,6009,878,37130401
15472,32,0,0,6009,878,37132801
15473,35,0,0,6009,878,37135201
15474,35,0,0,6009,878,37137601
15475,29,1,0,6010,878,37140001
15476,27,0,0,6010,878,37142401
15477,24,0,0,6010,878,37144801
15478,27,0,0,6010,878,37147201
15479,28,0,0,6010,878,37149601
15480,24,0,0,6010,878,37152001
15481,31,0,0,6010,878,37154401
15482,28,1,0,6011,878,37156801
15483,32,0,0,6011,878,37159201
15484,28,1,0,6012,878,37161601
15485,27,0,0,6012,878,37164001
15486,25,0,0,6012,878,37166401
15487,24,0,0,6012,878,37168801
15488,25,0,0,6012,878,37171201
15489,24,0,0,6012,878,37173601
15490,22,0,0,6012,878,37176001
15491,20,0,0,6012,878,37178401
15492,23,1,0,6013,878,37180801
15493,22,0,0,6013,878,37183201
15494,26,0,0,6013,878,37185601
15495,26,0,0,6013,878,37188001
15496,25,0,0,6013,878,37190401
15497,23,1,0,6014,878,37192801
15498,28,0,0,6014,878,37195201
15499,25,0,0,6014,878,37197601
15500,26,0,0,6014,878,37200001
15501,24,0,0,6014,878,37202401
15502,29,0,0,6014,878,37204801
15503,27,0,0,6014,878,37207201
15504,27,0,0,6014,878,37209601
15505,29,0,0,6014,878,37212001
15506,28,0,0,6014,878,37214401
15507,29,0,0,6014,878,37216801
15508,35,0,0,6014,878,37219201
15509,31,0,0,6014,878,37221601
15510,35,0,0,6014,878,37224001
15511,28,0,0,6014,878,37226401
15512,34,0,0,6014,878,37228801
15513,34,0,0,6014,878,37231201
15514,34,0,0,6014,878,37233601
15515,32,0,0,6014,878,37236001
15516,32,0,0,6014,878,37238401
15517,31,0,0,6014,878,37240801
15518,29,0,0,6014,878,37243201
15519,30,0,0,6014,878,37245601
15520,27,0,0,6014,878,37248001
15521,28,1,0,6015,878,37250401
15522,27,0,0,6015,878,37252801
15523,29,0,0,6015,878,37255201
15524,23,0,0,6015,878,37257601
15525,32,0,0,6015,878,37260001
15526,31,0,0,6015,878,37262401
15527,34,0,0,6015,878,37264801
15528,27,0,0,6015,878,37267201
15529,34,0,0,6015,878,37269601
15530,22,1,0,6016,878,37272001
15531,29,0,0,6016,878,37274401
15532,26,0,0,6016,878,37276801
15533,31,0,0,6016,878,37279201
15534,30,0,0,6016,878,37281601
15535,36,0,0,6016,878,37284001
15536,32,0,0,6016,878,37286401
15537,29,0,0,6016,878,37288801
15538,27,0,0,6016,878,37291201
15539,30,0,0,6016,878,37293601
15540,25,0,0,6016,878,37296001
15541,28,0,0,6016,878,37298401
15542,26,0,0,6016,878,37300801
15543,28,0,0,6016,878,37303201
15544,21,0,0,6016,878,37305601
15545,22,0,0,6016,878,37308001
15546,18,1,0,6017,878,37310401
15547,18,0,0,6017,878,37312801
15548,18,0,0,6017,878,37315201
15549,16,0,0,6017,878,37317601
15550,16,0,0,6017,878,37320001
15551,18,0,0,6017,878,37322401
15552,18,0,0,6017,878,37324801
15553,20,0,0,6017,878,37327201
15554,21,0,0,6017,878,37329601
15555,24,0,0,6017,878,37332001
15556,23,0,0,6017,878,37334401
15557,21,0,0,6017,878,37336801
15558,22,0,0,6017,878,37339201
15559,25,0,0,6017,878,37341601
15560,27,0,0,6017,878,37344001
15561,26,1,0,6018,878,37346401
15562,22,2,0,6020,878,37348801
15563,20,0,0,6020,878,37351201
15564,23,0,0,6020,878,37353601
15565,23,0,0,6020,878,37356001
15566,22,0,0,6020,878,37358401
15567,23,0,0,6020,878,37360801
15568,25,0,0,6020,878,37363201
15569,23,0,0,6020,878,37365601
15570,22,0,0,6020,878,37368001
15571,26,0,0,6020,878,37370401
15572,23,0,0,6020,878,37372801
15573,24,0,0,6020,878,37375201
15574,22,1,0,6021,878,37377601
15575,20,0,0,6021,878,37380001
15576,20,0,0,6021,878,37382401
15577,24,0,0,6021,878,37384801
15578,20,0,0,6021,878,37387201
15579,21,0,0,6021,878,37389601
15580,24,0,0,6021,878,37392001
15581,20,0,0,6021,878,37394401
15582,20,0,0,6021,878,37396801
15583,21,0,0,6021,878,37399201
15584,21,0,0,6021,878,37401601
15585,23,1,0,6022,878,37404001
15586,22,0,0,6022,878,37406401
15587,22,1,0,6023,878,37408801
15588,24,0,0,6023,878,37411201
15589,24,0,0,6023,878,37413601
15590,22,1,1,6024,879,37416001
15591,22,0,0,6024,879,37418401
15592,23,0,0,6024,879,37420801
15593,27,0,0,6024,879,37423201
15594,29,0,0,6024,879,37425601
15595,25,0,0,6024,879,37428001
15596,22,0,0,6024,879,37430401
15597,22,1,0,6025,879,37432801
15598,26,0,0,6025,879,37435201
15599,23,0,0,6025,879,37437601
15600,30,1,0,6026,879,37440001
15601,25,0,0,6026,879,37442401
15602,25,0,0,6026,879,37444801
15603,22,0,0,6026,879,37447201
15604,25,0,0,6026,879,37449601
15605,22,0,0,6026,879,37452001
15606,27,0,0,6026,879,37454401
15607,21,1,0,6027,879,37456801
15608,24,0,0,6027,879,37459201
15609,21,0,0,6027,879,37461601
15610,21,0,0,6027,879,37464001
15611,21,0,0,6027,879,37466401
15612,25,0,0,6027,879,37468801
15613,22,0,0,6027,879,37471201
15614,25,0,0,6027,879,37473601
15615,29,0,0,6027,879,37476001
15616,28,0,0,6027,879,37478401
15617,26,0,0,6027,879,37480801
15618,26,1,0,6028,879,37483201
15619,22,0,0,6028,879,37485601
15620,22,1,1,6029,880,37488001
15621,21,1,0,6030,880,37490401
15622,23,0,0,6030,880,37492801
15623,22,1,1,6031,881,37495201
15624,19,1,0,6032,881,37497601
15625,21,0,0,6032,881,37500001
15626,20,0,0,6032,881,37502401
15627,21,0,0,6032,881,37504801
15628,23,0,0,6032,881,37507201
15629,21,1,0,6033,881,37509601
15630,22,0,0,6033,881,37512001
15631,19,0,0,6033,881,37514401
15632,19,0,0,6033,881,37516801
15633,19,0,0,6033,881,37519201
15634,20,0,0,6033,881,37521601
15635,21,0,0,6033,881,37524001
15636,24,0,0,6033,881,37526401
15637,24,0,0,6033,881,37528801
15638,23,0,0,6033,881,37531201
15639,22,0,0,6033,881,37533601
15640,22,0,0,6033,881,37536001
15641,26,0,0,6033,881,37538401
15642,25,0,0,6033,881,37540801
15643,24,0,0,6033,881,37543201
15644,23,0,0,6033,881,37545601
15645,24,0,0,6033,881,37548001
15646,23,0,0,6033,881,37550401
15647,20,0,0,6033,881,37552801
15648,20,0,0,6033,881,37555201
15649,22,0,0,6033,881,37557601
15650,18,0,0,6033,881,37560001
15651,21,0,0,6033,881,37562401
15652,20,1,0,6034,881,37564801
15653,25,0,0,6034,881,37567201
15654,22,0,0,6034,881,37569601
15655,25,0,0,6034,881,37572001
15656,24,0,0,6034,881,37574401
15657,23,0,0,6034,881,37576801
15658,22,0,0,6034,881,37579201
15659,24,0,0,6034,881,37581601
15660,16,0,0,6034,881,37584001
15661,16,0,0,6034,881,37586401
15662,13,0,0,6034,881,37588801
15663,16,1,0,6035,881,37591201
15664,16,0,0,6035,881,37593601
15665,21,0,0,6035,881,37596001
15666,22,0,0,6035,881,37598401
15667,22,0,0,6035,881,37600801
15668,20,0,0,6035,881,37603201
15669,17,1,0,6036,881,37605601
15670,19,0,0,6036,881,37608001
15671,15,0,0,6036,881,37610401
15672,18,0,0,6036,881,37612801
15673,16,0,0,6036,881,37615201
15674,14,1,0,6037,881,37617601
15675,14,0,0,6037,881,37620001
15676,13,0,0,6037,881,37622401
15677,15,0,0,6037,881,37624801
15678,15,0,0,6037,881,37627201
15679,18,0,0,6037,881,37629601
15680,22,0,0,6037,881,37632001
15681,26,0,0,6037,881,37634401
15682,22,0,0,6037,881,37636801
15683,23,1,0,6038,881,37639201
15684,24,1,1,6039,882,37641601
15685,21,1,0,6040,882,37644001
15686,21,0,0,6040,882,37646401
15687,22,0,0,6040,882,37648801
15688,20,1,0,6041,882,37651201
15689,25,0,0,6041,882,37653601
15690,26,0,0,6041,882,37656001
15691,24,1,0,6042,882,37658401
15692,26,0,0,6042,882,37660801
15693,20,0,0,6042,882,37663201
15694,20,0,0,6042,882,37665601
15695,17,0,0,6042,882,37668001
15696,17,0,0,6042,882,37670401
15697,20,0,0,6042,882,37672801
15698,19,0,0,6042,882,37675201
15699,20,0,0,6042,882,37677601
15700,20,0,0,6042,882,37680001
15701,20,1,1,6043,883,37682401
15702,16,1,1,6044,884,37684801
15703,16,0,0,6044,884,37687201
15704,17,0,0,6044,884,37689601
15705,19,0,0,6044,884,37692001
15706,19,0,0,6044,884,37694401
15707,17,0,0,6044,884,37696801
15708,17,0,0,6044,884,37699201
15709,20,0,0,6044,884,37701601
15710,22,0,0,6044,884,37704001
15711,20,0,0,6044,884,37706401
15712,20,1,0,6045,884,37708801
15713,21,0,0,6045,884,37711201
15714,26,0,0,6045,884,37713601
15715,26,0,0,6045,884,37716001
15716,23,1,0,6046,884,37718401
15717,21,1,0,6047,884,37720801
15718,21,0,0,6047,884,37723201
15719,19,0,0,6047,884,37725601
15720,23,0,0,6047,884,37728001
15721,23,0,0,6047,884,37730401
15722,24,0,0,6047,884,37732801
15723,28,0,0,6047,884,37735201
15724,26,0,0,6047,884,37737601
15725,25,0,0,6047,884,37740001
15726,25,0,0,6047,884,37742401
15727,24,0,0,6047,884,37744801
15728,23,0,0,6047,884,37747201
15729,25,0,0,6047,884,37749601
15730,24,0,0,6047,884,37752001
15731,25,0,0,6047,884,37754401
15732,27,0,0,6047,884,37756801
15733,28,0,0,6047,884,37759201
15734,29,0,0,6047,884,37761601
15735,25,0,0,6047,884,37764001
15736,27,0,0,6047,884,37766401
15737,27,0,0,6047,884,37768801
15738,26,0,0,6047,884,37771201
15739,22,0,0,6047,884,37773601
15740,23,0,0,6047,884,37776001
15741,23,0,0,6047,884,37778401
15742,23,0,0,6047,884,37780801
15743,20,0,0,6047,884,37783201
15744,21,0,0,6047,884,37785601
15745,20,0,0,6047,884,37788001
15746,22,0,0,6047,884,37790401
15747,23,0,0,6047,884,37792801
15748,24,0,0,6047,884,37795201
15749,21,0,0,6047,884,37797601
15750,24,0,0,6047,884,37800001
15751,26,0,0,6047,884,37802401
15752,21,1,0,6048,884,37804801
15753,20,0,0,6048,884,37807201
15754,17,0,0,6048,884,37809601
15755,17,1,0,6049,884,37812001
15756,19,0,0,6049,884,37814401
15757,18,0,0,6049,884,37816801
15758,16,0,0,6049,884,37819201
15759,17,0,0,6049,884,37821601
15760,19,0,0,6049,884,37824001
15761,18,0,0,6049,884,37826401
15762,23,0,0,6049,884,37828801
15763,27,0,0,6049,884,37831201
15764,28,0,0,6049,884,37833601
15765,23,0,0,6049,884,37836001
15766,22,0,0,6049,884,37838401
15767,27,0,0,6049,884,37840801
15768,27,0,0,6049,884,37843201
15769,27,0,0,6049,884,37845601
15770,30,0,0,6049,884,37848001
15771,27,1,0,6050,884,37850401
15772,27,0,0,6050,884,37852801
15773,29,0,0,6050,884,37855201
15774,29,0,0,6050,884,37857601
15775,27,0,0,6050,884,37860001
15776,28,1,0,6051,884,37862401
15777,27,0,0,6051,884,37864801
15778,27,0,0,6051,884,37867201
15779,26,0,0,6051,884,37869601
15780,24,0,0,6051,884,37872001
15781,26,0,0,6051,884,37874401
15782,30,0,0,6051,884,37876801
15783,29,0,0,6051,884,37879201
15784,24,0,0,6051,884,37881601
15785,29,0,0,6051,884,37884001
15786,30,0,0,6051,884,37886401
15787,26,0,0,6051,884,37888801
15788,26,0,0,6051,884,37891201
15789,26,0,0,6051,884,37893601
15790,24,0,0,6051,884,37896001
15791,25,0,0,6051,884,37898401
15792,23,0,0,6051,884,37900801
15793,22,1,0,6052,884,37903201
15794,24,0,0,6052,884,37905601
15795,23,0,0,6052,884,37908001
15796,23,0,0,6052,884,37910401
15797,24,0,0,6052,884,37912801
15798,23,0,0,6052,884,37915201
15799,22,0,0,6052,884,37917601
15800,22,0,0,6052,884,37920001
15801,24,0,0,6052,884,37922401
15802,20,0,0,6052,884,37924801
15803,19,0,0,6052,884,37927201
15804,18,1,1,6053,885,37929601
15805,19,0,0,6053,885,37932001
15806,21,0,0,6053,885,37934401
15807,20,0,0,6053,885,37936801
15808,24,0,0,6053,885,37939201
15809,26,0,0,6053,885,37941601
15810,19,0,0,6053,885,37944001
15811,21,0,0,6053,885,37946401
15812,22,0,0,6053,885,37948801
15813,24,1,0,6054,885,37951201
15814,21,0,0,6054,885,37953601
15815,27,1,0,6055,885,37956001
15816,24,0,0,6055,885,37958401
15817,26,0,0,6055,885,37960801
15818,23,0,0,6055,885,37963201
15819,21,1,0,6056,885,37965601
15820,20,0,0,6056,885,37968001
15821,19,0,0,6056,885,37970401
15822,23,0,0,6056,885,37972801
15823,25,0,0,6056,885,37975201
15824,29,0,0,6056,885,37977601
15825,24,0,0,6056,885,37980001
15826,26,0,0,6056,885,37982401
15827,24,0,0,6056,885,37984801
15828,26,0,0,6056,885,37987201
15829,27,0,0,6056,885,37989601
15830,25,0,0,6056,885,37992001
15831,28,0,0,6056,885,37994401
15832,27,2,0,6058,885,37996801
15833,26,1,0,6059,885,37999201
15834,28,0,0,6059,885,38001601
15835,27,1,1,6060,886,38004001
15836,29,0,0,6060,886,38006401
15837,28,0,0,6060,886,38008801
15838,26,3,0,6063,886,38011201
15839,23,0,0,6063,886,38013601
15840,21,0,0,6063,886,38016001
15841,21,0,0,6063,886,38018401
15842,23,0,0,6063,886,38020801
15843,23,1,1,6064,887,38023201
15844,19,0,0,6064,887,38025601
15845,20,0,0,6064,887,38028001
15846,20,0,0,6064,887,38030401
15847,19,1,0,6065,887,38032801
15848,23,0,0,6065,887,38035201
15849,22,0,0,6065,887,38037601
15850,23,0,0,6065,887,38040001
15851,26,0,0,6065,887,38042401
15852,26,0,0,6065,887,38044801
15853,35,0,0,6065,887,38047201
15854,29,1,0,6066,887,38049601
15855,31,1,0,6067,887,38052001
15856,30,0,0,6067,887,38054401
15857,27,1,0,6068,887,38056801
15858,27,0,0,6068,887,38059201
15859,28,0,0,6068,887,38061601
15860,31,0,0,6068,887,38064001
15861,26,1,0,6069,887,38066401
15862,27,1,0,6070,887,38068801
15863,29,1,0,6071,887,38071201
15864,33,0,0,6071,887,38073601
15865,28,0,0,6071,887,38076001
15866,33,1,0,6072,887,38078401
15867,31,0,0,6072,887,38080801
15868,30,0,0,6072,887,38083201
15869,33,0,0,6072,887,38085601
15870,28,1,0,6073,887,38088001
15871,29,1,0,6074,887,38090401
15872,27,0,0,6074,887,38092801
15873,28,0,0,6074,887,38095201
15874,29,0,0,6074,887,38097601
15875,30,0,0,6074,887,38100001
15876,31,0,0,6074,887,38102401
15877,30,0,0,6074,887,38104801
15878,28,0,0,6074,887,38107201
15879,27,1,0,6075,887,38109601
15880,24,1,0,6076,887,38112001
15881,30,0,0,6076,887,38114401
15882,27,0,0,6076,887,38116801
15883,24,0,0,6076,887,38119201
15884,24,1,0,6077,887,38121601
15885,24,2,0,6079,887,38124001
15886,23,1,0,6080,887,38126401
15887,25,0,0,6080,887,38128801
15888,23,1,0,6081,887,38131201
15889,21,0,0,6081,887,38133601
15890,23,0,0,6081,887,38136001
15891,24,0,0,6081,887,38138401
15892,23,1,0,6082,887,38140801
15893,23,0,0,6082,887,38143201
15894,26,2,1,6084,888,38145601
15895,26,0,0,6084,888,38148001
15896,26,0,0,6084,888,38150401
15897,28,1,1,6085,889,38152801
15898,33,0,0,6085,889,38155201
15899,28,0,0,6085,889,38157601
15900,30,0,0,6085,889,38160001
15901,29,1,0,6086,889,38162401
15902,28,0,0,6086,889,38164801
15903,27,0,0,6086,889,38167201
15904,29,1,0,6087,889,38169601
15905,29,0,0,6087,889,38172001
15906,29,0,0,6087,889,38174401
15907,28,0,0,6087,889,38176801
15908,30,0,0,6087,889,38179201
15909,27,1,1,6088,890,38181601
15910,26,0,0,6088,890,38184001
15911,27,1,0,6089,890,38186401
15912,28,1,0,6090,890,38188801
15913,26,0,0,6090,890,38191201
15914,25,0,0,6090,890,38193601
15915,25,0,0,6090,890,38196001
15916,24,1,0,6091,890,38198401
15917,25,0,0,6091,890,38200801
15918,26,0,0,6091,890,38203201
15919,23,0,0,6091,890,38205601
15920,23,0,0,6091,890,38208001
15921,25,0,0,6091,890,38210401
15922,24,1,0,6092,890,38212801
15923,26,0,0,6092,890,38215201
15924,24,0,0,6092,890,38217601
15925,26,0,0,6092,890,38220001
15926,30,0,0,6092,890,38222401
15927,31,0,0,6092,890,38224801
15928,30,1,0,6093,890,38227201
15929,26,1,0,6094,890,38229601
15930,24,1,0,6095,890,38232001
15931,25,0,0,6095,890,38234401
15932,23,0,0,6095,890,38236801
15933,25,0,0,6095,890,38239201
15934,28,0,0,6095,890,38241601
15935,26,0,0,6095,890,38244001
15936,27,0,0,6095,890,38246401
15937,29,0,0,6095,890,38248801
15938,31,0,0,6095,890,38251201
15939,28,0,0,6095,890,38253601
15940,29,0,0,6095,890,38256001
15941,29,0,0,6095,890,38258401
15942,25,1,0,6096,890,38260801
15943,29,0,0,6096,890,38263201
15944,29,0,0,6096,890,38265601
15945,33,2,0,6098,890,38268001
15946,31,2,0,6100,890,38270401
15947,27,0,0,6100,890,38272801
15948,31,0,0,6100,890,38275201
15949,27,1,0,6101,890,38277601
15950,27,0,0,6101,890,38280001
15951,24,0,0,6101,890,38282401
15952,25,0,0,6101,890,38284801
15953,23,1,0,6102,890,38287201
15954,27,0,0,6102,890,38289601
15955,24,0,0,6102,890,38292001
15956,27,1,0,6103,890,38294401
15957,26,1,0,6104,890,38296801
15958,26,0,0,6104,890,38299201
15959,27,0,0,6104,890,38301601
15960,27,0,0,6104,890,38304001
15961,29,0,0,6104,890,38306401
15962,28,0,0,6104,890,38308801
15963,22,0,0,6104,890,38311201
15964,26,1,0,6105,890,38313601
15965,25,0,0,6105,890,38316001
15966,24,0,0,6105,890,38318401
15967,25,0,0,6105,890,38320801
15968,26,1,0,6106,890,38323201
15969,27,1,0,6107,890,38325601
15970,28,1,1,6108,891,38328001
15971,28,0,0,6108,891,38330401
15972,28,0,0,6108,891,38332801
15973,30,1,1,6109,892,38335201
15974,29,0,0,6109,892,38337601
15975,30,0,0,6109,892,38340001
15976,30,1,0,6110,892,38342401
15977,31,1,0,6111,892,38344801
15978,30,1,0,6112,892,38347201
15979,30,0,0,6112,892,38349601
15980,27,1,0,6113,892,38352001
15981,31,0,0,6113,892,38354401
15982,32,1,0,6114,892,38356801
15983,27,0,0,6114,892,38359201
15984,26,0,0,6114,892,38361601
15985,27,0,0,6114,892,38364001
15986,26,0,0,6114,892,38366401
15987,28,0,0,6114,892,38368801
15988,29,0,0,6114,892,38371201
15989,30,0,0,6114,892,38373601
15990,32,0,0,6114,892,38376001
15991,30,0,0,6114,892,38378401
15992,31,1,0,6115,892,38380801
15993,32,0,0,6115,892,38383201
15994,34,0,0,6115,892,38385601
15995,30,0,0,6115,892,38388001
15996,32,0,0,6115,892,38390401
15997,30,1,0,6116,892,38392801
15998,31,1,0,6117,892,38395201
15999,34,0,0,6117,892,38397601
16000,28,1,0,6118,892,38400001
16001,30,0,0,6118,892,38402401
16002,29,0,0,6118,892,38404801
16003,28,1,0,6119,892,38407201
16004,30,0,0,6119,892,38409601
16005,29,0,0,6119,892,38412001
16006,31,0,0,6119,892,38414401
16007,34,0,0,6119,892,38416801
16008,33,0,0,6119,892,38419201
16009,36,0,0,6119,892,38421601
16010,39,0,0,6119,892,38424001
16011,41,0,0,6119,892,38426401
16012,37,0,0,6119,892,38428801
16013,33,0,0,6119,892,38431201
16014,35,1,0,6120,892,38433601
16015,33,0,0,6120,892,38436001
16016,29,1,1,6121,893,38438401
16017,29,3,0,6124,893,38440801
16018,29,0,0,6124,893,38443201
16019,26,1,0,6125,893,38445601
16020,30,0,0,6125,893,38448001
16021,27,0,0,6125,893,38450401
16022,27,0,0,6125,893,38452801
16023,28,0,0,6125,893,38455201
16024,29,0,0,6125,893,38457601
16025,26,0,0,6125,893,38460001
16026,28,0,0,6125,893,38462401
16027,26,0,0,6125,893,38464801
16028,24,0,0,6125,893,38467201
16029,25,1,0,6126,893,38469601
16030,29,1,1,6127,894,38472001
16031,27,1,0,6128,894,38474401
16032,27,0,0,6128,894,38476801
16033,27,0,0,6128,894,38479201
16034,27,1,0,6129,894,38481601
16035,28,0,0,6129,894,38484001
16036,29,0,0,6129,894,38486401
16037,31,0,0,6129,894,38488801
16038,36,0,0,6129,894,38491201
16039,31,2,0,6131,894,38493601
16040,28,0,0,6131,894,38496001
16041,29,1,0,6132,894,38498401
16042,31,1,0,6133,894,38500801
16043,31,0,0,6133,894,38503201
16044,26,0,0,6133,894,38505601
16045,27,0,0,6133,894,38508001
16046,31,0,0,6133,894,38510401
16047,32,0,0,6133,894,38512801
16048,30,0,0,6133,894,38515201
16049,27,1,0,6134,894,38517601
16050,27,2,0,6136,894,38520001
16051,26,1,0,6137,894,38522401
16052,27,0,0,6137,894,38524801
16053,26,0,0,6137,894,38527201
16054,23,1,0,6138,894,38529601
16055,24,0,0,6138,894,38532001
16056,22,0,0,6138,894,38534401
16057,24,0,0,6138,894,38536801
16058,26,0,0,6138,894,38539201
16059,24,0,0,6138,894,38541601
16060,23,0,0,6138,894,38544001
16061,22,0,0,6138,894,38546401
16062,26,0,0,6138,894,38548801
16063,26,0,0,6138,894,38551201
16064,24,0,0,6138,894,38553601
16065,25,1,0,6139,894,38556001
16066,25,0,0,6139,894,38558401
16067,27,0,0,6139,894,38560801
16068,31,0,0,6139,894,38563201
16069,33,0,0,6139,894,38565601
16070,29,3,0,6142,894,38568001
16071,31,0,0,6142,894,38570401
16072,26,1,0,6143,894,38572801
16073,28,1,1,6144,895,38575201
16074,30,1,0,6145,895,38577601
16075,29,1,0,6146,895,38580001
16076,28,2,0,6148,895,38582401
16077,27,1,0,6149,895,38584801
16078,27,0,0,6149,895,38587201
16079,28,1,1,6150,896,38589601
16080,34,0,0,6150,896,38592001
16081,34,0,0,6150,896,38594401
16082,27,1,0,6151,896,38596801
16083,27,0,0,6151,896,38599201
16084,30,2,0,6153,896,38601601
16085,33,0,0,6153,896,38604001
16086,33,0,0,6153,896,38606401
16087,34,0,0,6153,896,38608801
16088,34,1,0,6154,896,38611201
16089,36,2,0,6156,896,38613601
16090,36,0,0,6156,896,38616001
16091,40,0,0,6156,896,38618401
16092,40,0,0,6156,896,38620801
16093,38,0,0,6156,896,38623201
16094,33,0,0,6156,896,38625601
16095,38,0,0,6156,896,38628001
16096,30,0,0,6156,896,38630401
16097,28,0,0,6156,896,38632801
16098,30,1,0,6157,896,38635201
16099,25,0,0,6157,896,38637601
16100,27,0,0,6157,896,38640001
16101,25,1,0,6158,896,38642401
16102,27,2,0,6160,896,38644801
16103,24,0,0,6160,896,38647201
16104,26,0,0,6160,896,38649601
16105,27,0,0,6160,896,38652001
16106,27,0,0,6160,896,38654401
16107,30,1,0,6161,896,38656801
16108,30,0,0,6161,896,38659201
16109,29,0,0,6161,896,38661601
16110,30,0,0,6161,896,38664001
16111,31,0,0,6161,896,38666401
16112,32,1,0,6162,896,38668801
16113,33,1,0,6163,896,38671201
16114,33,0,0,6163,896,38673601
16115,36,0,0,6163,896,38676001
16116,35,1,0,6164,896,38678401
16117,32,1,0,6165,896,38680801
16118,33,1,0,6166,896,38683201
16119,33,0,0,6166,896,38685601
16120,33,1,0,6167,896,38688001
16121,33,0,0,6167,896,38690401
16122,30,1,0,6168,896,38692801
16123,27,0,0,6168,896,38695201
16124,28,1,0,6169,896,38697601
16125,27,2,1,6171,897,38700001
16126,28,1,0,6172,897,38702401
16127,30,0,0,6172,897,38704801
16128,28,1,0,6173,897,38707201
16129,34,0,0,6173,897,38709601
16130,32,2,0,6175,897,38712001
16131,30,0,0,6175,897,38714401
16132,35,0,0,6175,897,38716801
16133,39,1,0,6176,897,38719201
16134,39,1,0,6177,897,38721601
16135,32,1,0,6178,897,38724001
16136,34,1,1,6179,898,38726401
16137,37,0,0,6179,898,38728801
16138,39,0,0,6179,898,38731201
16139,32,3,2,6182,900,38733601
16140,32,0,0,6182,900,38736001
16141,37,1,0,6183,900,38738401
16142,32,0,0,6183,900,38740801
16143,33,2,0,6185,900,38743201
16144,33,0,0,6185,900,38745601
16145,33,0,0,6185,900,38748001
16146,34,2,0,6187,900,38750401
16147,36,2,0,6189,900,38752801
16148,37,1,0,6190,900,38755201
16149,38,0,0,6190,900,38757601
16150,34,2,0,6192,900,38760001
16151,31,1,0,6193,900,38762401
16152,34,3,0,6196,900,38764801
16153,32,1,0,6197,900,38767201
16154,27,0,0,6197,900,38769601
16155,32,0,0,6197,900,38772001
16156,38,0,0,6197,900,38774401
16157,34,0,0,6197,900,38776801
16158,30,0,0,6197,900,38779201
16159,36,0,0,6197,900,38781601
16160,31,1,0,6198,900,38784001
16161,35,0,0,6198,900,38786401
16162,35,1,0,6199,900,38788801
16163,30,2,1,6201,901,38791201
16164,31,0,0,6201,901,38793601
16165,29,0,0,6201,901,38796001
16166,29,0,0,6201,901,38798401
16167,33,0,0,6201,901,38800801
16168,33,0,0,6201,901,38803201
16169,32,0,0,6201,901,38805601
16170,29,0,0,6201,901,38808001
16171,29,0,0,6201,901,38810401
16172,27,0,0,6201,901,38812801
16173,28,2,0,6203,901,38815201
16174,27,2,0,6205,901,38817601
16175,29,1,0,6206,901,38820001
16176,32,0,0,6206,901,38822401
16177,29,0,0,6206,901,38824801
16178,30,0,0,6206,901,38827201
16179,33,0,0,6206,901,38829601
16180,35,0,0,6206,901,38832001
16181,30,1,0,6207,901,38834401
16182,28,0,0,6207,901,38836801
16183,27,0,0,6207,901,38839201
16184,27,1,1,6208,902,38841601
16185,26,0,0,6208,902,38844001
16186,26,1,0,6209,902,38846401
16187,27,0,0,6209,902,38848801
16188,28,0,0,6209,902,38851201
16189,30,0,0,6209,902,38853601
16190,29,1,0,6210,902,38856001
16191,30,0,0,6210,902,38858401
16192,33,1,0,6211,902,38860801
16193,32,2,0,6213,902,38863201
16194,32,0,0,6213,902,38865601
16195,33,0,0,6213,902,38868001
16196,32,1,0,6214,902,38870401
16197,33,0,0,6214,902,38872801
16198,30,5,0,6219,902,38875201
16199,33,0,0,6219,902,38877601
16200,30,0,0,6219,902,38880001
16201,27,0,0,6219,902,38882401
16202,29,0,0,6219,902,38884801
16203,34,0,0,6219,902,38887201
16204,30,0,0,6219,902,38889601
16205,27,0,0,6219,902,38892001
16206,27,0,0,6219,902,38894401
16207,33,0,0,6219,902,38896801
16208,30,0,0,6219,902,38899201
16209,30,0,0,6219,902,38901601
16210,31,1,0,6220,902,38904001
16211,30,1,0,6221,902,38906401
16212,28,1,0,6222,902,38908801
16213,29,0,0,6222,902,38911201
16214,30,0,0,6222,902,38913601
16215,31,0,0,6222,902,38916001
16216,32,0,0,6222,902,38918401
16217,32,3,0,6225,902,38920801
16218,30,0,0,6225,902,38923201
16219,29,1,0,6226,902,38925601
16220,25,0,0,6226,902,38928001
16221,25,1,0,6227,902,38930401
16222,25,0,0,6227,902,38932801
16223,27,2,0,6229,902,38935201
16224,27,1,1,6230,903,38937601
16225,25,1,0,6231,903,38940001
16226,26,1,0,6232,903,38942401
16227,25,0,0,6232,903,38944801
16228,28,1,0,6233,903,38947201
16229,30,0,0,6233,903,38949601
16230,27,0,0,6233,903,38952001
16231,29,0,0,6233,903,38954401
16232,28,0,0,6233,903,38956801
16233,27,0,0,6233,903,38959201
16234,28,0,0,6233,903,38961601
16235,29,0,0,6233,903,38964001
16236,29,1,0,6234,903,38966401
16237,29,0,0,6234,903,38968801
16238,29,1,0,6235,903,38971201
16239,31,1,0,6236,903,38973601
16240,29,0,0,6236,903,38976001
16241,29,0,0,6236,903,38978401
16242,28,0,0,6236,903,38980801
16243,27,2,0,6238,903,38983201
16244,33,0,0,6238,903,38985601
16245,31,0,0,6238,903,38988001
16246,32,1,0,6239,903,38990401
16247,33,1,0,6240,903,38992801
16248,29,0,0,6240,903,38995201
16249,32,1,0,6241,903,38997601
16250,32,1,0,6242,903,39000001
16251,32,0,0,6242,903,39002401
16252,30,1,0,6243,903,39004801
16253,30,2,0,6245,903,39007201
16254,31,1,0,6246,903,39009601
16255,31,0,0,6246,903,39012001
16256,28,0,0,6246,903,39014401
16257,27,1,0,6247,903,39016801
16258,28,0,0,6247,903,39019201
16259,28,1,0,6248,903,39021601
16260,28,1,0,6249,903,39024001
16261,33,1,1,6250,904,39026401
16262,36,1,0,6251,904,39028801
16263,35,0,0,6251,904,39031201
16264,30,3,0,6254,904,39033601
16265,29,0,0,6254,904,39036001
16266,28,0,0,6254,904,39038401
16267,38,0,0,6254,904,39040801
16268,29,1,0,6255,904,39043201
16269,31,2,0,6257,904,39045601
16270,32,1,0,6258,904,39048001
16271,33,0,0,6258,904,39050401
16272,31,1,0,6259,904,39052801
16273,31,2,0,6261,904,39055201
16274,27,2,0,6263,904,39057601
16275,28,0,0,6263,904,39060001
16276,30,0,0,6263,904,39062401
16277,28,1,0,6264,904,39064801
16278,30,0,0,6264,904,39067201
16279,36,0,0,6264,904,39069601
16280,32,1,0,6265,904,39072001
16281,34,0,0,6265,904,39074401
16282,35,0,0,6265,904,39076801
16283,33,0,0,6265,904,39079201
16284,36,1,0,6266,904,39081601
16285,36,1,0,6267,904,39084001
16286,30,0,0,6267,904,39086401
16287,33,0,0,6267,904,39088801
16288,31,0,0,6267,904,39091201
16289,27,1,0,6268,904,39093601
16290,31,0,0,6268,904,39096001
16291,27,4,0,6272,904,39098401
16292,25,2,0,6274,904,39100801
16293,26,1,1,6275,905,39103201
16294,27,0,0,6275,905,39105601
16295,27,1,0,6276,905,39108001
16296,27,0,0,6276,905,39110401
16297,31,0,0,6276,905,39112801
16298,30,0,0,6276,905,39115201
16299,31,0,0,6276,905,39117601
16300,35,0,0,6276,905,39120001
16301,35,0,0,6276,905,39122401
16302,32,1,0,6277,905,39124801
16303,33,1,0,6278,905,39127201
16304,30,0,0,6278,905,39129601
16305,28,0,0,6278,905,39132001
16306,31,0,0,6278,905,39134401
16307,29,0,0,6278,905,39136801
16308,32,0,0,6278,905,39139201
16309,28,2,0,6280,905,39141601
16310,30,1,0,6281,905,39144001
16311,33,0,0,6281,905,39146401
16312,33,0,0,6281,905,39148801
16313,30,0,0,6281,905,39151201
16314,37,1,0,6282,905,39153601
16315,32,0,0,6282,905,39156001
16316,34,0,0,6282,905,39158401
16317,39,0,0,6282,905,39160801
16318,38,1,1,6283,906,39163201
16319,35,0,0,6283,906,39165601
16320,36,0,0,6283,906,39168001
16321,36,2,1,6285,907,39170401
16322,34,3,0,6288,907,39172801
16323,35,2,0,6290,907,39175201
16324,26,0,0,6290,907,39177601
16325,27,0,0,6290,907,39180001
16326,26,0,0,6290,907,39182401
16327,26,0,0,6290,907,39184801
16328,27,0,0,6290,907,39187201
16329,29,0,0,6290,907,39189601
16330,26,0,0,6290,907,39192001
16331,27,1,0,6291,907,39194401
16332,29,1,0,6292,907,39196801
16333,29,0,0,6292,907,39199201
16334,26,0,0,6292,907,39201601
16335,23,3,0,6295,907,39204001
16336,24,0,0,6295,907,39206401
16337,27,2,0,6297,907,39208801
16338,25,0,0,6297,907,39211201
16339,30,0,0,6297,907,39213601
16340,25,2,0,6299,907,39216001
16341,28,0,0,6299,907,39218401
16342,25,0,0,6299,907,39220801
16343,27,0,0,6299,907,39223201
16344,29,1,0,6300,907,39225601
16345,24,0,0,6300,907,39228001
16346,23,1,0,6301,907,39230401
16347,30,0,0,6301,907,39232801
16348,26,1,0,6302,907,39235201
16349,23,1,0,6303,907,39237601
16350,23,1,0,6304,907,39240001
16351,27,0,0,6304,907,39242401
16352,23,0,0,6304,907,39244801
16353,22,1,0,6305,907,39247201
16354,24,0,0,6305,907,39249601
16355,27,0,0,6305,907,39252001
16356,26,0,0,6305,907,39254401
16357,31,0,0,6305,907,39256801
16358,34,1,1,6306,908,39259201
16359,28,0,0,6306,908,39261601
16360,24,1,0,6307,908,39264001
16361,23,1,1,6308,909,39266401
16362,24,0,0,6308,909,39268801
16363,26,1,1,6309,910,39271201
16364,28,1,0,6310,910,39273601
16365,27,1,0,6311,910,39276001
16366,31,0,0,6311,910,39278401
16367,29,2,1,6313,911,39280801
16368,26,2,0,6315,911,39283201
16369,28,1,0,6316,911,39285601
16370,32,2,0,6318,911,39288001
16371,34,1,0,6319,911,39290401
16372,28,0,0,6319,911,39292801
16373,29,1,0,6320,911,39295201
16374,35,0,0,6320,911,39297601
16375,29,1,0,6321,911,39300001
16376,33,0,0,6321,911,39302401
16377,34,0,0,6321,911,39304801
16378,33,0,0,6321,911,39307201
16379,33,1,0,6322,911,39309601
16380,32,1,0,6323,911,39312001
16381,31,0,0,6323,911,39314401
16382,33,0,0,6323,911,39316801
16383,30,1,0,6324,911,39319201
16384,30,1,0,6325,911,39321601
16385,31,0,0,6325,911,39324001
16386,34,1,0,6326,911,39326401
16387,37,1,0,6327,911,39328801
16388,37,1,0,6328,911,39331201
16389,29,0,0,6328,911,39333601
16390,36,0,0,6328,911,39336001
16391,31,2,1,6330,912,39338401
16392,33,0,0,6330,912,39340801
16393,36,0,0,6330,912,39343201
16394,33,0,0,6330,912,39345601
16395,33,0,0,6330,912,39348001
16396,39,1,0,6331,912,39350401
16397,40,1,0,6332,912,39352801
16398,40,0,0,6332,912,39355201
16399,35,2,2,6334,914,39357601
16400,36,0,0,6334,914,39360001
16401,34,0,0,6334,914,39362401
16402,33,1,0,6335,914,39364801
16403,31,2,0,6337,914,39367201
16404,30,1,0,6338,914,39369601
16405,31,0,0,6338,914,39372001
16406,30,0,0,6338,914,39374401
16407,30,1,0,6339,914,39376801
16408,29,0,0,6339,914,39379201
16409,30,0,0,6339,914,39381601
16410,27,1,0,6340,914,39384001
16411,28,1,0,6341,914,39386401
16412,32,0,0,6341,914,39388801
16413,31,1,0,6342,914,39391201
16414,30,0,0,6342,914,39393601
16415,27,0,0,6342,914,39396001
16416,25,1,0,6343,914,39398401
16417,28,1,0,6344,914,39400801
16418,31,0,0,6344,914,39403201
16419,31,0,0,6344,914,39405601
16420,28,0,0,6344,914,39408001
16421,31,0,0,6344,914,39410401
16422,31,2,1,6346,915,39412801
16423,34,2,0,6348,915,39415201
16424,35,0,0,6348,915,39417601
16425,33,2,0,6350,915,39420001
16426,34,1,0,6351,915,39422401
16427,32,1,0,6352,915,39424801
16428,32,1,0,6353,915,39427201
16429,39,1,0,6354,915,39429601
16430,37,1,0,6355,915,39432001
16431,36,2,0,6357,915,39434401
16432,32,0,0,6357,915,39436801
16433,32,0,0,6357,915,39439201
16434,31,0,0,6357,915,39441601
16435,32,0,0,6357,915,39444001
16436,34,0,0,6357,915,39446401
16437,35,1,0,6358,915,39448801
16438,36,2,0,6360,915,39451201
16439,37,0,0,6360,915,39453601
16440,36,1,0,6361,915,39456001
16441,32,0,0,6361,915,39458401
16442,35,0,0,6361,915,39460801
16443,36,1,1,6362,916,39463201
16444,33,0,0,6362,916,39465601
16445,35,0,0,6362,916,39468001
16446,32,1,0,6363,916,39470401
16447,30,1,0,6364,916,39472801
16448,29,1,0,6365,916,39475201
16449,30,0,0,6365,916,39477601
16450,34,1,0,6366,916,39480001
16451,27,2,0,6368,916,39482401
16452,26,1,0,6369,916,39484801
16453,27,0,0,6369,916,39487201
16454,28,0,0,6369,916,39489601
16455,33,0,0,6369,916,39492001
16456,35,0,0,6369,916,39494401
16457,32,0,0,6369,916,39496801
16458,36,0,0,6369,916,39499201
16459,32,2,0,6371,916,39501601
16460,32,0,0,6371,916,39504001
16461,27,2,0,6373,916,39506401
16462,28,0,0,6373,916,39508801
16463,30,0,0,6373,916,39511201
16464,32,0,0,6373,916,39513601
16465,32,1,0,6374,916,39516001
16466,33,0,0,6374,916,39518401
16467,29,2,0,6376,916,39520801
16468,33,1,0,6377,916,39523201
16469,34,0,0,6377,916,39525601
16470,38,0,0,6377,916,39528001
16471,35,1,0,6378,916,39530401
16472,32,3,0,6381,916,39532801
16473,36,2,0,6383,916,39535201
16474,35,0,0,6383,916,39537601
16475,40,0,0,6383,916,39540001
16476,38,0,0,6383,916,39542401
16477,38,0,0,6383,916,39544801
16478,33,1,0,6384,916,39547201
16479,32,0,0,6384,916,39549601
16480,35,1,0,6385,916,39552001
16481,33,1,1,6386,917,39554401
16482,35,1,0,6387,917,39556801
16483,33,1,0,6388,917,39559201
16484,32,1,0,6389,917,39561601
16485,31,0,0,6389,917,39564001
16486,29,2,0,6391,917,39566401
16487,31,0,0,6391,917,39568801
16488,35,0,0,6391,917,39571201
16489,38,1,0,6392,917,39573601
16490,35,1,0,6393,917,39576001
16491,34,0,0,6393,917,39578401
16492,33,0,0,6393,917,39580801
16493,34,0,0,6393,917,39583201
16494,36,0,0,6393,917,39585601
16495,34,0,0,6393,917,39588001
16496,35,1,1,6394,918,39590401
16497,33,1,0,6395,918,39592801
16498,31,0,0,6395,918,39595201
16499,32,0,0,6395,918,39597601
16500,31,0,0,6395,918,39600001
16501,31,0,0,6395,918,39602401
16502,36,0,0,6395,918,39604801
16503,37,0,0,6395,918,39607201
16504,37,1,1,6396,919,39609601
16505,33,1,1,6397,920,39612001
16506,37,0,0,6397,920,39614401
16507,36,0,0,6397,920,39616801
16508,32,0,0,6397,920,39619201
16509,33,0,0,6397,920,39621601
16510,33,0,0,6397,920,39624001
16511,36,2,0,6399,920,39626401
16512,35,0,0,6399,920,39628801
16513,35,0,0,6399,920,39631201
16514,37,1,0,6400,920,39633601
16515,31,0,0,6400,920,39636001
16516,37,0,0,6400,920,39638401
16517,34,0,0,6400,920,39640801
16518,33,0,0,6400,920,39643201
16519,33,0,0,6400,920,39645601
16520,31,1,0,6401,920,39648001
16521,31,1,0,6402,920,39650401
16522,34,1,0,6403,920,39652801
16523,31,2,1,6405,921,39655201
16524,30,1,0,6406,921,39657601
16525,29,1,0,6407,921,39660001
16526,27,1,0,6408,921,39662401
16527,25,1,0,6409,921,39664801
16528,26,2,0,6411,921,39667201
16529,27,0,0,6411,921,39669601
16530,25,0,0,6411,921,39672001
16531,25,1,0,6412,921,39674401
16532,25,0,0,6412,921,39676801
16533,26,2,0,6414,921,39679201
16534,25,0,0,6414,921,39681601
16535,24,0,0,6414,921,39684001
16536,25,0,0,6414,921,39686401
16537,25,2,2,6416,923,39688801
16538,26,0,0,6416,923,39691201
16539,26,0,0,6416,923,39693601
16540,27,0,0,6416,923,39696001
16541,25,1,0,6417,923,39698401
16542,24,0,0,6417,923,39700801
16543,29,1,0,6418,923,39703201
16544,31,2,0,6420,923,39705601
16545,26,0,0,6420,923,39708001
16546,25,1,0,6421,923,39710401
16547,24,0,0,6421,923,39712801
16548,27,0,0,6421,923,39715201
16549,24,2,0,6423,923,39717601
16550,25,0,0,6423,923,39720001
16551,25,1,0,6424,923,39722401
16552,27,1,0,6425,923,39724801
16553,24,2,0,6427,923,39727201
16554,24,0,0,6427,923,39729601
16555,26,0,0,6427,923,39732001
16556,27,0,0,6427,923,39734401
16557,28,0,0,6427,923,39736801
16558,31,0,0,6427,923,39739201
16559,27,2,0,6429,923,39741601
16560,26,0,0,6429,923,39744001
16561,30,1,0,6430,923,39746401
16562,28,1,0,6431,923,39748801
16563,26,0,0,6431,923,39751201
16564,28,0,0,6431,923,39753601
16565,30,0,0,6431,923,39756001
16566,30,0,0,6431,923,39758401
16567,33,0,0,6431,923,39760801
16568,28,1,0,6432,923,39763201
16569,27,1,0,6433,923,39765601
16570,30,0,0,6433,923,39768001
16571,28,0,0,6433,923,39770401
16572,26,2,0,6435,923,39772801
16573,27,0,0,6435,923,39775201
16574,28,0,0,6435,923,39777601
16575,30,0,0,6435,923,39780001
16576,28,1,0,6436,923,39782401
16577,33,1,0,6437,923,39784801
16578,29,3,0,6440,923,39787201
16579,29,0,0,6440,923,39789601
16580,28,0,0,6440,923,39792001
16581,29,1,0,6441,923,39794401
16582,29,0,0,6441,923,39796801
16583,28,1,0,6442,923,39799201
16584,27,0,0,6442,923,39801601
16585,31,0,0,6442,923,39804001
16586,29,0,0,6442,923,39806401
16587,26,1,0,6443,923,39808801
16588,25,0,0,6443,923,39811201
16589,26,0,0,6443,923,39813601
16590,28,0,0,6443,923,39816001
16591,30,1,1,6444,924,39818401
16592,30,0,0,6444,924,39820801
16593,28,0,0,6444,924,39823201
16594,28,2,0,6446,924,39825601
16595,27,0,0,6446,924,39828001
16596,30,1,1,6447,925,39830401
16597,30,0,0,6447,925,39832801
16598,27,0,0,6447,925,39835201
16599,32,0,0,6447,925,39837601
16600,32,1,0,6448,925,39840001
16601,32,1,0,6449,925,39842401
16602,33,1,0,6450,925,39844801
16603,32,2,1,6452,926,39847201
16604,35,0,0,6452,926,39849601
16605,34,0,0,6452,926,39852001
16606,35,1,0,6453,926,39854401
16607,32,0,0,6453,926,39856801
16608,32,1,0,6454,926,39859201
16609,34,0,0,6454,926,39861601
16610,30,2,0,6456,926,39864001
16611,27,2,0,6458,926,39866401
16612,27,0,0,6458,926,39868801
16613,30,0,0,6458,926,39871201
16614,30,1,0,6459,926,39873601
16615,29,0,0,6459,926,39876001
16616,29,1,0,6460,926,39878401
16617,32,1,0,6461,926,39880801
16618,30,0,0,6461,926,39883201
16619,26,3,0,6464,926,39885601
16620,26,1,0,6465,926,39888001
16621,31,0,0,6465,926,39890401
16622,27,1,0,6466,926,39892801
16623,23,0,0,6466,926,39895201
16624,26,1,0,6467,926,39897601
16625,27,0,0,6467,926,39900001
16626,26,0,0,6467,926,39902401
16627,30,1,1,6468,927,39904801
16628,23,0,0,6468,927,39907201
16629,25,0,0,6468,927,39909601
16630,28,1,0,6469,927,39912001
16631,29,0,0,6469,927,39914401
16632,30,1,0,6470,927,39916801
16633,26,2,0,6472,927,39919201
16634,24,1,0,6473,927,39921601
16635,28,2,0,6475,927,39924001
16636,31,0,0,6475,927,39926401
16637,28,0,0,6475,927,39928801
16638,28,2,0,6477,927,39931201
16639,30,1,0,6478,927,39933601
16640,29,1,0,6479,927,39936001
16641,26,1,0,6480,927,39938401
16642,27,1,0,6481,927,39940801
16643,29,0,0,6481,927,39943201
16644,26,1,0,6482,927,39945601
16645,28,0,0,6482,927,39948001
16646,27,1,0,6483,927,39950401
16647,30,1,0,6484,927,39952801
16648,29,0,0,6484,927,39955201
16649,28,0,0,6484,927,39957601
16650,30,1,0,6485,927,39960001
16651,30,0,0,6485,927,39962401
16652,28,1,0,6486,927,39964801
16653,31,0,0,6486,927,39967201
16654,28,0,0,6486,927,39969601
16655,28,1,0,6487,927,39972001
16656,27,0,0,6487,927,39974401
16657,28,0,0,6487,927,39976801
16658,27,2,0,6489,927,39979201
16659,22,0,0,6489,927,39981601
16660,25,0,0,6489,927,39984001
16661,29,2,0,6491,927,39986401
16662,31,0,0,6491,927,39988801
16663,27,0,0,6491,927,39991201
16664,31,0,0,6491,927,39993601
16665,35,1,0,6492,927,39996001
16666,30,1,0,6493,927,39998401
16667,30,1,0,6494,927,40000801
16668,31,0,0,6494,927,40003201
16669,29,0,0,6494,927,40005601
16670,26,0,0,6494,927,40008001
16671,27,0,0,6494,927,40010401
16672,28,0,0,6494,927,40012801
16673,32,0,0,6494,927,40015201
16674,32,0,0,6494,927,40017601
16675,30,1,0,6495,927,40020001
16676,33,2,0,6497,927,40022401
16677,27,0,0,6497,927,40024801
16678,30,0,0,6497,927,40027201
16679,30,0,0,6497,927,40029601
16680,31,0,0,6497,927,40032001
16681,31,2,1,6499,928,40034401
16682,28,1,1,6500,929,40036801
16683,29,0,0,6500,929,40039201
16684,29,0,0,6500,929,40041601
16685,25,2,0,6502,929,40044001
16686,25,2,1,6504,930,40046401
16687,24,2,0,6506,930,40048801
16688,26,0,0,6506,930,40051201
16689,24,0,0,6506,930,40053601
16690,26,0,0,6506,930,40056001
16691,27,0,0,6506,930,40058401
16692,30,1,0,6507,930,40060801
16693,32,0,0,6507,930,40063201
16694,33,1,0,6508,930,40065601
16695,30,0,0,6508,930,40068001
16696,29,0,0,6508,930,40070401
16697,28,0,0,6508,930,40072801
16698,30,0,0,6508,930,40075201
16699,31,0,0,6508,930,40077601
16700,29,0,0,6508,930,40080001
16701,29,3,0,6511,930,40082401
16702,32,0,0,6511,930,40084801
16703,28,2,0,6513,930,40087201
16704,29,1,0,6514,930,40089601
16705,30,0,0,6514,930,40092001
16706,25,0,0,6514,930,40094401
16707,25,1,0,6515,930,40096801
16708,26,1,0,6516,930,40099201
16709,21,1,0,6517,930,40101601
16710,25,0,0,6517,930,40104001
16711,21,1,0,6518,930,40106401
16712,22,0,0,6518,930,40108801
16713,23,1,0,6519,930,40111201
16714,23,1,0,6520,930,40113601
16715,21,1,1,6521,931,40116001
16716,22,0,0,6521,931,40118401
16717,25,0,0,6521,931,40120801
16718,23,1,0,6522,931,40123201
16719,25,0,0,6522,931,40125601
16720,31,0,0,6522,931,40128001
16721,32,1,0,6523,931,40130401
16722,23,0,0,6523,931,40132801
16723,25,0,0,6523,931,40135201
16724,31,0,0,6523,931,40137601
16725,33,0,0,6523,931,40140001
16726,30,0,0,6523,931,40142401
16727,31,1,0,6524,931,40144801
16728,30,0,0,6524,931,40147201
16729,28,0,0,6524,931,40149601
16730,27,0,0,6524,931,40152001
16731,28,1,0,6525,931,40154401
16732,31,0,0,6525,931,40156801
16733,30,0,0,6525,931,40159201
16734,25,0,0,6525,931,40161601
16735,26,1,0,6526,931,40164001
16736,27,0,0,6526,931,40166401
16737,25,1,0,6527,931,40168801
16738,26,0,0,6527,931,40171201
16739,27,0,0,6527,931,40173601
16740,27,0,0,6527,931,40176001
16741,28,1,0,6528,931,40178401
16742,29,0,0,6528,931,40180801
16743,28,1,0,6529,931,40183201
16744,30,0,0,6529,931,40185601
16745,30,0,0,6529,931,40188001
16746,33,0,0,6529,931,40190401
16747,34,0,0,6529,931,40192801
16748,35,2,0,6531,931,40195201
16749,38,0,0,6531,931,40197601
16750,33,0,0,6531,931,40200001
16751,31,1,0,6532,931,40202401
16752,32,2,0,6534,931,40204801
16753,32,1,0,6535,931,40207201
16754,33,1,0,6536,931,40209601
16755,33,1,0,6537,931,40212001
16756,27,1,0,6538,931,40214401
16757,29,1,0,6539,931,40216801
16758,29,0,0,6539,931,40219201
16759,30,0,0,6539,931,40221601
16760,28,0,0,6539,931,40224001
16761,33,0,0,6539,931,40226401
16762,31,0,0,6539,931,40228801
16763,31,1,0,6540,931,40231201
16764,32,0,0,6540,931,40233601
16765,33,1,0,6541,931,40236001
16766,28,0,0,6541,931,40238401
16767,26,0,0,6541,931,40240801
16768,28,1,0,6542,931,40243201
16769,29,0,0,6542,931,40245601
16770,29,1,0,6543,931,40248001
16771,27,0,0,6543,931,40250401
16772,26,1,0,6544,931,40252801
16773,28,0,0,6544,931,40255201
16774,27,2,0,6546,931,40257601
16775,31,0,0,6546,931,40260001
16776,28,0,0,6546,931,40262401
16777,31,0,0,6546,931,40264801
16778,29,1,0,6547,931,40267201
16779,31,1,0,6548,931,40269601
16780,30,0,0,6548,931,40272001
16781,27,0,0,6548,931,40274401
16782,28,0,0,6548,931,40276801
16783,28,0,0,6548,931,40279201
16784,29,1,0,6549,931,40281601
16785,34,0,0,6549,931,40284001
16786,29,0,0,6549,931,40286401
16787,29,2,0,6551,931,40288801
16788,30,0,0,6551,931,40291201
16789,35,0,0,6551,931,40293601
16790,39,0,0,6551,931,40296001
16791,32,0,0,6551,931,40298401
16792,33,0,0,6551,931,40300801
16793,34,0,0,6551,931,40303201
16794,31,2,0,6553,931,40305601
16795,33,0,0,6553,931,40308001
16796,34,0,0,6553,931,40310401
16797,32,1,1,6554,932,40312801
16798,33,1,0,6555,932,40315201
16799,32,3,1,6558,933,40317601
16800,33,0,0,6558,933,40320001
16801,31,1,0,6559,933,40322401
16802,30,1,0,6560,933,40324801
16803,31,0,0,6560,933,40327201
16804,29,0,0,6560,933,40329601
16805,28,1,0,6561,933,40332001
16806,28,1,1,6562,934,40334401
16807,27,0,0,6562,934,40336801
16808,26,0,0,6562,934,40339201
16809,25,3,0,6565,934,40341601
16810,26,1,0,6566,934,40344001
16811,26,0,0,6566,934,40346401
16812,27,1,0,6567,934,40348801
16813,26,1,0,6568,934,40351201
16814,25,0,0,6568,934,40353601
16815,26,2,0,6570,934,40356001
16816,25,0,0,6570,934,40358401
16817,23,0,0,6570,934,40360801
16818,22,1,0,6571,934,40363201
16819,23,1,0,6572,934,40365601
16820,23,0,0,6572,934,40368001
16821,23,1,0,6573,934,40370401
16822,24,0,0,6573,934,40372801
16823,24,0,0,6573,934,40375201
16824,25,3,0,6576,934,40377601
16825,26,0,0,6576,934,40380001
16826,28,1,0,6577,934,40382401
16827,29,0,0,6577,934,40384801
16828,29,0,0,6577,934,40387201
16829,29,0,0,6577,934,40389601
16830,27,1,0,6578,934,40392001
16831,30,1,0,6579,934,40394401
16832,31,1,0,6580,934,40396801
16833,26,3,0,6583,934,40399201
16834,24,0,0,6583,934,40401601
16835,25,0,0,6583,934,40404001
16836,24,0,0,6583,934,40406401
16837,23,0,0,6583,934,40408801
16838,24,0,0,6583,934,40411201
16839,26,0,0,6583,934,40413601
16840,27,0,0,6583,934,40416001
16841,24,1,0,6584,934,40418401
16842,24,0,0,6584,934,40420801
16843,25,0,0,6584,934,40423201
16844,24,3,0,6587,934,40425601
16845,24,0,0,6587,934,40428001
16846,28,0,0,6587,934,40430401
16847,24,1,0,6588,934,40432801
16848,24,0,0,6588,934,40435201
16849,25,0,0,6588,934,40437601
16850,28,0,0,6588,934,40440001
16851,27,1,0,6589,934,40442401
16852,26,2,0,6591,934,40444801
16853,30,0,0,6591,934,40447201
16854,30,1,0,6592,934,40449601
16855,28,1,0,6593,934,40452001
16856,28,1,0,6594,934,40454401
16857,29,0,0,6594,934,40456801
16858,27,0,0,6594,934,40459201
16859,28,0,0,6594,934,40461601
16860,31,1,0,6595,934,40464001
16861,28,1,0,6596,934,40466401
16862,25,1,0,6597,934,40468801
16863,23,0,0,6597,934,40471201
16864,24,0,0,6597,934,40473601
16865,25,0,0,6597,934,40476001
16866,24,0,0,6597,934,40478401
16867,23,2,0,6599,934,40480801
16868,26,0,0,6599,934,40483201
16869,26,1,0,6600,934,40485601
16870,25,0,0,6600,934,40488001
16871,30,0,0,6600,934,40490401
16872,27,2,0,6602,934,40492801
16873,27,1,0,6603,934,40495201
16874,26,1,0,6604,934,40497601
16875,28,1,0,6605,934,40500001
16876,31,0,0,6605,934,40502401
16877,33,0,0,6605,934,40504801
16878,37,1,0,6606,934,40507201
16879,35,1,0,6607,934,40509601
16880,32,0,0,6607,934,40512001
16881,29,2,1,6609,935,40514401
16882,35,0,0,6609,935,40516801
16883,31,0,0,6609,935,40519201
16884,33,0,0,6609,935,40521601
16885,29,0,0,6609,935,40524001
16886,31,0,0,6609,935,40526401
16887,32,0,0,6609,935,40528801
16888,35,0,0,6609,935,40531201
16889,34,2,0,6611,935,40533601
16890,31,0,0,6611,935,40536001
16891,28,0,0,6611,935,40538401
16892,29,1,0,6612,935,40540801
16893,28,0,0,6612,935,40543201
16894,25,1,0,6613,935,40545601
16895,26,1,0,6614,935,40548001
16896,27,0,0,6614,935,40550401
16897,26,0,0,6614,935,40552801
16898,23,1,0,6615,935,40555201
16899,25,1,1,6616,936,40557601
16900,28,0,0,6616,936,40560001
16901,26,0,0,6616,936,40562401
16902,24,2,0,6618,936,40564801
16903,25,2,0,6620,936,40567201
16904,25,0,0,6620,936,40569601
16905,24,0,0,6620,936,40572001
16906,24,3,0,6623,936,40574401
16907,27,1,0,6624,936,40576801
16908,27,2,0,6626,936,40579201
16909,26,0,0,6626,936,40581601
16910,26,1,0,6627,936,40584001
16911,28,0,0,6627,936,40586401
16912,29,0,0,6627,936,40588801
16913,29,0,0,6627,936,40591201
16914,28,3,0,6630,936,40593601
16915,28,2,1,6632,937,40596001
16916,24,1,0,6633,937,40598401
16917,25,0,0,6633,937,40600801
16918,24,0,0,6633,937,40603201
16919,22,1,0,6634,937,40605601
16920,22,0,0,6634,937,40608001
16921,24,0,0,6634,937,40610401
16922,26,0,0,6634,937,40612801
16923,23,0,0,6634,937,40615201
16924,23,2,1,6636,938,40617601
16925,22,0,0,6636,938,40620001
16926,21,1,0,6637,938,40622401
16927,21,1,0,6638,938,40624801
16928,24,1,0,6639,938,40627201
16929,25,0,0,6639,938,40629601
16930,26,4,2,6643,940,40632001
16931,26,1,0,6644,940,40634401
16932,28,0,0,6644,940,40636801
16933,28,0,0,6644,940,40639201
16934,28,0,0,6644,940,40641601
16935,27,3,0,6647,940,40644001
16936,29,2,2,6649,942,40646401
16937,31,0,0,6649,942,40648801
16938,27,3,0,6652,942,40651201
16939,24,0,0,6652,942,40653601
16940,26,1,1,6653,943,40656001
16941,23,1,0,6654,943,40658401
16942,23,1,0,6655,943,40660801
16943,26,1,0,6656,943,40663201
16944,29,1,0,6657,943,40665601
16945,29,2,0,6659,943,40668001
16946,31,1,0,6660,943,40670401
16947,30,0,0,6660,943,40672801
16948,34,0,0,6660,943,40675201
16949,31,1,0,6661,943,40677601
16950,31,0,0,6661,943,40680001
16951,28,1,0,6662,943,40682401
16952,31,1,0,6663,943,40684801
16953,31,0,0,6663,943,40687201
16954,33,1,0,6664,943,40689601
16955,32,0,0,6664,943,40692001
16956,35,0,0,6664,943,40694401
16957,36,0,0,6664,943,40696801
16958,36,1,0,6665,943,40699201
16959,37,1,0,6666,943,40701601
16960,35,1,0,6667,943,40704001
16961,36,1,0,6668,943,40706401
16962,33,0,0,6668,943,40708801
16963,32,1,0,6669,943,40711201
16964,33,2,0,6671,943,40713601
16965,35,1,0,6672,943,40716001
16966,33,0,0,6672,943,40718401
16967,32,0,0,6672,943,40720801
16968,34,0,0,6672,943,40723201
16969,31,2,0,6674,943,40725601
16970,30,1,0,6675,943,40728001
16971,27,0,0,6675,943,40730401
16972,29,0,0,6675,943,40732801
16973,31,1,1,6676,944,40735201
16974,27,1,0,6677,944,40737601
16975,28,1,1,6678,945,40740001
16976,32,0,0,6678,945,40742401
16977,32,0,0,6678,945,40744801
16978,29,0,0,6678,945,40747201
16979,29,0,0,6678,945,40749601
16980,26,1,0,6679,945,40752001
16981,25,0,0,6679,945,40754401
16982,22,2,1,6681,946,40756801
16983,23,0,0,6681,946,40759201
16984,22,0,0,6681,946,40761601
16985,23,1,0,6682,946,40764001
16986,20,0,0,6682,946,40766401
16987,17,1,0,6683,946,40768801
16988,17,1,0,6684,946,40771201
16989,19,0,0,6684,946,40773601
16990,18,2,1,6686,947,40776001
16991,17,1,0,6687,947,40778401
16992,17,0,0,6687,947,40780801
16993,20,0,0,6687,947,40783201
16994,19,1,0,6688,947,40785601
16995,19,1,0,6689,947,40788001
16996,19,0,0,6689,947,40790401
16997,18,0,0,6689,947,40792801
16998,18,0,0,6689,947,40795201
16999,19,0,0,6689,947,40797601
17000,18,0,0,6689,947,40800001
17001,18,0,0,6689,947,40802401
17002,20,1,0,6690,947,40804801
17003,20,0,0,6690,947,40807201
17004,16,3,1,6693,948,40809601
17005,15,1,1,6694,949,40812001
17006,16,1,0,6695,949,40814401
17007,15,1,0,6696,949,40816801
17008,17,0,0,6696,949,40819201
17009,19,1,0,6697,949,40821601
17010,18,0,0,6697,949,40824001
17011,19,2,2,6699,951,40826401
17012,15,0,0,6699,951,40828801
17013,16,0,0,6699,951,40831201
17014,16,0,0,6699,951,40833601
17015,17,0,0,6699,951,40836001
17016,17,0,0,6699,951,40838401
17017,17,1,0,6700,951,40840801
17018,16,0,0,6700,951,40843201
17019,18,1,0,6701,951,40845601
17020,17,0,0,6701,951,40848001
17021,17,0,0,6701,951,40850401
17022,19,1,1,6702,952,40852801
17023,19,0,0,6702,952,40855201
17024,22,1,0,6703,952,40857601
17025,24,0,0,6703,952,40860001
17026,26,0,0,6703,952,40862401
17027,22,0,0,6703,952,40864801
17028,22,0,0,6703,952,40867201
17029,24,1,1,6704,953,40869601
17030,23,0,0,6704,953,40872001
17031,22,1,0,6705,953,40874401
17032,24,0,0,6705,953,40876801
17033,26,1,0,6706,953,40879201
17034,26,2,1,6708,954,40881601
17035,24,0,0,6708,954,40884001
17036,22,0,0,6708,954,40886401
17037,23,1,0,6709,954,40888801
17038,24,1,0,6710,954,40891201
17039,24,1,0,6711,954,40893601
17040,26,1,0,6712,954,40896001
17041,26,3,1,6715,955,40898401
17042,24,2,0,6717,955,40900801
17043,26,0,0,6717,955,40903201
17044,28,0,0,6717,955,40905601
17045,25,1,0,6718,955,40908001
17046,24,1,0,6719,955,40910401
17047,24,1,0,6720,955,40912801
17048,29,1,0,6721,955,40915201
17049,25,0,0,6721,955,40917601
17050,26,0,0,6721,955,40920001
17051,30,0,0,6721,955,40922401
17052,31,2,0,6723,955,40924801
17053,28,1,0,6724,955,40927201
17054,29,1,0,6725,955,40929601
17055,31,1,0,6726,955,40932001
17056,28,0,0,6726,955,40934401
17057,25,0,0,6726,955,40936801
17058,27,0,0,6726,955,40939201
17059,26,2,0,6728,955,40941601
17060,27,1,0,6729,955,40944001
17061,25,3,1,6732,956,40946401
17062,23,2,0,6734,956,40948801
17063,24,1,0,6735,956,40951201
17064,26,2,0,6737,956,40953601
17065,23,1,1,6738,957,40956001
17066,23,1,0,6739,957,40958401
17067,24,0,0,6739,957,40960801
17068,23,0,0,6739,957,40963201
17069,21,0,0,6739,957,40965601
17070,23,1,0,6740,957,40968001
17071,22,1,0,6741,957,40970401
17072,24,1,0,6742,957,40972801
17073,26,1,1,6743,958,40975201
17074,25,2,0,6745,958,40977601
17075,30,1,0,6746,958,40980001
17076,30,0,0,6746,958,40982401
17077,28,1,0,6747,958,40984801
17078,25,3,0,6750,958,40987201
17079,26,0,0,6750,958,40989601
17080,23,1,0,6751,958,40992001
17081,27,1,0,6752,958,40994401
17082,24,2,0,6754,958,40996801
17083,24,1,0,6755,958,40999201
17084,26,0,0,6755,958,41001601
17085,25,0,0,6755,958,41004001
17086,21,0,0,6755,958,41006401
17087,26,1,0,6756,958,41008801
17088,23,0,0,6756,958,41011201
17089,22,1,0,6757,958,41013601
17090,24,1,0,6758,958,41016001
17091,21,1,0,6759,958,41018401
17092,22,0,0,6759,958,41020801
17093,24,3,1,6762,959,41023201
17094,23,0,0,6762,959,41025601
17095,24,0,0,6762,959,41028001
17096,25,1,0,6763,959,41030401
17097,24,0,0,6763,959,41032801
17098,22,1,0,6764,959,41035201
17099,25,1,0,6765,959,41037601
17100,21,1,0,6766,959,41040001
17101,19,0,0,6766,959,41042401
17102,19,0,0,6766,959,41044801
17103,18,0,0,6766,959,41047201
17104,20,0,0,6766,959,41049601
17105,23,1,0,6767,959,41052001
17106,22,1,1,6768,960,41054401
17107,21,2,0,6770,960,41056801
17108,23,0,0,6770,960,41059201
17109,20,0,0,6770,960,41061601
17110,22,0,0,6770,960,41064001
17111,22,2,1,6772,961,41066401
17112,26,0,0,6772,961,41068801
17113,26,0,0,6772,961,41071201
17114,25,2,1,6774,962,41073601
17115,22,1,0,6775,962,41076001
17116,24,1,0,6776,962,41078401
17117,25,1,0,6777,962,41080801
17118,25,1,0,6778,962,41083201
17119,24,2,0,6780,962,41085601
17120,25,0,0,6780,962,41088001
17121,25,0,0,6780,962,41090401
17122,24,1,0,6781,962,41092801
17123,31,0,0,6781,962,41095201
17124,30,0,0,6781,962,41097601
17125,27,2,0,6783,962,41100001
17126,28,0,0,6783,962,41102401
17127,28,1,0,6784,962,41104801
17128,27,1,0,6785,962,41107201
17129,26,0,0,6785,962,41109601
17130,28,0,0,6785,962,41112001
17131,27,2,0,6787,962,41114401
17132,26,1,0,6788,962,41116801
17133,30,1,0,6789,962,41119201
17134,30,3,1,6792,963,41121601
17135,27,0,0,6792,963,41124001
17136,26,0,0,6792,963,41126401
17137,27,1,0,6793,963,41128801
17138,24,0,0,6793,963,41131201
17139,26,0,0,6793,963,41133601
17140,27,2,0,6795,963,41136001
17141,25,2,0,6797,963,41138401
17142,25,1,0,6798,963,41140801
17143,28,0,0,6798,963,41143201
17144,23,1,0,6799,963,41145601
17145,22,1,0,6800,963,41148001
17146,23,1,0,6801,963,41150401
17147,20,0,0,6801,963,41152801
17148,21,0,0,6801,963,41155201
17149,23,1,0,6802,963,41157601
17150,21,2,0,6804,963,41160001
17151,22,0,0,6804,963,41162401
17152,21,2,1,6806,964,41164801
17153,19,1,0,6807,964,41167201
17154,19,1,0,6808,964,41169601
17155,23,1,0,6809,964,41172001
17156,21,0,0,6809,964,41174401
17157,21,0,0,6809,964,41176801
17158,21,3,1,6812,965,41179201
17159,22,1,0,6813,965,41181601
17160,19,2,0,6815,965,41184001
17161,24,0,0,6815,965,41186401
17162,19,1,0,6816,965,41188801
17163,20,0,0,6816,965,41191201
17164,20,1,0,6817,965,41193601
17165,21,0,0,6817,965,41196001
17166,19,2,0,6819,965,41198401
17167,19,1,0,6820,965,41200801
17168,20,0,0,6820,965,41203201
17169,19,0,0,6820,965,41205601
17170,21,0,0,6820,965,41208001
17171,23,0,0,6820,965,41210401
17172,21,0,0,6820,965,41212801
17173,22,0,0,6820,965,41215201
17174,24,1,0,6821,965,41217601
17175,23,2,0,6823,965,41220001
17176,20,3,0,6826,965,41222401
17177,22,1,0,6827,965,41224801
17178,24,1,0,6828,965,41227201
17179,23,2,0,6830,965,41229601
17180,23,2,0,6832,965,41232001
17181,22,1,0,6833,965,41234401
17182,21,2,0,6835,965,41236801
17183,22,0,0,6835,965,41239201
17184,20,0,0,6835,965,41241601
17185,21,1,0,6836,965,41244001
17186,26,0,0,6836,965,41246401
17187,20,2,0,6838,965,41248801
17188,21,0,0,6838,965,41251201
17189,24,1,0,6839,965,41253601
17190,21,2,0,6841,965,41256001
17191,21,1,0,6842,965,41258401
17192,24,1,0,6843,965,41260801
17193,26,1,0,6844,965,41263201
17194,26,0,0,6844,965,41265601
17195,29,1,1,6845,966,41268001
17196,28,1,1,6846,967,41270401
17197,34,0,0,6846,967,41272801
17198,34,0,0,6846,967,41275201
17199,33,1,0,6847,967,41277601
17200,29,1,0,6848,967,41280001
17201,24,2,0,6850,967,41282401
17202,22,1,0,6851,967,41284801
17203,21,1,0,6852,967,41287201
17204,20,0,0,6852,967,41289601
17205,19,0,0,6852,967,41292001
17206,21,0,0,6852,967,41294401
17207,20,2,0,6854,967,41296801
17208,19,0,0,6854,967,41299201
17209,17,1,0,6855,967,41301601
17210,19,0,0,6855,967,41304001
17211,18,0,0,6855,967,41306401
17212,19,0,0,6855,967,41308801
17213,22,0,0,6855,967,41311201
17214,22,1,1,6856,968,41313601
17215,18,0,0,6856,968,41316001
17216,21,0,0,6856,968,41318401
17217,24,0,0,6856,968,41320801
17218,21,0,0,6856,968,41323201
17219,20,1,0,6857,968,41325601
17220,21,0,0,6857,968,41328001
17221,22,0,0,6857,968,41330401
17222,21,0,0,6857,968,41332801
17223,21,0,0,6857,968,41335201
17224,22,0,0,6857,968,41337601
17225,25,1,0,6858,968,41340001
17226,22,0,0,6858,968,41342401
17227,24,0,0,6858,968,41344801
17228,24,0,0,6858,968,41347201
17229,22,1,0,6859,968,41349601
17230,24,1,0,6860,968,41352001
17231,25,0,0,6860,968,41354401
17232,24,0,0,6860,968,41356801
17233,25,1,0,6861,968,41359201
17234,26,1,0,6862,968,41361601
17235,25,0,0,6862,968,41364001
17236,25,1,0,6863,968,41366401
17237,26,1,0,6864,968,41368801
17238,23,1,0,6865,968,41371201
17239,24,1,0,6866,968,41373601
17240,25,0,0,6866,968,41376001
17241,25,0,0,6866,968,41378401
17242,25,0,0,6866,968,41380801
17243,26,0,0,6866,968,41383201
17244,23,1,0,6867,968,41385601
17245,25,0,0,6867,968,41388001
17246,22,1,0,6868,968,41390401
17247,24,0,0,6868,968,41392801
17248,26,0,0,6868,968,41395201
17249,24,1,0,6869,968,41397601
17250,25,1,0,6870,968,41400001
17251,27,0,0,6870,968,41402401
17252,22,3,0,6873,968,41404801
17253,22,2,0,6875,968,41407201
17254,23,1,0,6876,968,41409601
17255,23,0,0,6876,968,41412001
17256,25,1,0,6877,968,41414401
17257,21,1,0,6878,968,41416801
17258,20,0,0,6878,968,41419201
17259,22,1,0,6879,968,41421601
17260,25,0,0,6879,968,41424001
17261,26,2,0,6881,968,41426401
17262,27,0,0,6881,968,41428801
17263,27,1,0,6882,968,41431201
17264,27,1,0,6883,968,41433601
17265,25,1,0,6884,968,41436001
17266,27,2,1,6886,969,41438401
17267,27,1,0,6887,969,41440801
17268,25,0,0,6887,969,41443201
17269,27,0,0,6887,969,41445601
17270,28,1,0,6888,969,41448001
17271,28,1,0,6889,969,41450401
17272,27,0,0,6889,969,41452801
17273,29,1,0,6890,969,41455201
17274,30,0,0,6890,969,41457601
17275,25,0,0,6890,969,41460001
17276,28,0,0,6890,969,41462401
17277,30,0,0,6890,969,41464801
17278,29,2,1,6892,970,41467201
17279,30,0,0,6892,970,41469601
17280,35,0,0,6892,970,41472001
17281,33,0,0,6892,970,41474401
17282,33,1,0,6893,970,41476801
17283,30,2,0,6895,970,41479201
17284,26,1,0,6896,970,41481601
17285,27,0,0,6896,970,41484001
17286,24,1,0,6897,970,41486401
17287,25,1,0,6898,970,41488801
17288,25,2,0,6900,970,41491201
17289,22,0,0,6900,970,41493601
17290,23,0,0,6900,970,41496001
17291,22,0,0,6900,970,41498401
17292,21,2,0,6902,970,41500801
17293,19,2,0,6904,970,41503201
17294,20,1,0,6905,970,41505601
17295,22,0,0,6905,970,41508001
17296,21,0,0,6905,970,41510401
17297,23,2,0,6907,970,41512801
17298,22,1,0,6908,970,41515201
17299,21,1,0,6909,970,41517601
17300,20,0,0,6909,970,41520001
17301,20,0,0,6909,970,41522401
17302,19,1,0,6910,970,41524801
17303,22,0,0,6910,970,41527201
17304,23,1,0,6911,970,41529601
17305,20,2,0,6913,970,41532001
17306,22,0,0,6913,970,41534401
17307,27,0,0,6913,970,41536801
17308,25,0,0,6913,970,41539201
17309,24,0,0,6913,970,41541601
17310,24,1,0,6914,970,41544001
17311,30,0,0,6914,970,41546401
17312,26,1,0,6915,970,41548801
17313,26,0,0,6915,970,41551201
17314,28,0,0,6915,970,41553601
17315,25,0,0,6915,970,41556001
17316,24,0,0,6915,970,41558401
17317,26,1,0,6916,970,41560801
17318,27,0,0,6916,970,41563201
17319,27,2,0,6918,970,41565601
17320,26,0,0,6918,970,41568001
17321,25,1,0,6919,970,41570401
17322,21,1,0,6920,970,41572801
17323,23,2,0,6922,970,41575201
17324,25,0,0,6922,970,41577601
17325,23,2,1,6924,971,41580001
17326,25,0,0,6924,971,41582401
17327,28,0,0,6924,971,41584801
17328,26,0,0,6924,971,41587201
17329,25,2,0,6926,971,41589601
17330,24,0,0,6926,971,41592001
17331,24,0,0,6926,971,41594401
17332,21,0,0,6926,971,41596801
17333,23,1,0,6927,971,41599201
17334,25,1,0,6928,971,41601601
17335,26,2,0,6930,971,41604001
17336,25,2,0,6932,971,41606401
17337,23,1,0,6933,971,41608801
17338,25,1,0,6934,971,41611201
17339,25,0,0,6934,971,41613601
17340,26,1,0,6935,971,41616001
17341,26,0,0,6935,971,41618401
17342,26,0,0,6935,971,41620801
17343,22,1,0,6936,971,41623201
17344,22,1,0,6937,971,41625601
17345,26,1,0,6938,971,41628001
17346,21,3,0,6941,971,41630401
17347,20,1,0,6942,971,41632801
17348,21,1,0,6943,971,41635201
17349,20,0,0,6943,971,41637601
17350,20,0,0,6943,971,41640001
17351,24,0,0,6943,971,41642401
17352,24,0,0,6943,971,41644801
17353,24,2,0,6945,971,41647201
17354,24,0,0,6945,971,41649601
17355,25,1,1,6946,972,41652001
17356,22,2,0,6948,972,41654401
17357,22,0,0,6948,972,41656801
17358,22,0,0,6948,972,41659201
17359,22,2,0,6950,972,41661601
17360,20,2,0,6952,972,41664001
17361,21,1,0,6953,972,41666401
17362,21,0,0,6953,972,41668801
17363,22,2,0,6955,972,41671201
17364,23,1,0,6956,972,41673601
17365,25,0,0,6956,972,41676001
17366,22,2,0,6958,972,41678401
17367,23,1,0,6959,972,41680801
17368,19,2,0,6961,972,41683201
17369,18,0,0,6961,972,41685601
17370,16,0,0,6961,972,41688001
17371,20,0,0,6961,972,41690401
17372,20,0,0,6961,972,41692801
17373,19,0,0,6961,972,41695201
17374,20,1,1,6962,973,41697601
17375,18,0,0,6962,973,41700001
17376,21,1,0,6963,973,41702401
17377,20,0,0,6963,973,41704801
17378,21,1,0,6964,973,41707201
17379,23,1,0,6965,973,41709601
17380,23,1,0,6966,973,41712001
17381,24,0,0,6966,973,41714401
17382,26,0,0,6966,973,41716801
17383,21,0,0,6966,973,41719201
17384,24,0,0,6966,973,41721601
17385,25,2,1,6968,974,41724001
17386,25,0,0,6968,974,41726401
17387,27,1,0,6969,974,41728801
17388,27,0,0,6969,974,41731201
17389,25,2,1,6971,975,41733601
17390,28,1,0,6972,975,41736001
17391,25,0,0,6972,975,41738401
17392,23,0,0,6972,975,41740801
17393,24,0,0,6972,975,41743201
17394,24,3,0,6975,975,41745601
17395,24,1,0,6976,975,41748001
17396,29,0,0,6976,975,41750401
17397,26,0,0,6976,975,41752801
17398,26,0,0,6976,975,41755201
17399,25,1,0,6977,975,41757601
17400,27,0,0,6977,975,41760001
17401,26,1,0,6978,975,41762401
17402,26,0,0,6978,975,41764801
17403,29,0,0,6978,975,41767201
17404,26,3,0,6981,975,41769601
17405,27,2,0,6983,975,41772001
17406,26,1,0,6984,975,41774401
17407,25,2,0,6986,975,41776801
17408,24,1,0,6987,975,41779201
17409,21,1,0,6988,975,41781601
17410,23,1,0,6989,975,41784001
17411,24,0,0,6989,975,41786401
17412,21,1,0,6990,975,41788801
17413,22,0,0,6990,975,41791201
17414,24,1,0,6991,975,41793601
17415,20,1,0,6992,975,41796001
17416,25,0,0,6992,975,41798401
17417,21,0,0,6992,975,41800801
17418,20,0,0,6992,975,41803201
17419,22,1,0,6993,975,41805601
17420,22,1,0,6994,975,41808001
17421,29,0,0,6994,975,41810401
17422,24,0,0,6994,975,41812801
17423,23,0,0,6994,975,41815201
17424,24,0,0,6994,975,41817601
17425,26,0,0,6994,975,41820001
17426,29,1,0,6995,975,41822401
17427,29,0,0,6995,975,41824801
17428,24,1,0,6996,975,41827201
17429,29,1,1,6997,976,41829601
17430,27,2,0,6999,976,41832001
17431,26,0,0,6999,976,41834401
17432,29,0,0,6999,976,41836801
17433,29,1,0,7000,976,41839201
17434,28,1,0,7001,976,41841601
17435,31,0,0,7001,976,41844001
17436,25,1,0,7002,976,41846401
17437,24,2,1,7004,977,41848801
17438,22,3,0,7007,977,41851201
17439,21,1,0,7008,977,41853601
17440,22,0,0,7008,977,41856001
17441,25,1,0,7009,977,41858401
17442,24,0,0,7009,977,41860801
17443,23,0,0,7009,977,41863201
17444,25,0,0,7009,977,41865601
17445,23,1,0,7010,977,41868001
17446,26,0,0,7010,977,41870401
17447,23,0,0,7010,977,41872801
17448,24,0,0,7010,977,41875201
17449,23,5,0,7015,977,41877601
17450,24,0,0,7015,977,41880001
17451,25,0,0,7015,977,41882401
17452,24,0,0,7015,977,41884801
17453,25,1,0,7016,977,41887201
17454,25,2,0,7018,977,41889601
17455,25,0,0,7018,977,41892001
17456,25,1,0,7019,977,41894401
17457,26,1,0,7020,977,41896801
17458,25,1,1,7021,978,41899201
17459,18,2,0,7023,978,41901601
17460,21,0,0,7023,978,41904001
17461,23,0,0,7023,978,41906401
17462,23,0,0,7023,978,41908801
17463,21,0,0,7023,978,41911201
17464,22,1,0,7024,978,41913601
17465,26,0,0,7024,978,41916001
17466,25,2,0,7026,978,41918401
17467,25,2,0,7028,978,41920801
17468,29,1,0,7029,978,41923201
17469,27,0,0,7029,978,41925601
17470,26,0,0,7029,978,41928001
17471,30,0,0,7029,978,41930401
17472,29,1,0,7030,978,41932801
17473,28,0,0,7030,978,41935201
17474,27,1,0,7031,978,41937601
17475,25,2,0,7033,978,41940001
17476,24,1,0,7034,978,41942401
17477,24,1,0,7035,978,41944801
17478,26,0,0,7035,978,41947201
17479,25,1,0,7036,978,41949601
17480,26,0,0,7036,978,41952001
17481,25,1,0,7037,978,41954401
17482,25,0,0,7037,978,41956801
17483,24,0,0,7037,978,41959201
17484,24,0,0,7037,978,41961601
17485,25,0,0,7037,978,41964001
17486,24,1,0,7038,978,41966401
17487,23,0,0,7038,978,41968801
17488,24,2,0,7040,978,41971201
17489,23,1,0,7041,978,41973601
17490,19,4,0,7045,978,41976001
17491,23,0,0,7045,978,41978401
17492,24,1,0,7046,978,41980801
17493,21,1,0,7047,978,41983201
17494,22,0,0,7047,978,41985601
17495,26,0,0,7047,978,41988001
17496,26,0,0,7047,978,41990401
17497,22,0,0,7047,978,41992801
17498,21,2,1,7049,979,41995201
17499,19,1,0,7050,979,41997601
17500,17,1,0,7051,979,42000001
17501,20,0,0,7051,979,42002401
17502,19,2,0,7053,979,42004801
17503,19,1,0,7054,979,42007201
17504,21,1,1,7055,980,42009601
17505,21,2,0,7057,980,42012001
17506,20,1,1,7058,981,42014401
17507,20,0,0,7058,981,42016801
17508,19,1,1,7059,982,42019201
17509,20,0,0,7059,982,42021601
17510,21,2,1,7061,983,42024001
17511,21,0,0,7061,983,42026401
17512,22,1,0,7062,983,42028801
17513,29,0,0,7062,983,42031201
17514,33,0,0,7062,983,42033601
17515,31,0,0,7062,983,42036001
17516,33,0,0,7062,983,42038401
17517,29,2,0,7064,983,42040801
17518,30,1,0,7065,983,42043201
17519,25,0,0,7065,983,42045601
17520,22,0,0,7065,983,42048001
17521,23,0,0,7065,983,42050401
17522,27,0,0,7065,983,42052801
17523,28,1,0,7066,983,42055201
17524,26,1,0,7067,983,42057601
17525,26,1,0,7068,983,42060001
17526,24,1,0,7069,983,42062401
17527,28,0,0,7069,983,42064801
17528,28,3,1,7072,984,42067201
17529,27,0,0,7072,984,42069601
17530,23,1,0,7073,984,42072001
17531,23,0,0,7073,984,42074401
17532,23,0,0,7073,984,42076801
17533,22,1,0,7074,984,42079201
17534,24,1,0,7075,984,42081601
17535,23,1,1,7076,985,42084001
17536,22,2,1,7078,986,42086401
17537,26,0,0,7078,986,42088801
17538,24,1,0,7079,986,42091201
17539,21,0,0,7079,986,42093601
17540,24,0,0,7079,986,42096001
17541,25,0,0,7079,986,42098401
17542,24,0,0,7079,986,42100801
17543,27,1,0,7080,986,42103201
17544,25,0,0,7080,986,42105601
17545,21,6,0,7086,986,42108001
17546,21,0,0,7086,986,42110401
17547,24,0,0,7086,986,42112801
17548,20,0,0,7086,986,42115201
17549,20,2,1,7088,987,42117601
17550,19,1,0,7089,987,42120001
17551,24,1,0,7090,987,42122401
17552,22,1,0,7091,987,42124801
17553,25,0,0,7091,987,42127201
17554,30,0,0,7091,987,42129601
17555,24,2,0,7093,987,42132001
17556,23,0,0,7093,987,42134401
17557,26,2,1,7095,988,42136801
17558,27,1,0,7096,988,42139201
17559,23,0,0,7096,988,42141601
17560,26,0,0,7096,988,42144001
17561,29,0,0,7096,988,42146401
17562,27,0,0,7096,988,42148801
17563,29,1,0,7097,988,42151201
17564,30,0,0,7097,988,42153601
17565,27,1,0,7098,988,42156001
17566,28,1,0,7099,988,42158401
17567,29,0,0,7099,988,42160801
17568,27,0,0,7099,988,42163201
17569,25,0,0,7099,988,42165601
17570,26,0,0,7099,988,42168001
17571,25,0,0,7099,988,42170401
17572,24,1,0,7100,988,42172801
17573,23,0,0,7100,988,42175201
17574,24,0,0,7100,988,42177601
17575,24,0,0,7100,988,42180001
17576,27,0,0,7100,988,42182401
17577,27,0,0,7100,988,42184801
17578,28,1,0,7101,988,42187201
17579,25,2,0,7103,988,42189601
17580,30,0,0,7103,988,42192001
17581,26,1,0,7104,988,42194401
17582,28,0,0,7104,988,42196801
17583,23,3,0,7107,988,42199201
17584,22,0,0,7107,988,42201601
17585,24,0,0,7107,988,42204001
17586,26,0,0,7107,988,42206401
17587,25,0,0,7107,988,42208801
17588,26,1,0,7108,988,42211201
17589,24,1,0,7109,988,42213601
17590,24,1,0,7110,988,42216001
17591,25,1,0,7111,988,42218401
17592,24,0,0,7111,988,42220801
17593,25,1,0,7112,988,42223201
17594,21,4,0,7116,988,42225601
17595,19,0,0,7116,988,42228001
17596,18,2,0,7118,988,42230401
17597,18,0,0,7118,988,42232801
17598,20,4,2,7122,990,42235201
17599,18,0,0,7122,990,42237601
17600,22,1,0,7123,990,42240001
17601,21,1,1,7124,991,42242401
17602,20,2,0,7126,991,42244801
17603,21,0,0,7126,991,42247201
17604,20,0,0,7126,991,42249601
17605,21,0,0,7126,991,42252001
17606,22,0,0,7126,991,42254401
17607,21,0,0,7126,991,42256801
17608,22,1,0,7127,991,42259201
17609,23,1,0,7128,991,42261601
17610,24,0,0,7128,991,42264001
17611,25,0,0,7128,991,42266401
17612,28,0,0,7128,991,42268801
17613,26,1,1,7129,992,42271201
17614,27,2,0,7131,992,42273601
17615,30,0,0,7131,992,42276001
17616,26,1,0,7132,992,42278401
17617,26,0,0,7132,992,42280801
17618,28,0,0,7132,992,42283201
17619,27,1,0,7133,992,42285601
17620,26,0,0,7133,992,42288001
17621,27,1,0,7134,992,42290401
