simMinute,population,wallClockUTC
1,10,2026-08-04T00:52:08Z
2,10,2026-08-04T00:52:08Z
3,10,2026-08-04T00:52:29Z
4,10,2026-08-04T00:52:49Z
5,18,2026-08-04T00:53:09Z
6,13,2026-08-04T00:53:29Z
7,12,2026-08-04T00:53:49Z
8,12,2026-08-04T00:54:09Z
9,19,2026-08-04T00:54:30Z
10,18,2026-08-04T00:54:50Z
11,18,2026-08-04T00:55:10Z
12,18,2026-08-04T00:55:30Z
13,18,2026-08-04T00:55:50Z
14,21,2026-08-04T00:56:10Z
15,17,2026-08-04T00:56:31Z
16,17,2026-08-04T00:56:51Z
17,17,2026-08-04T00:57:11Z
18,24,2026-08-04T00:57:31Z
19,18,2026-08-04T00:57:51Z
20,17,2026-08-04T00:58:12Z
21,17,2026-08-04T00:58:28Z
22,16,2026-08-04T00:58:45Z
23,21,2026-08-04T00:59:02Z
24,18,2026-08-04T00:59:19Z
25,15,2026-08-04T00:59:52Z
26,15,2026-08-04T01:00:07Z
27,16,2026-08-04T01:00:26Z
28,15,2026-08-04T01:00:45Z
29,14,2026-08-04T01:01:04Z
30,15,2026-08-04T01:01:23Z
31,15,2026-08-04T01:01:43Z
32,18,2026-08-04T01:02:02Z
33,18,2026-08-04T01:02:21Z
34,15,2026-08-04T01:02:40Z
35,16,2026-08-04T01:03:09Z
36,18,2026-08-04T01:03:28Z
37,17,2026-08-04T01:04:00Z
38,15,2026-08-04T01:04:15Z
39,14,2026-08-04T01:04:30Z
40,10,2026-08-04T01:04:51Z
41,13,2026-08-04T01:05:12Z
42,14,2026-08-04T01:05:32Z
43,13,2026-08-04T01:05:53Z
44,12,2026-08-04T01:06:14Z
45,16,2026-08-04T01:06:35Z
46,17,2026-08-04T01:06:57Z
47,18,2026-08-04T01:07:19Z
48,18,2026-08-04T01:07:41Z
49,15,2026-08-04T01:08:00Z
50,17,2026-08-04T01:08:19Z
51,17,2026-08-04T01:08:38Z
52,17,2026-08-04T01:08:57Z
53,21,2026-08-04T01:09:16Z
54,21,2026-08-04T01:09:35Z
55,12,2026-08-04T01:10:02Z
56,12,2026-08-04T01:10:20Z
57,15,2026-08-04T01:10:37Z
58,15,2026-08-04T01:10:54Z
59,21,2026-08-04T01:11:12Z
60,17,2026-08-04T01:11:29Z
61,12,2026-08-04T01:11:31Z
62,12,2026-08-04T01:11:33Z
63,16,2026-08-04T01:11:34Z
64,15,2026-08-04T01:11:36Z
65,16,2026-08-04T01:11:37Z
66,14,2026-08-04T01:11:38Z
67,14,2026-08-04T01:11:40Z
68,17,2026-08-04T01:11:41Z
69,17,2026-08-04T01:11:43Z
70,15,2026-08-04T01:11:45Z
71,14,2026-08-04T01:11:46Z
72,16,2026-08-04T01:11:47Z
73,16,2026-08-04T01:11:49Z
74,18,2026-08-04T01:11:52Z
75,16,2026-08-04T01:11:54Z
76,19,2026-08-04T01:11:57Z
77,21,2026-08-04T01:11:59Z
78,22,2026-08-04T01:12:01Z
79,23,2026-08-04T01:12:04Z
80,23,2026-08-04T01:12:06Z
81,24,2026-08-04T01:12:09Z
82,24,2026-08-04T01:12:11Z
83,26,2026-08-04T01:12:14Z
84,25,2026-08-04T01:12:17Z
85,22,2026-08-04T01:12:19Z
86,24,2026-08-04T01:12:22Z
87,26,2026-08-04T01:12:24Z
88,24,2026-08-04T01:12:27Z
89,23,2026-08-04T01:12:31Z
90,26,2026-08-04T01:12:36Z
91,25,2026-08-04T01:12:38Z
92,28,2026-08-04T01:12:41Z
93,24,2026-08-04T01:12:43Z
94,26,2026-08-04T01:12:45Z
95,28,2026-08-04T01:12:47Z
96,29,2026-08-04T01:12:49Z
97,30,2026-08-04T01:12:52Z
98,34,2026-08-04T01:12:54Z
99,35,2026-08-04T01:12:57Z
100,37,2026-08-04T01:13:00Z
101,33,2026-08-04T01:13:04Z
102,32,2026-08-04T01:13:08Z
103,35,2026-08-04T01:13:13Z
104,39,2026-08-04T01:13:16Z
105,38,2026-08-04T01:13:20Z
106,37,2026-08-04T01:13:22Z
107,41,2026-08-04T01:13:24Z
108,44,2026-08-04T01:13:27Z
109,40,2026-08-04T01:13:31Z
110,38,2026-08-04T01:13:34Z
111,39,2026-08-04T01:13:37Z
112,39,2026-08-04T01:13:42Z
113,46,2026-08-04T01:13:47Z
114,41,2026-08-04T01:13:50Z
115,42,2026-08-04T01:13:52Z
116,37,2026-08-04T01:13:56Z
117,41,2026-08-04T01:14:00Z
118,39,2026-08-04T01:14:03Z
119,39,2026-08-04T01:14:07Z
120,38,2026-08-04T01:14:11Z
121,37,2026-08-04T01:14:15Z
122,38,2026-08-04T01:14:19Z
123,42,2026-08-04T01:14:23Z
124,38,2026-08-04T01:14:26Z
125,38,2026-08-04T01:14:29Z
126,35,2026-08-04T01:14:32Z
127,31,2026-08-04T01:14:35Z
128,32,2026-08-04T01:14:38Z
129,31,2026-08-04T01:14:40Z
130,30,2026-08-04T01:14:44Z
131,34,2026-08-04T01:14:48Z
132,30,2026-08-04T01:14:51Z
133,29,2026-08-04T01:14:54Z
134,27,2026-08-04T01:14:57Z
135,25,2026-08-04T01:14:59Z
136,28,2026-08-04T01:15:02Z
137,29,2026-08-04T01:15:04Z
138,32,2026-08-04T01:15:07Z
139,30,2026-08-04T01:15:10Z
140,34,2026-08-04T01:15:13Z
141,33,2026-08-04T01:15:16Z
142,30,2026-08-04T01:15:20Z
143,31,2026-08-04T01:15:24Z
144,31,2026-08-04T01:15:28Z
145,37,2026-08-04T01:15:33Z
146,35,2026-08-04T01:15:34Z
147,36,2026-08-04T01:15:38Z
148,38,2026-08-04T01:15:43Z
149,41,2026-08-04T01:15:47Z
150,43,2026-08-04T01:15:52Z
151,52,2026-08-04T01:15:57Z
152,45,2026-08-04T01:16:01Z
153,42,2026-08-04T01:16:05Z
154,43,2026-08-04T01:16:08Z
155,47,2026-08-04T01:16:11Z
156,46,2026-08-04T01:16:13Z
157,44,2026-08-04T01:16:17Z
158,39,2026-08-04T01:16:22Z
159,40,2026-08-04T01:16:28Z
160,42,2026-08-04T01:16:32Z
161,40,2026-08-04T01:16:35Z
162,42,2026-08-04T01:16:38Z
163,43,2026-08-04T01:16:42Z
164,39,2026-08-04T01:16:46Z
165,39,2026-08-04T01:16:49Z
166,40,2026-08-04T01:16:52Z
167,34,2026-08-04T01:16:54Z
168,36,2026-08-04T01:16:57Z
169,33,2026-08-04T01:17:01Z
170,33,2026-08-04T01:17:05Z
171,33,2026-08-04T01:17:08Z
172,32,2026-08-04T01:17:10Z
173,34,2026-08-04T01:17:12Z
174,29,2026-08-04T01:17:15Z
175,28,2026-08-04T01:17:16Z
176,26,2026-08-04T01:17:19Z
177,33,2026-08-04T01:17:21Z
178,30,2026-08-04T01:17:24Z
179,33,2026-08-04T01:17:28Z
180,35,2026-08-04T01:17:29Z
181,35,2026-08-04T01:17:35Z
182,33,2026-08-04T01:17:39Z
183,33,2026-08-04T01:17:43Z
184,34,2026-08-04T01:17:46Z
185,40,2026-08-04T01:17:49Z
186,38,2026-08-04T01:17:54Z
187,41,2026-08-04T01:17:59Z
188,35,2026-08-04T01:18:02Z
189,35,2026-08-04T01:18:08Z
190,37,2026-08-04T01:18:12Z
191,40,2026-08-04T01:18:17Z
192,37,2026-08-04T01:18:18Z
193,32,2026-08-04T01:18:21Z
194,30,2026-08-04T01:18:24Z
195,28,2026-08-04T01:18:27Z
196,29,2026-08-04T01:18:30Z
197,30,2026-08-04T01:18:33Z
198,31,2026-08-04T01:18:36Z
199,33,2026-08-04T01:18:38Z
200,33,2026-08-04T01:18:42Z
201,35,2026-08-04T01:18:45Z
202,36,2026-08-04T01:18:49Z
203,35,2026-08-04T01:18:52Z
204,33,2026-08-04T01:18:56Z
205,34,2026-08-04T01:18:59Z
206,34,2026-08-04T01:19:02Z
207,32,2026-08-04T01:19:04Z
208,31,2026-08-04T01:19:07Z
209,31,2026-08-04T01:19:10Z
210,31,2026-08-04T01:19:13Z
211,33,2026-08-04T01:19:16Z
212,32,2026-08-04T01:19:20Z
213,32,2026-08-04T01:19:23Z
214,31,2026-08-04T01:19:27Z
215,32,2026-08-04T01:19:30Z
216,32,2026-08-04T01:19:34Z
217,30,2026-08-04T01:19:34Z
218,27,2026-08-04T01:19:37Z
219,26,2026-08-04T01:19:40Z
220,28,2026-08-04T01:19:43Z
221,31,2026-08-04T01:19:50Z
222,28,2026-08-04T01:19:53Z
223,27,2026-08-04T01:19:56Z
224,30,2026-08-04T01:19:59Z
225,33,2026-08-04T01:20:02Z
226,33,2026-08-04T01:20:05Z
227,31,2026-08-04T01:20:08Z
228,32,2026-08-04T01:20:11Z
229,28,2026-08-04T01:20:14Z
230,31,2026-08-04T01:20:17Z
231,29,2026-08-04T01:20:20Z
232,28,2026-08-04T01:20:23Z
233,29,2026-08-04T01:20:26Z
234,28,2026-08-04T01:20:29Z
235,30,2026-08-04T01:20:31Z
236,27,2026-08-04T01:20:34Z
237,31,2026-08-04T01:20:36Z
238,30,2026-08-04T01:20:39Z
239,31,2026-08-04T01:20:42Z
240,30,2026-08-04T01:20:44Z
241,27,2026-08-04T01:20:46Z
242,24,2026-08-04T01:20:49Z
243,21,2026-08-04T01:20:55Z
244,21,2026-08-04T01:20:57Z
245,19,2026-08-04T01:21:00Z
246,23,2026-08-04T01:21:02Z
247,24,2026-08-04T01:21:04Z
248,22,2026-08-04T01:21:06Z
249,21,2026-08-04T01:21:08Z
250,22,2026-08-04T01:21:10Z
251,19,2026-08-04T01:21:12Z
252,17,2026-08-04T01:21:14Z
253,19,2026-08-04T01:21:16Z
254,15,2026-08-04T01:21:17Z
255,17,2026-08-04T01:21:19Z
256,15,2026-08-04T01:21:22Z
257,15,2026-08-04T01:21:25Z
258,16,2026-08-04T01:21:27Z
259,17,2026-08-04T01:21:30Z
260,20,2026-08-04T01:21:33Z
261,20,2026-08-04T01:21:36Z
262,21,2026-08-04T01:21:39Z
263,22,2026-08-04T01:21:41Z
264,24,2026-08-04T01:21:44Z
265,26,2026-08-04T01:21:47Z
266,25,2026-08-04T01:21:50Z
267,26,2026-08-04T01:21:53Z
268,26,2026-08-04T01:21:55Z
269,27,2026-08-04T01:21:58Z
270,29,2026-08-04T01:22:01Z
271,31,2026-08-04T01:22:04Z
272,31,2026-08-04T01:22:07Z
273,31,2026-08-04T01:22:11Z
274,34,2026-08-04T01:22:13Z
275,35,2026-08-04T01:22:16Z
276,34,2026-08-04T01:22:18Z
277,34,2026-08-04T01:22:23Z
278,32,2026-08-04T01:22:27Z
279,35,2026-08-04T01:22:31Z
280,36,2026-08-04T01:22:36Z
281,39,2026-08-04T01:22:40Z
282,36,2026-08-04T01:22:43Z
283,33,2026-08-04T01:22:47Z
284,36,2026-08-04T01:22:50Z
285,36,2026-08-04T01:22:54Z
286,37,2026-08-04T01:22:57Z
287,35,2026-08-04T01:23:01Z
288,33,2026-08-04T01:23:07Z
289,38,2026-08-04T01:23:13Z
290,38,2026-08-04T01:23:15Z
291,38,2026-08-04T01:23:20Z
292,36,2026-08-04T01:23:25Z
293,36,2026-08-04T01:23:29Z
294,35,2026-08-04T01:23:33Z
295,37,2026-08-04T01:23:37Z
296,35,2026-08-04T01:23:41Z
297,33,2026-08-04T01:23:46Z
298,36,2026-08-04T01:23:50Z
299,34,2026-08-04T01:23:51Z
300,34,2026-08-04T01:23:55Z
301,33,2026-08-04T01:23:58Z
302,35,2026-08-04T01:24:02Z
303,36,2026-08-04T01:24:06Z
304,38,2026-08-04T01:24:10Z
305,43,2026-08-04T01:24:14Z
306,36,2026-08-04T01:24:17Z
307,38,2026-08-04T01:24:21Z
308,39,2026-08-04T01:24:25Z
309,36,2026-08-04T01:24:28Z
310,32,2026-08-04T01:24:31Z
311,31,2026-08-04T01:24:33Z
312,28,2026-08-04T01:24:36Z
313,30,2026-08-04T01:24:39Z
314,30,2026-08-04T01:24:43Z
315,29,2026-08-04T01:24:46Z
316,28,2026-08-04T01:24:49Z
317,27,2026-08-04T01:24:52Z
318,29,2026-08-04T01:24:55Z
319,32,2026-08-04T01:24:58Z
320,28,2026-08-04T01:25:00Z
321,30,2026-08-04T01:25:03Z
322,27,2026-08-04T01:25:06Z
323,31,2026-08-04T01:25:10Z
324,32,2026-08-04T01:25:13Z
325,31,2026-08-04T01:25:16Z
326,29,2026-08-04T01:25:20Z
327,33,2026-08-04T01:25:23Z
328,33,2026-08-04T01:25:26Z
329,32,2026-08-04T01:25:29Z
330,28,2026-08-04T01:25:33Z
331,28,2026-08-04T01:25:35Z
332,28,2026-08-04T01:25:37Z
333,28,2026-08-04T01:25:40Z
334,29,2026-08-04T01:25:42Z
335,26,2026-08-04T01:25:45Z
336,24,2026-08-04T01:25:48Z
337,23,2026-08-04T01:25:51Z
338,23,2026-08-04T01:25:54Z
339,22,2026-08-04T01:25:57Z
340,21,2026-08-04T01:26:00Z
341,17,2026-08-04T01:26:02Z
342,20,2026-08-04T01:26:04Z
343,17,2026-08-04T01:26:06Z
344,18,2026-08-04T01:26:08Z
345,20,2026-08-04T01:26:10Z
346,18,2026-08-04T01:26:13Z
347,20,2026-08-04T01:26:17Z
348,20,2026-08-04T01:26:20Z
349,21,2026-08-04T01:26:24Z
350,21,2026-08-04T01:26:28Z
351,21,2026-08-04T01:26:31Z
352,23,2026-08-04T01:26:35Z
353,23,2026-08-04T01:26:39Z
354,24,2026-08-04T01:26:42Z
355,24,2026-08-04T01:26:46Z
356,24,2026-08-04T01:26:49Z
357,26,2026-08-04T01:26:53Z
358,25,2026-08-04T01:26:57Z
359,30,2026-08-04T01:27:00Z
360,28,2026-08-04T01:27:04Z
361,26,2026-08-04T01:27:06Z
362,27,2026-08-04T01:27:09Z
363,29,2026-08-04T01:27:11Z
364,30,2026-08-04T01:27:13Z
365,27,2026-08-04T01:27:16Z
366,28,2026-08-04T01:27:19Z
367,29,2026-08-04T01:27:22Z
368,29,2026-08-04T01:27:25Z
369,27,2026-08-04T01:27:28Z
370,27,2026-08-04T01:27:30Z
371,31,2026-08-04T01:27:33Z
372,28,2026-08-04T01:27:36Z
373,30,2026-08-04T01:27:39Z
374,27,2026-08-04T01:27:42Z
375,28,2026-08-04T01:27:45Z
376,31,2026-08-04T01:27:48Z
377,36,2026-08-04T01:27:51Z
378,32,2026-08-04T01:27:53Z
379,29,2026-08-04T01:27:56Z
380,26,2026-08-04T01:27:59Z
381,32,2026-08-04T01:28:03Z
382,32,2026-08-04T01:28:10Z
383,33,2026-08-04T01:28:22Z
384,33,2026-08-04T01:28:25Z
385,36,2026-08-04T01:28:29Z
386,38,2026-08-04T01:28:32Z
387,34,2026-08-04T01:28:36Z
388,33,2026-08-04T01:28:39Z
389,36,2026-08-04T01:28:43Z
390,37,2026-08-04T01:28:47Z
391,37,2026-08-04T01:28:50Z
392,32,2026-08-04T01:28:54Z
393,30,2026-08-04T01:29:01Z
394,29,2026-08-04T01:29:08Z
395,28,2026-08-04T01:29:14Z
396,31,2026-08-04T01:29:21Z
397,34,2026-08-04T01:29:28Z
398,32,2026-08-04T01:29:35Z
399,33,2026-08-04T01:29:41Z
400,35,2026-08-04T01:29:48Z
401,36,2026-08-04T01:29:55Z
402,33,2026-08-04T01:29:58Z
403,31,2026-08-04T01:30:02Z
404,28,2026-08-04T01:30:06Z
405,31,2026-08-04T01:30:09Z
406,30,2026-08-04T01:30:12Z
407,32,2026-08-04T01:30:15Z
408,29,2026-08-04T01:30:17Z
409,25,2026-08-04T01:30:21Z
410,27,2026-08-04T01:30:24Z
411,32,2026-08-04T01:30:27Z
412,31,2026-08-04T01:30:30Z
413,30,2026-08-04T01:30:33Z
414,35,2026-08-04T01:30:37Z
415,33,2026-08-04T01:30:40Z
416,29,2026-08-04T01:30:43Z
417,31,2026-08-04T01:30:47Z
418,30,2026-08-04T01:30:50Z
419,28,2026-08-04T01:30:53Z
420,26,2026-08-04T01:30:57Z
421,25,2026-08-04T01:31:00Z
422,26,2026-08-04T01:31:03Z
423,25,2026-08-04T01:31:07Z
424,26,2026-08-04T01:31:10Z
425,25,2026-08-04T01:31:14Z
426,23,2026-08-04T01:31:18Z
427,24,2026-08-04T01:31:23Z
428,28,2026-08-04T01:31:27Z
429,29,2026-08-04T01:31:31Z
430,30,2026-08-04T01:31:36Z
431,31,2026-08-04T01:31:40Z
432,31,2026-08-04T01:31:44Z
433,36,2026-08-04T01:31:48Z
434,34,2026-08-04T01:31:53Z
435,36,2026-08-04T01:31:57Z
436,36,2026-08-04T01:32:01Z
437,36,2026-08-04T01:32:05Z
438,34,2026-08-04T01:32:08Z
439,32,2026-08-04T01:32:11Z
440,32,2026-08-04T01:32:16Z
441,36,2026-08-04T01:32:21Z
442,36,2026-08-04T01:32:26Z
443,36,2026-08-04T01:32:30Z
444,35,2026-08-04T01:32:35Z
445,34,2026-08-04T01:32:40Z
446,33,2026-08-04T01:32:44Z
447,31,2026-08-04T01:32:48Z
448,31,2026-08-04T01:32:53Z
449,35,2026-08-04T01:32:57Z
450,37,2026-08-04T01:33:01Z
451,35,2026-08-04T01:33:05Z
452,37,2026-08-04T01:33:09Z
453,36,2026-08-04T01:33:13Z
454,39,2026-08-04T01:33:16Z
455,36,2026-08-04T01:33:20Z
456,36,2026-08-04T01:33:23Z
457,41,2026-08-04T01:33:27Z
458,39,2026-08-04T01:33:30Z
459,39,2026-08-04T01:33:34Z
460,40,2026-08-04T01:33:37Z
461,40,2026-08-04T01:33:41Z
462,37,2026-08-04T01:33:44Z
463,33,2026-08-04T01:33:47Z
464,34,2026-08-04T01:33:51Z
465,37,2026-08-04T01:33:54Z
466,36,2026-08-04T01:33:58Z
467,36,2026-08-04T01:34:01Z
468,34,2026-08-04T01:34:04Z
469,38,2026-08-04T01:34:07Z
470,37,2026-08-04T01:34:11Z
471,33,2026-08-04T01:34:15Z
472,31,2026-08-04T01:34:19Z
473,33,2026-08-04T01:34:24Z
474,35,2026-08-04T01:34:26Z
475,32,2026-08-04T01:34:28Z
476,29,2026-08-04T01:34:30Z
477,29,2026-08-04T01:34:32Z
478,29,2026-08-04T01:34:35Z
479,26,2026-08-04T01:34:38Z
480,23,2026-08-04T01:34:41Z
481,25,2026-08-04T01:34:44Z
482,26,2026-08-04T01:34:47Z
483,25,2026-08-04T01:34:50Z
484,28,2026-08-04T01:34:53Z
485,27,2026-08-04T01:34:56Z
486,31,2026-08-04T01:34:59Z
487,29,2026-08-04T01:35:02Z
488,29,2026-08-04T01:35:05Z
489,28,2026-08-04T01:35:08Z
490,29,2026-08-04T01:35:11Z
491,27,2026-08-04T01:35:14Z
492,24,2026-08-04T01:35:17Z
493,26,2026-08-04T01:35:19Z
494,30,2026-08-04T01:35:22Z
495,27,2026-08-04T01:35:25Z
496,22,2026-08-04T01:35:29Z
497,24,2026-08-04T01:35:32Z
498,25,2026-08-04T01:35:35Z
499,28,2026-08-04T01:35:39Z
500,28,2026-08-04T01:35:42Z
501,30,2026-08-04T01:35:45Z
502,30,2026-08-04T01:35:49Z
503,30,2026-08-04T01:35:52Z
504,33,2026-08-04T01:35:56Z
505,33,2026-08-04T01:35:59Z
506,33,2026-08-04T01:36:02Z
507,31,2026-08-04T01:36:06Z
508,31,2026-08-04T01:36:09Z
509,33,2026-08-04T01:36:12Z
510,32,2026-08-04T01:36:16Z
511,33,2026-08-04T01:36:19Z
512,37,2026-08-04T01:36:22Z
513,41,2026-08-04T01:36:26Z
514,43,2026-08-04T01:36:29Z
515,39,2026-08-04T01:36:32Z
516,34,2026-08-04T01:36:36Z
517,36,2026-08-04T01:36:39Z
518,37,2026-08-04T01:36:42Z
519,39,2026-08-04T01:36:46Z
520,40,2026-08-04T01:36:49Z
521,42,2026-08-04T01:36:52Z
522,41,2026-08-04T01:36:56Z
523,36,2026-08-04T01:36:59Z
524,37,2026-08-04T01:37:02Z
525,35,2026-08-04T01:37:06Z
526,35,2026-08-04T01:37:09Z
527,35,2026-08-04T01:37:13Z
528,37,2026-08-04T01:37:16Z
529,36,2026-08-04T01:37:19Z
530,34,2026-08-04T01:37:23Z
531,39,2026-08-04T01:37:26Z
532,37,2026-08-04T01:37:29Z
533,34,2026-08-04T01:37:33Z
534,35,2026-08-04T01:37:36Z
535,32,2026-08-04T01:37:39Z
536,35,2026-08-04T01:37:43Z
537,36,2026-08-04T01:37:46Z
538,33,2026-08-04T01:37:49Z
539,35,2026-08-04T01:37:53Z
540,32,2026-08-04T01:37:56Z
541,34,2026-08-04T01:37:59Z
542,31,2026-08-04T01:38:03Z
543,32,2026-08-04T01:38:06Z
544,39,2026-08-04T01:38:09Z
545,37,2026-08-04T01:38:13Z
546,31,2026-08-04T01:38:15Z
547,28,2026-08-04T01:38:17Z
548,29,2026-08-04T01:38:20Z
549,32,2026-08-04T01:38:22Z
550,32,2026-08-04T01:38:25Z
551,24,2026-08-04T01:38:28Z
552,24,2026-08-04T01:38:31Z
553,28,2026-08-04T01:38:33Z
554,26,2026-08-04T01:38:36Z
555,26,2026-08-04T01:38:39Z
556,26,2026-08-04T01:38:42Z
557,26,2026-08-04T01:38:44Z
558,24,2026-08-04T01:38:47Z
559,27,2026-08-04T01:38:50Z
560,25,2026-08-04T01:38:53Z
561,25,2026-08-04T01:38:56Z
562,22,2026-08-04T01:38:58Z
563,21,2026-08-04T01:39:01Z
564,23,2026-08-04T01:39:04Z
565,21,2026-08-04T01:39:07Z
566,21,2026-08-04T01:39:09Z
567,25,2026-08-04T01:39:12Z
568,23,2026-08-04T01:39:15Z
569,22,2026-08-04T01:39:18Z
570,22,2026-08-04T01:39:20Z
571,19,2026-08-04T01:39:23Z
572,21,2026-08-04T01:39:26Z
573,22,2026-08-04T01:39:29Z
574,22,2026-08-04T01:39:31Z
575,23,2026-08-04T01:39:34Z
576,20,2026-08-04T01:39:37Z
577,20,2026-08-04T01:39:40Z
578,20,2026-08-04T01:39:43Z
579,23,2026-08-04T01:39:46Z
580,23,2026-08-04T01:39:49Z
581,21,2026-08-04T01:39:52Z
582,22,2026-08-04T01:39:55Z
583,21,2026-08-04T01:39:58Z
584,26,2026-08-04T01:40:01Z
585,26,2026-08-04T01:40:04Z
586,26,2026-08-04T01:40:08Z
587,27,2026-08-04T01:40:11Z
588,28,2026-08-04T01:40:14Z
589,28,2026-08-04T01:40:17Z
590,28,2026-08-04T01:40:20Z
591,28,2026-08-04T01:40:23Z
592,29,2026-08-04T01:40:26Z
593,30,2026-08-04T01:40:29Z
594,32,2026-08-04T01:40:32Z
595,31,2026-08-04T01:40:36Z
596,34,2026-08-04T01:40:39Z
597,35,2026-08-04T01:40:43Z
598,37,2026-08-04T01:40:47Z
599,33,2026-08-04T01:40:51Z
600,31,2026-08-04T01:40:54Z
601,34,2026-08-04T01:40:58Z
602,37,2026-08-04T01:41:02Z
603,38,2026-08-04T01:41:05Z
604,35,2026-08-04T01:41:09Z
605,34,2026-08-04T01:41:13Z
606,36,2026-08-04T01:41:17Z
607,37,2026-08-04T01:41:20Z
608,34,2026-08-04T01:41:24Z
609,33,2026-08-04T01:41:28Z
610,32,2026-08-04T01:41:32Z
611,34,2026-08-04T01:41:36Z
612,38,2026-08-04T01:41:39Z
613,37,2026-08-04T01:41:43Z
614,31,2026-08-04T01:41:47Z
615,30,2026-08-04T01:41:52Z
616,27,2026-08-04T01:41:57Z
617,28,2026-08-04T01:42:01Z
618,28,2026-08-04T01:42:05Z
619,27,2026-08-04T01:42:08Z
620,28,2026-08-04T01:42:12Z
621,26,2026-08-04T01:42:15Z
622,31,2026-08-04T01:42:19Z
623,31,2026-08-04T01:42:22Z
624,30,2026-08-04T01:42:25Z
625,34,2026-08-04T01:42:29Z
626,35,2026-08-04T01:42:32Z
627,36,2026-08-04T01:42:36Z
628,32,2026-08-04T01:42:39Z
629,31,2026-08-04T01:42:43Z
630,32,2026-08-04T01:42:46Z
631,33,2026-08-04T01:42:50Z
632,31,2026-08-04T01:42:53Z
633,31,2026-08-04T01:42:57Z
634,29,2026-08-04T01:43:00Z
635,31,2026-08-04T01:43:04Z
636,32,2026-08-04T01:43:07Z
637,33,2026-08-04T01:43:11Z
638,36,2026-08-04T01:43:14Z
639,38,2026-08-04T01:43:18Z
640,42,2026-08-04T01:43:22Z
641,41,2026-08-04T01:43:25Z
642,40,2026-08-04T01:43:28Z
643,40,2026-08-04T01:43:31Z
644,42,2026-08-04T01:43:34Z
645,41,2026-08-04T01:43:38Z
646,42,2026-08-04T01:43:43Z
647,41,2026-08-04T01:43:48Z
648,39,2026-08-04T01:43:52Z
649,38,2026-08-04T01:43:57Z
650,38,2026-08-04T01:44:01Z
651,35,2026-08-04T01:44:04Z
652,35,2026-08-04T01:44:07Z
653,32,2026-08-04T01:44:11Z
654,30,2026-08-04T01:44:14Z
655,32,2026-08-04T01:44:18Z
656,29,2026-08-04T01:44:21Z
657,29,2026-08-04T01:44:25Z
658,29,2026-08-04T01:44:28Z
659,28,2026-08-04T01:44:32Z
660,26,2026-08-04T01:44:35Z
661,25,2026-08-04T01:44:39Z
662,27,2026-08-04T01:44:42Z
663,28,2026-08-04T01:44:46Z
664,28,2026-08-04T01:44:49Z
665,34,2026-08-04T01:44:53Z
666,33,2026-08-04T01:44:56Z
667,32,2026-08-04T01:45:00Z
668,29,2026-08-04T01:45:04Z
669,32,2026-08-04T01:45:09Z
670,35,2026-08-04T01:45:13Z
671,34,2026-08-04T01:45:17Z
672,28,2026-08-04T01:45:22Z
673,32,2026-08-04T01:45:26Z
674,31,2026-08-04T01:45:30Z
675,34,2026-08-04T01:45:34Z
676,30,2026-08-04T01:45:38Z
677,30,2026-08-04T01:45:41Z
678,29,2026-08-04T01:45:45Z
679,31,2026-08-04T01:45:49Z
680,31,2026-08-04T01:45:53Z
681,30,2026-08-04T01:45:57Z
682,27,2026-08-04T01:46:01Z
683,27,2026-08-04T01:46:04Z
684,28,2026-08-04T01:46:08Z
685,32,2026-08-04T01:46:12Z
686,30,2026-08-04T01:46:16Z
687,32,2026-08-04T01:46:20Z
688,36,2026-08-04T01:46:23Z
689,37,2026-08-04T01:46:27Z
690,38,2026-08-04T01:46:31Z
691,36,2026-08-04T01:46:35Z
692,36,2026-08-04T01:46:39Z
693,40,2026-08-04T01:46:42Z
694,41,2026-08-04T01:46:46Z
695,41,2026-08-04T01:46:50Z
696,43,2026-08-04T01:46:55Z
697,43,2026-08-04T01:46:59Z
698,40,2026-08-04T01:47:03Z
699,40,2026-08-04T01:47:07Z
700,38,2026-08-04T01:47:11Z
701,36,2026-08-04T01:47:16Z
702,36,2026-08-04T01:47:20Z
703,31,2026-08-04T01:47:23Z
704,37,2026-08-04T01:47:26Z
705,33,2026-08-04T01:47:30Z
706,29,2026-08-04T01:47:35Z
707,29,2026-08-04T01:47:39Z
708,33,2026-08-04T01:47:43Z
709,32,2026-08-04T01:47:47Z
710,34,2026-08-04T01:47:50Z
711,34,2026-08-04T01:47:54Z
712,34,2026-08-04T01:47:58Z
713,33,2026-08-04T01:48:02Z
714,30,2026-08-04T01:48:06Z
715,35,2026-08-04T01:48:10Z
716,36,2026-08-04T01:48:14Z
717,34,2026-08-04T01:48:18Z
718,36,2026-08-04T01:48:21Z
719,36,2026-08-04T01:48:25Z
720,39,2026-08-04T01:48:29Z
721,39,2026-08-04T01:48:32Z
722,37,2026-08-04T01:48:36Z
723,37,2026-08-04T01:48:40Z
724,39,2026-08-04T01:48:44Z
725,43,2026-08-04T01:48:48Z
726,40,2026-08-04T01:48:52Z
727,40,2026-08-04T01:48:56Z
728,36,2026-08-04T01:49:00Z
729,40,2026-08-04T01:49:04Z
730,35,2026-08-04T01:49:07Z
731,37,2026-08-04T01:49:10Z
732,32,2026-08-04T01:49:14Z
733,30,2026-08-04T01:49:17Z
734,27,2026-08-04T01:49:20Z
735,29,2026-08-04T01:49:23Z
736,31,2026-08-04T01:49:26Z
737,31,2026-08-04T01:49:29Z
738,33,2026-08-04T01:49:32Z
739,33,2026-08-04T01:49:36Z
740,32,2026-08-04T01:49:39Z
741,29,2026-08-04T01:49:42Z
742,30,2026-08-04T01:49:45Z
743,29,2026-08-04T01:49:48Z
744,28,2026-08-04T01:49:51Z
745,29,2026-08-04T01:49:54Z
746,28,2026-08-04T01:49:57Z
747,31,2026-08-04T01:50:01Z
748,34,2026-08-04T01:50:04Z
749,34,2026-08-04T01:50:07Z
750,30,2026-08-04T01:50:10Z
751,31,2026-08-04T01:50:13Z
752,30,2026-08-04T01:50:16Z
753,29,2026-08-04T01:50:19Z
754,29,2026-08-04T01:50:22Z
755,30,2026-08-04T01:50:25Z
756,29,2026-08-04T01:50:28Z
757,28,2026-08-04T01:50:31Z
758,26,2026-08-04T01:50:34Z
759,25,2026-08-04T01:50:37Z
760,28,2026-08-04T01:50:40Z
761,26,2026-08-04T01:50:43Z
762,23,2026-08-04T01:50:46Z
763,27,2026-08-04T01:50:49Z
764,27,2026-08-04T01:50:52Z
765,29,2026-08-04T01:50:55Z
766,27,2026-08-04T01:50:58Z
767,25,2026-08-04T01:51:00Z
768,25,2026-08-04T01:51:03Z
769,25,2026-08-04T01:51:05Z
770,26,2026-08-04T01:51:07Z
771,25,2026-08-04T01:51:10Z
772,26,2026-08-04T01:51:13Z
773,25,2026-08-04T01:51:15Z
774,26,2026-08-04T01:51:18Z
775,25,2026-08-04T01:51:21Z
776,25,2026-08-04T01:51:24Z
777,23,2026-08-04T01:51:26Z
778,27,2026-08-04T01:51:29Z
779,24,2026-08-04T01:51:32Z
780,26,2026-08-04T01:51:34Z
781,24,2026-08-04T01:51:37Z
782,28,2026-08-04T01:51:39Z
783,27,2026-08-04T01:51:41Z
784,25,2026-08-04T01:51:44Z
785,26,2026-08-04T01:51:46Z
786,22,2026-08-04T01:51:49Z
787,22,2026-08-04T01:51:53Z
788,22,2026-08-04T01:51:56Z
789,24,2026-08-04T01:52:00Z
790,25,2026-08-04T01:52:04Z
791,21,2026-08-04T01:52:08Z
792,22,2026-08-04T01:52:12Z
793,22,2026-08-04T01:52:16Z
794,25,2026-08-04T01:52:20Z
795,24,2026-08-04T01:52:23Z
796,25,2026-08-04T01:52:27Z
797,25,2026-08-04T01:52:38Z
798,22,2026-08-04T01:52:43Z
799,27,2026-08-04T01:52:48Z
800,28,2026-08-04T01:52:53Z
801,23,2026-08-04T01:52:58Z
802,24,2026-08-04T01:53:03Z
803,23,2026-08-04T01:53:08Z
804,27,2026-08-04T01:53:13Z
805,25,2026-08-04T01:53:17Z
806,26,2026-08-04T01:53:20Z
807,25,2026-08-04T01:53:23Z
808,27,2026-08-04T01:53:26Z
809,28,2026-08-04T01:53:29Z
810,26,2026-08-04T01:53:32Z
811,26,2026-08-04T01:53:36Z
812,28,2026-08-04T01:53:39Z
813,27,2026-08-04T01:53:42Z
814,24,2026-08-04T01:53:44Z
815,25,2026-08-04T01:53:47Z
816,26,2026-08-04T01:53:50Z
817,27,2026-08-04T01:53:53Z
818,23,2026-08-04T01:53:56Z
819,23,2026-08-04T01:53:59Z
820,23,2026-08-04T01:54:01Z
821,27,2026-08-04T01:54:04Z
822,25,2026-08-04T01:54:07Z
823,21,2026-08-04T01:54:11Z
824,23,2026-08-04T01:54:15Z
825,25,2026-08-04T01:54:20Z
826,26,2026-08-04T01:54:24Z
827,23,2026-08-04T01:54:28Z
828,22,2026-08-04T01:54:32Z
829,24,2026-08-04T01:54:36Z
830,23,2026-08-04T01:54:41Z
831,24,2026-08-04T01:54:45Z
832,20,2026-08-04T01:54:49Z
833,20,2026-08-04T01:54:53Z
834,24,2026-08-04T01:54:58Z
835,25,2026-08-04T01:55:02Z
836,26,2026-08-04T01:55:06Z
837,24,2026-08-04T01:55:10Z
838,27,2026-08-04T01:55:14Z
839,30,2026-08-04T01:55:19Z
840,30,2026-08-04T01:55:23Z
841,25,2026-08-04T01:55:27Z
842,27,2026-08-04T01:55:31Z
843,30,2026-08-04T01:55:35Z
844,24,2026-08-04T01:55:40Z
845,20,2026-08-04T01:55:43Z
846,22,2026-08-04T01:55:46Z
847,22,2026-08-04T01:55:49Z
848,20,2026-08-04T01:55:52Z
849,19,2026-08-04T01:55:55Z
850,19,2026-08-04T01:55:58Z
851,18,2026-08-04T01:56:01Z
852,18,2026-08-04T01:56:04Z
853,17,2026-08-04T01:56:07Z
854,19,2026-08-04T01:56:10Z
855,20,2026-08-04T01:56:13Z
856,21,2026-08-04T01:56:16Z
857,20,2026-08-04T01:56:19Z
858,20,2026-08-04T01:56:22Z
859,22,2026-08-04T01:56:25Z
860,22,2026-08-04T01:56:28Z
861,21,2026-08-04T01:56:31Z
862,20,2026-08-04T01:56:34Z
863,22,2026-08-04T01:56:37Z
864,24,2026-08-04T01:56:40Z
865,27,2026-08-04T01:56:43Z
866,26,2026-08-04T01:56:46Z
867,26,2026-08-04T01:56:49Z
868,24,2026-08-04T01:56:52Z
869,28,2026-08-04T01:56:55Z
870,30,2026-08-04T01:56:58Z
871,31,2026-08-04T01:57:01Z
872,31,2026-08-04T01:57:04Z
873,33,2026-08-04T01:57:07Z
874,32,2026-08-04T01:57:10Z
875,32,2026-08-04T01:57:13Z
876,33,2026-08-04T01:57:16Z
877,32,2026-08-04T01:57:20Z
878,35,2026-08-04T01:57:22Z
879,36,2026-08-04T01:57:26Z
880,35,2026-08-04T01:57:29Z
881,35,2026-08-04T01:57:33Z
882,38,2026-08-04T01:57:36Z
883,38,2026-08-04T01:57:40Z
884,38,2026-08-04T01:57:43Z
885,35,2026-08-04T01:57:47Z
886,37,2026-08-04T01:57:50Z
887,35,2026-08-04T01:57:53Z
888,35,2026-08-04T01:57:57Z
889,35,2026-08-04T01:58:00Z
890,33,2026-08-04T01:58:03Z
891,37,2026-08-04T01:58:06Z
892,37,2026-08-04T01:58:09Z
893,35,2026-08-04T01:58:13Z
894,26,2026-08-04T01:58:16Z
895,25,2026-08-04T01:58:19Z
896,29,2026-08-04T01:58:22Z
897,28,2026-08-04T01:58:25Z
898,29,2026-08-04T01:58:29Z
899,26,2026-08-04T01:58:32Z
900,25,2026-08-04T01:58:35Z
901,31,2026-08-04T01:58:38Z
902,26,2026-08-04T01:58:42Z
903,22,2026-08-04T01:58:45Z
904,20,2026-08-04T01:58:48Z
905,19,2026-08-04T01:58:51Z
906,21,2026-08-04T01:58:54Z
907,20,2026-08-04T01:58:56Z
908,18,2026-08-04T01:58:59Z
909,15,2026-08-04T01:59:02Z
910,18,2026-08-04T01:59:05Z
911,18,2026-08-04T01:59:07Z
912,16,2026-08-04T01:59:10Z
913,17,2026-08-04T01:59:12Z
914,20,2026-08-04T01:59:15Z
915,19,2026-08-04T01:59:18Z
916,21,2026-08-04T01:59:20Z
917,20,2026-08-04T01:59:23Z
918,22,2026-08-04T01:59:26Z
919,21,2026-08-04T01:59:28Z
920,20,2026-08-04T01:59:31Z
921,22,2026-08-04T01:59:33Z
922,20,2026-08-04T01:59:36Z
923,17,2026-08-04T01:59:39Z
924,17,2026-08-04T01:59:41Z
925,18,2026-08-04T01:59:44Z
926,17,2026-08-04T01:59:46Z
927,18,2026-08-04T01:59:49Z
928,20,2026-08-04T01:59:52Z
929,20,2026-08-04T01:59:55Z
930,19,2026-08-04T01:59:58Z
931,16,2026-08-04T02:00:01Z
932,18,2026-08-04T02:00:04Z
933,20,2026-08-04T02:00:07Z
934,20,2026-08-04T02:00:09Z
935,20,2026-08-04T02:00:12Z
936,22,2026-08-04T02:00:15Z
937,27,2026-08-04T02:00:18Z
938,27,2026-08-04T02:00:21Z
939,25,2026-08-04T02:00:24Z
940,25,2026-08-04T02:00:27Z
941,28,2026-08-04T02:00:30Z
942,29,2026-08-04T02:00:33Z
943,29,2026-08-04T02:00:36Z
944,28,2026-08-04T02:00:38Z
945,29,2026-08-04T02:00:41Z
946,28,2026-08-04T02:00:44Z
947,29,2026-08-04T02:00:49Z
948,29,2026-08-04T02:00:53Z
949,28,2026-08-04T02:00:57Z
950,28,2026-08-04T02:01:00Z
951,29,2026-08-04T02:01:04Z
952,30,2026-08-04T02:01:07Z
953,28,2026-08-04T02:01:10Z
954,27,2026-08-04T02:01:13Z
955,23,2026-08-04T02:01:17Z
956,25,2026-08-04T02:01:22Z
957,28,2026-08-04T02:01:28Z
958,28,2026-08-04T02:01:33Z
959,24,2026-08-04T02:01:38Z
960,25,2026-08-04T02:01:44Z
961,27,2026-08-04T02:01:49Z
962,29,2026-08-04T02:01:55Z
963,28,2026-08-04T02:02:00Z
964,30,2026-08-04T02:02:05Z
965,29,2026-08-04T02:02:09Z
966,29,2026-08-04T02:02:12Z
967,30,2026-08-04T02:02:14Z
968,26,2026-08-04T02:02:17Z
969,25,2026-08-04T02:02:20Z
970,27,2026-08-04T02:02:23Z
971,29,2026-08-04T02:02:27Z
972,27,2026-08-04T02:02:31Z
973,26,2026-08-04T02:02:34Z
974,27,2026-08-04T02:02:38Z
975,26,2026-08-04T02:02:42Z
976,29,2026-08-04T02:02:45Z
977,28,2026-08-04T02:02:48Z
978,27,2026-08-04T02:02:51Z
979,25,2026-08-04T02:02:55Z
980,28,2026-08-04T02:02:59Z
981,32,2026-08-04T02:03:02Z
982,28,2026-08-04T02:03:06Z
983,28,2026-08-04T02:03:10Z
984,23,2026-08-04T02:03:13Z
985,25,2026-08-04T02:03:16Z
986,29,2026-08-04T02:03:19Z
987,27,2026-08-04T02:03:22Z
988,23,2026-08-04T02:03:26Z
989,25,2026-08-04T02:03:29Z
990,28,2026-08-04T02:03:32Z
991,30,2026-08-04T02:03:35Z
992,27,2026-08-04T02:03:38Z
993,27,2026-08-04T02:03:41Z
994,29,2026-08-04T02:03:44Z
995,25,2026-08-04T02:03:48Z
996,26,2026-08-04T02:03:51Z
997,25,2026-08-04T02:03:54Z
998,27,2026-08-04T02:03:57Z
999,28,2026-08-04T02:04:00Z
1000,26,2026-08-04T02:04:03Z
1001,25,2026-08-04T02:04:06Z
1002,26,2026-08-04T02:04:10Z
1003,25,2026-08-04T02:04:14Z
1004,25,2026-08-04T02:04:17Z
1005,24,2026-08-04T02:04:20Z
1006,21,2026-08-04T02:04:23Z
1007,24,2026-08-04T02:04:25Z
1008,22,2026-08-04T02:04:28Z
1009,22,2026-08-04T02:04:31Z
1010,24,2026-08-04T02:04:33Z
1011,24,2026-08-04T02:04:36Z
1012,25,2026-08-04T02:04:38Z
1013,24,2026-08-04T02:04:41Z
1014,20,2026-08-04T02:04:45Z
1015,23,2026-08-04T02:04:48Z
1016,25,2026-08-04T02:04:51Z
1017,27,2026-08-04T02:04:55Z
1018,26,2026-08-04T02:04:58Z
1019,26,2026-08-04T02:05:01Z
1020,23,2026-08-04T02:05:05Z
1021,23,2026-08-04T02:05:08Z
1022,25,2026-08-04T02:05:11Z
1023,28,2026-08-04T02:05:14Z
1024,26,2026-08-04T02:05:17Z
1025,28,2026-08-04T02:05:20Z
1026,25,2026-08-04T02:05:23Z
1027,29,2026-08-04T02:05:26Z
1028,27,2026-08-04T02:05:29Z
1029,27,2026-08-04T02:05:32Z
1030,26,2026-08-04T02:05:34Z
1031,26,2026-08-04T02:05:37Z
1032,32,2026-08-04T02:05:40Z
1033,27,2026-08-04T02:05:43Z
1034,26,2026-08-04T02:05:45Z
1035,29,2026-08-04T02:05:48Z
1036,33,2026-08-04T02:05:51Z
1037,28,2026-08-04T02:05:54Z
1038,29,2026-08-04T02:05:57Z
1039,26,2026-08-04T02:05:59Z
1040,27,2026-08-04T02:06:02Z
1041,27,2026-08-04T02:06:05Z
1042,25,2026-08-04T02:06:08Z
1043,26,2026-08-04T02:06:11Z
1044,27,2026-08-04T02:06:13Z
1045,26,2026-08-04T02:06:16Z
1046,28,2026-08-04T02:06:19Z
1047,28,2026-08-04T02:06:22Z
1048,29,2026-08-04T02:06:25Z
1049,30,2026-08-04T02:06:28Z
1050,30,2026-08-04T02:06:30Z
1051,30,2026-08-04T02:06:33Z
1052,36,2026-08-04T02:06:36Z
1053,32,2026-08-04T02:06:39Z
1054,37,2026-08-04T02:06:42Z
1055,32,2026-08-04T02:06:45Z
1056,32,2026-08-04T02:06:48Z
1057,31,2026-08-04T02:06:52Z
1058,33,2026-08-04T02:06:55Z
1059,28,2026-08-04T02:06:58Z
1060,29,2026-08-04T02:07:01Z
1061,28,2026-08-04T02:07:04Z
1062,32,2026-08-04T02:07:07Z
1063,30,2026-08-04T02:07:11Z
1064,29,2026-08-04T02:07:13Z
1065,28,2026-08-04T02:07:16Z
1066,30,2026-08-04T02:07:18Z
1067,27,2026-08-04T02:07:21Z
1068,23,2026-08-04T02:07:23Z
1069,21,2026-08-04T02:07:26Z
1070,20,2026-08-04T02:07:29Z
1071,20,2026-08-04T02:07:31Z
1072,22,2026-08-04T02:07:34Z
1073,22,2026-08-04T02:07:36Z
1074,22,2026-08-04T02:07:39Z
1075,22,2026-08-04T02:07:42Z
1076,25,2026-08-04T02:07:44Z
1077,25,2026-08-04T02:07:47Z
1078,25,2026-08-04T02:07:49Z
1079,27,2026-08-04T02:07:52Z
1080,25,2026-08-04T02:07:54Z
1081,25,2026-08-04T02:07:57Z
1082,28,2026-08-04T02:07:59Z
1083,25,2026-08-04T02:08:02Z
1084,24,2026-08-04T02:08:05Z
1085,24,2026-08-04T02:08:08Z
1086,23,2026-08-04T02:08:10Z
1087,27,2026-08-04T02:08:13Z
1088,25,2026-08-04T02:08:16Z
1089,24,2026-08-04T02:08:19Z
1090,27,2026-08-04T02:08:22Z
1091,28,2026-08-04T02:08:24Z
1092,28,2026-08-04T02:08:26Z
1093,28,2026-08-04T02:08:29Z
1094,29,2026-08-04T02:08:32Z
1095,29,2026-08-04T02:08:36Z
1096,30,2026-08-04T02:08:39Z
1097,29,2026-08-04T02:08:43Z
1098,31,2026-08-04T02:08:46Z
1099,29,2026-08-04T02:08:49Z
1100,29,2026-08-04T02:08:53Z
1101,27,2026-08-04T02:08:55Z
1102,29,2026-08-04T02:08:58Z
1103,28,2026-08-04T02:09:00Z
1104,30,2026-08-04T02:09:02Z
1105,29,2026-08-04T02:09:05Z
1106,29,2026-08-04T02:09:07Z
1107,28,2026-08-04T02:09:09Z
1108,28,2026-08-04T02:09:16Z
1109,29,2026-08-04T02:09:19Z
1110,28,2026-08-04T02:09:22Z
1111,27,2026-08-04T02:09:25Z
1112,29,2026-08-04T02:09:28Z
1113,24,2026-08-04T02:09:30Z
1114,27,2026-08-04T02:09:33Z
1115,26,2026-08-04T02:09:35Z
1116,28,2026-08-04T02:09:38Z
1117,32,2026-08-04T02:09:41Z
1118,31,2026-08-04T02:09:43Z
1119,27,2026-08-04T02:09:46Z
1120,25,2026-08-04T02:09:50Z
1121,26,2026-08-04T02:09:54Z
1122,22,2026-08-04T02:09:57Z
1123,23,2026-08-04T02:09:59Z
1124,23,2026-08-04T02:10:01Z
1125,22,2026-08-04T02:10:02Z
1126,20,2026-08-04T02:10:05Z
1127,19,2026-08-04T02:10:07Z
1128,21,2026-08-04T02:10:10Z
1129,27,2026-08-04T02:10:12Z
1130,26,2026-08-04T02:10:15Z
1131,22,2026-08-04T02:10:18Z
1132,25,2026-08-04T02:10:22Z
1133,26,2026-08-04T02:10:25Z
1134,31,2026-08-04T02:10:28Z
1135,27,2026-08-04T02:10:31Z
1136,27,2026-08-04T02:10:35Z
1137,30,2026-08-04T02:10:38Z
1138,31,2026-08-04T02:10:41Z
1139,30,2026-08-04T02:10:44Z
1140,28,2026-08-04T02:10:47Z
1141,30,2026-08-04T02:10:51Z
1142,29,2026-08-04T02:10:54Z
1143,29,2026-08-04T02:10:57Z
1144,33,2026-08-04T02:11:00Z
1145,32,2026-08-04T02:11:03Z
1146,32,2026-08-04T02:11:07Z
1147,33,2026-08-04T02:11:10Z
1148,34,2026-08-04T02:11:13Z
1149,35,2026-08-04T02:11:16Z
1150,34,2026-08-04T02:11:19Z
1151,35,2026-08-04T02:11:28Z
1152,40,2026-08-04T02:11:32Z
1153,35,2026-08-04T02:11:35Z
1154,35,2026-08-04T02:11:39Z
1155,34,2026-08-04T02:11:42Z
1156,35,2026-08-04T02:11:46Z
1157,34,2026-08-04T02:11:49Z
1158,34,2026-08-04T02:11:51Z
1159,34,2026-08-04T02:11:53Z
1160,35,2026-08-04T02:11:58Z
1161,36,2026-08-04T02:12:02Z
1162,35,2026-08-04T02:12:06Z
1163,36,2026-08-04T02:12:10Z
1164,35,2026-08-04T02:12:13Z
1165,33,2026-08-04T02:12:16Z
1166,31,2026-08-04T02:12:20Z
1167,35,2026-08-04T02:12:23Z
1168,32,2026-08-04T02:12:27Z
1169,36,2026-08-04T02:12:30Z
1170,35,2026-08-04T02:12:34Z
1171,37,2026-08-04T02:12:37Z
1172,34,2026-08-04T02:12:41Z
1173,38,2026-08-04T02:12:44Z
1174,35,2026-08-04T02:12:48Z
1175,35,2026-08-04T02:12:51Z
1176,36,2026-08-04T02:12:55Z
1177,43,2026-08-04T02:12:58Z
1178,41,2026-08-04T02:13:02Z
1179,40,2026-08-04T02:13:03Z
1180,41,2026-08-04T02:13:07Z
1181,39,2026-08-04T02:13:11Z
1182,37,2026-08-04T02:13:15Z
1183,40,2026-08-04T02:13:19Z
1184,39,2026-08-04T02:13:23Z
1185,39,2026-08-04T02:13:27Z
1186,36,2026-08-04T02:13:31Z
1187,38,2026-08-04T02:13:33Z
1188,40,2026-08-04T02:13:38Z
1189,39,2026-08-04T02:13:42Z
1190,36,2026-08-04T02:13:47Z
1191,36,2026-08-04T02:13:51Z
1192,34,2026-08-04T02:13:54Z
1193,31,2026-08-04T02:13:57Z
1194,35,2026-08-04T02:13:59Z
1195,34,2026-08-04T02:14:02Z
1196,35,2026-08-04T02:14:05Z
1197,34,2026-08-04T02:14:09Z
1198,36,2026-08-04T02:14:14Z
1199,37,2026-08-04T02:14:18Z
1200,37,2026-08-04T02:14:22Z
1201,37,2026-08-04T02:14:24Z
1202,38,2026-08-04T02:14:26Z
1203,32,2026-08-04T02:14:29Z
1204,30,2026-08-04T02:14:32Z
1205,35,2026-08-04T02:14:35Z
1206,34,2026-08-04T02:14:38Z
1207,34,2026-08-04T02:14:43Z
1208,36,2026-08-04T02:14:47Z
1209,40,2026-08-04T02:14:52Z
1210,40,2026-08-04T02:14:54Z
1211,36,2026-08-04T02:14:57Z
1212,37,2026-08-04T02:14:59Z
1213,32,2026-08-04T02:15:02Z
1214,31,2026-08-04T02:15:05Z
1215,31,2026-08-04T02:15:09Z
1216,31,2026-08-04T02:15:12Z
1217,29,2026-08-04T02:15:15Z
1218,28,2026-08-04T02:15:18Z
1219,29,2026-08-04T02:15:22Z
1220,27,2026-08-04T02:15:25Z
1221,29,2026-08-04T02:15:28Z
1222,30,2026-08-04T02:15:31Z
1223,28,2026-08-04T02:15:34Z
1224,29,2026-08-04T02:15:37Z
1225,32,2026-08-04T02:15:40Z
1226,33,2026-08-04T02:15:43Z
1227,34,2026-08-04T02:15:46Z
1228,36,2026-08-04T02:15:49Z
1229,34,2026-08-04T02:15:53Z
1230,34,2026-08-04T02:15:57Z
1231,34,2026-08-04T02:16:02Z
1232,31,2026-08-04T02:16:06Z
1233,30,2026-08-04T02:16:08Z
1234,30,2026-08-04T02:16:09Z
1235,31,2026-08-04T02:16:11Z
1236,31,2026-08-04T02:16:15Z
1237,32,2026-08-04T02:16:19Z
1238,31,2026-08-04T02:16:23Z
1239,32,2026-08-04T02:16:28Z
1240,33,2026-08-04T02:16:32Z
1241,30,2026-08-04T02:16:36Z
1242,27,2026-08-04T02:16:39Z
1243,27,2026-08-04T02:16:41Z
1244,29,2026-08-04T02:16:45Z
1245,29,2026-08-04T02:16:48Z
1246,30,2026-08-04T02:16:51Z
1247,33,2026-08-04T02:16:55Z
1248,34,2026-08-04T02:16:58Z
1249,29,2026-08-04T02:17:01Z
1250,34,2026-08-04T02:17:04Z
1251,26,2026-08-04T02:17:07Z
1252,26,2026-08-04T02:17:10Z
1253,25,2026-08-04T02:17:13Z
1254,25,2026-08-04T02:17:16Z
1255,26,2026-08-04T02:17:19Z
1256,27,2026-08-04T02:17:21Z
1257,27,2026-08-04T02:17:22Z
1258,24,2026-08-04T02:17:26Z
1259,25,2026-08-04T02:17:29Z
1260,24,2026-08-04T02:17:33Z
1261,25,2026-08-04T02:17:37Z
1262,25,2026-08-04T02:17:42Z
1263,26,2026-08-04T02:17:46Z
1264,25,2026-08-04T02:17:48Z
1265,27,2026-08-04T02:17:51Z
1266,30,2026-08-04T02:17:53Z
1267,26,2026-08-04T02:17:57Z
1268,28,2026-08-04T02:18:01Z
1269,28,2026-08-04T02:18:05Z
1270,27,2026-08-04T02:18:10Z
1271,27,2026-08-04T02:18:15Z
1272,28,2026-08-04T02:18:19Z
1273,32,2026-08-04T02:18:24Z
1274,33,2026-08-04T02:18:28Z
1275,31,2026-08-04T02:18:33Z
1276,34,2026-08-04T02:18:37Z
1277,27,2026-08-04T02:18:42Z
1278,30,2026-08-04T02:18:46Z
1279,31,2026-08-04T02:18:50Z
1280,30,2026-08-04T02:18:54Z
1281,31,2026-08-04T02:18:57Z
1282,33,2026-08-04T02:19:00Z
1283,34,2026-08-04T02:19:03Z
1284,34,2026-08-04T02:19:07Z
1285,34,2026-08-04T02:19:11Z
1286,36,2026-08-04T02:19:16Z
1287,32,2026-08-04T02:19:20Z
1288,32,2026-08-04T02:19:24Z
1289,32,2026-08-04T02:19:28Z
1290,30,2026-08-04T02:19:32Z
1291,27,2026-08-04T02:19:36Z
1292,30,2026-08-04T02:19:40Z
1293,31,2026-08-04T02:19:44Z
1294,33,2026-08-04T02:19:48Z
1295,30,2026-08-04T02:19:52Z
1296,33,2026-08-04T02:19:56Z
1297,28,2026-08-04T02:19:59Z
1298,30,2026-08-04T02:20:02Z
1299,30,2026-08-04T02:20:05Z
1300,31,2026-08-04T02:20:08Z
1301,34,2026-08-04T02:20:13Z
1302,32,2026-08-04T02:20:18Z
1303,35,2026-08-04T02:20:23Z
1304,33,2026-08-04T02:20:27Z
1305,33,2026-08-04T02:20:32Z
1306,34,2026-08-04T02:20:35Z
1307,31,2026-08-04T02:20:39Z
1308,30,2026-08-04T02:20:43Z
1309,34,2026-08-04T02:20:47Z
1310,31,2026-08-04T02:20:51Z
1311,31,2026-08-04T02:20:55Z
1312,37,2026-08-04T02:20:59Z
1313,28,2026-08-04T02:21:02Z
1314,32,2026-08-04T02:21:07Z
1315,32,2026-08-04T02:21:11Z
1316,33,2026-08-04T02:21:15Z
1317,34,2026-08-04T02:21:20Z
1318,36,2026-08-04T02:21:25Z
1319,35,2026-08-04T02:21:29Z
1320,35,2026-08-04T02:21:34Z
1321,36,2026-08-04T02:21:39Z
1322,37,2026-08-04T02:21:44Z
1323,41,2026-08-04T02:21:48Z
1324,39,2026-08-04T02:21:53Z
1325,41,2026-08-04T02:21:58Z
1326,39,2026-08-04T02:22:03Z
1327,40,2026-08-04T02:22:07Z
1328,43,2026-08-04T02:22:12Z
1329,40,2026-08-04T02:22:17Z
1330,38,2026-08-04T02:22:22Z
1331,43,2026-08-04T02:22:22Z
1332,43,2026-08-04T02:22:27Z
1333,37,2026-08-04T02:22:32Z
1334,40,2026-08-04T02:22:37Z
1335,40,2026-08-04T02:22:42Z
1336,47,2026-08-04T02:22:47Z
1337,47,2026-08-04T02:22:52Z
1338,44,2026-08-04T02:22:57Z
1339,40,2026-08-04T02:23:00Z
1340,39,2026-08-04T02:23:06Z
1341,41,2026-08-04T02:23:12Z
1342,41,2026-08-04T02:23:14Z
1343,34,2026-08-04T02:23:18Z
1344,35,2026-08-04T02:23:22Z
1345,37,2026-08-04T02:23:27Z
1346,35,2026-08-04T02:23:31Z
1347,38,2026-08-04T02:23:35Z
1348,40,2026-08-04T02:23:41Z
1349,41,2026-08-04T02:23:47Z
1350,44,2026-08-04T02:23:49Z
1351,41,2026-08-04T02:23:53Z
1352,42,2026-08-04T02:23:58Z
1353,41,2026-08-04T02:24:03Z
1354,44,2026-08-04T02:24:07Z
1355,41,2026-08-04T02:24:11Z
1356,38,2026-08-04T02:24:15Z
1357,37,2026-08-04T02:24:19Z
1358,44,2026-08-04T02:24:23Z
1359,47,2026-08-04T02:24:27Z
1360,40,2026-08-04T02:24:35Z
1361,42,2026-08-04T02:24:38Z
1362,45,2026-08-04T02:24:40Z
1363,43,2026-08-04T02:24:45Z
1364,36,2026-08-04T02:24:49Z
1365,45,2026-08-04T02:24:54Z
1366,40,2026-08-04T02:24:58Z
1367,42,2026-08-04T02:25:02Z
1368,42,2026-08-04T02:25:07Z
1369,46,2026-08-04T02:25:11Z
1370,43,2026-08-04T02:25:16Z
1371,40,2026-08-04T02:25:21Z
1372,40,2026-08-04T02:25:26Z
1373,38,2026-08-04T02:25:30Z
1374,39,2026-08-04T02:25:35Z
1375,37,2026-08-04T02:25:40Z
1376,39,2026-08-04T02:25:45Z
1377,37,2026-08-04T02:25:50Z
1378,38,2026-08-04T02:25:55Z
1379,37,2026-08-04T02:26:01Z
1380,41,2026-08-04T02:26:05Z
1381,41,2026-08-04T02:26:08Z
1382,39,2026-08-04T02:26:12Z
1383,35,2026-08-04T02:26:16Z
1384,36,2026-08-04T02:26:20Z
1385,37,2026-08-04T02:26:23Z
1386,38,2026-08-04T02:26:28Z
1387,36,2026-08-04T02:26:33Z
1388,36,2026-08-04T02:26:38Z
1389,35,2026-08-04T02:26:44Z
1390,30,2026-08-04T02:26:46Z
1391,28,2026-08-04T02:26:50Z
1392,28,2026-08-04T02:26:52Z
1393,27,2026-08-04T02:26:55Z
1394,34,2026-08-04T02:26:58Z
1395,35,2026-08-04T02:27:03Z
1396,30,2026-08-04T02:27:08Z
1397,34,2026-08-04T02:27:13Z
1398,33,2026-08-04T02:27:16Z
1399,36,2026-08-04T02:27:20Z
1400,31,2026-08-04T02:27:24Z
1401,34,2026-08-04T02:27:28Z
1402,36,2026-08-04T02:27:32Z
1403,39,2026-08-04T02:27:36Z
1404,31,2026-08-04T02:27:40Z
1405,34,2026-08-04T02:27:44Z
1406,35,2026-08-04T02:27:48Z
1407,36,2026-08-04T02:27:52Z
1408,34,2026-08-04T02:27:56Z
1409,33,2026-08-04T02:28:01Z
1410,38,2026-08-04T02:28:06Z
1411,37,2026-08-04T02:28:11Z
1412,40,2026-08-04T02:28:15Z
1413,44,2026-08-04T02:28:21Z
1414,43,2026-08-04T02:28:25Z
1415,44,2026-08-04T02:28:30Z
1416,38,2026-08-04T02:28:35Z
1417,34,2026-08-04T02:28:40Z
1418,36,2026-08-04T02:28:45Z
1419,35,2026-08-04T02:28:48Z
1420,31,2026-08-04T02:28:50Z
1421,28,2026-08-04T02:28:55Z
1422,33,2026-08-04T02:29:00Z
1423,28,2026-08-04T02:29:04Z
1424,29,2026-08-04T02:29:09Z
1425,30,2026-08-04T02:29:14Z
1426,32,2026-08-04T02:29:18Z
1427,36,2026-08-04T02:29:21Z
1428,31,2026-08-04T02:29:23Z
1429,29,2026-08-04T02:29:27Z
1430,31,2026-08-04T02:29:31Z
1431,33,2026-08-04T02:29:35Z
1432,31,2026-08-04T02:29:39Z
1433,30,2026-08-04T02:29:43Z
1434,31,2026-08-04T02:29:47Z
1435,30,2026-08-04T02:29:51Z
1436,28,2026-08-04T02:29:56Z
1437,33,2026-08-04T02:30:00Z
1438,30,2026-08-04T02:30:04Z
1439,29,2026-08-04T02:30:08Z
1440,31,2026-08-04T02:30:12Z
1441,30,2026-08-04T02:30:16Z
1442,29,2026-08-04T02:30:20Z
1443,32,2026-08-04T02:30:24Z
1444,33,2026-08-04T02:30:28Z
1445,37,2026-08-04T02:30:32Z
1446,36,2026-08-04T02:30:36Z
1447,36,2026-08-04T02:30:42Z
1448,37,2026-08-04T02:30:47Z
1449,39,2026-08-04T02:30:53Z
1450,36,2026-08-04T02:30:58Z
1451,43,2026-08-04T02:31:04Z
1452,38,2026-08-04T02:31:09Z
1453,36,2026-08-04T02:31:14Z
1454,38,2026-08-04T02:31:19Z
1455,40,2026-08-04T02:31:24Z
1456,36,2026-08-04T02:31:29Z
1457,42,2026-08-04T02:31:35Z
1458,39,2026-08-04T02:31:40Z
1459,41,2026-08-04T02:31:45Z
1460,42,2026-08-04T02:31:50Z
1461,41,2026-08-04T02:31:55Z
1462,34,2026-08-04T02:32:02Z
1463,39,2026-08-04T02:32:07Z
1464,40,2026-08-04T02:32:11Z
1465,40,2026-08-04T02:32:16Z
1466,37,2026-08-04T02:32:20Z
1467,35,2026-08-04T02:32:25Z
1468,33,2026-08-04T02:32:30Z
1469,34,2026-08-04T02:32:34Z
1470,35,2026-08-04T02:32:39Z
1471,34,2026-08-04T02:32:44Z
1472,33,2026-08-04T02:32:48Z
1473,31,2026-08-04T02:32:51Z
1474,32,2026-08-04T02:32:55Z
1475,29,2026-08-04T02:32:59Z
1476,31,2026-08-04T02:33:04Z
1477,35,2026-08-04T02:33:08Z
1478,38,2026-08-04T02:33:12Z
1479,32,2026-08-04T02:33:16Z
1480,36,2026-08-04T02:33:20Z
1481,38,2026-08-04T02:33:24Z
1482,30,2026-08-04T02:33:28Z
1483,30,2026-08-04T02:33:32Z
1484,31,2026-08-04T02:33:36Z
1485,30,2026-08-04T02:33:40Z
1486,31,2026-08-04T02:33:44Z
1487,34,2026-08-04T02:33:48Z
1488,31,2026-08-04T02:33:52Z
1489,32,2026-08-04T02:33:55Z
1490,30,2026-08-04T02:33:59Z
1491,30,2026-08-04T02:34:03Z
1492,29,2026-08-04T02:34:07Z
1493,24,2026-08-04T02:34:11Z
1494,23,2026-08-04T02:34:15Z
1495,24,2026-08-04T02:34:19Z
1496,28,2026-08-04T02:34:23Z
1497,24,2026-08-04T02:34:26Z
1498,22,2026-08-04T02:34:28Z
1499,19,2026-08-04T02:34:31Z
1500,22,2026-08-04T02:34:33Z
1501,18,2026-08-04T02:34:37Z
1502,18,2026-08-04T02:34:38Z
1503,20,2026-08-04T02:34:41Z
1504,20,2026-08-04T02:34:44Z
1505,19,2026-08-04T02:34:47Z
1506,18,2026-08-04T02:34:50Z
1507,19,2026-08-04T02:34:53Z
1508,20,2026-08-04T02:34:55Z
1509,23,2026-08-04T02:34:58Z
1510,21,2026-08-04T02:35:02Z
1511,22,2026-08-04T02:35:05Z
1512,22,2026-08-04T02:35:09Z
1513,25,2026-08-04T02:35:13Z
1514,22,2026-08-04T02:35:16Z
1515,23,2026-08-04T02:35:20Z
1516,21,2026-08-04T02:35:23Z
1517,23,2026-08-04T02:35:26Z
1518,26,2026-08-04T02:35:30Z
1519,26,2026-08-04T02:35:33Z
1520,28,2026-08-04T02:35:37Z
1521,29,2026-08-04T02:35:40Z
1522,35,2026-08-04T02:35:43Z
1523,36,2026-08-04T02:35:50Z
1524,36,2026-08-04T02:36:00Z
1525,40,2026-08-04T02:36:10Z
1526,45,2026-08-04T02:36:20Z
1527,52,2026-08-04T02:36:30Z
1528,59,2026-08-04T02:36:41Z
1529,58,2026-08-04T02:36:51Z
1530,57,2026-08-04T02:37:00Z
1531,55,2026-08-04T02:37:10Z
1532,49,2026-08-04T02:37:13Z
1533,53,2026-08-04T02:37:20Z
1534,51,2026-08-04T02:37:27Z
1535,45,2026-08-04T02:37:33Z
1536,47,2026-08-04T02:37:39Z
1537,45,2026-08-04T02:37:43Z
1538,40,2026-08-04T02:37:47Z
1539,40,2026-08-04T02:37:53Z
1540,45,2026-08-04T02:37:58Z
1541,39,2026-08-04T02:38:04Z
1542,37,2026-08-04T02:38:05Z
1543,38,2026-08-04T02:38:12Z
1544,38,2026-08-04T02:38:16Z
1545,36,2026-08-04T02:38:20Z
1546,32,2026-08-04T02:38:25Z
1547,32,2026-08-04T02:38:29Z
1548,31,2026-08-04T02:38:34Z
1549,30,2026-08-04T02:38:38Z
1550,32,2026-08-04T02:38:43Z
1551,36,2026-08-04T02:38:47Z
1552,34,2026-08-04T02:38:50Z
1553,36,2026-08-04T02:38:54Z
1554,34,2026-08-04T02:38:58Z
1555,34,2026-08-04T02:39:02Z
1556,34,2026-08-04T02:39:06Z
1557,34,2026-08-04T02:39:10Z
1558,33,2026-08-04T02:39:14Z
1559,33,2026-08-04T02:39:19Z
1560,31,2026-08-04T02:39:23Z
1561,31,2026-08-04T02:39:27Z
1562,31,2026-08-04T02:39:32Z
1563,27,2026-08-04T02:39:34Z
1564,28,2026-08-04T02:39:37Z
1565,23,2026-08-04T02:39:40Z
1566,24,2026-08-04T02:39:43Z
1567,19,2026-08-04T02:39:46Z
1568,18,2026-08-04T02:39:50Z
1569,18,2026-08-04T02:39:54Z
1570,20,2026-08-04T02:39:55Z
1571,22,2026-08-04T02:39:58Z
1572,20,2026-08-04T02:40:01Z
1573,20,2026-08-04T02:40:03Z
1574,23,2026-08-04T02:40:06Z
1575,22,2026-08-04T02:40:09Z
1576,24,2026-08-04T02:40:11Z
1577,23,2026-08-04T02:40:14Z
1578,22,2026-08-04T02:40:16Z
1579,24,2026-08-04T02:40:19Z
1580,22,2026-08-04T02:40:22Z
1581,17,2026-08-04T02:40:24Z
1582,20,2026-08-04T02:40:26Z
1583,17,2026-08-04T02:40:30Z
1584,16,2026-08-04T02:40:32Z
1585,19,2026-08-04T02:40:35Z
1586,16,2026-08-04T02:40:38Z
1587,18,2026-08-04T02:40:40Z
1588,19,2026-08-04T02:40:43Z
1589,20,2026-08-04T02:40:46Z
1590,20,2026-08-04T02:40:49Z
1591,19,2026-08-04T02:40:51Z
1592,19,2026-08-04T02:40:54Z
1593,21,2026-08-04T02:40:57Z
1594,23,2026-08-04T02:40:59Z
1595,23,2026-08-04T02:41:02Z
1596,26,2026-08-04T02:41:05Z
1597,29,2026-08-04T02:41:07Z
1598,27,2026-08-04T02:41:10Z
1599,28,2026-08-04T02:41:17Z
1600,29,2026-08-04T02:41:23Z
1601,29,2026-08-04T02:41:30Z
1602,30,2026-08-04T02:41:36Z
1603,34,2026-08-04T02:41:43Z
1604,33,2026-08-04T02:41:49Z
1605,37,2026-08-04T02:41:55Z
1606,33,2026-08-04T02:42:02Z
1607,40,2026-08-04T02:42:08Z
1608,39,2026-08-04T02:42:15Z
1609,39,2026-08-04T02:42:21Z
1610,42,2026-08-04T02:42:28Z
1611,45,2026-08-04T02:42:34Z
1612,46,2026-08-04T02:42:41Z
1613,47,2026-08-04T02:42:46Z
1614,47,2026-08-04T02:42:52Z
1615,50,2026-08-04T02:42:57Z
1616,56,2026-08-04T02:43:02Z
1617,50,2026-08-04T02:43:14Z
1618,53,2026-08-04T02:43:19Z
1619,56,2026-08-04T02:43:23Z
1620,61,2026-08-04T02:43:28Z
1621,56,2026-08-04T02:43:36Z
1622,54,2026-08-04T02:43:43Z
1623,57,2026-08-04T02:43:50Z
1624,57,2026-08-04T02:43:52Z
1625,53,2026-08-04T02:43:57Z
1626,39,2026-08-04T02:44:02Z
1627,40,2026-08-04T02:44:07Z
1628,42,2026-08-04T02:44:12Z
1629,40,2026-08-04T02:44:17Z
1630,35,2026-08-04T02:44:22Z
1631,31,2026-08-04T02:44:29Z
1632,31,2026-08-04T02:44:32Z
1633,26,2026-08-04T02:44:35Z
1634,28,2026-08-04T02:44:38Z
1635,30,2026-08-04T02:44:40Z
1636,28,2026-08-04T02:44:42Z
1637,32,2026-08-04T02:44:46Z
1638,30,2026-08-04T02:44:50Z
1639,31,2026-08-04T02:44:54Z
1640,31,2026-08-04T02:44:58Z
1641,26,2026-08-04T02:45:02Z
1642,29,2026-08-04T02:45:05Z
1643,28,2026-08-04T02:45:09Z
1644,32,2026-08-04T02:45:12Z
1645,32,2026-08-04T02:45:16Z
1646,30,2026-08-04T02:45:21Z
1647,31,2026-08-04T02:45:27Z
1648,25,2026-08-04T02:45:29Z
1649,24,2026-08-04T02:45:32Z
1650,28,2026-08-04T02:45:34Z
1651,24,2026-08-04T02:45:37Z
1652,26,2026-08-04T02:45:42Z
1653,26,2026-08-04T02:45:45Z
1654,23,2026-08-04T02:45:47Z
1655,24,2026-08-04T02:45:50Z
1656,23,2026-08-04T02:45:54Z
1657,22,2026-08-04T02:45:58Z
1658,26,2026-08-04T02:46:01Z
1659,25,2026-08-04T02:46:05Z
1660,25,2026-08-04T02:46:09Z
1661,29,2026-08-04T02:46:12Z
1662,25,2026-08-04T02:46:16Z
1663,29,2026-08-04T02:46:19Z
1664,30,2026-08-04T02:46:23Z
1665,32,2026-08-04T02:46:27Z
1666,33,2026-08-04T02:46:31Z
1667,34,2026-08-04T02:46:35Z
1668,33,2026-08-04T02:46:39Z
1669,36,2026-08-04T02:46:43Z
1670,33,2026-08-04T02:46:47Z
1671,36,2026-08-04T02:46:53Z
1672,34,2026-08-04T02:46:59Z
1673,36,2026-08-04T02:47:04Z
1674,39,2026-08-04T02:47:08Z
1675,38,2026-08-04T02:47:12Z
1676,42,2026-08-04T02:47:15Z
1677,35,2026-08-04T02:47:19Z
1678,39,2026-08-04T02:47:22Z
1679,35,2026-08-04T02:47:26Z
1680,33,2026-08-04T02:47:29Z
1681,32,2026-08-04T02:47:33Z
1682,30,2026-08-04T02:47:37Z
1683,30,2026-08-04T02:47:40Z
1684,29,2026-08-04T02:47:44Z
1685,29,2026-08-04T02:47:47Z
1686,28,2026-08-04T02:47:51Z
1687,29,2026-08-04T02:47:54Z
1688,29,2026-08-04T02:47:57Z
1689,32,2026-08-04T02:48:00Z
1690,33,2026-08-04T02:48:03Z
1691,31,2026-08-04T02:48:07Z
1692,35,2026-08-04T02:48:12Z
1693,28,2026-08-04T02:48:16Z
1694,30,2026-08-04T02:48:20Z
1695,29,2026-08-04T02:48:24Z
1696,28,2026-08-04T02:48:25Z
1697,26,2026-08-04T02:48:29Z
1698,27,2026-08-04T02:48:33Z
1699,24,2026-08-04T02:48:36Z
1700,25,2026-08-04T02:48:39Z
1701,24,2026-08-04T02:48:42Z
1702,23,2026-08-04T02:48:45Z
1703,23,2026-08-04T02:48:48Z
1704,25,2026-08-04T02:48:51Z
1705,25,2026-08-04T02:48:54Z
1706,22,2026-08-04T02:48:56Z
1707,24,2026-08-04T02:49:00Z
1708,25,2026-08-04T02:49:04Z
1709,27,2026-08-04T02:49:08Z
1710,25,2026-08-04T02:49:12Z
1711,26,2026-08-04T02:49:16Z
1712,26,2026-08-04T02:49:19Z
1713,29,2026-08-04T02:49:22Z
1714,30,2026-08-04T02:49:25Z
1715,30,2026-08-04T02:49:28Z
1716,33,2026-08-04T02:49:31Z
1717,39,2026-08-04T02:49:34Z
1718,33,2026-08-04T02:49:37Z
1719,31,2026-08-04T02:49:40Z
1720,33,2026-08-04T02:49:42Z
1721,36,2026-08-04T02:49:50Z
1722,33,2026-08-04T02:49:54Z
1723,36,2026-08-04T02:49:58Z
1724,41,2026-08-04T02:50:01Z
1725,40,2026-08-04T02:50:05Z
1726,38,2026-08-04T02:50:10Z
1727,43,2026-08-04T02:50:14Z
1728,40,2026-08-04T02:50:19Z
1729,37,2026-08-04T02:50:23Z
1730,35,2026-08-04T02:50:28Z
1731,41,2026-08-04T02:50:32Z
1732,43,2026-08-04T02:50:37Z
1733,39,2026-08-04T02:50:41Z
1734,43,2026-08-04T02:50:46Z
1735,41,2026-08-04T02:50:50Z
1736,43,2026-08-04T02:50:55Z
1737,46,2026-08-04T02:50:59Z
1738,41,2026-08-04T02:51:03Z
1739,43,2026-08-04T02:51:06Z
1740,43,2026-08-04T02:51:09Z
1741,45,2026-08-04T02:51:15Z
1742,47,2026-08-04T02:51:21Z
1743,45,2026-08-04T02:51:24Z
1744,44,2026-08-04T02:51:33Z
1745,46,2026-08-04T02:51:37Z
1746,47,2026-08-04T02:51:41Z
1747,47,2026-08-04T02:51:45Z
1748,47,2026-08-04T02:51:50Z
1749,46,2026-08-04T02:51:55Z
1750,47,2026-08-04T02:52:00Z
1751,46,2026-08-04T02:52:04Z
1752,44,2026-08-04T02:52:09Z
1753,48,2026-08-04T02:52:14Z
1754,46,2026-08-04T02:52:19Z
1755,48,2026-08-04T02:52:24Z
1756,45,2026-08-04T02:52:31Z
1757,50,2026-08-04T02:52:38Z
1758,44,2026-08-04T02:52:43Z
1759,44,2026-08-04T02:52:48Z
1760,44,2026-08-04T02:52:52Z
1761,44,2026-08-04T02:52:55Z
1762,42,2026-08-04T02:52:59Z
1763,44,2026-08-04T02:53:02Z
1764,38,2026-08-04T02:53:07Z
1765,40,2026-08-04T02:53:13Z
1766,39,2026-08-04T02:53:18Z
1767,39,2026-08-04T02:53:21Z
1768,40,2026-08-04T02:53:24Z
1769,44,2026-08-04T02:53:29Z
1770,42,2026-08-04T02:53:34Z
1771,41,2026-08-04T02:53:39Z
1772,39,2026-08-04T02:53:45Z
1773,43,2026-08-04T02:53:50Z
1774,39,2026-08-04T02:53:55Z
1775,35,2026-08-04T02:53:57Z
1776,37,2026-08-04T02:53:59Z
1777,33,2026-08-04T02:54:03Z
1778,30,2026-08-04T02:54:06Z
1779,31,2026-08-04T02:54:10Z
1780,28,2026-08-04T02:54:13Z
1781,28,2026-08-04T02:54:17Z
1782,32,2026-08-04T02:54:20Z
1783,27,2026-08-04T02:54:23Z
1784,28,2026-08-04T02:54:26Z
1785,27,2026-08-04T02:54:29Z
1786,29,2026-08-04T02:54:31Z
1787,28,2026-08-04T02:54:35Z
1788,30,2026-08-04T02:54:39Z
1789,28,2026-08-04T02:54:43Z
1790,30,2026-08-04T02:54:46Z
1791,32,2026-08-04T02:54:50Z
1792,30,2026-08-04T02:54:54Z
1793,28,2026-08-04T02:54:58Z
1794,31,2026-08-04T02:55:02Z
1795,30,2026-08-04T02:55:05Z
1796,31,2026-08-04T02:55:08Z
1797,29,2026-08-04T02:55:10Z
1798,31,2026-08-04T02:55:13Z
1799,29,2026-08-04T02:55:18Z
1800,28,2026-08-04T02:55:23Z
1801,27,2026-08-04T02:55:26Z
1802,26,2026-08-04T02:55:29Z
1803,23,2026-08-04T02:55:32Z
1804,22,2026-08-04T02:55:36Z
1805,24,2026-08-04T02:55:37Z
1806,27,2026-08-04T02:55:41Z
1807,26,2026-08-04T02:55:45Z
1808,25,2026-08-04T02:55:49Z
1809,26,2026-08-04T02:55:53Z
1810,27,2026-08-04T02:55:56Z
1811,27,2026-08-04T02:55:58Z
1812,24,2026-08-04T02:56:02Z
1813,23,2026-08-04T02:56:03Z
1814,22,2026-08-04T02:56:06Z
1815,25,2026-08-04T02:56:08Z
1816,26,2026-08-04T02:56:11Z
1817,27,2026-08-04T02:56:13Z
1818,25,2026-08-04T02:56:16Z
1819,23,2026-08-04T02:56:19Z
1820,21,2026-08-04T02:56:21Z
1821,25,2026-08-04T02:56:24Z
1822,23,2026-08-04T02:56:27Z
1823,24,2026-08-04T02:56:30Z
1824,25,2026-08-04T02:56:33Z
1825,25,2026-08-04T02:56:36Z
1826,26,2026-08-04T02:56:39Z
1827,28,2026-08-04T02:56:43Z
1828,27,2026-08-04T02:56:46Z
1829,30,2026-08-04T02:56:50Z
1830,28,2026-08-04T02:56:53Z
1831,28,2026-08-04T02:56:56Z
1832,28,2026-08-04T02:56:58Z
1833,29,2026-08-04T02:57:03Z
1834,30,2026-08-04T02:57:08Z
1835,30,2026-08-04T02:57:12Z
1836,30,2026-08-04T02:57:17Z
1837,31,2026-08-04T02:57:21Z
1838,29,2026-08-04T02:57:25Z
1839,28,2026-08-04T02:57:29Z
1840,31,2026-08-04T02:57:32Z
1841,32,2026-08-04T02:57:36Z
1842,33,2026-08-04T02:57:40Z
1843,33,2026-08-04T02:57:43Z
1844,37,2026-08-04T02:57:47Z
1845,33,2026-08-04T02:57:50Z
1846,34,2026-08-04T02:57:54Z
1847,34,2026-08-04T02:57:57Z
1848,34,2026-08-04T02:58:01Z
1849,39,2026-08-04T02:58:04Z
1850,36,2026-08-04T02:58:11Z
1851,36,2026-08-04T02:58:16Z
1852,34,2026-08-04T02:58:20Z
1853,34,2026-08-04T02:58:24Z
1854,32,2026-08-04T02:58:26Z
1855,31,2026-08-04T02:58:30Z
1856,33,2026-08-04T02:58:33Z
1857,35,2026-08-04T02:58:36Z
1858,37,2026-08-04T02:58:41Z
1859,37,2026-08-04T02:58:45Z
1860,37,2026-08-04T02:58:49Z
1861,40,2026-08-04T02:58:54Z
1862,37,2026-08-04T02:58:58Z
1863,39,2026-08-04T02:59:03Z
1864,37,2026-08-04T02:59:07Z
1865,41,2026-08-04T02:59:12Z
1866,40,2026-08-04T02:59:16Z
1867,44,2026-08-04T02:59:21Z
1868,34,2026-08-04T02:59:25Z
1869,33,2026-08-04T02:59:29Z
1870,35,2026-08-04T02:59:32Z
1871,34,2026-08-04T02:59:35Z
1872,35,2026-08-04T02:59:37Z
1873,32,2026-08-04T02:59:43Z
1874,32,2026-08-04T02:59:47Z
1875,34,2026-08-04T02:59:51Z
1876,31,2026-08-04T02:59:55Z
1877,34,2026-08-04T02:59:58Z
1878,34,2026-08-04T03:00:02Z
1879,32,2026-08-04T03:00:05Z
1880,29,2026-08-04T03:00:08Z
1881,30,2026-08-04T03:00:11Z
1882,32,2026-08-04T03:00:14Z
1883,31,2026-08-04T03:00:17Z
1884,30,2026-08-04T03:00:20Z
1885,28,2026-08-04T03:00:23Z
1886,29,2026-08-04T03:00:26Z
1887,29,2026-08-04T03:00:30Z
1888,28,2026-08-04T03:00:33Z
1889,31,2026-08-04T03:00:36Z
1890,31,2026-08-04T03:00:39Z
1891,31,2026-08-04T03:00:41Z
1892,31,2026-08-04T03:00:44Z
1893,28,2026-08-04T03:00:47Z
1894,29,2026-08-04T03:00:48Z
1895,27,2026-08-04T03:00:53Z
1896,30,2026-08-04T03:00:58Z
1897,26,2026-08-04T03:01:01Z
1898,31,2026-08-04T03:01:04Z
1899,29,2026-08-04T03:01:06Z
1900,30,2026-08-04T03:01:09Z
1901,31,2026-08-04T03:01:12Z
1902,32,2026-08-04T03:01:15Z
1903,32,2026-08-04T03:01:17Z
1904,37,2026-08-04T03:01:20Z
1905,37,2026-08-04T03:01:23Z
1906,38,2026-08-04T03:01:27Z
1907,38,2026-08-04T03:01:31Z
1908,37,2026-08-04T03:01:35Z
1909,35,2026-08-04T03:01:38Z
1910,35,2026-08-04T03:01:41Z
1911,36,2026-08-04T03:01:44Z
1912,34,2026-08-04T03:01:47Z
1913,32,2026-08-04T03:01:52Z
1914,35,2026-08-04T03:01:57Z
1915,34,2026-08-04T03:02:02Z
1916,38,2026-08-04T03:02:03Z
1917,31,2026-08-04T03:02:09Z
1918,29,2026-08-04T03:02:09Z
1919,30,2026-08-04T03:02:13Z
1920,30,2026-08-04T03:02:15Z
1921,31,2026-08-04T03:02:18Z
1922,27,2026-08-04T03:02:20Z
1923,27,2026-08-04T03:02:22Z
1924,26,2026-08-04T03:02:25Z
1925,27,2026-08-04T03:02:28Z
1926,29,2026-08-04T03:02:33Z
1927,29,2026-08-04T03:02:37Z
1928,31,2026-08-04T03:02:39Z
1929,27,2026-08-04T03:02:41Z
1930,30,2026-08-04T03:02:43Z
1931,28,2026-08-04T03:02:46Z
1932,31,2026-08-04T03:02:49Z
1933,29,2026-08-04T03:02:52Z
1934,25,2026-08-04T03:02:55Z
1935,27,2026-08-04T03:02:58Z
1936,25,2026-08-04T03:03:02Z
1937,26,2026-08-04T03:03:05Z
1938,24,2026-08-04T03:03:08Z
1939,26,2026-08-04T03:03:12Z
1940,25,2026-08-04T03:03:15Z
1941,24,2026-08-04T03:03:18Z
1942,24,2026-08-04T03:03:22Z
1943,24,2026-08-04T03:03:25Z
1944,29,2026-08-04T03:03:28Z
1945,28,2026-08-04T03:03:32Z
1946,32,2026-08-04T03:03:35Z
1947,32,2026-08-04T03:03:39Z
1948,31,2026-08-04T03:03:42Z
1949,38,2026-08-04T03:03:45Z
1950,35,2026-08-04T03:03:49Z
1951,32,2026-08-04T03:03:52Z
1952,32,2026-08-04T03:03:53Z
1953,35,2026-08-04T03:03:56Z
1954,30,2026-08-04T03:03:59Z
1955,29,2026-08-04T03:04:04Z
1956,28,2026-08-04T03:04:08Z
1957,26,2026-08-04T03:04:11Z
1958,30,2026-08-04T03:04:14Z
1959,28,2026-08-04T03:04:17Z
1960,22,2026-08-04T03:04:20Z
1961,24,2026-08-04T03:04:22Z
1962,26,2026-08-04T03:04:25Z
1963,23,2026-08-04T03:04:27Z
1964,22,2026-08-04T03:04:29Z
1965,24,2026-08-04T03:04:32Z
1966,22,2026-08-04T03:04:34Z
1967,23,2026-08-04T03:04:36Z
1968,22,2026-08-04T03:04:39Z
1969,25,2026-08-04T03:04:42Z
1970,26,2026-08-04T03:04:45Z
1971,22,2026-08-04T03:04:47Z
1972,23,2026-08-04T03:04:50Z
1973,23,2026-08-04T03:04:53Z
1974,27,2026-08-04T03:04:56Z
1975,26,2026-08-04T03:04:59Z
1976,27,2026-08-04T03:05:01Z
1977,27,2026-08-04T03:05:04Z
1978,28,2026-08-04T03:05:07Z
1979,27,2026-08-04T03:05:08Z
1980,25,2026-08-04T03:05:12Z
1981,28,2026-08-04T03:05:15Z
1982,29,2026-08-04T03:05:19Z
1983,32,2026-08-04T03:05:23Z
1984,29,2026-08-04T03:05:27Z
1985,26,2026-08-04T03:05:28Z
1986,29,2026-08-04T03:05:31Z
1987,26,2026-08-04T03:05:34Z
1988,30,2026-08-04T03:05:37Z
1989,29,2026-08-04T03:05:40Z
1990,28,2026-08-04T03:05:43Z
1991,32,2026-08-04T03:05:46Z
1992,32,2026-08-04T03:05:51Z
1993,32,2026-08-04T03:05:57Z
1994,26,2026-08-04T03:05:58Z
1995,25,2026-08-04T03:06:01Z
1996,30,2026-08-04T03:06:04Z
1997,29,2026-08-04T03:06:08Z
1998,31,2026-08-04T03:06:11Z
1999,32,2026-08-04T03:06:14Z
2000,32,2026-08-04T03:06:17Z
2001,31,2026-08-04T03:06:19Z
2002,34,2026-08-04T03:06:21Z
2003,37,2026-08-04T03:06:26Z
2004,39,2026-08-04T03:06:31Z
2005,38,2026-08-04T03:06:37Z
2006,37,2026-08-04T03:06:39Z
2007,37,2026-08-04T03:06:43Z
2008,38,2026-08-04T03:06:47Z
2009,39,2026-08-04T03:06:51Z
2010,38,2026-08-04T03:06:54Z
2011,38,2026-08-04T03:06:58Z
2012,35,2026-08-04T03:07:03Z
2013,41,2026-08-04T03:07:08Z
2014,36,2026-08-04T03:07:13Z
2015,41,2026-08-04T03:07:14Z
2016,39,2026-08-04T03:07:18Z
2017,35,2026-08-04T03:07:21Z
2018,37,2026-08-04T03:07:25Z
2019,35,2026-08-04T03:07:29Z
2020,36,2026-08-04T03:07:33Z
2021,33,2026-08-04T03:07:37Z
2022,33,2026-08-04T03:07:40Z
2023,35,2026-08-04T03:07:43Z
2024,34,2026-08-04T03:07:46Z
2025,35,2026-08-04T03:07:50Z
2026,32,2026-08-04T03:07:54Z
2027,32,2026-08-04T03:07:58Z
2028,34,2026-08-04T03:08:01Z
2029,36,2026-08-04T03:08:05Z
2030,35,2026-08-04T03:08:09Z
2031,36,2026-08-04T03:08:13Z
2032,36,2026-08-04T03:08:17Z
2033,35,2026-08-04T03:08:21Z
2034,32,2026-08-04T03:08:22Z
2035,28,2026-08-04T03:08:25Z
2036,28,2026-08-04T03:08:27Z
2037,27,2026-08-04T03:08:31Z
2038,30,2026-08-04T03:08:33Z
2039,27,2026-08-04T03:08:35Z
2040,27,2026-08-04T03:08:38Z
2041,29,2026-08-04T03:08:45Z
2042,28,2026-08-04T03:08:48Z
2043,30,2026-08-04T03:08:51Z
2044,29,2026-08-04T03:08:53Z
2045,28,2026-08-04T03:08:56Z
2046,27,2026-08-04T03:08:59Z
2047,25,2026-08-04T03:09:02Z
2048,27,2026-08-04T03:09:05Z
2049,25,2026-08-04T03:09:07Z
2050,27,2026-08-04T03:09:10Z
2051,25,2026-08-04T03:09:13Z
2052,27,2026-08-04T03:09:16Z
2053,27,2026-08-04T03:09:19Z
2054,27,2026-08-04T03:09:22Z
2055,31,2026-08-04T03:09:24Z
2056,27,2026-08-04T03:09:27Z
2057,34,2026-08-04T03:09:30Z
2058,31,2026-08-04T03:09:33Z
2059,32,2026-08-04T03:09:36Z
2060,32,2026-08-04T03:09:38Z
2061,27,2026-08-04T03:09:41Z
2062,29,2026-08-04T03:09:45Z
2063,29,2026-08-04T03:09:48Z
2064,32,2026-08-04T03:09:51Z
2065,31,2026-08-04T03:09:55Z
2066,32,2026-08-04T03:09:58Z
2067,30,2026-08-04T03:10:02Z
2068,29,2026-08-04T03:10:05Z
2069,27,2026-08-04T03:10:09Z
2070,29,2026-08-04T03:10:12Z
2071,30,2026-08-04T03:10:15Z
2072,27,2026-08-04T03:10:19Z
2073,29,2026-08-04T03:10:23Z
2074,32,2026-08-04T03:10:27Z
2075,32,2026-08-04T03:10:32Z
2076,36,2026-08-04T03:10:36Z
2077,33,2026-08-04T03:10:40Z
2078,37,2026-08-04T03:10:44Z
2079,41,2026-08-04T03:10:48Z
2080,39,2026-08-04T03:10:52Z
2081,40,2026-08-04T03:10:56Z
2082,44,2026-08-04T03:11:01Z
2083,37,2026-08-04T03:11:05Z
2084,42,2026-08-04T03:11:09Z
2085,36,2026-08-04T03:11:13Z
2086,40,2026-08-04T03:11:17Z
2087,37,2026-08-04T03:11:21Z
2088,37,2026-08-04T03:11:26Z
2089,35,2026-08-04T03:11:30Z
2090,37,2026-08-04T03:11:35Z
2091,35,2026-08-04T03:11:39Z
2092,34,2026-08-04T03:11:44Z
2093,37,2026-08-04T03:11:48Z
2094,34,2026-08-04T03:11:52Z
2095,34,2026-08-04T03:11:56Z
2096,37,2026-08-04T03:12:00Z
2097,36,2026-08-04T03:12:04Z
2098,35,2026-08-04T03:12:08Z
2099,34,2026-08-04T03:12:14Z
2100,35,2026-08-04T03:12:17Z
2101,36,2026-08-04T03:12:21Z
2102,30,2026-08-04T03:12:24Z
2103,32,2026-08-04T03:12:28Z
2104,32,2026-08-04T03:12:32Z
2105,35,2026-08-04T03:12:36Z
2106,37,2026-08-04T03:12:39Z
2107,32,2026-08-04T03:12:43Z
2108,32,2026-08-04T03:12:46Z
2109,29,2026-08-04T03:12:51Z
2110,30,2026-08-04T03:12:54Z
2111,30,2026-08-04T03:12:57Z
2112,28,2026-08-04T03:13:00Z
2113,26,2026-08-04T03:13:04Z
2114,28,2026-08-04T03:13:07Z
2115,33,2026-08-04T03:13:10Z
2116,31,2026-08-04T03:13:13Z
2117,33,2026-08-04T03:13:17Z
2118,32,2026-08-04T03:13:21Z
2119,33,2026-08-04T03:13:24Z
2120,34,2026-08-04T03:13:28Z
2121,32,2026-08-04T03:13:32Z
2122,34,2026-08-04T03:13:35Z
2123,36,2026-08-04T03:13:39Z
2124,31,2026-08-04T03:13:42Z
2125,33,2026-08-04T03:13:46Z
2126,31,2026-08-04T03:13:49Z
2127,31,2026-08-04T03:13:52Z
2128,26,2026-08-04T03:13:55Z
2129,26,2026-08-04T03:13:59Z
2130,26,2026-08-04T03:14:02Z
2131,32,2026-08-04T03:14:06Z
2132,26,2026-08-04T03:14:08Z
2133,28,2026-08-04T03:14:12Z
2134,29,2026-08-04T03:14:15Z
2135,31,2026-08-04T03:14:19Z
2136,26,2026-08-04T03:14:22Z
2137,29,2026-08-04T03:14:26Z
2138,32,2026-08-04T03:14:29Z
2139,31,2026-08-04T03:14:33Z
2140,34,2026-08-04T03:14:36Z
2141,35,2026-08-04T03:14:40Z
2142,33,2026-08-04T03:14:44Z
2143,31,2026-08-04T03:14:49Z
2144,31,2026-08-04T03:14:54Z
2145,33,2026-08-04T03:14:58Z
2146,30,2026-08-04T03:15:01Z
2147,32,2026-08-04T03:15:04Z
2148,34,2026-08-04T03:15:07Z
2149,40,2026-08-04T03:15:10Z
2150,38,2026-08-04T03:15:14Z
2151,40,2026-08-04T03:15:18Z
2152,38,2026-08-04T03:15:22Z
2153,37,2026-08-04T03:15:27Z
2154,33,2026-08-04T03:15:30Z
2155,33,2026-08-04T03:15:34Z
2156,41,2026-08-04T03:15:38Z
2157,39,2026-08-04T03:15:41Z
2158,33,2026-08-04T03:15:48Z
2159,32,2026-08-04T03:15:50Z
2160,31,2026-08-04T03:15:54Z
2161,33,2026-08-04T03:15:59Z
2162,31,2026-08-04T03:16:02Z
2163,36,2026-08-04T03:16:05Z
2164,32,2026-08-04T03:16:11Z
2165,30,2026-08-04T03:16:14Z
2166,34,2026-08-04T03:16:16Z
2167,32,2026-08-04T03:16:19Z
2168,31,2026-08-04T03:16:23Z
2169,30,2026-08-04T03:16:27Z
2170,31,2026-08-04T03:16:31Z
2171,32,2026-08-04T03:16:36Z
2172,31,2026-08-04T03:16:40Z
2173,29,2026-08-04T03:16:44Z
2174,35,2026-08-04T03:16:47Z
2175,33,2026-08-04T03:16:52Z
2176,32,2026-08-04T03:16:55Z
2177,28,2026-08-04T03:16:59Z
2178,30,2026-08-04T03:17:02Z
2179,27,2026-08-04T03:17:05Z
2180,23,2026-08-04T03:17:08Z
2181,23,2026-08-04T03:17:11Z
2182,27,2026-08-04T03:17:11Z
2183,24,2026-08-04T03:17:13Z
2184,25,2026-08-04T03:17:16Z
2185,25,2026-08-04T03:17:18Z
2186,22,2026-08-04T03:17:20Z
2187,24,2026-08-04T03:17:22Z
2188,24,2026-08-04T03:17:24Z
2189,25,2026-08-04T03:17:27Z
2190,24,2026-08-04T03:17:29Z
2191,25,2026-08-04T03:17:34Z
2192,27,2026-08-04T03:17:39Z
2193,27,2026-08-04T03:17:42Z
2194,26,2026-08-04T03:17:44Z
2195,27,2026-08-04T03:17:47Z
2196,29,2026-08-04T03:17:49Z
2197,28,2026-08-04T03:17:52Z
2198,27,2026-08-04T03:17:53Z
2199,31,2026-08-04T03:17:58Z
2200,32,2026-08-04T03:18:02Z
2201,28,2026-08-04T03:18:07Z
2202,25,2026-08-04T03:18:12Z
2203,28,2026-08-04T03:18:14Z
2204,27,2026-08-04T03:18:17Z
2205,26,2026-08-04T03:18:19Z
2206,29,2026-08-04T03:18:21Z
2207,30,2026-08-04T03:18:25Z
2208,27,2026-08-04T03:18:28Z
2209,28,2026-08-04T03:18:32Z
2210,28,2026-08-04T03:18:35Z
2211,28,2026-08-04T03:18:38Z
2212,29,2026-08-04T03:18:41Z
2213,27,2026-08-04T03:18:44Z
2214,30,2026-08-04T03:18:47Z
2215,30,2026-08-04T03:18:50Z
2216,31,2026-08-04T03:18:54Z
2217,30,2026-08-04T03:18:57Z
2218,31,2026-08-04T03:19:00Z
2219,33,2026-08-04T03:19:04Z
2220,33,2026-08-04T03:19:07Z
2221,35,2026-08-04T03:19:11Z
2222,34,2026-08-04T03:19:14Z
2223,31,2026-08-04T03:19:17Z
2224,35,2026-08-04T03:19:21Z
2225,34,2026-08-04T03:19:25Z
2226,31,2026-08-04T03:19:29Z
2227,32,2026-08-04T03:19:32Z
2228,32,2026-08-04T03:19:34Z
2229,28,2026-08-04T03:19:36Z
2230,31,2026-08-04T03:19:39Z
2231,27,2026-08-04T03:19:41Z
2232,30,2026-08-04T03:19:44Z
2233,28,2026-08-04T03:19:47Z
2234,30,2026-08-04T03:19:51Z
2235,27,2026-08-04T03:19:54Z
2236,33,2026-08-04T03:19:58Z
2237,31,2026-08-04T03:20:01Z
2238,29,2026-08-04T03:20:05Z
2239,33,2026-08-04T03:20:08Z
2240,30,2026-08-04T03:20:12Z
2241,32,2026-08-04T03:20:15Z
2242,27,2026-08-04T03:20:19Z
2243,31,2026-08-04T03:20:23Z
2244,25,2026-08-04T03:20:25Z
2245,26,2026-08-04T03:20:28Z
2246,28,2026-08-04T03:20:31Z
2247,25,2026-08-04T03:20:35Z
2248,29,2026-08-04T03:20:38Z
2249,28,2026-08-04T03:20:41Z
2250,30,2026-08-04T03:20:44Z
2251,28,2026-08-04T03:20:47Z
2252,26,2026-08-04T03:20:49Z
2253,24,2026-08-04T03:20:52Z
2254,23,2026-08-04T03:20:56Z
2255,27,2026-08-04T03:21:00Z
2256,28,2026-08-04T03:21:03Z
2257,29,2026-08-04T03:21:07Z
2258,31,2026-08-04T03:21:10Z
2259,34,2026-08-04T03:21:15Z
2260,36,2026-08-04T03:21:19Z
2261,37,2026-08-04T03:21:24Z
2262,39,2026-08-04T03:21:29Z
2263,39,2026-08-04T03:21:33Z
2264,40,2026-08-04T03:21:38Z
2265,42,2026-08-04T03:21:44Z
2266,43,2026-08-04T03:21:49Z
2267,44,2026-08-04T03:21:51Z
2268,43,2026-08-04T03:21:57Z
2269,40,2026-08-04T03:22:02Z
2270,41,2026-08-04T03:22:06Z
2271,42,2026-08-04T03:22:11Z
2272,39,2026-08-04T03:22:15Z
2273,38,2026-08-04T03:22:19Z
2274,40,2026-08-04T03:22:24Z
2275,40,2026-08-04T03:22:29Z
2276,40,2026-08-04T03:22:35Z
2277,39,2026-08-04T03:22:42Z
2278,38,2026-08-04T03:22:42Z
2279,34,2026-08-04T03:22:47Z
2280,37,2026-08-04T03:22:52Z
2281,35,2026-08-04T03:22:55Z
2282,33,2026-08-04T03:22:58Z
2283,38,2026-08-04T03:23:03Z
2284,28,2026-08-04T03:23:07Z
2285,33,2026-08-04T03:23:12Z
2286,28,2026-08-04T03:23:14Z
2287,31,2026-08-04T03:23:17Z
2288,30,2026-08-04T03:23:21Z
2289,32,2026-08-04T03:23:24Z
2290,35,2026-08-04T03:23:27Z
2291,34,2026-08-04T03:23:30Z
2292,38,2026-08-04T03:23:33Z
2293,31,2026-08-04T03:23:39Z
2294,36,2026-08-04T03:23:44Z
2295,30,2026-08-04T03:23:46Z
2296,25,2026-08-04T03:23:49Z
2297,28,2026-08-04T03:23:52Z
2298,29,2026-08-04T03:23:55Z
2299,31,2026-08-04T03:23:58Z
2300,28,2026-08-04T03:24:01Z
2301,29,2026-08-04T03:24:04Z
2302,27,2026-08-04T03:24:07Z
2303,32,2026-08-04T03:24:12Z
2304,30,2026-08-04T03:24:15Z
2305,30,2026-08-04T03:24:18Z
2306,30,2026-08-04T03:24:21Z
2307,32,2026-08-04T03:24:24Z
2308,33,2026-08-04T03:24:27Z
2309,31,2026-08-04T03:24:30Z
2310,34,2026-08-04T03:24:33Z
2311,32,2026-08-04T03:24:36Z
2312,28,2026-08-04T03:24:39Z
2313,28,2026-08-04T03:24:42Z
2314,29,2026-08-04T03:24:44Z
2315,31,2026-08-04T03:24:48Z
2316,31,2026-08-04T03:24:53Z
2317,31,2026-08-04T03:24:57Z
2318,31,2026-08-04T03:25:00Z
2319,31,2026-08-04T03:25:04Z
2320,33,2026-08-04T03:25:07Z
2321,34,2026-08-04T03:25:11Z
2322,34,2026-08-04T03:25:14Z
2323,31,2026-08-04T03:25:18Z
2324,30,2026-08-04T03:25:21Z
2325,30,2026-08-04T03:25:25Z
2326,29,2026-08-04T03:25:27Z
2327,32,2026-08-04T03:25:30Z
2328,28,2026-08-04T03:25:33Z
2329,27,2026-08-04T03:25:35Z
2330,28,2026-08-04T03:25:38Z
2331,29,2026-08-04T03:25:40Z
2332,31,2026-08-04T03:25:43Z
2333,31,2026-08-04T03:25:45Z
2334,33,2026-08-04T03:25:48Z
2335,32,2026-08-04T03:25:52Z
2336,36,2026-08-04T03:25:56Z
2337,29,2026-08-04T03:26:00Z
2338,30,2026-08-04T03:26:04Z
2339,26,2026-08-04T03:26:08Z
2340,26,2026-08-04T03:26:13Z
2341,25,2026-08-04T03:26:17Z
2342,30,2026-08-04T03:26:21Z
2343,28,2026-08-04T03:26:25Z
2344,30,2026-08-04T03:26:29Z
2345,31,2026-08-04T03:26:33Z
2346,28,2026-08-04T03:26:35Z
2347,30,2026-08-04T03:26:38Z
2348,31,2026-08-04T03:26:41Z
2349,33,2026-08-04T03:26:44Z
2350,32,2026-08-04T03:26:47Z
2351,33,2026-08-04T03:26:50Z
2352,37,2026-08-04T03:26:53Z
2353,38,2026-08-04T03:26:57Z
2354,38,2026-08-04T03:27:02Z
2355,37,2026-08-04T03:27:06Z
2356,39,2026-08-04T03:27:11Z
2357,40,2026-08-04T03:27:16Z
2358,39,2026-08-04T03:27:19Z
2359,39,2026-08-04T03:27:22Z
2360,37,2026-08-04T03:27:25Z
2361,39,2026-08-04T03:27:29Z
2362,32,2026-08-04T03:27:33Z
2363,32,2026-08-04T03:27:37Z
2364,32,2026-08-04T03:27:41Z
2365,36,2026-08-04T03:27:45Z
2366,33,2026-08-04T03:27:47Z
2367,28,2026-08-04T03:27:50Z
2368,30,2026-08-04T03:27:53Z
2369,33,2026-08-04T03:27:55Z
2370,31,2026-08-04T03:27:58Z
2371,33,2026-08-04T03:28:02Z
2372,32,2026-08-04T03:28:06Z
2373,34,2026-08-04T03:28:11Z
2374,36,2026-08-04T03:28:15Z
2375,32,2026-08-04T03:28:18Z
2376,32,2026-08-04T03:28:21Z
2377,33,2026-08-04T03:28:24Z
2378,36,2026-08-04T03:28:28Z
2379,35,2026-08-04T03:28:31Z
2380,36,2026-08-04T03:28:34Z
2381,38,2026-08-04T03:28:43Z
2382,35,2026-08-04T03:28:45Z
2383,33,2026-08-04T03:28:49Z
2384,33,2026-08-04T03:28:54Z
2385,38,2026-08-04T03:28:59Z
2386,36,2026-08-04T03:29:03Z
2387,37,2026-08-04T03:29:08Z
2388,39,2026-08-04T03:29:13Z
2389,41,2026-08-04T03:29:17Z
2390,42,2026-08-04T03:29:22Z
2391,41,2026-08-04T03:29:26Z
2392,39,2026-08-04T03:29:31Z
2393,40,2026-08-04T03:29:35Z
2394,40,2026-08-04T03:29:38Z
2395,35,2026-08-04T03:29:44Z
2396,35,2026-08-04T03:29:49Z
2397,35,2026-08-04T03:29:54Z
2398,33,2026-08-04T03:29:57Z
2399,32,2026-08-04T03:30:00Z
2400,31,2026-08-04T03:30:03Z
2401,34,2026-08-04T03:30:06Z
2402,34,2026-08-04T03:30:09Z
2403,38,2026-08-04T03:30:12Z
2404,35,2026-08-04T03:30:17Z
2405,40,2026-08-04T03:30:22Z
2406,46,2026-08-04T03:30:28Z
2407,41,2026-08-04T03:30:30Z
2408,40,2026-08-04T03:30:34Z
2409,44,2026-08-04T03:30:37Z
2410,41,2026-08-04T03:30:42Z
2411,43,2026-08-04T03:30:46Z
2412,38,2026-08-04T03:30:52Z
2413,36,2026-08-04T03:30:58Z
2414,35,2026-08-04T03:31:00Z
2415,36,2026-08-04T03:31:04Z
2416,32,2026-08-04T03:31:08Z
2417,34,2026-08-04T03:31:12Z
2418,32,2026-08-04T03:31:16Z
2419,36,2026-08-04T03:31:20Z
2420,34,2026-08-04T03:31:24Z
2421,31,2026-08-04T03:31:29Z
2422,38,2026-08-04T03:31:34Z
2423,33,2026-08-04T03:31:39Z
2424,32,2026-08-04T03:31:41Z
2425,32,2026-08-04T03:31:44Z
2426,36,2026-08-04T03:31:48Z
2427,35,2026-08-04T03:31:51Z
2428,34,2026-08-04T03:31:54Z
2429,31,2026-08-04T03:31:58Z
2430,40,2026-08-04T03:32:02Z
2431,33,2026-08-04T03:32:06Z
2432,31,2026-08-04T03:32:10Z
2433,34,2026-08-04T03:32:14Z
2434,36,2026-08-04T03:32:18Z
2435,36,2026-08-04T03:32:22Z
2436,40,2026-08-04T03:32:26Z
2437,31,2026-08-04T03:32:28Z
2438,32,2026-08-04T03:32:31Z
2439,30,2026-08-04T03:32:40Z
2440,28,2026-08-04T03:32:43Z
2441,30,2026-08-04T03:32:45Z
2442,36,2026-08-04T03:32:48Z
2443,30,2026-08-04T03:32:51Z
2444,31,2026-08-04T03:32:54Z
2445,29,2026-08-04T03:32:56Z
2446,27,2026-08-04T03:33:01Z
2447,28,2026-08-04T03:33:06Z
2448,31,2026-08-04T03:33:11Z
2449,34,2026-08-04T03:33:17Z
2450,32,2026-08-04T03:33:20Z
2451,35,2026-08-04T03:33:23Z
2452,35,2026-08-04T03:33:26Z
2453,35,2026-08-04T03:33:29Z
2454,33,2026-08-04T03:33:32Z
2455,29,2026-08-04T03:33:36Z
2456,30,2026-08-04T03:33:40Z
2457,28,2026-08-04T03:33:44Z
2458,30,2026-08-04T03:33:49Z
2459,32,2026-08-04T03:33:53Z
2460,34,2026-08-04T03:33:57Z
2461,36,2026-08-04T03:34:01Z
2462,36,2026-08-04T03:34:05Z
2463,33,2026-08-04T03:34:10Z
2464,34,2026-08-04T03:34:15Z
2465,34,2026-08-04T03:34:21Z
2466,33,2026-08-04T03:34:24Z
2467,30,2026-08-04T03:34:27Z
2468,30,2026-08-04T03:34:30Z
2469,37,2026-08-04T03:34:34Z
2470,33,2026-08-04T03:34:37Z
2471,31,2026-08-04T03:34:39Z
2472,28,2026-08-04T03:34:44Z
2473,29,2026-08-04T03:34:48Z
2474,34,2026-08-04T03:34:53Z
2475,30,2026-08-04T03:34:55Z
2476,34,2026-08-04T03:34:58Z
2477,32,2026-08-04T03:35:00Z
2478,37,2026-08-04T03:35:04Z
2479,34,2026-08-04T03:35:08Z
2480,35,2026-08-04T03:35:12Z
2481,33,2026-08-04T03:35:16Z
2482,33,2026-08-04T03:35:20Z
2483,28,2026-08-04T03:35:24Z
2484,30,2026-08-04T03:35:29Z
2485,29,2026-08-04T03:35:31Z
2486,30,2026-08-04T03:35:34Z
2487,25,2026-08-04T03:35:36Z
2488,24,2026-08-04T03:35:39Z
2489,23,2026-08-04T03:35:43Z
2490,27,2026-08-04T03:35:46Z
2491,28,2026-08-04T03:35:50Z
2492,29,2026-08-04T03:35:53Z
2493,28,2026-08-04T03:35:56Z
2494,31,2026-08-04T03:35:59Z
2495,30,2026-08-04T03:36:03Z
2496,29,2026-08-04T03:36:05Z
2497,26,2026-08-04T03:36:08Z
2498,25,2026-08-04T03:36:11Z
2499,31,2026-08-04T03:36:14Z
2500,32,2026-08-04T03:36:17Z
2501,32,2026-08-04T03:36:22Z
2502,28,2026-08-04T03:36:26Z
2503,31,2026-08-04T03:36:31Z
2504,32,2026-08-04T03:36:34Z
2505,32,2026-08-04T03:36:37Z
2506,32,2026-08-04T03:36:40Z
2507,33,2026-08-04T03:36:44Z
2508,28,2026-08-04T03:36:49Z
2509,29,2026-08-04T03:36:53Z
2510,27,2026-08-04T03:36:58Z
2511,31,2026-08-04T03:37:02Z
2512,25,2026-08-04T03:37:05Z
2513,26,2026-08-04T03:37:07Z
2514,27,2026-08-04T03:37:10Z
2515,28,2026-08-04T03:37:12Z
2516,29,2026-08-04T03:37:14Z
2517,26,2026-08-04T03:37:17Z
2518,23,2026-08-04T03:37:20Z
2519,24,2026-08-04T03:37:23Z
2520,24,2026-08-04T03:37:26Z
2521,27,2026-08-04T03:37:29Z
2522,31,2026-08-04T03:37:32Z
2523,28,2026-08-04T03:37:36Z
2524,31,2026-08-04T03:37:40Z
2525,28,2026-08-04T03:37:45Z
2526,32,2026-08-04T03:37:48Z
2527,34,2026-08-04T03:37:51Z
2528,34,2026-08-04T03:37:54Z
2529,30,2026-08-04T03:37:59Z
2530,32,2026-08-04T03:38:03Z
2531,33,2026-08-04T03:38:07Z
2532,34,2026-08-04T03:38:11Z
2533,31,2026-08-04T03:38:15Z
2534,34,2026-08-04T03:38:18Z
2535,32,2026-08-04T03:38:21Z
2536,36,2026-08-04T03:38:24Z
2537,37,2026-08-04T03:38:27Z
2538,34,2026-08-04T03:38:30Z
2539,34,2026-08-04T03:38:33Z
2540,38,2026-08-04T03:38:36Z
2541,36,2026-08-04T03:38:39Z
2542,38,2026-08-04T03:38:45Z
2543,37,2026-08-04T03:38:49Z
2544,40,2026-08-04T03:38:52Z
2545,35,2026-08-04T03:38:56Z
2546,36,2026-08-04T03:38:59Z
2547,33,2026-08-04T03:39:03Z
2548,35,2026-08-04T03:39:07Z
2549,34,2026-08-04T03:39:11Z
2550,34,2026-08-04T03:39:14Z
2551,30,2026-08-04T03:39:18Z
2552,31,2026-08-04T03:39:23Z
2553,28,2026-08-04T03:39:25Z
2554,30,2026-08-04T03:39:27Z
2555,29,2026-08-04T03:39:30Z
2556,27,2026-08-04T03:39:32Z
2557,33,2026-08-04T03:39:35Z
2558,31,2026-08-04T03:39:37Z
2559,27,2026-08-04T03:39:40Z
2560,30,2026-08-04T03:39:42Z
2561,32,2026-08-04T03:39:45Z
2562,30,2026-08-04T03:39:49Z
2563,27,2026-08-04T03:39:53Z
2564,27,2026-08-04T03:39:57Z
2565,29,2026-08-04T03:40:00Z
2566,30,2026-08-04T03:40:03Z
2567,27,2026-08-04T03:40:06Z
2568,27,2026-08-04T03:40:09Z
2569,32,2026-08-04T03:40:10Z
2570,29,2026-08-04T03:40:14Z
2571,30,2026-08-04T03:40:18Z
2572,24,2026-08-04T03:40:19Z
2573,26,2026-08-04T03:40:23Z
2574,28,2026-08-04T03:40:27Z
2575,29,2026-08-04T03:40:31Z
2576,26,2026-08-04T03:40:35Z
2577,29,2026-08-04T03:40:36Z
2578,31,2026-08-04T03:40:39Z
2579,28,2026-08-04T03:40:42Z
2580,27,2026-08-04T03:40:44Z
2581,28,2026-08-04T03:40:47Z
2582,26,2026-08-04T03:40:50Z
2583,27,2026-08-04T03:40:54Z
2584,26,2026-08-04T03:40:58Z
2585,27,2026-08-04T03:41:02Z
2586,25,2026-08-04T03:41:03Z
2587,24,2026-08-04T03:41:06Z
2588,25,2026-08-04T03:41:09Z
2589,23,2026-08-04T03:41:12Z
2590,23,2026-08-04T03:41:15Z
2591,23,2026-08-04T03:41:19Z
2592,22,2026-08-04T03:41:22Z
2593,23,2026-08-04T03:41:25Z
2594,22,2026-08-04T03:41:28Z
2595,23,2026-08-04T03:41:31Z
2596,23,2026-08-04T03:41:34Z
2597,22,2026-08-04T03:41:37Z
2598,20,2026-08-04T03:41:39Z
2599,20,2026-08-04T03:41:42Z
2600,22,2026-08-04T03:41:44Z
2601,23,2026-08-04T03:41:47Z
2602,24,2026-08-04T03:41:50Z
2603,26,2026-08-04T03:41:53Z
2604,26,2026-08-04T03:41:56Z
2605,25,2026-08-04T03:41:59Z
2606,25,2026-08-04T03:42:02Z
2607,22,2026-08-04T03:42:04Z
2608,23,2026-08-04T03:42:07Z
2609,23,2026-08-04T03:42:11Z
2610,24,2026-08-04T03:42:13Z
2611,26,2026-08-04T03:42:14Z
2612,26,2026-08-04T03:42:18Z
2613,29,2026-08-04T03:42:22Z
2614,29,2026-08-04T03:42:26Z
2615,30,2026-08-04T03:42:30Z
2616,30,2026-08-04T03:42:34Z
2617,28,2026-08-04T03:42:39Z
2618,31,2026-08-04T03:42:43Z
2619,32,2026-08-04T03:42:46Z
2620,32,2026-08-04T03:42:48Z
2621,32,2026-08-04T03:42:53Z
2622,35,2026-08-04T03:42:56Z
2623,36,2026-08-04T03:42:58Z
2624,35,2026-08-04T03:43:05Z
2625,35,2026-08-04T03:43:11Z
2626,33,2026-08-04T03:43:15Z
2627,36,2026-08-04T03:43:18Z
2628,38,2026-08-04T03:43:22Z
2629,40,2026-08-04T03:43:25Z
2630,41,2026-08-04T03:43:31Z
2631,36,2026-08-04T03:43:33Z
2632,38,2026-08-04T03:43:35Z
2633,38,2026-08-04T03:43:45Z
2634,32,2026-08-04T03:43:48Z
2635,34,2026-08-04T03:43:51Z
2636,39,2026-08-04T03:43:54Z
2637,40,2026-08-04T03:43:57Z
2638,33,2026-08-04T03:43:59Z
2639,31,2026-08-04T03:44:02Z
2640,31,2026-08-04T03:44:06Z
2641,29,2026-08-04T03:44:09Z
2642,27,2026-08-04T03:44:12Z
2643,26,2026-08-04T03:44:15Z
2644,27,2026-08-04T03:44:19Z
2645,29,2026-08-04T03:44:22Z
2646,27,2026-08-04T03:44:25Z
2647,30,2026-08-04T03:44:28Z
2648,28,2026-08-04T03:44:32Z
2649,30,2026-08-04T03:44:34Z
2650,31,2026-08-04T03:44:37Z
2651,32,2026-08-04T03:44:39Z
2652,27,2026-08-04T03:44:42Z
2653,29,2026-08-04T03:44:45Z
2654,28,2026-08-04T03:44:51Z
2655,26,2026-08-04T03:44:54Z
2656,27,2026-08-04T03:44:57Z
2657,28,2026-08-04T03:45:00Z
2658,32,2026-08-04T03:45:03Z
2659,30,2026-08-04T03:45:07Z
2660,27,2026-08-04T03:45:10Z
2661,27,2026-08-04T03:45:13Z
2662,29,2026-08-04T03:45:16Z
2663,28,2026-08-04T03:45:19Z
2664,31,2026-08-04T03:45:23Z
2665,34,2026-08-04T03:45:26Z
2666,34,2026-08-04T03:45:29Z
2667,31,2026-08-04T03:45:32Z
2668,30,2026-08-04T03:45:35Z
2669,32,2026-08-04T03:45:38Z
2670,34,2026-08-04T03:45:42Z
2671,31,2026-08-04T03:45:46Z
2672,28,2026-08-04T03:45:50Z
2673,30,2026-08-04T03:45:54Z
2674,29,2026-08-04T03:45:58Z
2675,33,2026-08-04T03:46:02Z
2676,34,2026-08-04T03:46:06Z
2677,32,2026-08-04T03:46:09Z
2678,29,2026-08-04T03:46:12Z
2679,29,2026-08-04T03:46:14Z
2680,29,2026-08-04T03:46:17Z
2681,31,2026-08-04T03:46:20Z
2682,27,2026-08-04T03:46:23Z
2683,28,2026-08-04T03:46:25Z
2684,25,2026-08-04T03:46:30Z
2685,24,2026-08-04T03:46:34Z
2686,23,2026-08-04T03:46:36Z
2687,26,2026-08-04T03:46:38Z
2688,27,2026-08-04T03:46:40Z
2689,28,2026-08-04T03:46:42Z
2690,30,2026-08-04T03:46:44Z
2691,26,2026-08-04T03:46:47Z
2692,25,2026-08-04T03:46:49Z
2693,24,2026-08-04T03:46:51Z
2694,26,2026-08-04T03:46:54Z
2695,25,2026-08-04T03:46:56Z
2696,28,2026-08-04T03:46:58Z
2697,27,2026-08-04T03:47:02Z
2698,32,2026-08-04T03:47:06Z
2699,25,2026-08-04T03:47:10Z
2700,27,2026-08-04T03:47:14Z
2701,24,2026-08-04T03:47:15Z
2702,25,2026-08-04T03:47:17Z
2703,24,2026-08-04T03:47:20Z
2704,26,2026-08-04T03:47:23Z
2705,24,2026-08-04T03:47:25Z
2706,26,2026-08-04T03:47:28Z
2707,27,2026-08-04T03:47:31Z
2708,26,2026-08-04T03:47:34Z
2709,28,2026-08-04T03:47:37Z
2710,24,2026-08-04T03:47:40Z
2711,26,2026-08-04T03:47:42Z
2712,25,2026-08-04T03:47:45Z
2713,28,2026-08-04T03:47:48Z
2714,27,2026-08-04T03:47:52Z
2715,29,2026-08-04T03:47:55Z
2716,29,2026-08-04T03:47:57Z
2717,34,2026-08-04T03:47:59Z
2718,35,2026-08-04T03:48:01Z
2719,37,2026-08-04T03:48:06Z
2720,29,2026-08-04T03:48:11Z
2721,33,2026-08-04T03:48:16Z
2722,32,2026-08-04T03:48:17Z
2723,28,2026-08-04T03:48:21Z
2724,27,2026-08-04T03:48:22Z
2725,27,2026-08-04T03:48:25Z
2726,22,2026-08-04T03:48:28Z
2727,23,2026-08-04T03:48:30Z
2728,24,2026-08-04T03:48:32Z
2729,22,2026-08-04T03:48:34Z
2730,23,2026-08-04T03:48:36Z
2731,23,2026-08-04T03:48:40Z
2732,25,2026-08-04T03:48:44Z
2733,24,2026-08-04T03:48:48Z
2734,25,2026-08-04T03:48:50Z
2735,24,2026-08-04T03:48:52Z
2736,28,2026-08-04T03:48:53Z
2737,24,2026-08-04T03:48:56Z
2738,21,2026-08-04T03:48:58Z
2739,19,2026-08-04T03:49:00Z
2740,22,2026-08-04T03:49:02Z
2741,22,2026-08-04T03:49:05Z
2742,23,2026-08-04T03:49:07Z
2743,23,2026-08-04T03:49:09Z
2744,26,2026-08-04T03:49:11Z
2745,27,2026-08-04T03:49:18Z
2746,25,2026-08-04T03:49:21Z
2747,24,2026-08-04T03:49:23Z
2748,25,2026-08-04T03:49:26Z
2749,24,2026-08-04T03:49:29Z
2750,22,2026-08-04T03:49:31Z
2751,24,2026-08-04T03:49:34Z
2752,27,2026-08-04T03:49:36Z
2753,25,2026-08-04T03:49:39Z
2754,24,2026-08-04T03:49:42Z
2755,23,2026-08-04T03:49:45Z
2756,24,2026-08-04T03:49:49Z
2757,22,2026-08-04T03:49:53Z
2758,21,2026-08-04T03:49:56Z
2759,20,2026-08-04T03:49:58Z
2760,22,2026-08-04T03:50:00Z
2761,23,2026-08-04T03:50:03Z
2762,20,2026-08-04T03:50:05Z
2763,23,2026-08-04T03:50:07Z
2764,22,2026-08-04T03:50:10Z
2765,20,2026-08-04T03:50:14Z
2766,20,2026-08-04T03:50:15Z
2767,21,2026-08-04T03:50:19Z
2768,25,2026-08-04T03:50:22Z
2769,25,2026-08-04T03:50:26Z
2770,23,2026-08-04T03:50:30Z
2771,25,2026-08-04T03:50:32Z
2772,23,2026-08-04T03:50:33Z
2773,25,2026-08-04T03:50:35Z
2774,26,2026-08-04T03:50:38Z
2775,23,2026-08-04T03:50:41Z
2776,23,2026-08-04T03:50:44Z
2777,24,2026-08-04T03:50:47Z
2778,27,2026-08-04T03:50:50Z
2779,25,2026-08-04T03:50:53Z
2780,28,2026-08-04T03:50:57Z
2781,25,2026-08-04T03:50:58Z
2782,28,2026-08-04T03:51:01Z
2783,27,2026-08-04T03:51:04Z
2784,27,2026-08-04T03:51:07Z
2785,25,2026-08-04T03:51:07Z
2786,27,2026-08-04T03:51:11Z
2787,27,2026-08-04T03:51:13Z
2788,27,2026-08-04T03:51:16Z
2789,27,2026-08-04T03:51:18Z
2790,28,2026-08-04T03:51:21Z
2791,30,2026-08-04T03:51:24Z
2792,30,2026-08-04T03:51:26Z
2793,27,2026-08-04T03:51:32Z
2794,28,2026-08-04T03:51:35Z
2795,32,2026-08-04T03:51:39Z
2796,32,2026-08-04T03:51:41Z
2797,29,2026-08-04T03:51:44Z
2798,30,2026-08-04T03:51:46Z
2799,30,2026-08-04T03:51:48Z
2800,32,2026-08-04T03:51:50Z
2801,31,2026-08-04T03:51:53Z
2802,24,2026-08-04T03:51:55Z
2803,26,2026-08-04T03:51:57Z
2804,26,2026-08-04T03:52:01Z
2805,27,2026-08-04T03:52:04Z
2806,25,2026-08-04T03:52:08Z
2807,26,2026-08-04T03:52:12Z
2808,26,2026-08-04T03:52:14Z
2809,27,2026-08-04T03:52:17Z
2810,26,2026-08-04T03:52:19Z
2811,27,2026-08-04T03:52:21Z
2812,29,2026-08-04T03:52:24Z
2813,28,2026-08-04T03:52:28Z
2814,31,2026-08-04T03:52:31Z
2815,30,2026-08-04T03:52:35Z
2816,34,2026-08-04T03:52:39Z
2817,33,2026-08-04T03:52:42Z
2818,35,2026-08-04T03:52:46Z
2819,35,2026-08-04T03:52:48Z
2820,34,2026-08-04T03:52:51Z
2821,31,2026-08-04T03:52:54Z
2822,31,2026-08-04T03:52:58Z
2823,33,2026-08-04T03:53:01Z
2824,30,2026-08-04T03:53:03Z
2825,32,2026-08-04T03:53:08Z
2826,31,2026-08-04T03:53:13Z
2827,27,2026-08-04T03:53:16Z
2828,28,2026-08-04T03:53:18Z
2829,32,2026-08-04T03:53:21Z
2830,31,2026-08-04T03:53:25Z
2831,27,2026-08-04T03:53:28Z
2832,32,2026-08-04T03:53:31Z
2833,34,2026-08-04T03:53:35Z
2834,30,2026-08-04T03:53:39Z
2835,30,2026-08-04T03:53:43Z
2836,26,2026-08-04T03:53:46Z
2837,25,2026-08-04T03:53:48Z
2838,28,2026-08-04T03:53:51Z
2839,27,2026-08-04T03:53:54Z
2840,30,2026-08-04T03:53:56Z
2841,31,2026-08-04T03:53:59Z
2842,34,2026-08-04T03:54:01Z
2843,37,2026-08-04T03:54:04Z
2844,32,2026-08-04T03:54:09Z
2845,26,2026-08-04T03:54:12Z
2846,27,2026-08-04T03:54:15Z
2847,26,2026-08-04T03:54:18Z
2848,24,2026-08-04T03:54:21Z
2849,25,2026-08-04T03:54:23Z
2850,29,2026-08-04T03:54:25Z
2851,26,2026-08-04T03:54:27Z
2852,27,2026-08-04T03:54:30Z
2853,25,2026-08-04T03:54:32Z
2854,29,2026-08-04T03:54:35Z
2855,26,2026-08-04T03:54:38Z
2856,26,2026-08-04T03:54:40Z
2857,26,2026-08-04T03:54:44Z
2858,27,2026-08-04T03:54:48Z
2859,29,2026-08-04T03:54:51Z
2860,27,2026-08-04T03:54:54Z
2861,26,2026-08-04T03:54:57Z
2862,25,2026-08-04T03:55:00Z
2863,28,2026-08-04T03:55:03Z
2864,28,2026-08-04T03:55:05Z
2865,28,2026-08-04T03:55:09Z
2866,29,2026-08-04T03:55:12Z
2867,27,2026-08-04T03:55:15Z
2868,28,2026-08-04T03:55:19Z
2869,29,2026-08-04T03:55:22Z
2870,29,2026-08-04T03:55:25Z
2871,26,2026-08-04T03:55:29Z
2872,27,2026-08-04T03:55:32Z
2873,28,2026-08-04T03:55:34Z
2874,30,2026-08-04T03:55:37Z
2875,26,2026-08-04T03:55:39Z
2876,26,2026-08-04T03:55:42Z
2877,28,2026-08-04T03:55:45Z
2878,31,2026-08-04T03:55:46Z
2879,27,2026-08-04T03:55:52Z
2880,29,2026-08-04T03:55:57Z
2881,28,2026-08-04T03:55:59Z
2882,30,2026-08-04T03:56:01Z
2883,28,2026-08-04T03:56:04Z
2884,28,2026-08-04T03:56:07Z
2885,24,2026-08-04T03:56:10Z
2886,27,2026-08-04T03:56:12Z
2887,26,2026-08-04T03:56:15Z
2888,26,2026-08-04T03:56:18Z
2889,25,2026-08-04T03:56:22Z
2890,24,2026-08-04T03:56:25Z
2891,23,2026-08-04T03:56:29Z
2892,27,2026-08-04T03:56:33Z
2893,25,2026-08-04T03:56:36Z
2894,26,2026-08-04T03:56:38Z
2895,24,2026-08-04T03:56:41Z
2896,25,2026-08-04T03:56:42Z
2897,25,2026-08-04T03:56:45Z
2898,27,2026-08-04T03:56:48Z
2899,28,2026-08-04T03:56:51Z
2900,30,2026-08-04T03:56:53Z
2901,26,2026-08-04T03:56:57Z
2902,27,2026-08-04T03:57:01Z
2903,28,2026-08-04T03:57:04Z
2904,28,2026-08-04T03:57:08Z
2905,26,2026-08-04T03:57:11Z
2906,30,2026-08-04T03:57:13Z
2907,29,2026-08-04T03:57:16Z
2908,33,2026-08-04T03:57:20Z
2909,30,2026-08-04T03:57:23Z
2910,30,2026-08-04T03:57:27Z
2911,31,2026-08-04T03:57:30Z
2912,30,2026-08-04T03:57:34Z
2913,29,2026-08-04T03:57:38Z
2914,29,2026-08-04T03:57:41Z
2915,28,2026-08-04T03:57:45Z
2916,30,2026-08-04T03:57:46Z
2917,31,2026-08-04T03:57:50Z
2918,26,2026-08-04T03:57:53Z
2919,26,2026-08-04T03:57:55Z
2920,23,2026-08-04T03:57:58Z
2921,27,2026-08-04T03:57:59Z
2922,23,2026-08-04T03:58:02Z
2923,25,2026-08-04T03:58:06Z
2924,25,2026-08-04T03:58:09Z
2925,27,2026-08-04T03:58:13Z
2926,26,2026-08-04T03:58:16Z
2927,25,2026-08-04T03:58:19Z
2928,27,2026-08-04T03:58:22Z
2929,33,2026-08-04T03:58:24Z
2930,32,2026-08-04T03:58:27Z
2931,28,2026-08-04T03:58:30Z
2932,31,2026-08-04T03:58:33Z
2933,29,2026-08-04T03:58:36Z
2934,34,2026-08-04T03:58:40Z
2935,29,2026-08-04T03:58:43Z
2936,29,2026-08-04T03:58:46Z
2937,28,2026-08-04T03:58:50Z
2938,29,2026-08-04T03:58:53Z
2939,29,2026-08-04T03:58:57Z
2940,32,2026-08-04T03:59:00Z
2941,30,2026-08-04T03:59:04Z
2942,32,2026-08-04T03:59:07Z
2943,29,2026-08-04T03:59:10Z
2944,29,2026-08-04T03:59:14Z
2945,31,2026-08-04T03:59:17Z
2946,30,2026-08-04T03:59:20Z
2947,29,2026-08-04T03:59:22Z
2948,30,2026-08-04T03:59:26Z
2949,30,2026-08-04T03:59:29Z
2950,30,2026-08-04T03:59:30Z
2951,33,2026-08-04T03:59:34Z
2952,30,2026-08-04T03:59:36Z
2953,33,2026-08-04T03:59:40Z
2954,30,2026-08-04T03:59:43Z
2955,28,2026-08-04T03:59:47Z
2956,25,2026-08-04T03:59:52Z
2957,27,2026-08-04T03:59:54Z
2958,29,2026-08-04T03:59:57Z
2959,25,2026-08-04T04:00:00Z
2960,26,2026-08-04T04:00:03Z
2961,25,2026-08-04T04:00:06Z
2962,22,2026-08-04T04:00:10Z
2963,22,2026-08-04T04:00:13Z
2964,23,2026-08-04T04:00:16Z
2965,25,2026-08-04T04:00:19Z
2966,23,2026-08-04T04:00:22Z
2967,28,2026-08-04T04:00:25Z
2968,25,2026-08-04T04:00:29Z
2969,23,2026-08-04T04:00:31Z
2970,25,2026-08-04T04:00:33Z
2971,25,2026-08-04T04:00:36Z
2972,22,2026-08-04T04:00:39Z
2973,23,2026-08-04T04:00:42Z
2974,24,2026-08-04T04:00:46Z
2975,24,2026-08-04T04:00:50Z
2976,25,2026-08-04T04:00:57Z
2977,24,2026-08-04T04:00:59Z
2978,23,2026-08-04T04:01:02Z
2979,25,2026-08-04T04:01:05Z
2980,25,2026-08-04T04:01:08Z
2981,22,2026-08-04T04:01:11Z
2982,24,2026-08-04T04:01:14Z
2983,27,2026-08-04T04:01:16Z
2984,27,2026-08-04T04:01:19Z
2985,25,2026-08-04T04:01:22Z
2986,26,2026-08-04T04:01:25Z
2987,30,2026-08-04T04:01:31Z
2988,28,2026-08-04T04:01:32Z
2989,29,2026-08-04T04:01:35Z
2990,30,2026-08-04T04:01:39Z
2991,32,2026-08-04T04:01:42Z
2992,33,2026-08-04T04:01:46Z
2993,30,2026-08-04T04:01:49Z
2994,31,2026-08-04T04:01:53Z
2995,34,2026-08-04T04:01:56Z
2996,28,2026-08-04T04:01:59Z
2997,32,2026-08-04T04:02:03Z
2998,28,2026-08-04T04:02:06Z
2999,30,2026-08-04T04:02:10Z
3000,31,2026-08-04T04:02:13Z
3001,32,2026-08-04T04:02:17Z
3002,32,2026-08-04T04:02:19Z
3003,24,2026-08-04T04:02:22Z
3004,25,2026-08-04T04:02:25Z
3005,28,2026-08-04T04:02:28Z
3006,27,2026-08-04T04:02:30Z
3007,22,2026-08-04T04:02:32Z
3008,24,2026-08-04T04:02:35Z
3009,19,2026-08-04T04:02:37Z
3010,21,2026-08-04T04:02:40Z
3011,20,2026-08-04T04:02:43Z
3012,19,2026-08-04T04:02:45Z
3013,17,2026-08-04T04:02:47Z
3014,18,2026-08-04T04:02:49Z
3015,18,2026-08-04T04:02:51Z
3016,17,2026-08-04T04:02:53Z
3017,21,2026-08-04T04:02:55Z
3018,22,2026-08-04T04:02:57Z
3019,25,2026-08-04T04:03:00Z
3020,25,2026-08-04T04:03:03Z
3021,25,2026-08-04T04:03:07Z
3022,26,2026-08-04T04:03:10Z
3023,25,2026-08-04T04:03:14Z
3024,24,2026-08-04T04:03:16Z
3025,22,2026-08-04T04:03:18Z
3026,21,2026-08-04T04:03:20Z
3027,22,2026-08-04T04:03:24Z
3028,25,2026-08-04T04:03:27Z
3029,25,2026-08-04T04:03:30Z
3030,24,2026-08-04T04:03:33Z
3031,26,2026-08-04T04:03:36Z
3032,27,2026-08-04T04:03:39Z
3033,23,2026-08-04T04:03:43Z
3034,23,2026-08-04T04:03:46Z
3035,25,2026-08-04T04:03:49Z
3036,31,2026-08-04T04:03:52Z
3037,29,2026-08-04T04:03:55Z
3038,30,2026-08-04T04:03:56Z
3039,28,2026-08-04T04:03:59Z
3040,28,2026-08-04T04:04:03Z
3041,27,2026-08-04T04:04:07Z
3042,29,2026-08-04T04:04:11Z
3043,29,2026-08-04T04:04:16Z
3044,25,2026-08-04T04:04:18Z
3045,24,2026-08-04T04:04:21Z
3046,25,2026-08-04T04:04:24Z
3047,28,2026-08-04T04:04:28Z
3048,28,2026-08-04T04:04:33Z
3049,29,2026-08-04T04:04:37Z
3050,29,2026-08-04T04:04:41Z
3051,29,2026-08-04T04:04:45Z
3052,30,2026-08-04T04:04:50Z
3053,34,2026-08-04T04:04:52Z
3054,35,2026-08-04T04:04:56Z
3055,35,2026-08-04T04:05:01Z
3056,40,2026-08-04T04:05:04Z
3057,46,2026-08-04T04:05:09Z
3058,42,2026-08-04T04:05:13Z
3059,41,2026-08-04T04:05:18Z
3060,41,2026-08-04T04:05:23Z
3061,37,2026-08-04T04:05:27Z
3062,37,2026-08-04T04:05:32Z
3063,40,2026-08-04T04:05:37Z
3064,38,2026-08-04T04:05:40Z
3065,39,2026-08-04T04:05:42Z
3066,37,2026-08-04T04:05:46Z
3067,38,2026-08-04T04:05:50Z
3068,35,2026-08-04T04:05:54Z
3069,35,2026-08-04T04:05:57Z
3070,34,2026-08-04T04:06:01Z
3071,38,2026-08-04T04:06:05Z
3072,36,2026-08-04T04:06:08Z
3073,32,2026-08-04T04:06:11Z
3074,33,2026-08-04T04:06:14Z
3075,29,2026-08-04T04:06:18Z
3076,30,2026-08-04T04:06:21Z
3077,30,2026-08-04T04:06:24Z
3078,34,2026-08-04T04:06:27Z
3079,34,2026-08-04T04:06:31Z
3080,31,2026-08-04T04:06:34Z
3081,27,2026-08-04T04:06:37Z
3082,24,2026-08-04T04:06:41Z
3083,24,2026-08-04T04:06:43Z
3084,23,2026-08-04T04:06:45Z
3085,20,2026-08-04T04:06:47Z
3086,20,2026-08-04T04:06:49Z
3087,21,2026-08-04T04:06:51Z
3088,24,2026-08-04T04:06:53Z
3089,23,2026-08-04T04:06:55Z
3090,25,2026-08-04T04:06:58Z
3091,24,2026-08-04T04:07:01Z
3092,25,2026-08-04T04:07:04Z
3093,25,2026-08-04T04:07:07Z
3094,22,2026-08-04T04:07:11Z
3095,22,2026-08-04T04:07:13Z
3096,23,2026-08-04T04:07:15Z
3097,25,2026-08-04T04:07:16Z
3098,23,2026-08-04T04:07:18Z
3099,22,2026-08-04T04:07:20Z
3100,24,2026-08-04T04:07:22Z
3101,26,2026-08-04T04:07:25Z
3102,23,2026-08-04T04:07:28Z
3103,24,2026-08-04T04:07:31Z
3104,24,2026-08-04T04:07:34Z
3105,26,2026-08-04T04:07:37Z
3106,24,2026-08-04T04:07:40Z
3107,25,2026-08-04T04:07:43Z
3108,28,2026-08-04T04:07:46Z
3109,26,2026-08-04T04:07:48Z
3110,28,2026-08-04T04:07:50Z
3111,24,2026-08-04T04:07:53Z
3112,26,2026-08-04T04:07:55Z
3113,26,2026-08-04T04:07:59Z
3114,27,2026-08-04T04:08:02Z
3115,24,2026-08-04T04:08:04Z
3116,23,2026-08-04T04:08:07Z
3117,27,2026-08-04T04:08:09Z
3118,26,2026-08-04T04:08:12Z
3119,26,2026-08-04T04:08:15Z
3120,26,2026-08-04T04:08:17Z
3121,22,2026-08-04T04:08:20Z
3122,23,2026-08-04T04:08:23Z
3123,22,2026-08-04T04:08:25Z
3124,22,2026-08-04T04:08:28Z
3125,23,2026-08-04T04:08:30Z
3126,24,2026-08-04T04:08:33Z
3127,24,2026-08-04T04:08:36Z
3128,25,2026-08-04T04:08:39Z
3129,25,2026-08-04T04:08:42Z
3130,23,2026-08-04T04:08:45Z
3131,22,2026-08-04T04:08:48Z
3132,23,2026-08-04T04:08:51Z
3133,27,2026-08-04T04:08:54Z
3134,22,2026-08-04T04:08:56Z
3135,23,2026-08-04T04:08:59Z
3136,27,2026-08-04T04:09:02Z
3137,29,2026-08-04T04:09:05Z
3138,29,2026-08-04T04:09:08Z
3139,30,2026-08-04T04:09:14Z
3140,30,2026-08-04T04:09:19Z
3141,32,2026-08-04T04:09:22Z
3142,33,2026-08-04T04:09:26Z
3143,33,2026-08-04T04:09:30Z
3144,32,2026-08-04T04:09:34Z
3145,29,2026-08-04T04:09:37Z
3146,34,2026-08-04T04:09:41Z
3147,35,2026-08-04T04:09:45Z
3148,38,2026-08-04T04:09:50Z
3149,38,2026-08-04T04:09:55Z
3150,38,2026-08-04T04:09:59Z
3151,35,2026-08-04T04:10:02Z
3152,37,2026-08-04T04:10:06Z
3153,38,2026-08-04T04:10:10Z
3154,36,2026-08-04T04:10:15Z
3155,36,2026-08-04T04:10:24Z
3156,37,2026-08-04T04:10:26Z
3157,39,2026-08-04T04:10:30Z
3158,37,2026-08-04T04:10:34Z
3159,36,2026-08-04T04:10:37Z
3160,38,2026-08-04T04:10:41Z
3161,42,2026-08-04T04:10:44Z
3162,36,2026-08-04T04:10:48Z
3163,36,2026-08-04T04:10:53Z
3164,39,2026-08-04T04:10:59Z
3165,45,2026-08-04T04:11:04Z
3166,36,2026-08-04T04:11:08Z
3167,39,2026-08-04T04:11:11Z
3168,40,2026-08-04T04:11:14Z
3169,43,2026-08-04T04:11:18Z
3170,39,2026-08-04T04:11:21Z
3171,38,2026-08-04T04:11:24Z
3172,41,2026-08-04T04:11:29Z
3173,48,2026-08-04T04:11:33Z
3174,41,2026-08-04T04:11:38Z
3175,35,2026-08-04T04:11:42Z
3176,37,2026-08-04T04:11:47Z
3177,39,2026-08-04T04:11:51Z
3178,40,2026-08-04T04:11:55Z
3179,32,2026-08-04T04:11:59Z
3180,34,2026-08-04T04:12:06Z
3181,36,2026-08-04T04:12:09Z
3182,37,2026-08-04T04:12:13Z
3183,32,2026-08-04T04:12:17Z
3184,33,2026-08-04T04:12:20Z
3185,35,2026-08-04T04:12:24Z
3186,36,2026-08-04T04:12:27Z
3187,34,2026-08-04T04:12:31Z
3188,26,2026-08-04T04:12:35Z
3189,32,2026-08-04T04:12:40Z
3190,31,2026-08-04T04:12:44Z
3191,30,2026-08-04T04:12:49Z
3192,27,2026-08-04T04:12:53Z
3193,29,2026-08-04T04:12:57Z
3194,28,2026-08-04T04:13:02Z
3195,29,2026-08-04T04:13:06Z
3196,25,2026-08-04T04:13:11Z
3197,28,2026-08-04T04:13:12Z
3198,28,2026-08-04T04:13:15Z
3199,25,2026-08-04T04:13:19Z
3200,23,2026-08-04T04:13:21Z
3201,24,2026-08-04T04:13:23Z
3202,23,2026-08-04T04:13:25Z
3203,23,2026-08-04T04:13:27Z
3204,29,2026-08-04T04:13:29Z
3205,30,2026-08-04T04:13:33Z
3206,31,2026-08-04T04:13:38Z
3207,25,2026-08-04T04:13:42Z
3208,24,2026-08-04T04:13:46Z
3209,20,2026-08-04T04:13:49Z
3210,23,2026-08-04T04:13:53Z
3211,22,2026-08-04T04:13:56Z
3212,22,2026-08-04T04:13:59Z
3213,25,2026-08-04T04:14:01Z
3214,25,2026-08-04T04:14:04Z
3215,28,2026-08-04T04:14:07Z
3216,27,2026-08-04T04:14:11Z
3217,26,2026-08-04T04:14:15Z
3218,27,2026-08-04T04:14:20Z
3219,27,2026-08-04T04:14:23Z
3220,32,2026-08-04T04:14:26Z
3221,30,2026-08-04T04:14:29Z
3222,31,2026-08-04T04:14:32Z
3223,34,2026-08-04T04:14:35Z
3224,37,2026-08-04T04:14:38Z
3225,32,2026-08-04T04:14:41Z
3226,32,2026-08-04T04:14:44Z
3227,32,2026-08-04T04:14:48Z
3228,29,2026-08-04T04:14:52Z
3229,34,2026-08-04T04:14:55Z
3230,32,2026-08-04T04:14:59Z
3231,30,2026-08-04T04:15:02Z
3232,27,2026-08-04T04:15:06Z
3233,31,2026-08-04T04:15:10Z
3234,29,2026-08-04T04:15:13Z
3235,29,2026-08-04T04:15:16Z
3236,28,2026-08-04T04:15:21Z
3237,30,2026-08-04T04:15:26Z
3238,23,2026-08-04T04:15:29Z
3239,22,2026-08-04T04:15:31Z
3240,23,2026-08-04T04:15:34Z
3241,27,2026-08-04T04:15:36Z
3242,24,2026-08-04T04:15:39Z
3243,28,2026-08-04T04:15:42Z
3244,34,2026-08-04T04:15:44Z
3245,33,2026-08-04T04:15:48Z
3246,29,2026-08-04T04:15:52Z
3247,27,2026-08-04T04:15:56Z
3248,28,2026-08-04T04:16:00Z
3249,29,2026-08-04T04:16:04Z
3250,30,2026-08-04T04:16:09Z
3251,32,2026-08-04T04:16:11Z
3252,34,2026-08-04T04:16:13Z
3253,30,2026-08-04T04:16:17Z
3254,28,2026-08-04T04:16:21Z
3255,28,2026-08-04T04:16:25Z
3256,30,2026-08-04T04:16:29Z
3257,31,2026-08-04T04:16:33Z
3258,29,2026-08-04T04:16:38Z
3259,24,2026-08-04T04:16:41Z
3260,26,2026-08-04T04:16:44Z
3261,26,2026-08-04T04:16:47Z
3262,25,2026-08-04T04:16:50Z
3263,25,2026-08-04T04:16:53Z
3264,24,2026-08-04T04:16:55Z
3265,25,2026-08-04T04:16:58Z
3266,26,2026-08-04T04:17:02Z
3267,29,2026-08-04T04:17:05Z
3268,28,2026-08-04T04:17:09Z
3269,26,2026-08-04T04:17:12Z
3270,25,2026-08-04T04:17:15Z
3271,23,2026-08-04T04:17:17Z
3272,22,2026-08-04T04:17:19Z
3273,20,2026-08-04T04:17:21Z
3274,23,2026-08-04T04:17:23Z
3275,21,2026-08-04T04:17:25Z
3276,22,2026-08-04T04:17:27Z
3277,19,2026-08-04T04:17:30Z
3278,19,2026-08-04T04:17:32Z
3279,19,2026-08-04T04:17:34Z
3280,22,2026-08-04T04:17:37Z
3281,19,2026-08-04T04:17:39Z
3282,21,2026-08-04T04:17:42Z
3283,26,2026-08-04T04:17:44Z
3284,23,2026-08-04T04:17:46Z
3285,20,2026-08-04T04:17:49Z
3286,23,2026-08-04T04:17:51Z
3287,20,2026-08-04T04:17:53Z
3288,25,2026-08-04T04:17:56Z
3289,22,2026-08-04T04:17:58Z
3290,23,2026-08-04T04:18:00Z
3291,24,2026-08-04T04:18:03Z
3292,25,2026-08-04T04:18:06Z
3293,23,2026-08-04T04:18:10Z
3294,25,2026-08-04T04:18:15Z
3295,24,2026-08-04T04:18:18Z
3296,25,2026-08-04T04:18:21Z
3297,26,2026-08-04T04:18:24Z
3298,30,2026-08-04T04:18:27Z
3299,28,2026-08-04T04:18:29Z
3300,26,2026-08-04T04:18:32Z
3301,25,2026-08-04T04:18:35Z
3302,26,2026-08-04T04:18:38Z
3303,27,2026-08-04T04:18:41Z
3304,28,2026-08-04T04:18:43Z
3305,30,2026-08-04T04:18:46Z
3306,27,2026-08-04T04:18:49Z
3307,25,2026-08-04T04:18:52Z
3308,27,2026-08-04T04:18:54Z
3309,24,2026-08-04T04:18:57Z
3310,25,2026-08-04T04:19:01Z
3311,26,2026-08-04T04:19:02Z
3312,26,2026-08-04T04:19:04Z
3313,30,2026-08-04T04:19:07Z
3314,28,2026-08-04T04:19:12Z
3315,26,2026-08-04T04:19:17Z
3316,28,2026-08-04T04:19:19Z
3317,27,2026-08-04T04:19:22Z
3318,30,2026-08-04T04:19:25Z
3319,24,2026-08-04T04:19:28Z
3320,25,2026-08-04T04:19:31Z
3321,26,2026-08-04T04:19:33Z
3322,31,2026-08-04T04:19:36Z
3323,31,2026-08-04T04:19:39Z
3324,26,2026-08-04T04:19:42Z
3325,26,2026-08-04T04:19:44Z
3326,30,2026-08-04T04:19:48Z
3327,33,2026-08-04T04:19:51Z
3328,30,2026-08-04T04:19:55Z
3329,33,2026-08-04T04:19:58Z
3330,32,2026-08-04T04:20:02Z
3331,32,2026-08-04T04:20:04Z
3332,28,2026-08-04T04:20:07Z
3333,31,2026-08-04T04:20:09Z
3334,30,2026-08-04T04:20:12Z
3335,28,2026-08-04T04:20:15Z
3336,26,2026-08-04T04:20:19Z
3337,28,2026-08-04T04:20:22Z
3338,25,2026-08-04T04:20:26Z
3339,29,2026-08-04T04:20:29Z
3340,27,2026-08-04T04:20:32Z
3341,26,2026-08-04T04:20:34Z
3342,27,2026-08-04T04:20:38Z
3343,28,2026-08-04T04:20:41Z
3344,30,2026-08-04T04:20:44Z
3345,27,2026-08-04T04:20:48Z
3346,28,2026-08-04T04:20:51Z
3347,27,2026-08-04T04:20:54Z
3348,29,2026-08-04T04:20:58Z
3349,28,2026-08-04T04:21:00Z
3350,27,2026-08-04T04:21:02Z
3351,29,2026-08-04T04:21:06Z
3352,33,2026-08-04T04:21:09Z
3353,31,2026-08-04T04:21:12Z
3354,31,2026-08-04T04:21:15Z
3355,29,2026-08-04T04:21:18Z
3356,30,2026-08-04T04:21:21Z
3357,29,2026-08-04T04:21:23Z
3358,29,2026-08-04T04:21:25Z
3359,26,2026-08-04T04:21:34Z
3360,26,2026-08-04T04:21:37Z
3361,27,2026-08-04T04:21:40Z
3362,28,2026-08-04T04:21:43Z
3363,28,2026-08-04T04:21:46Z
3364,27,2026-08-04T04:21:49Z
3365,27,2026-08-04T04:21:50Z
3366,24,2026-08-04T04:21:54Z
3367,24,2026-08-04T04:21:58Z
3368,25,2026-08-04T04:22:01Z
3369,26,2026-08-04T04:22:04Z
3370,26,2026-08-04T04:22:07Z
3371,26,2026-08-04T04:22:10Z
3372,23,2026-08-04T04:22:13Z
3373,24,2026-08-04T04:22:17Z
3374,26,2026-08-04T04:22:18Z
3375,21,2026-08-04T04:22:19Z
3376,21,2026-08-04T04:22:22Z
3377,22,2026-08-04T04:22:25Z
3378,20,2026-08-04T04:22:27Z
3379,22,2026-08-04T04:22:30Z
3380,21,2026-08-04T04:22:33Z
3381,22,2026-08-04T04:22:35Z
3382,20,2026-08-04T04:22:38Z
3383,20,2026-08-04T04:22:40Z
3384,21,2026-08-04T04:22:42Z
3385,19,2026-08-04T04:22:44Z
3386,19,2026-08-04T04:22:47Z
3387,18,2026-08-04T04:22:49Z
3388,18,2026-08-04T04:22:50Z
3389,20,2026-08-04T04:22:52Z
3390,20,2026-08-04T04:22:55Z
3391,23,2026-08-04T04:22:58Z
3392,21,2026-08-04T04:23:01Z
3393,21,2026-08-04T04:23:04Z
3394,24,2026-08-04T04:23:07Z
3395,20,2026-08-04T04:23:10Z
3396,19,2026-08-04T04:23:11Z
3397,23,2026-08-04T04:23:13Z
3398,24,2026-08-04T04:23:14Z
3399,22,2026-08-04T04:23:17Z
3400,24,2026-08-04T04:23:20Z
3401,28,2026-08-04T04:23:23Z
3402,29,2026-08-04T04:23:25Z
3403,31,2026-08-04T04:23:28Z
3404,25,2026-08-04T04:23:31Z
3405,29,2026-08-04T04:23:34Z
3406,27,2026-08-04T04:23:38Z
3407,26,2026-08-04T04:23:41Z
3408,25,2026-08-04T04:23:45Z
3409,27,2026-08-04T04:23:49Z
3410,28,2026-08-04T04:23:51Z
3411,29,2026-08-04T04:23:52Z
3412,27,2026-08-04T04:23:55Z
3413,27,2026-08-04T04:23:58Z
3414,25,2026-08-04T04:24:02Z
3415,25,2026-08-04T04:24:05Z
3416,29,2026-08-04T04:24:08Z
3417,23,2026-08-04T04:24:10Z
3418,22,2026-08-04T04:24:13Z
3419,21,2026-08-04T04:24:16Z
3420,24,2026-08-04T04:24:19Z
3421,26,2026-08-04T04:24:22Z
3422,27,2026-08-04T04:24:25Z
3423,25,2026-08-04T04:24:27Z
3424,22,2026-08-04T04:24:29Z
3425,22,2026-08-04T04:24:32Z
3426,22,2026-08-04T04:24:34Z
3427,23,2026-08-04T04:24:36Z
3428,22,2026-08-04T04:24:39Z
3429,22,2026-08-04T04:24:40Z
3430,23,2026-08-04T04:24:45Z
3431,22,2026-08-04T04:24:50Z
3432,22,2026-08-04T04:24:52Z
3433,21,2026-08-04T04:24:54Z
3434,22,2026-08-04T04:24:57Z
3435,23,2026-08-04T04:24:59Z
3436,24,2026-08-04T04:25:02Z
3437,21,2026-08-04T04:25:04Z
3438,22,2026-08-04T04:25:06Z
3439,23,2026-08-04T04:25:09Z
3440,26,2026-08-04T04:25:11Z
3441,24,2026-08-04T04:25:14Z
3442,28,2026-08-04T04:25:17Z
3443,24,2026-08-04T04:25:18Z
3444,27,2026-08-04T04:25:24Z
3445,28,2026-08-04T04:25:27Z
3446,26,2026-08-04T04:25:30Z
3447,26,2026-08-04T04:25:32Z
3448,32,2026-08-04T04:25:35Z
3449,28,2026-08-04T04:25:37Z
3450,24,2026-08-04T04:25:39Z
3451,25,2026-08-04T04:25:42Z
3452,29,2026-08-04T04:25:44Z
3453,26,2026-08-04T04:25:48Z
3454,23,2026-08-04T04:25:50Z
3455,25,2026-08-04T04:25:53Z
3456,24,2026-08-04T04:25:56Z
3457,23,2026-08-04T04:25:58Z
3458,22,2026-08-04T04:26:00Z
3459,23,2026-08-04T04:26:03Z
3460,23,2026-08-04T04:26:07Z
3461,21,2026-08-04T04:26:10Z
3462,23,2026-08-04T04:26:13Z
3463,25,2026-08-04T04:26:16Z
3464,24,2026-08-04T04:26:18Z
3465,24,2026-08-04T04:26:20Z
3466,23,2026-08-04T04:26:22Z
3467,28,2026-08-04T04:26:26Z
3468,23,2026-08-04T04:26:29Z
3469,24,2026-08-04T04:26:31Z
3470,27,2026-08-04T04:26:34Z
3471,27,2026-08-04T04:26:39Z
3472,27,2026-08-04T04:26:42Z
3473,27,2026-08-04T04:26:44Z
3474,27,2026-08-04T04:26:46Z
3475,26,2026-08-04T04:26:49Z
3476,23,2026-08-04T04:26:52Z
3477,23,2026-08-04T04:26:53Z
3478,24,2026-08-04T04:26:56Z
3479,25,2026-08-04T04:27:00Z
3480,23,2026-08-04T04:27:04Z
3481,23,2026-08-04T04:27:08Z
3482,27,2026-08-04T04:27:11Z
3483,25,2026-08-04T04:27:13Z
3484,24,2026-08-04T04:27:16Z
3485,24,2026-08-04T04:27:18Z
3486,23,2026-08-04T04:27:20Z
3487,23,2026-08-04T04:27:22Z
3488,21,2026-08-04T04:27:24Z
3489,22,2026-08-04T04:27:26Z
3490,19,2026-08-04T04:27:28Z
3491,21,2026-08-04T04:27:30Z
3492,19,2026-08-04T04:27:33Z
3493,21,2026-08-04T04:27:36Z
3494,18,2026-08-04T04:27:39Z
3495,19,2026-08-04T04:27:41Z
3496,18,2026-08-04T04:27:44Z
3497,21,2026-08-04T04:27:48Z
3498,22,2026-08-04T04:27:50Z
3499,22,2026-08-04T04:27:52Z
3500,26,2026-08-04T04:27:54Z
3501,25,2026-08-04T04:27:57Z
3502,26,2026-08-04T04:28:00Z
3503,25,2026-08-04T04:28:03Z
3504,27,2026-08-04T04:28:08Z
3505,32,2026-08-04T04:28:13Z
3506,29,2026-08-04T04:28:15Z
3507,32,2026-08-04T04:28:17Z
3508,29,2026-08-04T04:28:19Z
3509,29,2026-08-04T04:28:22Z
3510,26,2026-08-04T04:28:25Z
3511,29,2026-08-04T04:28:28Z
3512,31,2026-08-04T04:28:31Z
3513,29,2026-08-04T04:28:34Z
3514,31,2026-08-04T04:28:37Z
3515,29,2026-08-04T04:28:44Z
3516,29,2026-08-04T04:28:46Z
3517,29,2026-08-04T04:28:47Z
3518,28,2026-08-04T04:28:51Z
3519,28,2026-08-04T04:28:55Z
3520,24,2026-08-04T04:28:56Z
3521,23,2026-08-04T04:29:00Z
3522,22,2026-08-04T04:29:02Z
3523,25,2026-08-04T04:29:04Z
3524,23,2026-08-04T04:29:06Z
3525,22,2026-08-04T04:29:08Z
3526,25,2026-08-04T04:29:10Z
3527,24,2026-08-04T04:29:15Z
3528,25,2026-08-04T04:29:20Z
3529,23,2026-08-04T04:29:22Z
3530,22,2026-08-04T04:29:23Z
3531,23,2026-08-04T04:29:25Z
3532,23,2026-08-04T04:29:27Z
3533,22,2026-08-04T04:29:29Z
3534,23,2026-08-04T04:29:31Z
3535,22,2026-08-04T04:29:33Z
3536,24,2026-08-04T04:29:35Z
3537,22,2026-08-04T04:29:39Z
3538,25,2026-08-04T04:29:40Z
3539,24,2026-08-04T04:29:42Z
3540,26,2026-08-04T04:29:46Z
3541,23,2026-08-04T04:29:51Z
3542,25,2026-08-04T04:29:54Z
3543,23,2026-08-04T04:29:56Z
3544,20,2026-08-04T04:29:58Z
3545,19,2026-08-04T04:30:00Z
3546,18,2026-08-04T04:30:01Z
3547,19,2026-08-04T04:30:03Z
3548,22,2026-08-04T04:30:05Z
3549,19,2026-08-04T04:30:07Z
3550,18,2026-08-04T04:30:09Z
3551,18,2026-08-04T04:30:11Z
3552,19,2026-08-04T04:30:13Z
3553,19,2026-08-04T04:30:15Z
3554,20,2026-08-04T04:30:17Z
3555,20,2026-08-04T04:30:20Z
3556,21,2026-08-04T04:30:24Z
3557,24,2026-08-04T04:30:27Z
3558,22,2026-08-04T04:30:30Z
3559,22,2026-08-04T04:30:32Z
3560,24,2026-08-04T04:30:35Z
3561,24,2026-08-04T04:30:37Z
3562,28,2026-08-04T04:30:39Z
3563,23,2026-08-04T04:30:42Z
3564,27,2026-08-04T04:30:46Z
3565,24,2026-08-04T04:30:49Z
3566,26,2026-08-04T04:30:53Z
3567,25,2026-08-04T04:30:57Z
3568,25,2026-08-04T04:30:59Z
3569,27,2026-08-04T04:31:02Z
3570,27,2026-08-04T04:31:04Z
3571,24,2026-08-04T04:31:07Z
3572,24,2026-08-04T04:31:10Z
3573,25,2026-08-04T04:31:13Z
3574,24,2026-08-04T04:31:16Z
3575,22,2026-08-04T04:31:16Z
3576,23,2026-08-04T04:31:19Z
3577,25,2026-08-04T04:31:22Z
3578,27,2026-08-04T04:31:25Z
3579,27,2026-08-04T04:31:28Z
3580,28,2026-08-04T04:31:30Z
3581,27,2026-08-04T04:31:33Z
3582,27,2026-08-04T04:31:36Z
3583,28,2026-08-04T04:31:39Z
3584,31,2026-08-04T04:31:42Z
3585,28,2026-08-04T04:31:45Z
3586,28,2026-08-04T04:31:47Z
3587,27,2026-08-04T04:31:49Z
3588,27,2026-08-04T04:31:53Z
3589,27,2026-08-04T04:31:57Z
3590,26,2026-08-04T04:32:01Z
3591,27,2026-08-04T04:32:04Z
3592,27,2026-08-04T04:32:06Z
3593,27,2026-08-04T04:32:09Z
3594,28,2026-08-04T04:32:12Z
3595,24,2026-08-04T04:32:15Z
3596,24,2026-08-04T04:32:17Z
3597,24,2026-08-04T04:32:20Z
3598,25,2026-08-04T04:32:23Z
3599,24,2026-08-04T04:32:25Z
3600,26,2026-08-04T04:32:28Z
3601,25,2026-08-04T04:32:31Z
3602,24,2026-08-04T04:32:33Z
3603,22,2026-08-04T04:32:36Z
3604,22,2026-08-04T04:32:39Z
3605,24,2026-08-04T04:32:42Z
3606,22,2026-08-04T04:32:45Z
3607,23,2026-08-04T04:32:48Z
3608,26,2026-08-04T04:32:51Z
3609,24,2026-08-04T04:32:53Z
3610,25,2026-08-04T04:32:56Z
3611,28,2026-08-04T04:32:59Z
3612,23,2026-08-04T04:33:01Z
3613,24,2026-08-04T04:33:04Z
3614,25,2026-08-04T04:33:09Z
3615,26,2026-08-04T04:33:14Z
3616,27,2026-08-04T04:33:17Z
3617,24,2026-08-04T04:33:19Z
3618,28,2026-08-04T04:33:22Z
3619,29,2026-08-04T04:33:27Z
3620,28,2026-08-04T04:33:29Z
3621,28,2026-08-04T04:33:32Z
3622,27,2026-08-04T04:33:34Z
3623,29,2026-08-04T04:33:37Z
3624,28,2026-08-04T04:33:39Z
3625,26,2026-08-04T04:33:46Z
3626,27,2026-08-04T04:33:50Z
3627,24,2026-08-04T04:33:52Z
3628,24,2026-08-04T04:33:53Z
3629,22,2026-08-04T04:33:56Z
3630,25,2026-08-04T04:33:59Z
3631,24,2026-08-04T04:34:01Z
3632,26,2026-08-04T04:34:03Z
3633,27,2026-08-04T04:34:05Z
3634,25,2026-08-04T04:34:08Z
3635,24,2026-08-04T04:34:11Z
3636,21,2026-08-04T04:34:14Z
3637,21,2026-08-04T04:34:17Z
3638,21,2026-08-04T04:34:19Z
3639,20,2026-08-04T04:34:22Z
3640,21,2026-08-04T04:34:24Z
3641,23,2026-08-04T04:34:27Z
3642,19,2026-08-04T04:34:28Z
3643,19,2026-08-04T04:34:30Z
3644,19,2026-08-04T04:34:32Z
3645,20,2026-08-04T04:34:34Z
3646,25,2026-08-04T04:34:36Z
3647,20,2026-08-04T04:34:39Z
3648,21,2026-08-04T04:34:42Z
3649,17,2026-08-04T04:34:44Z
3650,16,2026-08-04T04:34:47Z
3651,18,2026-08-04T04:34:50Z
3652,18,2026-08-04T04:34:52Z
3653,18,2026-08-04T04:34:55Z
3654,20,2026-08-04T04:34:58Z
3655,25,2026-08-04T04:35:00Z
3656,24,2026-08-04T04:35:03Z
3657,25,2026-08-04T04:35:06Z
3658,28,2026-08-04T04:35:08Z
3659,28,2026-08-04T04:35:11Z
3660,28,2026-08-04T04:35:14Z
3661,27,2026-08-04T04:35:16Z
3662,30,2026-08-04T04:35:19Z
3663,28,2026-08-04T04:35:22Z
3664,28,2026-08-04T04:35:25Z
3665,27,2026-08-04T04:35:27Z
3666,24,2026-08-04T04:35:30Z
3667,26,2026-08-04T04:35:32Z
3668,29,2026-08-04T04:35:35Z
3669,25,2026-08-04T04:35:39Z
3670,22,2026-08-04T04:35:40Z
3671,21,2026-08-04T04:35:43Z
3672,24,2026-08-04T04:35:46Z
3673,24,2026-08-04T04:35:49Z
3674,21,2026-08-04T04:35:51Z
3675,23,2026-08-04T04:35:54Z
3676,21,2026-08-04T04:35:57Z
3677,21,2026-08-04T04:36:00Z
3678,24,2026-08-04T04:36:03Z
3679,24,2026-08-04T04:36:05Z
3680,26,2026-08-04T04:36:08Z
3681,28,2026-08-04T04:36:11Z
3682,27,2026-08-04T04:36:14Z
3683,29,2026-08-04T04:36:17Z
3684,29,2026-08-04T04:36:19Z
3685,26,2026-08-04T04:36:22Z
3686,25,2026-08-04T04:36:24Z
3687,20,2026-08-04T04:36:27Z
3688,25,2026-08-04T04:36:30Z
3689,24,2026-08-04T04:36:34Z
3690,20,2026-08-04T04:36:36Z
3691,21,2026-08-04T04:36:39Z
3692,21,2026-08-04T04:36:41Z
3693,23,2026-08-04T04:36:44Z
3694,23,2026-08-04T04:36:46Z
3695,25,2026-08-04T04:36:50Z
3696,24,2026-08-04T04:36:52Z
3697,21,2026-08-04T04:36:55Z
3698,22,2026-08-04T04:36:58Z
3699,27,2026-08-04T04:37:01Z
3700,24,2026-08-04T04:37:03Z
3701,24,2026-08-04T04:37:06Z
3702,24,2026-08-04T04:37:09Z
3703,26,2026-08-04T04:37:12Z
3704,25,2026-08-04T04:37:15Z
3705,23,2026-08-04T04:37:17Z
3706,21,2026-08-04T04:37:20Z
3707,24,2026-08-04T04:37:23Z
3708,22,2026-08-04T04:37:26Z
3709,24,2026-08-04T04:37:29Z
3710,23,2026-08-04T04:37:32Z
3711,24,2026-08-04T04:37:35Z
3712,23,2026-08-04T04:37:38Z
3713,25,2026-08-04T04:37:42Z
3714,29,2026-08-04T04:37:44Z
3715,27,2026-08-04T04:37:47Z
3716,27,2026-08-04T04:37:50Z
3717,25,2026-08-04T04:37:52Z
3718,29,2026-08-04T04:37:56Z
3719,29,2026-08-04T04:37:59Z
3720,26,2026-08-04T04:38:01Z
3721,26,2026-08-04T04:38:03Z
3722,27,2026-08-04T04:38:07Z
3723,30,2026-08-04T04:38:10Z
3724,24,2026-08-04T04:38:14Z
3725,25,2026-08-04T04:38:18Z
3726,23,2026-08-04T04:38:22Z
3727,21,2026-08-04T04:38:22Z
3728,21,2026-08-04T04:38:24Z
3729,22,2026-08-04T04:38:27Z
3730,23,2026-08-04T04:38:29Z
3731,26,2026-08-04T04:38:32Z
3732,27,2026-08-04T04:38:36Z
3733,25,2026-08-04T04:38:39Z
3734,24,2026-08-04T04:38:42Z
3735,23,2026-08-04T04:38:45Z
3736,24,2026-08-04T04:38:47Z
3737,20,2026-08-04T04:38:50Z
3738,22,2026-08-04T04:38:52Z
3739,19,2026-08-04T04:38:54Z
3740,21,2026-08-04T04:38:56Z
3741,24,2026-08-04T04:38:58Z
3742,21,2026-08-04T04:39:00Z
3743,20,2026-08-04T04:39:02Z
3744,20,2026-08-04T04:39:05Z
3745,19,2026-08-04T04:39:07Z
3746,20,2026-08-04T04:39:09Z
3747,18,2026-08-04T04:39:11Z
3748,17,2026-08-04T04:39:15Z
3749,18,2026-08-04T04:39:18Z
3750,19,2026-08-04T04:39:20Z
3751,18,2026-08-04T04:39:22Z
3752,16,2026-08-04T04:39:23Z
3753,17,2026-08-04T04:39:26Z
3754,19,2026-08-04T04:39:28Z
3755,18,2026-08-04T04:39:31Z
3756,21,2026-08-04T04:39:32Z
3757,17,2026-08-04T04:39:34Z
3758,19,2026-08-04T04:39:37Z
3759,19,2026-08-04T04:39:39Z
3760,24,2026-08-04T04:39:42Z
3761,23,2026-08-04T04:39:43Z
3762,26,2026-08-04T04:39:46Z
3763,29,2026-08-04T04:39:50Z
3764,30,2026-08-04T04:39:54Z
3765,35,2026-08-04T04:39:58Z
3766,33,2026-08-04T04:40:02Z
3767,40,2026-08-04T04:40:06Z
3768,36,2026-08-04T04:40:09Z
3769,40,2026-08-04T04:40:13Z
3770,38,2026-08-04T04:40:16Z
3771,35,2026-08-04T04:40:20Z
3772,35,2026-08-04T04:40:25Z
3773,38,2026-08-04T04:40:28Z
3774,34,2026-08-04T04:40:32Z
3775,34,2026-08-04T04:40:36Z
3776,34,2026-08-04T04:40:39Z
3777,31,2026-08-04T04:40:41Z
3778,34,2026-08-04T04:40:43Z
3779,28,2026-08-04T04:40:46Z
3780,30,2026-08-04T04:40:49Z
3781,29,2026-08-04T04:40:52Z
3782,29,2026-08-04T04:40:55Z
3783,28,2026-08-04T04:40:58Z
3784,25,2026-08-04T04:41:01Z
3785,27,2026-08-04T04:41:03Z
3786,27,2026-08-04T04:41:06Z
3787,25,2026-08-04T04:41:08Z
3788,25,2026-08-04T04:41:11Z
3789,22,2026-08-04T04:41:13Z
3790,22,2026-08-04T04:41:14Z
3791,24,2026-08-04T04:41:16Z
3792,20,2026-08-04T04:41:18Z
3793,19,2026-08-04T04:41:22Z
3794,18,2026-08-04T04:41:24Z
3795,19,2026-08-04T04:41:25Z
3796,20,2026-08-04T04:41:31Z
3797,23,2026-08-04T04:41:32Z
3798,21,2026-08-04T04:41:36Z
3799,18,2026-08-04T04:41:37Z
3800,17,2026-08-04T04:41:39Z
3801,16,2026-08-04T04:41:40Z
3802,15,2026-08-04T04:41:42Z
3803,14,2026-08-04T04:41:44Z
3804,16,2026-08-04T04:41:46Z
3805,18,2026-08-04T04:41:48Z
3806,19,2026-08-04T04:41:49Z
3807,18,2026-08-04T04:41:51Z
3808,16,2026-08-04T04:41:53Z
3809,18,2026-08-04T04:41:55Z
3810,17,2026-08-04T04:41:56Z
3811,16,2026-08-04T04:41:58Z
3812,17,2026-08-04T04:42:02Z
3813,21,2026-08-04T04:42:06Z
3814,19,2026-08-04T04:42:08Z
3815,18,2026-08-04T04:42:10Z
3816,19,2026-08-04T04:42:12Z
3817,18,2026-08-04T04:42:15Z
3818,20,2026-08-04T04:42:17Z
3819,22,2026-08-04T04:42:19Z
3820,25,2026-08-04T04:42:22Z
3821,23,2026-08-04T04:42:25Z
3822,22,2026-08-04T04:42:28Z
3823,27,2026-08-04T04:42:31Z
3824,29,2026-08-04T04:42:36Z
3825,32,2026-08-04T04:42:39Z
3826,32,2026-08-04T04:42:42Z
3827,35,2026-08-04T04:42:46Z
3828,31,2026-08-04T04:42:49Z
3829,30,2026-08-04T04:42:56Z
3830,33,2026-08-04T04:42:57Z
3831,31,2026-08-04T04:43:03Z
3832,33,2026-08-04T04:43:09Z
3833,33,2026-08-04T04:43:12Z
3834,30,2026-08-04T04:43:13Z
3835,30,2026-08-04T04:43:17Z
3836,31,2026-08-04T04:43:20Z
3837,31,2026-08-04T04:43:24Z
3838,29,2026-08-04T04:43:27Z
3839,32,2026-08-04T04:43:30Z
3840,28,2026-08-04T04:43:31Z
3841,27,2026-08-04T04:43:33Z
3842,30,2026-08-04T04:43:37Z
3843,30,2026-08-04T04:43:45Z
3844,32,2026-08-04T04:43:46Z
3845,31,2026-08-04T04:43:49Z
3846,29,2026-08-04T04:43:52Z
3847,29,2026-08-04T04:43:55Z
3848,28,2026-08-04T04:43:57Z
3849,30,2026-08-04T04:44:00Z
3850,23,2026-08-04T04:44:03Z
3851,26,2026-08-04T04:44:06Z
3852,23,2026-08-04T04:44:08Z
3853,25,2026-08-04T04:44:10Z
3854,22,2026-08-04T04:44:13Z
3855,23,2026-08-04T04:44:17Z
3856,20,2026-08-04T04:44:20Z
3857,23,2026-08-04T04:44:24Z
3858,23,2026-08-04T04:44:25Z
3859,21,2026-08-04T04:44:27Z
3860,20,2026-08-04T04:44:29Z
3861,24,2026-08-04T04:44:31Z
3862,24,2026-08-04T04:44:34Z
3863,24,2026-08-04T04:44:37Z
3864,27,2026-08-04T04:44:40Z
3865,23,2026-08-04T04:44:43Z
3866,24,2026-08-04T04:44:45Z
3867,24,2026-08-04T04:44:48Z
3868,25,2026-08-04T04:44:51Z
3869,27,2026-08-04T04:44:54Z
3870,26,2026-08-04T04:44:56Z
3871,30,2026-08-04T04:44:59Z
3872,29,2026-08-04T04:45:01Z
3873,29,2026-08-04T04:45:03Z
3874,29,2026-08-04T04:45:07Z
3875,29,2026-08-04T04:45:09Z
3876,24,2026-08-04T04:45:11Z
3877,25,2026-08-04T04:45:14Z
3878,22,2026-08-04T04:45:17Z
3879,22,2026-08-04T04:45:19Z
3880,22,2026-08-04T04:45:22Z
3881,22,2026-08-04T04:45:25Z
3882,22,2026-08-04T04:45:27Z
3883,22,2026-08-04T04:45:29Z
3884,26,2026-08-04T04:45:32Z
3885,22,2026-08-04T04:45:34Z
3886,22,2026-08-04T04:45:35Z
3887,19,2026-08-04T04:45:38Z
3888,20,2026-08-04T04:45:40Z
3889,18,2026-08-04T04:45:42Z
3890,20,2026-08-04T04:45:44Z
3891,21,2026-08-04T04:45:46Z
3892,22,2026-08-04T04:45:48Z
3893,20,2026-08-04T04:45:51Z
3894,23,2026-08-04T04:45:53Z
3895,25,2026-08-04T04:45:56Z
3896,27,2026-08-04T04:45:58Z
3897,26,2026-08-04T04:46:01Z
3898,31,2026-08-04T04:46:04Z
3899,23,2026-08-04T04:46:06Z
3900,22,2026-08-04T04:46:08Z
3901,26,2026-08-04T04:46:10Z
3902,23,2026-08-04T04:46:12Z
3903,22,2026-08-04T04:46:14Z
3904,20,2026-08-04T04:46:16Z
3905,20,2026-08-04T04:46:18Z
3906,19,2026-08-04T04:46:21Z
3907,20,2026-08-04T04:46:24Z
3908,20,2026-08-04T04:46:26Z
3909,22,2026-08-04T04:46:29Z
3910,21,2026-08-04T04:46:32Z
3911,19,2026-08-04T04:46:34Z
3912,23,2026-08-04T04:46:36Z
3913,21,2026-08-04T04:46:39Z
3914,22,2026-08-04T04:46:41Z
3915,25,2026-08-04T04:46:43Z
3916,25,2026-08-04T04:46:45Z
3917,25,2026-08-04T04:46:47Z
3918,26,2026-08-04T04:46:49Z
3919,29,2026-08-04T04:46:53Z
3920,26,2026-08-04T04:46:54Z
3921,27,2026-08-04T04:46:58Z
3922,26,2026-08-04T04:46:59Z
3923,22,2026-08-04T04:47:05Z
3924,24,2026-08-04T04:47:07Z
3925,25,2026-08-04T04:47:10Z
3926,25,2026-08-04T04:47:12Z
3927,24,2026-08-04T04:47:14Z
3928,21,2026-08-04T04:47:16Z
3929,24,2026-08-04T04:47:18Z
3930,22,2026-08-04T04:47:20Z
3931,23,2026-08-04T04:47:23Z
3932,21,2026-08-04T04:47:25Z
3933,23,2026-08-04T04:47:27Z
3934,22,2026-08-04T04:47:30Z
3935,19,2026-08-04T04:47:32Z
3936,20,2026-08-04T04:47:34Z
3937,21,2026-08-04T04:47:37Z
3938,22,2026-08-04T04:47:39Z
3939,21,2026-08-04T04:47:41Z
3940,21,2026-08-04T04:47:43Z
3941,21,2026-08-04T04:47:45Z
3942,24,2026-08-04T04:47:47Z
3943,21,2026-08-04T04:47:49Z
3944,22,2026-08-04T04:47:51Z
3945,21,2026-08-04T04:47:52Z
3946,19,2026-08-04T04:47:54Z
3947,22,2026-08-04T04:47:57Z
3948,21,2026-08-04T04:47:58Z
3949,24,2026-08-04T04:48:01Z
3950,23,2026-08-04T04:48:04Z
3951,22,2026-08-04T04:48:07Z
3952,23,2026-08-04T04:48:10Z
3953,23,2026-08-04T04:48:13Z
3954,21,2026-08-04T04:48:15Z
3955,22,2026-08-04T04:48:17Z
3956,18,2026-08-04T04:48:18Z
3957,18,2026-08-04T04:48:20Z
3958,18,2026-08-04T04:48:22Z
3959,19,2026-08-04T04:48:23Z
3960,18,2026-08-04T04:48:25Z
3961,19,2026-08-04T04:48:27Z
3962,19,2026-08-04T04:48:29Z
3963,22,2026-08-04T04:48:31Z
3964,19,2026-08-04T04:48:33Z
3965,18,2026-08-04T04:48:35Z
3966,20,2026-08-04T04:48:37Z
3967,18,2026-08-04T04:48:39Z
3968,18,2026-08-04T04:48:42Z
3969,19,2026-08-04T04:48:44Z
3970,22,2026-08-04T04:48:46Z
3971,21,2026-08-04T04:48:48Z
3972,21,2026-08-04T04:48:50Z
3973,19,2026-08-04T04:48:52Z
3974,19,2026-08-04T04:48:54Z
3975,18,2026-08-04T04:48:56Z
3976,19,2026-08-04T04:48:58Z
3977,19,2026-08-04T04:49:00Z
3978,22,2026-08-04T04:49:02Z
3979,23,2026-08-04T04:49:04Z
3980,20,2026-08-04T04:49:06Z
3981,18,2026-08-04T04:49:08Z
3982,22,2026-08-04T04:49:11Z
3983,18,2026-08-04T04:49:13Z
3984,19,2026-08-04T04:49:16Z
3985,20,2026-08-04T04:49:18Z
3986,21,2026-08-04T04:49:20Z
3987,23,2026-08-04T04:49:22Z
3988,23,2026-08-04T04:49:25Z
3989,25,2026-08-04T04:49:27Z
3990,28,2026-08-04T04:49:29Z
3991,29,2026-08-04T04:49:32Z
3992,30,2026-08-04T04:49:36Z
3993,30,2026-08-04T04:49:39Z
3994,33,2026-08-04T04:49:42Z
3995,32,2026-08-04T04:49:45Z
3996,28,2026-08-04T04:49:51Z
3997,29,2026-08-04T04:49:53Z
3998,28,2026-08-04T04:49:55Z
3999,29,2026-08-04T04:49:57Z
4000,30,2026-08-04T04:49:59Z
4001,28,2026-08-04T04:50:01Z
4002,27,2026-08-04T04:50:03Z
4003,26,2026-08-04T04:50:05Z
4004,25,2026-08-04T04:50:09Z
4005,28,2026-08-04T04:50:10Z
4006,27,2026-08-04T04:50:13Z
4007,27,2026-08-04T04:50:16Z
4008,26,2026-08-04T04:50:17Z
4009,25,2026-08-04T04:50:20Z
4010,27,2026-08-04T04:50:24Z
4011,25,2026-08-04T04:50:27Z
4012,24,2026-08-04T04:50:29Z
4013,24,2026-08-04T04:50:32Z
4014,25,2026-08-04T04:50:34Z
4015,27,2026-08-04T04:50:37Z
4016,25,2026-08-04T04:50:39Z
4017,27,2026-08-04T04:50:42Z
4018,24,2026-08-04T04:50:43Z
4019,25,2026-08-04T04:50:46Z
4020,25,2026-08-04T04:50:49Z
4021,22,2026-08-04T04:50:51Z
4022,24,2026-08-04T04:50:54Z
4023,24,2026-08-04T04:50:56Z
4024,24,2026-08-04T04:50:59Z
4025,25,2026-08-04T04:51:01Z
4026,25,2026-08-04T04:51:04Z
4027,24,2026-08-04T04:51:06Z
4028,23,2026-08-04T04:51:08Z
4029,25,2026-08-04T04:51:10Z
4030,21,2026-08-04T04:51:12Z
4031,21,2026-08-04T04:51:14Z
4032,22,2026-08-04T04:51:16Z
4033,23,2026-08-04T04:51:18Z
4034,24,2026-08-04T04:51:20Z
4035,21,2026-08-04T04:51:21Z
4036,22,2026-08-04T04:51:23Z
4037,24,2026-08-04T04:51:25Z
4038,24,2026-08-04T04:51:26Z
4039,23,2026-08-04T04:51:32Z
4040,22,2026-08-04T04:51:34Z
4041,23,2026-08-04T04:51:36Z
4042,21,2026-08-04T04:51:38Z
4043,20,2026-08-04T04:51:40Z
4044,21,2026-08-04T04:51:42Z
4045,24,2026-08-04T04:51:44Z
4046,24,2026-08-04T04:51:46Z
4047,22,2026-08-04T04:51:48Z
4048,22,2026-08-04T04:51:51Z
4049,25,2026-08-04T04:51:54Z
4050,23,2026-08-04T04:51:57Z
4051,24,2026-08-04T04:51:59Z
4052,28,2026-08-04T04:52:02Z
4053,23,2026-08-04T04:52:05Z
4054,25,2026-08-04T04:52:05Z
4055,23,2026-08-04T04:52:08Z
4056,24,2026-08-04T04:52:10Z
4057,23,2026-08-04T04:52:13Z
4058,24,2026-08-04T04:52:14Z
4059,24,2026-08-04T04:52:16Z
4060,23,2026-08-04T04:52:19Z
4061,24,2026-08-04T04:52:21Z
4062,23,2026-08-04T04:52:23Z
4063,24,2026-08-04T04:52:25Z
4064,24,2026-08-04T04:52:26Z
4065,22,2026-08-04T04:52:29Z
4066,21,2026-08-04T04:52:30Z
4067,18,2026-08-04T04:52:32Z
4068,19,2026-08-04T04:52:35Z
4069,20,2026-08-04T04:52:38Z
4070,19,2026-08-04T04:52:41Z
4071,19,2026-08-04T04:52:43Z
4072,22,2026-08-04T04:52:45Z
4073,21,2026-08-04T04:52:46Z
4074,18,2026-08-04T04:52:48Z
4075,22,2026-08-04T04:52:50Z
4076,22,2026-08-04T04:52:52Z
4077,22,2026-08-04T04:52:54Z
4078,24,2026-08-04T04:52:56Z
4079,26,2026-08-04T04:52:58Z
4080,22,2026-08-04T04:53:00Z
4081,23,2026-08-04T04:53:03Z
4082,25,2026-08-04T04:53:05Z
4083,25,2026-08-04T04:53:09Z
4084,26,2026-08-04T04:53:13Z
4085,25,2026-08-04T04:53:15Z
4086,23,2026-08-04T04:53:17Z
4087,24,2026-08-04T04:53:19Z
4088,19,2026-08-04T04:53:21Z
4089,21,2026-08-04T04:53:23Z
4090,20,2026-08-04T04:53:25Z
4091,19,2026-08-04T04:53:27Z
4092,19,2026-08-04T04:53:28Z
4093,18,2026-08-04T04:53:29Z
4094,17,2026-08-04T04:53:31Z
4095,18,2026-08-04T04:53:32Z
4096,17,2026-08-04T04:53:34Z
4097,22,2026-08-04T04:53:37Z
4098,19,2026-08-04T04:53:39Z
4099,19,2026-08-04T04:53:41Z
4100,19,2026-08-04T04:53:43Z
4101,18,2026-08-04T04:53:45Z
4102,18,2026-08-04T04:53:48Z
4103,18,2026-08-04T04:53:50Z
4104,17,2026-08-04T04:53:52Z
4105,16,2026-08-04T04:53:54Z
4106,18,2026-08-04T04:53:56Z
4107,21,2026-08-04T04:53:58Z
4108,20,2026-08-04T04:54:00Z
4109,20,2026-08-04T04:54:01Z
4110,19,2026-08-04T04:54:03Z
4111,20,2026-08-04T04:54:04Z
4112,20,2026-08-04T04:54:06Z
4113,23,2026-08-04T04:54:09Z
4114,18,2026-08-04T04:54:10Z
4115,21,2026-08-04T04:54:13Z
4116,21,2026-08-04T04:54:16Z
4117,23,2026-08-04T04:54:18Z
4118,23,2026-08-04T04:54:21Z
4119,27,2026-08-04T04:54:23Z
4120,24,2026-08-04T04:54:26Z
4121,27,2026-08-04T04:54:28Z
4122,24,2026-08-04T04:54:30Z
4123,24,2026-08-04T04:54:32Z
4124,24,2026-08-04T04:54:34Z
4125,25,2026-08-04T04:54:36Z
4126,25,2026-08-04T04:54:40Z
4127,30,2026-08-04T04:54:41Z
4128,30,2026-08-04T04:54:43Z
4129,30,2026-08-04T04:54:46Z
4130,29,2026-08-04T04:54:49Z
4131,26,2026-08-04T04:54:52Z
4132,26,2026-08-04T04:54:56Z
4133,26,2026-08-04T04:54:57Z
4134,22,2026-08-04T04:54:59Z
4135,21,2026-08-04T04:55:01Z
4136,20,2026-08-04T04:55:03Z
4137,21,2026-08-04T04:55:05Z
4138,19,2026-08-04T04:55:07Z
4139,20,2026-08-04T04:55:09Z
4140,20,2026-08-04T04:55:12Z
4141,19,2026-08-04T04:55:14Z
4142,22,2026-08-04T04:55:16Z
4143,23,2026-08-04T04:55:18Z
4144,24,2026-08-04T04:55:24Z
4145,25,2026-08-04T04:55:26Z
4146,23,2026-08-04T04:55:27Z
4147,25,2026-08-04T04:55:30Z
4148,23,2026-08-04T04:55:32Z
4149,25,2026-08-04T04:55:34Z
4150,24,2026-08-04T04:55:35Z
4151,28,2026-08-04T04:55:38Z
4152,32,2026-08-04T04:55:41Z
4153,24,2026-08-04T04:55:43Z
4154,24,2026-08-04T04:55:44Z
4155,24,2026-08-04T04:55:47Z
4156,20,2026-08-04T04:55:48Z
4157,21,2026-08-04T04:55:50Z
4158,19,2026-08-04T04:55:52Z
4159,18,2026-08-04T04:55:55Z
4160,19,2026-08-04T04:55:58Z
4161,21,2026-08-04T04:56:01Z
4162,18,2026-08-04T04:56:03Z
4163,18,2026-08-04T04:56:05Z
4164,21,2026-08-04T04:56:07Z
4165,20,2026-08-04T04:56:09Z
4166,17,2026-08-04T04:56:11Z
4167,18,2026-08-04T04:56:13Z
4168,19,2026-08-04T04:56:15Z
4169,21,2026-08-04T04:56:17Z
4170,21,2026-08-04T04:56:19Z
4171,20,2026-08-04T04:56:20Z
4172,23,2026-08-04T04:56:22Z
4173,25,2026-08-04T04:56:26Z
4174,24,2026-08-04T04:56:30Z
4175,28,2026-08-04T04:56:34Z
4176,28,2026-08-04T04:56:34Z
4177,28,2026-08-04T04:56:38Z
4178,31,2026-08-04T04:56:41Z
4179,25,2026-08-04T04:56:44Z
4180,26,2026-08-04T04:56:45Z
4181,23,2026-08-04T04:56:48Z
4182,22,2026-08-04T04:56:51Z
4183,22,2026-08-04T04:56:51Z
4184,18,2026-08-04T04:56:53Z
4185,19,2026-08-04T04:56:55Z
4186,17,2026-08-04T04:56:57Z
4187,19,2026-08-04T04:56:59Z
4188,21,2026-08-04T04:57:01Z
4189,18,2026-08-04T04:57:04Z
4190,18,2026-08-04T04:57:06Z
4191,20,2026-08-04T04:57:08Z
4192,17,2026-08-04T04:57:11Z
4193,20,2026-08-04T04:57:13Z
4194,18,2026-08-04T04:57:15Z
4195,16,2026-08-04T04:57:17Z
4196,17,2026-08-04T04:57:18Z
4197,17,2026-08-04T04:57:19Z
4198,17,2026-08-04T04:57:21Z
4199,18,2026-08-04T04:57:22Z
4200,19,2026-08-04T04:57:24Z
4201,18,2026-08-04T04:57:25Z
4202,20,2026-08-04T04:57:27Z
4203,20,2026-08-04T04:57:29Z
4204,19,2026-08-04T04:57:32Z
4205,18,2026-08-04T04:57:35Z
4206,19,2026-08-04T04:57:38Z
4207,19,2026-08-04T04:57:40Z
4208,19,2026-08-04T04:57:42Z
4209,18,2026-08-04T04:57:44Z
4210,18,2026-08-04T04:57:46Z
4211,19,2026-08-04T04:57:48Z
4212,23,2026-08-04T04:57:51Z
4213,22,2026-08-04T04:57:53Z
4214,24,2026-08-04T04:57:55Z
4215,22,2026-08-04T04:57:58Z
4216,22,2026-08-04T04:58:00Z
4217,24,2026-08-04T04:58:02Z
4218,23,2026-08-04T04:58:03Z
4219,22,2026-08-04T04:58:10Z
4220,20,2026-08-04T04:58:13Z
4221,17,2026-08-04T04:58:15Z
4222,17,2026-08-04T04:58:17Z
4223,18,2026-08-04T04:58:19Z
4224,17,2026-08-04T04:58:21Z
4225,19,2026-08-04T04:58:22Z
4226,17,2026-08-04T04:58:24Z
4227,16,2026-08-04T04:58:26Z
4228,15,2026-08-04T04:58:28Z
4229,15,2026-08-04T04:58:31Z
4230,18,2026-08-04T04:58:32Z
4231,17,2026-08-04T04:58:33Z
4232,22,2026-08-04T04:58:36Z
4233,23,2026-08-04T04:58:39Z
4234,21,2026-08-04T04:58:42Z
4235,21,2026-08-04T04:58:45Z
4236,21,2026-08-04T04:58:47Z
4237,19,2026-08-04T04:58:49Z
4238,16,2026-08-04T04:58:51Z
4239,15,2026-08-04T04:58:53Z
4240,17,2026-08-04T04:58:55Z
4241,17,2026-08-04T04:58:56Z
4242,16,2026-08-04T04:58:58Z
4243,18,2026-08-04T04:58:59Z
4244,15,2026-08-04T04:59:02Z
4245,15,2026-08-04T04:59:04Z
4246,16,2026-08-04T04:59:06Z
4247,18,2026-08-04T04:59:08Z
4248,16,2026-08-04T04:59:10Z
4249,18,2026-08-04T04:59:12Z
4250,18,2026-08-04T04:59:14Z
4251,19,2026-08-04T04:59:16Z
4252,20,2026-08-04T04:59:18Z
4253,23,2026-08-04T04:59:20Z
4254,19,2026-08-04T04:59:22Z
4255,21,2026-08-04T04:59:25Z
4256,21,2026-08-04T04:59:27Z
4257,21,2026-08-04T04:59:29Z
4258,22,2026-08-04T04:59:31Z
4259,25,2026-08-04T04:59:33Z
4260,27,2026-08-04T04:59:35Z
4261,27,2026-08-04T04:59:37Z
4262,32,2026-08-04T04:59:40Z
4263,28,2026-08-04T04:59:43Z
4264,26,2026-08-04T04:59:46Z
4265,24,2026-08-04T04:59:49Z
4266,26,2026-08-04T04:59:51Z
4267,27,2026-08-04T04:59:54Z
4268,27,2026-08-04T04:59:57Z
4269,29,2026-08-04T05:00:00Z
4270,29,2026-08-04T05:00:03Z
4271,29,2026-08-04T05:00:05Z
4272,29,2026-08-04T05:00:08Z
4273,25,2026-08-04T05:00:11Z
4274,29,2026-08-04T05:00:14Z
4275,29,2026-08-04T05:00:16Z
4276,24,2026-08-04T05:00:18Z
4277,21,2026-08-04T05:00:24Z
4278,22,2026-08-04T05:00:26Z
4279,18,2026-08-04T05:00:28Z
4280,20,2026-08-04T05:00:29Z
4281,19,2026-08-04T05:00:30Z
4282,18,2026-08-04T05:00:32Z
4283,21,2026-08-04T05:00:34Z
4284,19,2026-08-04T05:00:36Z
4285,19,2026-08-04T05:00:37Z
4286,19,2026-08-04T05:00:39Z
4287,17,2026-08-04T05:00:41Z
4288,21,2026-08-04T05:00:42Z
4289,17,2026-08-04T05:00:44Z
4290,19,2026-08-04T05:00:46Z
4291,15,2026-08-04T05:00:48Z
4292,16,2026-08-04T05:00:49Z
4293,15,2026-08-04T05:00:52Z
4294,14,2026-08-04T05:00:54Z
4295,17,2026-08-04T05:00:56Z
4296,19,2026-08-04T05:00:59Z
4297,19,2026-08-04T05:01:01Z
4298,15,2026-08-04T05:01:03Z
4299,15,2026-08-04T05:01:05Z
4300,16,2026-08-04T05:01:06Z
4301,17,2026-08-04T05:01:07Z
4302,19,2026-08-04T05:01:09Z
4303,18,2026-08-04T05:01:11Z
4304,19,2026-08-04T05:01:13Z
4305,17,2026-08-04T05:01:16Z
4306,20,2026-08-04T05:01:18Z
4307,20,2026-08-04T05:01:20Z
4308,18,2026-08-04T05:01:23Z
4309,20,2026-08-04T05:01:26Z
4310,19,2026-08-04T05:01:29Z
4311,20,2026-08-04T05:01:32Z
4312,19,2026-08-04T05:01:34Z
4313,17,2026-08-04T05:01:36Z
4314,15,2026-08-04T05:01:38Z
4315,16,2026-08-04T05:01:39Z
4316,18,2026-08-04T05:01:41Z
4317,17,2026-08-04T05:01:43Z
4318,17,2026-08-04T05:01:45Z
4319,17,2026-08-04T05:01:47Z
4320,18,2026-08-04T05:01:49Z
4321,24,2026-08-04T05:01:52Z
4322,23,2026-08-04T05:01:54Z
4323,25,2026-08-04T05:01:56Z
4324,25,2026-08-04T05:01:58Z
4325,24,2026-08-04T05:02:02Z
4326,23,2026-08-04T05:02:06Z
4327,25,2026-08-04T05:02:10Z
4328,25,2026-08-04T05:02:13Z
4329,24,2026-08-04T05:02:16Z
4330,23,2026-08-04T05:02:19Z
4331,23,2026-08-04T05:02:22Z
4332,29,2026-08-04T05:02:25Z
4333,28,2026-08-04T05:02:27Z
4334,30,2026-08-04T05:02:30Z
4335,28,2026-08-04T05:02:33Z
4336,30,2026-08-04T05:02:36Z
4337,24,2026-08-04T05:02:39Z
4338,24,2026-08-04T05:02:42Z
4339,26,2026-08-04T05:02:45Z
4340,30,2026-08-04T05:02:48Z
4341,29,2026-08-04T05:02:51Z
4342,29,2026-08-04T05:02:54Z
4343,25,2026-08-04T05:02:56Z
4344,25,2026-08-04T05:03:00Z
4345,22,2026-08-04T05:03:01Z
4346,21,2026-08-04T05:03:03Z
4347,20,2026-08-04T05:03:05Z
4348,22,2026-08-04T05:03:10Z
4349,20,2026-08-04T05:03:13Z
4350,18,2026-08-04T05:03:14Z
4351,20,2026-08-04T05:03:16Z
4352,20,2026-08-04T05:03:17Z
4353,20,2026-08-04T05:03:19Z
4354,18,2026-08-04T05:03:21Z
4355,20,2026-08-04T05:03:22Z
4356,20,2026-08-04T05:03:24Z
4357,24,2026-08-04T05:03:25Z
4358,20,2026-08-04T05:03:27Z
4359,19,2026-08-04T05:03:29Z
4360,17,2026-08-04T05:03:31Z
4361,19,2026-08-04T05:03:33Z
4362,18,2026-08-04T05:03:34Z
4363,20,2026-08-04T05:03:36Z
4364,17,2026-08-04T05:03:39Z
4365,19,2026-08-04T05:03:41Z
4366,18,2026-08-04T05:03:44Z
4367,21,2026-08-04T05:03:46Z
4368,20,2026-08-04T05:03:48Z
4369,18,2026-08-04T05:03:51Z
4370,20,2026-08-04T05:03:53Z
4371,21,2026-08-04T05:03:55Z
4372,20,2026-08-04T05:03:56Z
4373,19,2026-08-04T05:03:59Z
4374,20,2026-08-04T05:04:01Z
4375,19,2026-08-04T05:04:03Z
4376,20,2026-08-04T05:04:05Z
4377,20,2026-08-04T05:04:08Z
4378,20,2026-08-04T05:04:11Z
4379,19,2026-08-04T05:04:14Z
4380,18,2026-08-04T05:04:17Z
4381,19,2026-08-04T05:04:19Z
4382,18,2026-08-04T05:04:21Z
4383,19,2026-08-04T05:04:23Z
4384,22,2026-08-04T05:04:25Z
4385,24,2026-08-04T05:04:27Z
4386,22,2026-08-04T05:04:29Z
4387,21,2026-08-04T05:04:31Z
4388,27,2026-08-04T05:04:33Z
4389,23,2026-08-04T05:04:35Z
4390,23,2026-08-04T05:04:37Z
4391,21,2026-08-04T05:04:39Z
4392,19,2026-08-04T05:04:42Z
4393,20,2026-08-04T05:04:44Z
4394,21,2026-08-04T05:04:46Z
4395,17,2026-08-04T05:04:49Z
4396,18,2026-08-04T05:04:51Z
4397,19,2026-08-04T05:04:53Z
4398,20,2026-08-04T05:04:56Z
4399,18,2026-08-04T05:04:58Z
4400,17,2026-08-04T05:05:00Z
4401,17,2026-08-04T05:05:02Z
4402,18,2026-08-04T05:05:04Z
4403,17,2026-08-04T05:05:07Z
4404,18,2026-08-04T05:05:09Z
4405,17,2026-08-04T05:05:11Z
4406,19,2026-08-04T05:05:13Z
4407,17,2026-08-04T05:05:16Z
4408,16,2026-08-04T05:05:18Z
4409,18,2026-08-04T05:05:20Z
4410,18,2026-08-04T05:05:22Z
4411,17,2026-08-04T05:05:25Z
4412,18,2026-08-04T05:05:27Z
4413,18,2026-08-04T05:05:29Z
4414,22,2026-08-04T05:05:32Z
4415,23,2026-08-04T05:05:34Z
4416,19,2026-08-04T05:05:36Z
4417,22,2026-08-04T05:05:38Z
4418,22,2026-08-04T05:05:40Z
4419,19,2026-08-04T05:05:42Z
4420,18,2026-08-04T05:05:44Z
4421,22,2026-08-04T05:05:46Z
4422,20,2026-08-04T05:05:49Z
4423,17,2026-08-04T05:05:51Z
4424,18,2026-08-04T05:05:54Z
4425,20,2026-08-04T05:05:57Z
4426,20,2026-08-04T05:06:00Z
4427,21,2026-08-04T05:06:03Z
4428,26,2026-08-04T05:06:06Z
4429,29,2026-08-04T05:06:09Z
4430,27,2026-08-04T05:06:12Z
4431,24,2026-08-04T05:06:14Z
4432,22,2026-08-04T05:06:15Z
4433,23,2026-08-04T05:06:18Z
4434,22,2026-08-04T05:06:21Z
4435,25,2026-08-04T05:06:24Z
4436,23,2026-08-04T05:06:27Z
4437,25,2026-08-04T05:06:31Z
4438,17,2026-08-04T05:06:34Z
4439,18,2026-08-04T05:06:36Z
4440,18,2026-08-04T05:06:38Z
4441,19,2026-08-04T05:06:40Z
4442,18,2026-08-04T05:06:42Z
4443,20,2026-08-04T05:06:44Z
4444,19,2026-08-04T05:06:47Z
4445,18,2026-08-04T05:06:50Z
4446,17,2026-08-04T05:06:52Z
4447,21,2026-08-04T05:06:54Z
4448,20,2026-08-04T05:06:57Z
4449,20,2026-08-04T05:07:00Z
4450,22,2026-08-04T05:07:03Z
4451,23,2026-08-04T05:07:06Z
4452,25,2026-08-04T05:07:09Z
4453,26,2026-08-04T05:07:12Z
4454,26,2026-08-04T05:07:15Z
4455,26,2026-08-04T05:07:17Z
4456,23,2026-08-04T05:07:20Z
4457,21,2026-08-04T05:07:23Z
4458,20,2026-08-04T05:07:26Z
4459,21,2026-08-04T05:07:29Z
4460,24,2026-08-04T05:07:32Z
4461,25,2026-08-04T05:07:35Z
4462,25,2026-08-04T05:07:38Z
4463,27,2026-08-04T05:07:40Z
4464,29,2026-08-04T05:07:43Z
4465,28,2026-08-04T05:07:46Z
4466,28,2026-08-04T05:07:49Z
4467,24,2026-08-04T05:07:51Z
4468,27,2026-08-04T05:07:54Z
4469,27,2026-08-04T05:07:56Z
4470,25,2026-08-04T05:07:59Z
4471,25,2026-08-04T05:08:01Z
4472,27,2026-08-04T05:08:06Z
4473,25,2026-08-04T05:08:10Z
4474,26,2026-08-04T05:08:12Z
4475,26,2026-08-04T05:08:14Z
4476,26,2026-08-04T05:08:16Z
4477,25,2026-08-04T05:08:18Z
4478,24,2026-08-04T05:08:20Z
4479,22,2026-08-04T05:08:22Z
4480,17,2026-08-04T05:08:25Z
4481,18,2026-08-04T05:08:26Z
4482,17,2026-08-04T05:08:27Z
4483,16,2026-08-04T05:08:29Z
4484,19,2026-08-04T05:08:31Z
4485,17,2026-08-04T05:08:33Z
4486,16,2026-08-04T05:08:34Z
4487,15,2026-08-04T05:08:36Z
4488,17,2026-08-04T05:08:38Z
4489,16,2026-08-04T05:08:40Z
4490,17,2026-08-04T05:08:42Z
4491,17,2026-08-04T05:08:45Z
4492,17,2026-08-04T05:08:47Z
4493,23,2026-08-04T05:08:50Z
4494,21,2026-08-04T05:08:52Z
4495,22,2026-08-04T05:08:55Z
4496,22,2026-08-04T05:08:57Z
4497,25,2026-08-04T05:08:59Z
4498,25,2026-08-04T05:09:00Z
4499,25,2026-08-04T05:09:02Z
4500,22,2026-08-04T05:09:03Z
4501,22,2026-08-04T05:09:07Z
4502,22,2026-08-04T05:09:08Z
4503,21,2026-08-04T05:09:10Z
4504,24,2026-08-04T05:09:11Z
4505,22,2026-08-04T05:09:16Z
4506,22,2026-08-04T05:09:20Z
4507,19,2026-08-04T05:09:21Z
4508,19,2026-08-04T05:09:23Z
4509,20,2026-08-04T05:09:24Z
4510,19,2026-08-04T05:09:26Z
4511,20,2026-08-04T05:09:29Z
4512,20,2026-08-04T05:09:31Z
4513,20,2026-08-04T05:09:32Z
4514,18,2026-08-04T05:09:34Z
4515,19,2026-08-04T05:09:36Z
4516,19,2026-08-04T05:09:37Z
4517,18,2026-08-04T05:09:39Z
4518,20,2026-08-04T05:09:41Z
4519,19,2026-08-04T05:09:43Z
4520,22,2026-08-04T05:09:45Z
4521,20,2026-08-04T05:09:48Z
4522,20,2026-08-04T05:09:51Z
4523,18,2026-08-04T05:09:53Z
4524,17,2026-08-04T05:09:55Z
4525,19,2026-08-04T05:09:57Z
4526,16,2026-08-04T05:09:58Z
4527,16,2026-08-04T05:10:00Z
4528,17,2026-08-04T05:10:02Z
4529,18,2026-08-04T05:10:04Z
4530,19,2026-08-04T05:10:06Z
4531,21,2026-08-04T05:10:07Z
4532,19,2026-08-04T05:10:09Z
4533,19,2026-08-04T05:10:11Z
4534,21,2026-08-04T05:10:13Z
4535,20,2026-08-04T05:10:14Z
4536,20,2026-08-04T05:10:16Z
4537,22,2026-08-04T05:10:18Z
4538,21,2026-08-04T05:10:21Z
4539,19,2026-08-04T05:10:24Z
4540,22,2026-08-04T05:10:26Z
4541,25,2026-08-04T05:10:29Z
4542,25,2026-08-04T05:10:31Z
4543,25,2026-08-04T05:10:34Z
4544,24,2026-08-04T05:10:36Z
4545,24,2026-08-04T05:10:39Z
4546,27,2026-08-04T05:10:41Z
4547,24,2026-08-04T05:10:44Z
4548,23,2026-08-04T05:10:46Z
4549,22,2026-08-04T05:10:48Z
4550,25,2026-08-04T05:10:51Z
4551,20,2026-08-04T05:10:53Z
4552,22,2026-08-04T05:10:55Z
4553,19,2026-08-04T05:10:58Z
4554,17,2026-08-04T05:11:00Z
4555,16,2026-08-04T05:11:02Z
4556,18,2026-08-04T05:11:05Z
4557,18,2026-08-04T05:11:07Z
4558,16,2026-08-04T05:11:09Z
4559,16,2026-08-04T05:11:10Z
4560,18,2026-08-04T05:11:12Z
4561,17,2026-08-04T05:11:14Z
4562,16,2026-08-04T05:11:16Z
4563,15,2026-08-04T05:11:19Z
4564,16,2026-08-04T05:11:21Z
4565,15,2026-08-04T05:11:24Z
4566,15,2026-08-04T05:11:26Z
4567,15,2026-08-04T05:11:28Z
4568,19,2026-08-04T05:11:31Z
4569,19,2026-08-04T05:11:33Z
4570,22,2026-08-04T05:11:35Z
4571,21,2026-08-04T05:11:37Z
4572,19,2026-08-04T05:11:38Z
4573,23,2026-08-04T05:11:41Z
4574,25,2026-08-04T05:11:44Z
4575,23,2026-08-04T05:11:47Z
4576,23,2026-08-04T05:11:50Z
4577,27,2026-08-04T05:11:53Z
4578,29,2026-08-04T05:11:57Z
4579,25,2026-08-04T05:12:01Z
4580,26,2026-08-04T05:12:05Z
4581,25,2026-08-04T05:12:09Z
4582,31,2026-08-04T05:12:11Z
4583,29,2026-08-04T05:12:14Z
4584,23,2026-08-04T05:12:17Z
4585,25,2026-08-04T05:12:20Z
4586,24,2026-08-04T05:12:23Z
4587,24,2026-08-04T05:12:25Z
4588,23,2026-08-04T05:12:27Z
4589,22,2026-08-04T05:12:29Z
4590,23,2026-08-04T05:12:31Z
4591,22,2026-08-04T05:12:33Z
4592,23,2026-08-04T05:12:36Z
4593,22,2026-08-04T05:12:38Z
4594,20,2026-08-04T05:12:41Z
4595,23,2026-08-04T05:12:43Z
4596,21,2026-08-04T05:12:45Z
4597,21,2026-08-04T05:12:47Z
4598,21,2026-08-04T05:12:48Z
4599,21,2026-08-04T05:12:50Z
4600,19,2026-08-04T05:12:52Z
4601,19,2026-08-04T05:12:54Z
4602,19,2026-08-04T05:12:56Z
4603,17,2026-08-04T05:12:58Z
4604,17,2026-08-04T05:13:01Z
4605,19,2026-08-04T05:13:03Z
4606,18,2026-08-04T05:13:04Z
4607,17,2026-08-04T05:13:05Z
4608,18,2026-08-04T05:13:08Z
4609,18,2026-08-04T05:13:11Z
4610,20,2026-08-04T05:13:14Z
4611,17,2026-08-04T05:13:16Z
4612,18,2026-08-04T05:13:18Z
4613,17,2026-08-04T05:13:20Z
4614,18,2026-08-04T05:13:21Z
4615,19,2026-08-04T05:13:23Z
4616,15,2026-08-04T05:13:25Z
4617,18,2026-08-04T05:13:27Z
4618,18,2026-08-04T05:13:29Z
4619,17,2026-08-04T05:13:29Z
4620,16,2026-08-04T05:13:32Z
4621,18,2026-08-04T05:13:34Z
4622,18,2026-08-04T05:13:36Z
4623,18,2026-08-04T05:13:38Z
4624,21,2026-08-04T05:13:41Z
4625,21,2026-08-04T05:13:43Z
4626,21,2026-08-04T05:13:46Z
4627,26,2026-08-04T05:13:48Z
4628,23,2026-08-04T05:13:51Z
4629,20,2026-08-04T05:13:53Z
4630,22,2026-08-04T05:13:55Z
4631,24,2026-08-04T05:13:57Z
4632,24,2026-08-04T05:14:00Z
4633,24,2026-08-04T05:14:02Z
4634,23,2026-08-04T05:14:04Z
4635,24,2026-08-04T05:14:06Z
4636,22,2026-08-04T05:14:08Z
4637,22,2026-08-04T05:14:10Z
4638,20,2026-08-04T05:14:11Z
4639,18,2026-08-04T05:14:17Z
4640,15,2026-08-04T05:14:19Z
4641,16,2026-08-04T05:14:20Z
4642,19,2026-08-04T05:14:22Z
4643,16,2026-08-04T05:14:24Z
4644,19,2026-08-04T05:14:25Z
4645,19,2026-08-04T05:14:27Z
4646,18,2026-08-04T05:14:28Z
4647,17,2026-08-04T05:14:30Z
4648,21,2026-08-04T05:14:32Z
4649,19,2026-08-04T05:14:34Z
4650,18,2026-08-04T05:14:36Z
4651,18,2026-08-04T05:14:37Z
4652,18,2026-08-04T05:14:39Z
4653,18,2026-08-04T05:14:40Z
4654,19,2026-08-04T05:14:42Z
4655,18,2026-08-04T05:14:45Z
4656,17,2026-08-04T05:14:47Z
4657,17,2026-08-04T05:14:49Z
4658,18,2026-08-04T05:14:51Z
4659,17,2026-08-04T05:14:53Z
4660,19,2026-08-04T05:14:56Z
4661,19,2026-08-04T05:14:57Z
4662,17,2026-08-04T05:14:59Z
4663,19,2026-08-04T05:15:01Z
4664,17,2026-08-04T05:15:03Z
4665,18,2026-08-04T05:15:05Z
4666,18,2026-08-04T05:15:07Z
4667,17,2026-08-04T05:15:09Z
4668,18,2026-08-04T05:15:11Z
4669,15,2026-08-04T05:15:13Z
4670,16,2026-08-04T05:15:15Z
4671,16,2026-08-04T05:15:17Z
4672,13,2026-08-04T05:15:19Z
4673,13,2026-08-04T05:15:21Z
4674,16,2026-08-04T05:15:23Z
4675,15,2026-08-04T05:15:25Z
4676,14,2026-08-04T05:15:27Z
4677,15,2026-08-04T05:15:29Z
4678,18,2026-08-04T05:15:31Z
4679,18,2026-08-04T05:15:33Z
4680,17,2026-08-04T05:15:35Z
4681,17,2026-08-04T05:15:37Z
4682,19,2026-08-04T05:15:39Z
4683,17,2026-08-04T05:15:41Z
4684,17,2026-08-04T05:15:43Z
4685,19,2026-08-04T05:15:45Z
4686,21,2026-08-04T05:15:47Z
4687,19,2026-08-04T05:15:49Z
4688,18,2026-08-04T05:15:52Z
4689,17,2026-08-04T05:15:55Z
4690,20,2026-08-04T05:15:58Z
4691,22,2026-08-04T05:16:01Z
4692,20,2026-08-04T05:16:03Z
4693,19,2026-08-04T05:16:04Z
4694,16,2026-08-04T05:16:06Z
4695,17,2026-08-04T05:16:08Z
4696,17,2026-08-04T05:16:10Z
4697,18,2026-08-04T05:16:12Z
4698,17,2026-08-04T05:16:14Z
4699,21,2026-08-04T05:16:16Z
4700,23,2026-08-04T05:16:18Z
4701,18,2026-08-04T05:16:20Z
4702,17,2026-08-04T05:16:24Z
4703,19,2026-08-04T05:16:27Z
4704,21,2026-08-04T05:16:31Z
4705,19,2026-08-04T05:16:33Z
4706,21,2026-08-04T05:16:35Z
4707,22,2026-08-04T05:16:36Z
4708,22,2026-08-04T05:16:39Z
4709,19,2026-08-04T05:16:42Z
4710,21,2026-08-04T05:16:44Z
4711,22,2026-08-04T05:16:47Z
4712,19,2026-08-04T05:16:48Z
4713,20,2026-08-04T05:16:49Z
4714,20,2026-08-04T05:16:51Z
4715,22,2026-08-04T05:16:53Z
4716,19,2026-08-04T05:16:56Z
4717,19,2026-08-04T05:16:58Z
4718,23,2026-08-04T05:17:01Z
4719,17,2026-08-04T05:17:05Z
4720,18,2026-08-04T05:17:07Z
4721,19,2026-08-04T05:17:09Z
4722,19,2026-08-04T05:17:11Z
4723,20,2026-08-04T05:17:13Z
4724,22,2026-08-04T05:17:16Z
4725,23,2026-08-04T05:17:18Z
4726,23,2026-08-04T05:17:20Z
4727,19,2026-08-04T05:17:22Z
4728,18,2026-08-04T05:17:24Z
4729,20,2026-08-04T05:17:26Z
4730,19,2026-08-04T05:17:28Z
4731,20,2026-08-04T05:17:30Z
4732,19,2026-08-04T05:17:32Z
4733,19,2026-08-04T05:17:34Z
4734,21,2026-08-04T05:17:36Z
4735,23,2026-08-04T05:17:38Z
4736,19,2026-08-04T05:17:40Z
4737,24,2026-08-04T05:17:43Z
4738,20,2026-08-04T05:17:45Z
4739,20,2026-08-04T05:17:47Z
4740,22,2026-08-04T05:17:50Z
4741,19,2026-08-04T05:17:51Z
4742,23,2026-08-04T05:17:53Z
4743,22,2026-08-04T05:17:55Z
4744,24,2026-08-04T05:17:57Z
4745,23,2026-08-04T05:17:59Z
4746,21,2026-08-04T05:18:02Z
4747,22,2026-08-04T05:18:05Z
4748,21,2026-08-04T05:18:08Z
4749,20,2026-08-04T05:18:10Z
4750,23,2026-08-04T05:18:13Z
4751,19,2026-08-04T05:18:16Z
4752,20,2026-08-04T05:18:17Z
4753,25,2026-08-04T05:18:19Z
4754,20,2026-08-04T05:18:20Z
4755,20,2026-08-04T05:18:22Z
4756,20,2026-08-04T05:18:24Z
4757,24,2026-08-04T05:18:26Z
4758,19,2026-08-04T05:18:28Z
4759,21,2026-08-04T05:18:30Z
4760,20,2026-08-04T05:18:32Z
4761,22,2026-08-04T05:18:34Z
4762,21,2026-08-04T05:18:36Z
4763,21,2026-08-04T05:18:38Z
4764,23,2026-08-04T05:18:41Z
4765,23,2026-08-04T05:18:43Z
4766,21,2026-08-04T05:18:46Z
4767,25,2026-08-04T05:18:49Z
4768,21,2026-08-04T05:18:51Z
4769,21,2026-08-04T05:18:53Z
4770,20,2026-08-04T05:18:54Z
4771,18,2026-08-04T05:18:56Z
4772,19,2026-08-04T05:18:57Z
4773,18,2026-08-04T05:18:59Z
4774,23,2026-08-04T05:19:01Z
4775,20,2026-08-04T05:19:03Z
4776,21,2026-08-04T05:19:05Z
4777,24,2026-08-04T05:19:07Z
4778,21,2026-08-04T05:19:08Z
4779,22,2026-08-04T05:19:10Z
4780,22,2026-08-04T05:19:12Z
4781,20,2026-08-04T05:19:16Z
4782,22,2026-08-04T05:19:20Z
4783,20,2026-08-04T05:19:21Z
4784,19,2026-08-04T05:19:23Z
4785,21,2026-08-04T05:19:24Z
4786,18,2026-08-04T05:19:25Z
4787,18,2026-08-04T05:19:27Z
4788,18,2026-08-04T05:19:30Z
4789,17,2026-08-04T05:19:31Z
4790,18,2026-08-04T05:19:33Z
4791,22,2026-08-04T05:19:35Z
4792,18,2026-08-04T05:19:36Z
4793,21,2026-08-04T05:19:38Z
4794,21,2026-08-04T05:19:39Z
4795,18,2026-08-04T05:19:42Z
4796,21,2026-08-04T05:19:44Z
4797,22,2026-08-04T05:19:47Z
4798,24,2026-08-04T05:19:51Z
4799,20,2026-08-04T05:19:53Z
4800,21,2026-08-04T05:19:55Z
4801,20,2026-08-04T05:19:56Z
4802,21,2026-08-04T05:19:58Z
4803,21,2026-08-04T05:20:00Z
4804,22,2026-08-04T05:20:03Z
4805,20,2026-08-04T05:20:05Z
4806,22,2026-08-04T05:20:07Z
4807,21,2026-08-04T05:20:09Z
4808,22,2026-08-04T05:20:11Z
4809,23,2026-08-04T05:20:13Z
4810,23,2026-08-04T05:20:15Z
4811,20,2026-08-04T05:20:18Z
4812,18,2026-08-04T05:20:21Z
4813,22,2026-08-04T05:20:23Z
4814,25,2026-08-04T05:20:26Z
4815,22,2026-08-04T05:20:29Z
4816,21,2026-08-04T05:20:30Z
4817,21,2026-08-04T05:20:32Z
4818,24,2026-08-04T05:20:34Z
4819,21,2026-08-04T05:20:36Z
4820,21,2026-08-04T05:20:39Z
4821,19,2026-08-04T05:20:41Z
4822,20,2026-08-04T05:20:44Z
4823,19,2026-08-04T05:20:45Z
4824,19,2026-08-04T05:20:48Z
4825,20,2026-08-04T05:20:50Z
4826,17,2026-08-04T05:20:53Z
4827,21,2026-08-04T05:20:56Z
4828,19,2026-08-04T05:20:59Z
4829,17,2026-08-04T05:21:01Z
4830,20,2026-08-04T05:21:02Z
4831,22,2026-08-04T05:21:04Z
4832,21,2026-08-04T05:21:06Z
4833,19,2026-08-04T05:21:08Z
4834,20,2026-08-04T05:21:10Z
4835,21,2026-08-04T05:21:12Z
4836,19,2026-08-04T05:21:13Z
4837,19,2026-08-04T05:21:15Z
4838,20,2026-08-04T05:21:17Z
4839,23,2026-08-04T05:21:19Z
4840,19,2026-08-04T05:21:21Z
4841,19,2026-08-04T05:21:23Z
4842,22,2026-08-04T05:21:25Z
4843,21,2026-08-04T05:21:27Z
4844,21,2026-08-04T05:21:30Z
4845,20,2026-08-04T05:21:33Z
4846,22,2026-08-04T05:21:35Z
4847,21,2026-08-04T05:21:38Z
4848,25,2026-08-04T05:21:40Z
4849,24,2026-08-04T05:21:43Z
4850,24,2026-08-04T05:21:46Z
4851,22,2026-08-04T05:21:46Z
4852,22,2026-08-04T05:21:49Z
4853,23,2026-08-04T05:21:51Z
4854,22,2026-08-04T05:21:54Z
4855,21,2026-08-04T05:21:56Z
4856,23,2026-08-04T05:21:59Z
4857,23,2026-08-04T05:22:02Z
4858,22,2026-08-04T05:22:04Z
4859,20,2026-08-04T05:22:06Z
4860,18,2026-08-04T05:22:08Z
4861,16,2026-08-04T05:22:10Z
4862,15,2026-08-04T05:22:12Z
4863,16,2026-08-04T05:22:14Z
4864,18,2026-08-04T05:22:15Z
4865,20,2026-08-04T05:22:17Z
4866,23,2026-08-04T05:22:19Z
4867,18,2026-08-04T05:22:20Z
4868,20,2026-08-04T05:22:22Z
4869,17,2026-08-04T05:22:24Z
4870,18,2026-08-04T05:22:26Z
4871,17,2026-08-04T05:22:27Z
4872,16,2026-08-04T05:22:29Z
4873,18,2026-08-04T05:22:31Z
4874,19,2026-08-04T05:22:32Z
4875,20,2026-08-04T05:22:38Z
4876,20,2026-08-04T05:22:40Z
4877,21,2026-08-04T05:22:43Z
4878,19,2026-08-04T05:22:45Z
4879,21,2026-08-04T05:22:46Z
4880,19,2026-08-04T05:22:49Z
4881,21,2026-08-04T05:22:52Z
4882,21,2026-08-04T05:22:55Z
4883,21,2026-08-04T05:22:57Z
4884,22,2026-08-04T05:23:00Z
4885,27,2026-08-04T05:23:03Z
4886,23,2026-08-04T05:23:06Z
4887,27,2026-08-04T05:23:09Z
4888,27,2026-08-04T05:23:11Z
4889,22,2026-08-04T05:23:14Z
4890,23,2026-08-04T05:23:16Z
4891,18,2026-08-04T05:23:18Z
4892,20,2026-08-04T05:23:20Z
4893,21,2026-08-04T05:23:22Z
4894,18,2026-08-04T05:23:24Z
4895,20,2026-08-04T05:23:25Z
4896,21,2026-08-04T05:23:27Z
4897,16,2026-08-04T05:23:28Z
4898,17,2026-08-04T05:23:30Z
4899,18,2026-08-04T05:23:32Z
4900,17,2026-08-04T05:23:34Z
4901,19,2026-08-04T05:23:36Z
4902,18,2026-08-04T05:23:38Z
4903,18,2026-08-04T05:23:41Z
4904,21,2026-08-04T05:23:43Z
4905,20,2026-08-04T05:23:45Z
4906,19,2026-08-04T05:23:47Z
4907,16,2026-08-04T05:23:50Z
4908,19,2026-08-04T05:23:52Z
4909,17,2026-08-04T05:23:53Z
4910,16,2026-08-04T05:23:54Z
4911,14,2026-08-04T05:23:57Z
4912,14,2026-08-04T05:23:58Z
4913,14,2026-08-04T05:24:00Z
4914,14,2026-08-04T05:24:01Z
4915,12,2026-08-04T05:24:03Z
4916,12,2026-08-04T05:24:04Z
4917,12,2026-08-04T05:24:06Z
4918,16,2026-08-04T05:24:07Z
4919,15,2026-08-04T05:24:08Z
4920,16,2026-08-04T05:24:09Z
4921,15,2026-08-04T05:24:11Z
4922,14,2026-08-04T05:24:16Z
4923,15,2026-08-04T05:24:18Z
4924,17,2026-08-04T05:24:20Z
4925,19,2026-08-04T05:24:23Z
4926,22,2026-08-04T05:24:25Z
4927,28,2026-08-04T05:24:28Z
4928,28,2026-08-04T05:24:31Z
4929,32,2026-08-04T05:24:34Z
4930,28,2026-08-04T05:24:38Z
4931,29,2026-08-04T05:24:42Z
4932,29,2026-08-04T05:24:46Z
4933,33,2026-08-04T05:24:50Z
4934,29,2026-08-04T05:24:54Z
4935,27,2026-08-04T05:24:57Z
4936,21,2026-08-04T05:24:59Z
4937,24,2026-08-04T05:25:01Z
4938,25,2026-08-04T05:25:03Z
4939,24,2026-08-04T05:25:05Z
4940,21,2026-08-04T05:25:07Z
4941,19,2026-08-04T05:25:09Z
4942,17,2026-08-04T05:25:11Z
4943,18,2026-08-04T05:25:13Z
4944,18,2026-08-04T05:25:15Z
4945,18,2026-08-04T05:25:18Z
4946,20,2026-08-04T05:25:21Z
4947,20,2026-08-04T05:25:24Z
4948,19,2026-08-04T05:25:26Z
4949,19,2026-08-04T05:25:28Z
4950,19,2026-08-04T05:25:30Z
4951,17,2026-08-04T05:25:32Z
4952,18,2026-08-04T05:25:34Z
4953,18,2026-08-04T05:25:36Z
4954,19,2026-08-04T05:25:38Z
4955,16,2026-08-04T05:25:40Z
4956,22,2026-08-04T05:25:42Z
4957,17,2026-08-04T05:25:44Z
4958,17,2026-08-04T05:25:46Z
4959,16,2026-08-04T05:25:48Z
4960,21,2026-08-04T05:25:50Z
4961,19,2026-08-04T05:25:52Z
4962,19,2026-08-04T05:25:54Z
4963,17,2026-08-04T05:25:57Z
4964,16,2026-08-04T05:25:59Z
4965,17,2026-08-04T05:26:02Z
4966,17,2026-08-04T05:26:05Z
4967,20,2026-08-04T05:26:07Z
4968,20,2026-08-04T05:26:09Z
4969,19,2026-08-04T05:26:11Z
4970,20,2026-08-04T05:26:13Z
4971,19,2026-08-04T05:26:15Z
4972,18,2026-08-04T05:26:17Z
4973,22,2026-08-04T05:26:20Z
4974,26,2026-08-04T05:26:23Z
4975,24,2026-08-04T05:26:26Z
4976,25,2026-08-04T05:26:29Z
4977,29,2026-08-04T05:26:32Z
4978,27,2026-08-04T05:26:35Z
4979,28,2026-08-04T05:26:38Z
4980,29,2026-08-04T05:26:41Z
4981,26,2026-08-04T05:26:44Z
4982,26,2026-08-04T05:26:47Z
4983,27,2026-08-04T05:26:49Z
4984,24,2026-08-04T05:26:52Z
4985,26,2026-08-04T05:26:55Z
4986,24,2026-08-04T05:26:58Z
4987,23,2026-08-04T05:27:01Z
4988,25,2026-08-04T05:27:05Z
4989,22,2026-08-04T05:27:07Z
4990,22,2026-08-04T05:27:08Z
4991,25,2026-08-04T05:27:10Z
4992,23,2026-08-04T05:27:12Z
4993,21,2026-08-04T05:27:13Z
4994,21,2026-08-04T05:27:15Z
4995,20,2026-08-04T05:27:18Z
4996,22,2026-08-04T05:27:20Z
4997,22,2026-08-04T05:27:22Z
4998,24,2026-08-04T05:27:24Z
4999,21,2026-08-04T05:27:26Z
5000,23,2026-08-04T05:27:27Z
5001,23,2026-08-04T05:27:30Z
5002,20,2026-08-04T05:27:33Z
5003,20,2026-08-04T05:27:36Z
5004,21,2026-08-04T05:27:39Z
5005,18,2026-08-04T05:27:41Z
5006,19,2026-08-04T05:27:43Z
5007,22,2026-08-04T05:27:45Z
5008,19,2026-08-04T05:27:47Z
5009,20,2026-08-04T05:27:48Z
5010,22,2026-08-04T05:27:51Z
5011,21,2026-08-04T05:27:52Z
5012,20,2026-08-04T05:27:55Z
5013,21,2026-08-04T05:27:57Z
5014,20,2026-08-04T05:27:59Z
5015,20,2026-08-04T05:28:02Z
5016,20,2026-08-04T05:28:04Z
5017,19,2026-08-04T05:28:07Z
5018,21,2026-08-04T05:28:10Z
5019,18,2026-08-04T05:28:12Z
5020,19,2026-08-04T05:28:13Z
5021,18,2026-08-04T05:28:15Z
5022,20,2026-08-04T05:28:17Z
5023,19,2026-08-04T05:28:19Z
5024,20,2026-08-04T05:28:21Z
5025,20,2026-08-04T05:28:23Z
5026,18,2026-08-04T05:28:25Z
5027,17,2026-08-04T05:28:27Z
5028,19,2026-08-04T05:28:28Z
5029,19,2026-08-04T05:28:31Z
5030,15,2026-08-04T05:28:33Z
5031,17,2026-08-04T05:28:35Z
5032,17,2026-08-04T05:28:38Z
5033,15,2026-08-04T05:28:41Z
5034,17,2026-08-04T05:28:43Z
5035,20,2026-08-04T05:28:45Z
5036,17,2026-08-04T05:28:46Z
5037,18,2026-08-04T05:28:48Z
5038,20,2026-08-04T05:28:50Z
5039,22,2026-08-04T05:28:53Z
5040,19,2026-08-04T05:28:55Z
5041,22,2026-08-04T05:28:58Z
5042,20,2026-08-04T05:29:01Z
5043,24,2026-08-04T05:29:02Z
5044,24,2026-08-04T05:29:05Z
5045,24,2026-08-04T05:29:07Z
5046,23,2026-08-04T05:29:11Z
5047,25,2026-08-04T05:29:15Z
5048,24,2026-08-04T05:29:19Z
5049,25,2026-08-04T05:29:23Z
5050,25,2026-08-04T05:29:23Z
5051,27,2026-08-04T05:29:27Z
5052,22,2026-08-04T05:29:28Z
5053,21,2026-08-04T05:29:30Z
5054,19,2026-08-04T05:29:31Z
5055,20,2026-08-04T05:29:33Z
5056,20,2026-08-04T05:29:35Z
5057,22,2026-08-04T05:29:37Z
5058,21,2026-08-04T05:29:40Z
5059,23,2026-08-04T05:29:41Z
5060,21,2026-08-04T05:29:43Z
5061,22,2026-08-04T05:29:45Z
5062,21,2026-08-04T05:29:51Z
5063,21,2026-08-04T05:29:53Z
5064,21,2026-08-04T05:29:54Z
5065,22,2026-08-04T05:29:56Z
5066,20,2026-08-04T05:29:58Z
5067,23,2026-08-04T05:30:01Z
5068,20,2026-08-04T05:30:04Z
5069,21,2026-08-04T05:30:06Z
5070,20,2026-08-04T05:30:08Z
5071,23,2026-08-04T05:30:11Z
5072,21,2026-08-04T05:30:13Z
5073,19,2026-08-04T05:30:16Z
5074,18,2026-08-04T05:30:18Z
5075,20,2026-08-04T05:30:20Z
5076,19,2026-08-04T05:30:23Z
5077,19,2026-08-04T05:30:25Z
5078,19,2026-08-04T05:30:27Z
5079,21,2026-08-04T05:30:30Z
5080,22,2026-08-04T05:30:32Z
5081,21,2026-08-04T05:30:35Z
5082,21,2026-08-04T05:30:36Z
5083,22,2026-08-04T05:30:38Z
5084,25,2026-08-04T05:30:40Z
5085,23,2026-08-04T05:30:42Z
5086,21,2026-08-04T05:30:44Z
5087,21,2026-08-04T05:30:47Z
5088,24,2026-08-04T05:30:49Z
5089,23,2026-08-04T05:30:52Z
5090,20,2026-08-04T05:30:53Z
5091,20,2026-08-04T05:30:56Z
5092,21,2026-08-04T05:30:58Z
5093,19,2026-08-04T05:31:01Z
5094,21,2026-08-04T05:31:04Z
5095,20,2026-08-04T05:31:07Z
5096,20,2026-08-04T05:31:09Z
5097,20,2026-08-04T05:31:11Z
5098,22,2026-08-04T05:31:13Z
5099,20,2026-08-04T05:31:15Z
5100,20,2026-08-04T05:31:18Z
5101,21,2026-08-04T05:31:20Z
5102,21,2026-08-04T05:31:21Z
5103,20,2026-08-04T05:31:24Z
5104,20,2026-08-04T05:31:26Z
5105,22,2026-08-04T05:31:29Z
5106,22,2026-08-04T05:31:31Z
5107,20,2026-08-04T05:31:34Z
5108,23,2026-08-04T05:31:37Z
5109,19,2026-08-04T05:31:39Z
5110,19,2026-08-04T05:31:41Z
5111,21,2026-08-04T05:31:43Z
5112,23,2026-08-04T05:31:46Z
5113,23,2026-08-04T05:31:47Z
5114,25,2026-08-04T05:31:49Z
5115,20,2026-08-04T05:31:52Z
5116,21,2026-08-04T05:31:54Z
5117,20,2026-08-04T05:31:55Z
5118,21,2026-08-04T05:31:57Z
5119,19,2026-08-04T05:32:01Z
5120,20,2026-08-04T05:32:05Z
5121,19,2026-08-04T05:32:07Z
5122,21,2026-08-04T05:32:09Z
5123,22,2026-08-04T05:32:11Z
5124,20,2026-08-04T05:32:13Z
5125,21,2026-08-04T05:32:16Z
5126,19,2026-08-04T05:32:18Z
5127,21,2026-08-04T05:32:19Z
5128,19,2026-08-04T05:32:22Z
5129,20,2026-08-04T05:32:24Z
5130,20,2026-08-04T05:32:25Z
5131,21,2026-08-04T05:32:28Z
5132,22,2026-08-04T05:32:31Z
5133,25,2026-08-04T05:32:34Z
5134,24,2026-08-04T05:32:37Z
5135,21,2026-08-04T05:32:40Z
5136,20,2026-08-04T05:32:43Z
5137,24,2026-08-04T05:32:45Z
5138,22,2026-08-04T05:32:48Z
5139,22,2026-08-04T05:32:50Z
5140,20,2026-08-04T05:32:53Z
5141,20,2026-08-04T05:32:55Z
5142,22,2026-08-04T05:32:57Z
5143,23,2026-08-04T05:33:00Z
5144,28,2026-08-04T05:33:02Z
5145,26,2026-08-04T05:33:07Z
5146,27,2026-08-04T05:33:11Z
5147,26,2026-08-04T05:33:15Z
5148,22,2026-08-04T05:33:18Z
5149,22,2026-08-04T05:33:20Z
5150,24,2026-08-04T05:33:23Z
5151,26,2026-08-04T05:33:26Z
5152,23,2026-08-04T05:33:27Z
5153,29,2026-08-04T05:33:29Z
5154,24,2026-08-04T05:33:32Z
5155,21,2026-08-04T05:33:34Z
5156,20,2026-08-04T05:33:36Z
5157,22,2026-08-04T05:33:39Z
5158,25,2026-08-04T05:33:43Z
5159,22,2026-08-04T05:33:46Z
5160,24,2026-08-04T05:33:49Z
5161,25,2026-08-04T05:33:52Z
5162,23,2026-08-04T05:33:55Z
5163,24,2026-08-04T05:33:58Z
5164,21,2026-08-04T05:34:00Z
5165,23,2026-08-04T05:34:02Z
5166,24,2026-08-04T05:34:05Z
5167,23,2026-08-04T05:34:07Z
5168,23,2026-08-04T05:34:09Z
5169,22,2026-08-04T05:34:12Z
5170,21,2026-08-04T05:34:15Z
5171,23,2026-08-04T05:34:19Z
5172,22,2026-08-04T05:34:22Z
5173,20,2026-08-04T05:34:24Z
5174,17,2026-08-04T05:34:26Z
5175,17,2026-08-04T05:34:27Z
5176,20,2026-08-04T05:34:29Z
5177,19,2026-08-04T05:34:31Z
5178,20,2026-08-04T05:34:33Z
5179,20,2026-08-04T05:34:36Z
5180,20,2026-08-04T05:34:38Z
5181,21,2026-08-04T05:34:39Z
5182,21,2026-08-04T05:34:40Z
5183,21,2026-08-04T05:34:42Z
5184,20,2026-08-04T05:34:44Z
5185,22,2026-08-04T05:34:48Z
5186,24,2026-08-04T05:34:51Z
5187,22,2026-08-04T05:34:54Z
5188,24,2026-08-04T05:34:56Z
5189,25,2026-08-04T05:34:59Z
5190,23,2026-08-04T05:35:01Z
5191,26,2026-08-04T05:35:04Z
5192,24,2026-08-04T05:35:06Z
5193,23,2026-08-04T05:35:08Z
5194,22,2026-08-04T05:35:10Z
5195,22,2026-08-04T05:35:12Z
5196,20,2026-08-04T05:35:15Z
5197,20,2026-08-04T05:35:16Z
5198,19,2026-08-04T05:35:18Z
5199,18,2026-08-04T05:35:20Z
5200,18,2026-08-04T05:35:23Z
5201,21,2026-08-04T05:35:26Z
5202,20,2026-08-04T05:35:28Z
5203,21,2026-08-04T05:35:31Z
5204,22,2026-08-04T05:35:34Z
5205,22,2026-08-04T05:35:35Z
5206,22,2026-08-04T05:35:36Z
5207,20,2026-08-04T05:35:38Z
5208,22,2026-08-04T05:35:41Z
5209,16,2026-08-04T05:35:42Z
5210,17,2026-08-04T05:35:43Z
5211,18,2026-08-04T05:35:44Z
5212,16,2026-08-04T05:35:46Z
5213,19,2026-08-04T05:35:48Z
5214,22,2026-08-04T05:35:50Z
5215,21,2026-08-04T05:35:53Z
5216,22,2026-08-04T05:35:57Z
5217,23,2026-08-04T05:36:01Z
5218,20,2026-08-04T05:36:02Z
5219,23,2026-08-04T05:36:03Z
5220,20,2026-08-04T05:36:06Z
5221,20,2026-08-04T05:36:08Z
5222,20,2026-08-04T05:36:10Z
5223,21,2026-08-04T05:36:12Z
5224,21,2026-08-04T05:36:14Z
5225,22,2026-08-04T05:36:16Z
5226,23,2026-08-04T05:36:18Z
5227,23,2026-08-04T05:36:20Z
5228,20,2026-08-04T05:36:22Z
5229,21,2026-08-04T05:36:23Z
5230,18,2026-08-04T05:36:24Z
5231,19,2026-08-04T05:36:31Z
5232,20,2026-08-04T05:36:33Z
5233,20,2026-08-04T05:36:35Z
5234,18,2026-08-04T05:36:37Z
5235,20,2026-08-04T05:36:38Z
5236,25,2026-08-04T05:36:40Z
5237,24,2026-08-04T05:36:42Z
5238,22,2026-08-04T05:36:46Z
5239,22,2026-08-04T05:36:48Z
5240,23,2026-08-04T05:36:50Z
5241,26,2026-08-04T05:36:52Z
5242,29,2026-08-04T05:36:54Z
5243,22,2026-08-04T05:36:57Z
5244,23,2026-08-04T05:37:00Z
5245,24,2026-08-04T05:37:03Z
5246,20,2026-08-04T05:37:05Z
5247,20,2026-08-04T05:37:09Z
5248,17,2026-08-04T05:37:10Z
5249,17,2026-08-04T05:37:12Z
5250,16,2026-08-04T05:37:13Z
5251,18,2026-08-04T05:37:15Z
5252,15,2026-08-04T05:37:17Z
5253,17,2026-08-04T05:37:19Z
5254,17,2026-08-04T05:37:20Z
5255,18,2026-08-04T05:37:23Z
5256,17,2026-08-04T05:37:24Z
5257,21,2026-08-04T05:37:26Z
5258,18,2026-08-04T05:37:27Z
5259,18,2026-08-04T05:37:29Z
5260,20,2026-08-04T05:37:30Z
5261,20,2026-08-04T05:37:33Z
5262,18,2026-08-04T05:37:36Z
5263,18,2026-08-04T05:37:39Z
5264,18,2026-08-04T05:37:41Z
5265,17,2026-08-04T05:37:43Z
5266,18,2026-08-04T05:37:45Z
5267,19,2026-08-04T05:37:47Z
5268,19,2026-08-04T05:37:48Z
5269,20,2026-08-04T05:37:50Z
5270,21,2026-08-04T05:37:52Z
5271,22,2026-08-04T05:37:54Z
5272,21,2026-08-04T05:37:56Z
5273,23,2026-08-04T05:37:58Z
5274,21,2026-08-04T05:38:00Z
5275,21,2026-08-04T05:38:01Z
5276,20,2026-08-04T05:38:04Z
5277,20,2026-08-04T05:38:06Z
5278,21,2026-08-04T05:38:11Z
5279,23,2026-08-04T05:38:14Z
5280,24,2026-08-04T05:38:16Z
5281,21,2026-08-04T05:38:17Z
5282,22,2026-08-04T05:38:20Z
5283,25,2026-08-04T05:38:22Z
5284,25,2026-08-04T05:38:25Z
5285,22,2026-08-04T05:38:27Z
5286,22,2026-08-04T05:38:30Z
5287,18,2026-08-04T05:38:32Z
5288,20,2026-08-04T05:38:34Z
5289,18,2026-08-04T05:38:35Z
5290,18,2026-08-04T05:38:37Z
5291,19,2026-08-04T05:38:38Z
5292,18,2026-08-04T05:38:40Z
5293,19,2026-08-04T05:38:43Z
5294,20,2026-08-04T05:38:47Z
5295,18,2026-08-04T05:38:49Z
5296,18,2026-08-04T05:38:51Z
5297,19,2026-08-04T05:38:53Z
5298,20,2026-08-04T05:38:55Z
5299,21,2026-08-04T05:38:56Z
5300,21,2026-08-04T05:38:58Z
5301,21,2026-08-04T05:39:00Z
5302,20,2026-08-04T05:39:03Z
5303,23,2026-08-04T05:39:04Z
5304,25,2026-08-04T05:39:07Z
5305,23,2026-08-04T05:39:11Z
5306,22,2026-08-04T05:39:14Z
5307,24,2026-08-04T05:39:17Z
5308,24,2026-08-04T05:39:19Z
5309,22,2026-08-04T05:39:22Z
5310,20,2026-08-04T05:39:24Z
5311,19,2026-08-04T05:39:24Z
5312,20,2026-08-04T05:39:27Z
5313,20,2026-08-04T05:39:29Z
5314,22,2026-08-04T05:39:32Z
5315,21,2026-08-04T05:39:34Z
5316,25,2026-08-04T05:39:37Z
5317,26,2026-08-04T05:39:39Z
5318,27,2026-08-04T05:39:42Z
5319,25,2026-08-04T05:39:43Z
5320,21,2026-08-04T05:39:46Z
5321,25,2026-08-04T05:39:49Z
5322,25,2026-08-04T05:39:53Z
5323,25,2026-08-04T05:39:56Z
5324,21,2026-08-04T05:39:57Z
5325,21,2026-08-04T05:39:59Z
5326,24,2026-08-04T05:40:02Z
5327,25,2026-08-04T05:40:04Z
5328,25,2026-08-04T05:40:06Z
5329,22,2026-08-04T05:40:08Z
5330,22,2026-08-04T05:40:10Z
5331,19,2026-08-04T05:40:12Z
5332,22,2026-08-04T05:40:14Z
5333,20,2026-08-04T05:40:16Z
5334,24,2026-08-04T05:40:19Z
5335,25,2026-08-04T05:40:23Z
5336,20,2026-08-04T05:40:26Z
5337,19,2026-08-04T05:40:27Z
5338,21,2026-08-04T05:40:29Z
5339,21,2026-08-04T05:40:30Z
5340,21,2026-08-04T05:40:33Z
5341,22,2026-08-04T05:40:35Z
5342,21,2026-08-04T05:40:37Z
5343,24,2026-08-04T05:40:40Z
5344,22,2026-08-04T05:40:40Z
5345,23,2026-08-04T05:40:42Z
5346,22,2026-08-04T05:40:45Z
5347,22,2026-08-04T05:40:47Z
5348,21,2026-08-04T05:40:49Z
5349,24,2026-08-04T05:40:54Z
5350,26,2026-08-04T05:40:58Z
5351,25,2026-08-04T05:41:01Z
5352,27,2026-08-04T05:41:04Z
5353,24,2026-08-04T05:41:06Z
5354,26,2026-08-04T05:41:07Z
5355,28,2026-08-04T05:41:10Z
5356,29,2026-08-04T05:41:14Z
5357,27,2026-08-04T05:41:17Z
5358,32,2026-08-04T05:41:20Z
5359,29,2026-08-04T05:41:21Z
5360,29,2026-08-04T05:41:23Z
5361,31,2026-08-04T05:41:28Z
5362,25,2026-08-04T05:41:32Z
5363,26,2026-08-04T05:41:37Z
5364,27,2026-08-04T05:41:38Z
5365,25,2026-08-04T05:41:41Z
5366,24,2026-08-04T05:41:44Z
5367,22,2026-08-04T05:41:46Z
5368,25,2026-08-04T05:41:47Z
5369,21,2026-08-04T05:41:49Z
5370,20,2026-08-04T05:41:51Z
5371,19,2026-08-04T05:41:53Z
5372,21,2026-08-04T05:41:55Z
5373,22,2026-08-04T05:41:57Z
5374,23,2026-08-04T05:41:59Z
5375,21,2026-08-04T05:42:06Z
5376,23,2026-08-04T05:42:08Z
5377,24,2026-08-04T05:42:10Z
5378,23,2026-08-04T05:42:12Z
5379,27,2026-08-04T05:42:15Z
5380,24,2026-08-04T05:42:17Z
5381,24,2026-08-04T05:42:17Z
5382,24,2026-08-04T05:42:19Z
5383,22,2026-08-04T05:42:22Z
5384,21,2026-08-04T05:42:24Z
5385,22,2026-08-04T05:42:27Z
5386,21,2026-08-04T05:42:29Z
5387,21,2026-08-04T05:42:32Z
5388,24,2026-08-04T05:42:35Z
5389,21,2026-08-04T05:42:38Z
5390,20,2026-08-04T05:42:40Z
5391,19,2026-08-04T05:42:42Z
5392,19,2026-08-04T05:42:45Z
5393,22,2026-08-04T05:42:47Z
5394,25,2026-08-04T05:42:49Z
5395,26,2026-08-04T05:42:52Z
5396,24,2026-08-04T05:42:55Z
5397,28,2026-08-04T05:42:58Z
5398,26,2026-08-04T05:42:59Z
5399,24,2026-08-04T05:43:01Z
5400,22,2026-08-04T05:43:03Z
5401,22,2026-08-04T05:43:06Z
5402,24,2026-08-04T05:43:10Z
5403,22,2026-08-04T05:43:14Z
5404,23,2026-08-04T05:43:17Z
5405,21,2026-08-04T05:43:19Z
5406,22,2026-08-04T05:43:21Z
5407,22,2026-08-04T05:43:22Z
5408,22,2026-08-04T05:43:25Z
5409,20,2026-08-04T05:43:27Z
5410,20,2026-08-04T05:43:30Z
5411,21,2026-08-04T05:43:32Z
5412,20,2026-08-04T05:43:35Z
5413,17,2026-08-04T05:43:37Z
5414,19,2026-08-04T05:43:39Z
5415,19,2026-08-04T05:43:42Z
5416,19,2026-08-04T05:43:44Z
5417,18,2026-08-04T05:43:46Z
5418,17,2026-08-04T05:43:49Z
5419,18,2026-08-04T05:43:51Z
5420,18,2026-08-04T05:43:53Z
5421,19,2026-08-04T05:43:56Z
5422,18,2026-08-04T05:43:58Z
5423,19,2026-08-04T05:44:01Z
5424,20,2026-08-04T05:44:04Z
5425,21,2026-08-04T05:44:07Z
5426,23,2026-08-04T05:44:10Z
5427,23,2026-08-04T05:44:13Z
5428,23,2026-08-04T05:44:16Z
5429,22,2026-08-04T05:44:19Z
5430,22,2026-08-04T05:44:22Z
5431,22,2026-08-04T05:44:24Z
5432,21,2026-08-04T05:44:27Z
5433,20,2026-08-04T05:44:29Z
5434,21,2026-08-04T05:44:32Z
5435,22,2026-08-04T05:44:34Z
5436,21,2026-08-04T05:44:36Z
5437,23,2026-08-04T05:44:39Z
5438,27,2026-08-04T05:44:42Z
5439,25,2026-08-04T05:44:46Z
5440,25,2026-08-04T05:44:50Z
5441,25,2026-08-04T05:44:53Z
5442,25,2026-08-04T05:44:57Z
5443,24,2026-08-04T05:44:59Z
5444,24,2026-08-04T05:45:01Z
5445,25,2026-08-04T05:45:04Z
5446,23,2026-08-04T05:45:06Z
5447,24,2026-08-04T05:45:09Z
5448,22,2026-08-04T05:45:11Z
5449,28,2026-08-04T05:45:13Z
5450,26,2026-08-04T05:45:17Z
5451,21,2026-08-04T05:45:18Z
5452,17,2026-08-04T05:45:19Z
5453,17,2026-08-04T05:45:22Z
5454,17,2026-08-04T05:45:26Z
5455,19,2026-08-04T05:45:29Z
5456,18,2026-08-04T05:45:32Z
5457,22,2026-08-04T05:45:34Z
5458,19,2026-08-04T05:45:36Z
5459,19,2026-08-04T05:45:38Z
5460,20,2026-08-04T05:45:40Z
5461,21,2026-08-04T05:45:42Z
5462,20,2026-08-04T05:45:44Z
5463,21,2026-08-04T05:45:47Z
5464,24,2026-08-04T05:45:51Z
5465,24,2026-08-04T05:45:54Z
5466,23,2026-08-04T05:45:58Z
5467,22,2026-08-04T05:45:59Z
5468,23,2026-08-04T05:46:01Z
5469,22,2026-08-04T05:46:03Z
5470,21,2026-08-04T05:46:06Z
5471,20,2026-08-04T05:46:08Z
5472,22,2026-08-04T05:46:11Z
5473,21,2026-08-04T05:46:13Z
5474,22,2026-08-04T05:46:14Z
5475,21,2026-08-04T05:46:16Z
5476,20,2026-08-04T05:46:19Z
5477,18,2026-08-04T05:46:21Z
5478,19,2026-08-04T05:46:24Z
5479,19,2026-08-04T05:46:26Z
5480,18,2026-08-04T05:46:29Z
5481,19,2026-08-04T05:46:31Z
5482,19,2026-08-04T05:46:33Z
5483,19,2026-08-04T05:46:35Z
5484,19,2026-08-04T05:46:37Z
5485,20,2026-08-04T05:46:39Z
5486,20,2026-08-04T05:46:42Z
5487,23,2026-08-04T05:46:45Z
5488,21,2026-08-04T05:46:46Z
5489,21,2026-08-04T05:46:49Z
5490,22,2026-08-04T05:46:51Z
5491,25,2026-08-04T05:46:54Z
5492,24,2026-08-04T05:46:56Z
5493,24,2026-08-04T05:47:04Z
5494,27,2026-08-04T05:47:06Z
5495,28,2026-08-04T05:47:09Z
5496,28,2026-08-04T05:47:11Z
5497,27,2026-08-04T05:47:13Z
5498,25,2026-08-04T05:47:16Z
5499,25,2026-08-04T05:47:19Z
5500,27,2026-08-04T05:47:22Z
5501,27,2026-08-04T05:47:26Z
5502,26,2026-08-04T05:47:29Z
5503,27,2026-08-04T05:47:33Z
5504,26,2026-08-04T05:47:37Z
5505,25,2026-08-04T05:47:41Z
5506,25,2026-08-04T05:47:43Z
5507,28,2026-08-04T05:47:45Z
5508,26,2026-08-04T05:47:47Z
5509,25,2026-08-04T05:47:50Z
5510,24,2026-08-04T05:47:52Z
5511,21,2026-08-04T05:47:54Z
5512,23,2026-08-04T05:47:56Z
5513,23,2026-08-04T05:47:58Z
5514,21,2026-08-04T05:48:01Z
5515,20,2026-08-04T05:48:03Z
5516,20,2026-08-04T05:48:06Z
5517,19,2026-08-04T05:48:08Z
5518,19,2026-08-04T05:48:11Z
5519,19,2026-08-04T05:48:12Z
5520,16,2026-08-04T05:48:14Z
5521,19,2026-08-04T05:48:16Z
5522,17,2026-08-04T05:48:18Z
5523,16,2026-08-04T05:48:20Z
5524,17,2026-08-04T05:48:22Z
5525,20,2026-08-04T05:48:24Z
5526,23,2026-08-04T05:48:26Z
5527,19,2026-08-04T05:48:29Z
5528,19,2026-08-04T05:48:31Z
5529,21,2026-08-04T05:48:32Z
5530,22,2026-08-04T05:48:34Z
5531,23,2026-08-04T05:48:38Z
5532,23,2026-08-04T05:48:41Z
5533,27,2026-08-04T05:48:45Z
5534,24,2026-08-04T05:48:47Z
5535,26,2026-08-04T05:48:49Z
5536,26,2026-08-04T05:48:52Z
5537,26,2026-08-04T05:48:55Z
5538,27,2026-08-04T05:48:58Z
5539,27,2026-08-04T05:49:00Z
5540,23,2026-08-04T05:49:03Z
5541,23,2026-08-04T05:49:06Z
5542,21,2026-08-04T05:49:09Z
5543,21,2026-08-04T05:49:12Z
5544,19,2026-08-04T05:49:14Z
5545,17,2026-08-04T05:49:17Z
5546,18,2026-08-04T05:49:20Z
5547,17,2026-08-04T05:49:23Z
5548,17,2026-08-04T05:49:23Z
5549,16,2026-08-04T05:49:26Z
5550,17,2026-08-04T05:49:29Z
5551,22,2026-08-04T05:49:31Z
5552,24,2026-08-04T05:49:34Z
5553,28,2026-08-04T05:49:37Z
5554,27,2026-08-04T05:49:39Z
5555,26,2026-08-04T05:49:43Z
5556,28,2026-08-04T05:49:47Z
5557,30,2026-08-04T05:49:51Z
5558,27,2026-08-04T05:49:56Z
5559,26,2026-08-04T05:49:58Z
5560,24,2026-08-04T05:50:02Z
5561,24,2026-08-04T05:50:05Z
5562,25,2026-08-04T05:50:09Z
5563,23,2026-08-04T05:50:13Z
5564,24,2026-08-04T05:50:18Z
5565,22,2026-08-04T05:50:21Z
5566,20,2026-08-04T05:50:24Z
5567,20,2026-08-04T05:50:27Z
5568,22,2026-08-04T05:50:30Z
5569,23,2026-08-04T05:50:33Z
5570,23,2026-08-04T05:50:36Z
5571,22,2026-08-04T05:50:39Z
5572,20,2026-08-04T05:50:42Z
5573,20,2026-08-04T05:50:44Z
5574,21,2026-08-04T05:50:46Z
5575,22,2026-08-04T05:50:49Z
5576,22,2026-08-04T05:50:53Z
5577,22,2026-08-04T05:50:57Z
5578,19,2026-08-04T05:51:01Z
5579,20,2026-08-04T05:51:03Z
5580,21,2026-08-04T05:51:06Z
5581,23,2026-08-04T05:51:09Z
5582,18,2026-08-04T05:51:12Z
5583,18,2026-08-04T05:51:14Z
5584,18,2026-08-04T05:51:16Z
5585,21,2026-08-04T05:51:19Z
5586,23,2026-08-04T05:51:21Z
5587,24,2026-08-04T05:51:24Z
5588,23,2026-08-04T05:51:26Z
5589,25,2026-08-04T05:51:30Z
5590,21,2026-08-04T05:51:34Z
5591,22,2026-08-04T05:51:38Z
5592,24,2026-08-04T05:51:42Z
5593,26,2026-08-04T05:51:45Z
5594,26,2026-08-04T05:51:48Z
5595,24,2026-08-04T05:51:52Z
5596,22,2026-08-04T05:51:55Z
5597,23,2026-08-04T05:51:59Z
5598,24,2026-08-04T05:52:02Z
5599,24,2026-08-04T05:52:05Z
5600,26,2026-08-04T05:52:09Z
5601,27,2026-08-04T05:52:12Z
5602,27,2026-08-04T05:52:16Z
5603,26,2026-08-04T05:52:18Z
5604,25,2026-08-04T05:52:20Z
5605,24,2026-08-04T05:52:24Z
5606,25,2026-08-04T05:52:28Z
5607,30,2026-08-04T05:52:30Z
5608,28,2026-08-04T05:52:33Z
5609,29,2026-08-04T05:52:37Z
5610,29,2026-08-04T05:52:41Z
5611,27,2026-08-04T05:52:44Z
5612,26,2026-08-04T05:52:47Z
5613,24,2026-08-04T05:52:50Z
5614,27,2026-08-04T05:52:53Z
5615,28,2026-08-04T05:52:55Z
5616,24,2026-08-04T05:52:58Z
5617,25,2026-08-04T05:53:02Z
5618,22,2026-08-04T05:53:05Z
5619,22,2026-08-04T05:53:05Z
5620,20,2026-08-04T05:53:09Z
5621,22,2026-08-04T05:53:12Z
5622,19,2026-08-04T05:53:16Z
5623,19,2026-08-04T05:53:20Z
5624,22,2026-08-04T05:53:21Z
5625,22,2026-08-04T05:53:23Z
5626,19,2026-08-04T05:53:24Z
5627,19,2026-08-04T05:53:27Z
5628,21,2026-08-04T05:53:29Z
5629,25,2026-08-04T05:53:31Z
5630,23,2026-08-04T05:53:34Z
5631,22,2026-08-04T05:53:37Z
5632,21,2026-08-04T05:53:40Z
5633,20,2026-08-04T05:53:43Z
5634,19,2026-08-04T05:53:46Z
5635,20,2026-08-04T05:53:49Z
5636,24,2026-08-04T05:53:52Z
5637,22,2026-08-04T05:53:54Z
5638,24,2026-08-04T05:53:56Z
5639,25,2026-08-04T05:53:59Z
5640,20,2026-08-04T05:54:01Z
5641,23,2026-08-04T05:54:02Z
5642,27,2026-08-04T05:54:06Z
5643,26,2026-08-04T05:54:08Z
5644,23,2026-08-04T05:54:10Z
5645,24,2026-08-04T05:54:13Z
5646,24,2026-08-04T05:54:16Z
5647,25,2026-08-04T05:54:19Z
5648,23,2026-08-04T05:54:23Z
5649,24,2026-08-04T05:54:26Z
5650,23,2026-08-04T05:54:29Z
5651,26,2026-08-04T05:54:31Z
5652,19,2026-08-04T05:54:33Z
5653,22,2026-08-04T05:54:35Z
5654,21,2026-08-04T05:54:37Z
5655,21,2026-08-04T05:54:39Z
5656,23,2026-08-04T05:54:42Z
5657,22,2026-08-04T05:54:44Z
5658,23,2026-08-04T05:54:49Z
5659,24,2026-08-04T05:54:53Z
5660,25,2026-08-04T05:54:56Z
5661,23,2026-08-04T05:54:59Z
5662,25,2026-08-04T05:55:02Z
5663,24,2026-08-04T05:55:05Z
5664,22,2026-08-04T05:55:08Z
5665,27,2026-08-04T05:55:11Z
5666,25,2026-08-04T05:55:14Z
5667,26,2026-08-04T05:55:16Z
5668,23,2026-08-04T05:55:24Z
5669,25,2026-08-04T05:55:25Z
5670,25,2026-08-04T05:55:28Z
5671,24,2026-08-04T05:55:31Z
5672,29,2026-08-04T05:55:34Z
5673,25,2026-08-04T05:55:37Z
5674,23,2026-08-04T05:55:39Z
5675,22,2026-08-04T05:55:42Z
5676,20,2026-08-04T05:55:45Z
5677,22,2026-08-04T05:55:48Z
5678,21,2026-08-04T05:55:51Z
5679,20,2026-08-04T05:55:52Z
5680,19,2026-08-04T05:55:58Z
5681,23,2026-08-04T05:56:00Z
5682,22,2026-08-04T05:56:03Z
5683,21,2026-08-04T05:56:05Z
5684,21,2026-08-04T05:56:08Z
5685,19,2026-08-04T05:56:11Z
5686,23,2026-08-04T05:56:13Z
5687,23,2026-08-04T05:56:15Z
5688,24,2026-08-04T05:56:19Z
5689,23,2026-08-04T05:56:23Z
5690,23,2026-08-04T05:56:27Z
5691,22,2026-08-04T05:56:31Z
5692,25,2026-08-04T05:56:34Z
5693,24,2026-08-04T05:56:37Z
5694,21,2026-08-04T05:56:40Z
5695,22,2026-08-04T05:56:43Z
5696,25,2026-08-04T05:56:45Z
5697,25,2026-08-04T05:56:47Z
5698,26,2026-08-04T05:56:50Z
5699,28,2026-08-04T05:56:53Z
5700,26,2026-08-04T05:56:58Z
5701,25,2026-08-04T05:56:59Z
5702,25,2026-08-04T05:57:03Z
5703,28,2026-08-04T05:57:07Z
5704,27,2026-08-04T05:57:11Z
5705,25,2026-08-04T05:57:14Z
5706,27,2026-08-04T05:57:18Z
5707,26,2026-08-04T05:57:21Z
5708,23,2026-08-04T05:57:23Z
5709,23,2026-08-04T05:57:26Z
5710,24,2026-08-04T05:57:29Z
5711,23,2026-08-04T05:57:32Z
5712,23,2026-08-04T05:57:36Z
5713,24,2026-08-04T05:57:40Z
5714,24,2026-08-04T05:57:44Z
5715,20,2026-08-04T05:57:46Z
5716,20,2026-08-04T05:57:49Z
5717,23,2026-08-04T05:57:51Z
5718,21,2026-08-04T05:57:52Z
5719,21,2026-08-04T05:57:55Z
5720,19,2026-08-04T05:57:58Z
5721,18,2026-08-04T05:58:00Z
5722,19,2026-08-04T05:58:03Z
5723,19,2026-08-04T05:58:06Z
5724,20,2026-08-04T05:58:09Z
5725,22,2026-08-04T05:58:11Z
5726,26,2026-08-04T05:58:14Z
5727,21,2026-08-04T05:58:17Z
5728,23,2026-08-04T05:58:20Z
5729,22,2026-08-04T05:58:22Z
5730,20,2026-08-04T05:58:25Z
5731,19,2026-08-04T05:58:27Z
5732,18,2026-08-04T05:58:28Z
5733,17,2026-08-04T05:58:32Z
5734,19,2026-08-04T05:58:35Z
5735,20,2026-08-04T05:58:38Z
5736,16,2026-08-04T05:58:41Z
5737,19,2026-08-04T05:58:45Z
5738,23,2026-08-04T05:58:48Z
5739,22,2026-08-04T05:58:51Z
5740,24,2026-08-04T05:58:53Z
5741,21,2026-08-04T05:58:57Z
5742,24,2026-08-04T05:59:00Z
5743,24,2026-08-04T05:59:03Z
5744,26,2026-08-04T05:59:07Z
5745,30,2026-08-04T05:59:10Z
5746,29,2026-08-04T05:59:15Z
5747,27,2026-08-04T05:59:20Z
5748,31,2026-08-04T05:59:24Z
5749,26,2026-08-04T05:59:27Z
5750,24,2026-08-04T05:59:29Z
5751,25,2026-08-04T05:59:32Z
5752,23,2026-08-04T05:59:35Z
5753,26,2026-08-04T05:59:37Z
5754,22,2026-08-04T05:59:40Z
5755,20,2026-08-04T05:59:42Z
5756,20,2026-08-04T05:59:43Z
5757,19,2026-08-04T05:59:47Z
5758,17,2026-08-04T05:59:50Z
5759,20,2026-08-04T05:59:54Z
5760,20,2026-08-04T05:59:56Z
5761,20,2026-08-04T05:59:58Z
5762,22,2026-08-04T06:00:00Z
5763,22,2026-08-04T06:00:01Z
5764,25,2026-08-04T06:00:05Z
5765,26,2026-08-04T06:00:08Z
5766,27,2026-08-04T06:00:11Z
5767,33,2026-08-04T06:00:13Z
5768,24,2026-08-04T06:00:16Z
5769,25,2026-08-04T06:00:18Z
5770,28,2026-08-04T06:00:23Z
5771,25,2026-08-04T06:00:29Z
5772,25,2026-08-04T06:00:31Z
5773,21,2026-08-04T06:00:32Z
5774,21,2026-08-04T06:00:35Z
5775,23,2026-08-04T06:00:39Z
5776,23,2026-08-04T06:00:41Z
5777,23,2026-08-04T06:00:43Z
5778,21,2026-08-04T06:00:45Z
5779,23,2026-08-04T06:00:48Z
5780,27,2026-08-04T06:00:51Z
5781,26,2026-08-04T06:00:58Z
5782,28,2026-08-04T06:01:00Z
5783,25,2026-08-04T06:01:03Z
5784,24,2026-08-04T06:01:06Z
5785,24,2026-08-04T06:01:09Z
5786,24,2026-08-04T06:01:11Z
5787,25,2026-08-04T06:01:13Z
5788,23,2026-08-04T06:01:16Z
5789,21,2026-08-04T06:01:18Z
5790,21,2026-08-04T06:01:20Z
5791,20,2026-08-04T06:01:24Z
5792,20,2026-08-04T06:01:25Z
5793,21,2026-08-04T06:01:32Z
5794,21,2026-08-04T06:01:34Z
5795,22,2026-08-04T06:01:36Z
5796,22,2026-08-04T06:01:38Z
5797,24,2026-08-04T06:01:40Z
5798,17,2026-08-04T06:01:42Z
5799,23,2026-08-04T06:01:44Z
5800,21,2026-08-04T06:01:46Z
5801,23,2026-08-04T06:01:50Z
5802,24,2026-08-04T06:01:53Z
5803,24,2026-08-04T06:01:56Z
5804,24,2026-08-04T06:01:59Z
5805,26,2026-08-04T06:02:02Z
5806,27,2026-08-04T06:02:06Z
5807,23,2026-08-04T06:02:10Z
5808,24,2026-08-04T06:02:12Z
5809,28,2026-08-04T06:02:15Z
5810,26,2026-08-04T06:02:19Z
5811,31,2026-08-04T06:02:23Z
5812,34,2026-08-04T06:02:25Z
5813,30,2026-08-04T06:02:27Z
5814,25,2026-08-04T06:02:32Z
5815,27,2026-08-04T06:02:36Z
5816,21,2026-08-04T06:02:40Z
5817,19,2026-08-04T06:02:43Z
5818,19,2026-08-04T06:02:45Z
5819,19,2026-08-04T06:02:48Z
5820,19,2026-08-04T06:02:50Z
5821,19,2026-08-04T06:02:53Z
5822,19,2026-08-04T06:02:55Z
5823,17,2026-08-04T06:02:57Z
5824,17,2026-08-04T06:02:59Z
5825,17,2026-08-04T06:03:01Z
5826,18,2026-08-04T06:03:04Z
5827,22,2026-08-04T06:03:07Z
5828,27,2026-08-04T06:03:11Z
5829,27,2026-08-04T06:03:14Z
5830,26,2026-08-04T06:03:18Z
5831,27,2026-08-04T06:03:21Z
5832,27,2026-08-04T06:03:25Z
5833,27,2026-08-04T06:03:28Z
5834,28,2026-08-04T06:03:31Z
5835,26,2026-08-04T06:03:34Z
5836,27,2026-08-04T06:03:38Z
5837,26,2026-08-04T06:03:41Z
5838,28,2026-08-04T06:03:44Z
5839,27,2026-08-04T06:03:47Z
5840,28,2026-08-04T06:03:51Z
5841,26,2026-08-04T06:03:53Z
5842,25,2026-08-04T06:03:56Z
5843,25,2026-08-04T06:03:59Z
5844,24,2026-08-04T06:04:02Z
5845,23,2026-08-04T06:04:04Z
5846,21,2026-08-04T06:04:06Z
5847,23,2026-08-04T06:04:10Z
5848,25,2026-08-04T06:04:13Z
5849,25,2026-08-04T06:04:17Z
5850,25,2026-08-04T06:04:18Z
5851,24,2026-08-04T06:04:20Z
5852,27,2026-08-04T06:04:24Z
5853,24,2026-08-04T06:04:26Z
5854,27,2026-08-04T06:04:28Z
5855,26,2026-08-04T06:04:30Z
5856,22,2026-08-04T06:04:31Z
5857,24,2026-08-04T06:04:33Z
5858,22,2026-08-04T06:04:36Z
5859,24,2026-08-04T06:04:38Z
5860,23,2026-08-04T06:04:40Z
5861,23,2026-08-04T06:04:43Z
5862,22,2026-08-04T06:04:47Z
5863,20,2026-08-04T06:04:51Z
5864,18,2026-08-04T06:04:54Z
5865,19,2026-08-04T06:04:56Z
5866,18,2026-08-04T06:04:58Z
5867,18,2026-08-04T06:04:59Z
5868,17,2026-08-04T06:05:01Z
5869,19,2026-08-04T06:05:03Z
5870,20,2026-08-04T06:05:05Z
5871,20,2026-08-04T06:05:07Z
5872,20,2026-08-04T06:05:10Z
5873,22,2026-08-04T06:05:12Z
5874,19,2026-08-04T06:05:14Z
5875,20,2026-08-04T06:05:17Z
5876,22,2026-08-04T06:05:20Z
5877,21,2026-08-04T06:05:23Z
5878,26,2026-08-04T06:05:27Z
5879,25,2026-08-04T06:05:30Z
5880,24,2026-08-04T06:05:34Z
5881,23,2026-08-04T06:05:36Z
5882,23,2026-08-04T06:05:39Z
5883,29,2026-08-04T06:05:42Z
5884,24,2026-08-04T06:05:44Z
5885,25,2026-08-04T06:05:47Z
5886,28,2026-08-04T06:05:50Z
5887,30,2026-08-04T06:05:54Z
5888,29,2026-08-04T06:05:59Z
5889,30,2026-08-04T06:06:03Z
5890,30,2026-08-04T06:06:05Z
5891,30,2026-08-04T06:06:07Z
5892,31,2026-08-04T06:06:09Z
5893,29,2026-08-04T06:06:12Z
5894,29,2026-08-04T06:06:15Z
5895,28,2026-08-04T06:06:18Z
5896,25,2026-08-04T06:06:20Z
5897,23,2026-08-04T06:06:23Z
5898,21,2026-08-04T06:06:27Z
5899,19,2026-08-04T06:06:30Z
5900,21,2026-08-04T06:06:34Z
5901,22,2026-08-04T06:06:36Z
5902,24,2026-08-04T06:06:39Z
5903,24,2026-08-04T06:06:40Z
5904,24,2026-08-04T06:06:42Z
5905,22,2026-08-04T06:06:45Z
5906,23,2026-08-04T06:06:48Z
5907,23,2026-08-04T06:06:50Z
5908,24,2026-08-04T06:06:52Z
5909,21,2026-08-04T06:06:54Z
5910,24,2026-08-04T06:06:56Z
5911,26,2026-08-04T06:06:57Z
5912,23,2026-08-04T06:07:01Z
5913,23,2026-08-04T06:07:04Z
5914,27,2026-08-04T06:07:08Z
5915,24,2026-08-04T06:07:10Z
5916,26,2026-08-04T06:07:13Z
5917,24,2026-08-04T06:07:15Z
5918,24,2026-08-04T06:07:18Z
5919,25,2026-08-04T06:07:21Z
5920,25,2026-08-04T06:07:24Z
5921,24,2026-08-04T06:07:26Z
5922,21,2026-08-04T06:07:28Z
5923,17,2026-08-04T06:07:30Z
5924,18,2026-08-04T06:07:32Z
5925,18,2026-08-04T06:07:35Z
5926,22,2026-08-04T06:07:38Z
5927,19,2026-08-04T06:07:42Z
5928,18,2026-08-04T06:07:44Z
5929,19,2026-08-04T06:07:47Z
5930,23,2026-08-04T06:07:49Z
5931,19,2026-08-04T06:07:51Z
5932,21,2026-08-04T06:07:52Z
5933,19,2026-08-04T06:07:55Z
5934,22,2026-08-04T06:07:58Z
5935,23,2026-08-04T06:08:01Z
5936,24,2026-08-04T06:08:03Z
5937,21,2026-08-04T06:08:05Z
5938,21,2026-08-04T06:08:08Z
5939,21,2026-08-04T06:08:10Z
5940,23,2026-08-04T06:08:12Z
5941,20,2026-08-04T06:08:14Z
5942,23,2026-08-04T06:08:18Z
5943,20,2026-08-04T06:08:19Z
5944,18,2026-08-04T06:08:21Z
5945,20,2026-08-04T06:08:23Z
5946,20,2026-08-04T06:08:26Z
5947,22,2026-08-04T06:08:28Z
5948,19,2026-08-04T06:08:30Z
5949,20,2026-08-04T06:08:32Z
5950,17,2026-08-04T06:08:35Z
5951,17,2026-08-04T06:08:37Z
5952,19,2026-08-04T06:08:39Z
5953,19,2026-08-04T06:08:42Z
5954,17,2026-08-04T06:08:44Z
5955,20,2026-08-04T06:08:46Z
5956,18,2026-08-04T06:08:50Z
5957,18,2026-08-04T06:08:52Z
5958,18,2026-08-04T06:08:54Z
5959,23,2026-08-04T06:08:56Z
5960,23,2026-08-04T06:08:59Z
5961,20,2026-08-04T06:09:02Z
5962,21,2026-08-04T06:09:05Z
5963,24,2026-08-04T06:09:08Z
5964,28,2026-08-04T06:09:12Z
5965,31,2026-08-04T06:09:15Z
5966,32,2026-08-04T06:09:18Z
5967,29,2026-08-04T06:09:21Z
5968,28,2026-08-04T06:09:24Z
5969,27,2026-08-04T06:09:28Z
5970,26,2026-08-04T06:09:30Z
5971,24,2026-08-04T06:09:33Z
5972,22,2026-08-04T06:09:36Z
5973,22,2026-08-04T06:09:39Z
5974,23,2026-08-04T06:09:42Z
5975,21,2026-08-04T06:09:45Z
5976,24,2026-08-04T06:09:47Z
5977,24,2026-08-04T06:09:50Z
5978,24,2026-08-04T06:09:52Z
5979,23,2026-08-04T06:09:55Z
5980,24,2026-08-04T06:09:57Z
5981,25,2026-08-04T06:10:00Z
5982,22,2026-08-04T06:10:03Z
5983,22,2026-08-04T06:10:06Z
5984,24,2026-08-04T06:10:10Z
5985,22,2026-08-04T06:10:13Z
5986,21,2026-08-04T06:10:17Z
5987,23,2026-08-04T06:10:20Z
5988,26,2026-08-04T06:10:23Z
5989,25,2026-08-04T06:10:27Z
5990,31,2026-08-04T06:10:30Z
5991,31,2026-08-04T06:10:34Z
5992,29,2026-08-04T06:10:38Z
5993,30,2026-08-04T06:10:42Z
5994,30,2026-08-04T06:10:46Z
5995,25,2026-08-04T06:10:49Z
5996,26,2026-08-04T06:10:53Z
5997,29,2026-08-04T06:10:57Z
5998,32,2026-08-04T06:11:01Z
5999,30,2026-08-04T06:11:05Z
6000,28,2026-08-04T06:11:08Z
6001,28,2026-08-04T06:11:12Z
6002,28,2026-08-04T06:11:16Z
6003,26,2026-08-04T06:11:19Z
6004,30,2026-08-04T06:11:22Z
6005,30,2026-08-04T06:11:27Z
6006,31,2026-08-04T06:11:29Z
6007,26,2026-08-04T06:11:31Z
6008,26,2026-08-04T06:11:34Z
6009,26,2026-08-04T06:11:38Z
6010,31,2026-08-04T06:11:43Z
6011,32,2026-08-04T06:11:48Z
6012,31,2026-08-04T06:11:51Z
6013,30,2026-08-04T06:11:54Z
6014,30,2026-08-04T06:11:57Z
6015,30,2026-08-04T06:12:00Z
6016,30,2026-08-04T06:12:03Z
6017,28,2026-08-04T06:12:07Z
6018,28,2026-08-04T06:12:11Z
6019,29,2026-08-04T06:12:14Z
6020,30,2026-08-04T06:12:18Z
6021,28,2026-08-04T06:12:21Z
6022,29,2026-08-04T06:12:24Z
6023,26,2026-08-04T06:12:27Z
6024,29,2026-08-04T06:12:31Z
6025,29,2026-08-04T06:12:33Z
6026,25,2026-08-04T06:12:35Z
6027,24,2026-08-04T06:12:38Z
6028,23,2026-08-04T06:12:40Z
6029,23,2026-08-04T06:12:42Z
6030,24,2026-08-04T06:12:45Z
6031,23,2026-08-04T06:12:49Z
6032,21,2026-08-04T06:12:52Z
6033,22,2026-08-04T06:12:54Z
6034,21,2026-08-04T06:12:56Z
6035,22,2026-08-04T06:12:58Z
6036,19,2026-08-04T06:13:01Z
6037,22,2026-08-04T06:13:04Z
6038,22,2026-08-04T06:13:05Z
6039,25,2026-08-04T06:13:07Z
6040,23,2026-08-04T06:13:12Z
6041,26,2026-08-04T06:13:14Z
6042,22,2026-08-04T06:13:17Z
6043,26,2026-08-04T06:13:20Z
6044,27,2026-08-04T06:13:24Z
6045,26,2026-08-04T06:13:28Z
6046,28,2026-08-04T06:13:29Z
6047,28,2026-08-04T06:13:33Z
6048,30,2026-08-04T06:13:37Z
6049,34,2026-08-04T06:13:38Z
6050,31,2026-08-04T06:13:41Z
6051,29,2026-08-04T06:13:44Z
6052,27,2026-08-04T06:13:47Z
6053,28,2026-08-04T06:13:51Z
6054,28,2026-08-04T06:13:54Z
6055,29,2026-08-04T06:13:57Z
6056,26,2026-08-04T06:14:00Z
6057,23,2026-08-04T06:14:03Z
6058,25,2026-08-04T06:14:06Z
6059,27,2026-08-04T06:14:09Z
6060,26,2026-08-04T06:14:12Z
6061,27,2026-08-04T06:14:16Z
6062,29,2026-08-04T06:14:19Z
6063,26,2026-08-04T06:14:23Z
6064,28,2026-08-04T06:14:27Z
6065,30,2026-08-04T06:14:30Z
6066,25,2026-08-04T06:14:33Z
6067,27,2026-08-04T06:14:36Z
6068,30,2026-08-04T06:14:39Z
6069,23,2026-08-04T06:14:42Z
6070,24,2026-08-04T06:14:44Z
6071,25,2026-08-04T06:14:47Z
6072,23,2026-08-04T06:14:50Z
6073,23,2026-08-04T06:14:53Z
6074,20,2026-08-04T06:14:57Z
6075,22,2026-08-04T06:15:00Z
6076,23,2026-08-04T06:15:03Z
6077,25,2026-08-04T06:15:06Z
6078,25,2026-08-04T06:15:09Z
6079,27,2026-08-04T06:15:12Z
6080,29,2026-08-04T06:15:15Z
6081,24,2026-08-04T06:15:18Z
6082,27,2026-08-04T06:15:21Z
6083,25,2026-08-04T06:15:24Z
6084,23,2026-08-04T06:15:27Z
6085,24,2026-08-04T06:15:30Z
6086,27,2026-08-04T06:15:34Z
6087,21,2026-08-04T06:15:37Z
6088,22,2026-08-04T06:15:39Z
6089,24,2026-08-04T06:15:42Z
6090,28,2026-08-04T06:15:45Z
6091,26,2026-08-04T06:15:49Z
6092,28,2026-08-04T06:15:54Z
6093,30,2026-08-04T06:15:58Z
6094,30,2026-08-04T06:16:01Z
6095,30,2026-08-04T06:16:03Z
6096,32,2026-08-04T06:16:07Z
6097,29,2026-08-04T06:16:10Z
6098,31,2026-08-04T06:16:14Z
6099,29,2026-08-04T06:16:17Z
6100,22,2026-08-04T06:16:20Z
6101,21,2026-08-04T06:16:23Z
6102,22,2026-08-04T06:16:26Z
6103,25,2026-08-04T06:16:29Z
6104,25,2026-08-04T06:16:32Z
6105,26,2026-08-04T06:16:35Z
6106,26,2026-08-04T06:16:38Z
6107,25,2026-08-04T06:16:41Z
6108,24,2026-08-04T06:16:45Z
6109,27,2026-08-04T06:16:48Z
6110,29,2026-08-04T06:16:52Z
6111,23,2026-08-04T06:16:54Z
6112,22,2026-08-04T06:16:57Z
6113,24,2026-08-04T06:17:00Z
6114,20,2026-08-04T06:17:04Z
6115,23,2026-08-04T06:17:07Z
6116,22,2026-08-04T06:17:09Z
6117,25,2026-08-04T06:17:11Z
6118,22,2026-08-04T06:17:14Z
6119,23,2026-08-04T06:17:17Z
6120,19,2026-08-04T06:17:19Z
6121,19,2026-08-04T06:17:22Z
6122,20,2026-08-04T06:17:24Z
6123,20,2026-08-04T06:17:27Z
6124,19,2026-08-04T06:17:30Z
6125,19,2026-08-04T06:17:32Z
6126,17,2026-08-04T06:17:33Z
6127,20,2026-08-04T06:17:35Z
6128,17,2026-08-04T06:17:38Z
6129,17,2026-08-04T06:17:40Z
6130,20,2026-08-04T06:17:42Z
6131,18,2026-08-04T06:17:45Z
6132,18,2026-08-04T06:17:47Z
6133,19,2026-08-04T06:17:49Z
6134,18,2026-08-04T06:17:52Z
6135,22,2026-08-04T06:17:54Z
6136,20,2026-08-04T06:17:56Z
6137,22,2026-08-04T06:17:59Z
6138,24,2026-08-04T06:18:02Z
6139,22,2026-08-04T06:18:05Z
6140,22,2026-08-04T06:18:09Z
6141,23,2026-08-04T06:18:12Z
6142,25,2026-08-04T06:18:16Z
6143,20,2026-08-04T06:18:19Z
6144,25,2026-08-04T06:18:23Z
6145,24,2026-08-04T06:18:26Z
6146,28,2026-08-04T06:18:30Z
6147,29,2026-08-04T06:18:33Z
6148,27,2026-08-04T06:18:37Z
6149,26,2026-08-04T06:18:41Z
6150,27,2026-08-04T06:18:45Z
6151,30,2026-08-04T06:18:49Z
6152,29,2026-08-04T06:18:52Z
6153,29,2026-08-04T06:18:55Z
6154,26,2026-08-04T06:18:58Z
6155,23,2026-08-04T06:19:01Z
6156,26,2026-08-04T06:19:04Z
6157,27,2026-08-04T06:19:08Z
6158,24,2026-08-04T06:19:12Z
6159,24,2026-08-04T06:19:14Z
6160,23,2026-08-04T06:19:17Z
6161,22,2026-08-04T06:19:19Z
6162,22,2026-08-04T06:19:21Z
6163,20,2026-08-04T06:19:24Z
6164,20,2026-08-04T06:19:26Z
6165,20,2026-08-04T06:19:29Z
6166,23,2026-08-04T06:19:32Z
6167,24,2026-08-04T06:19:35Z
6168,19,2026-08-04T06:19:37Z
6169,21,2026-08-04T06:19:39Z
6170,18,2026-08-04T06:19:42Z
6171,21,2026-08-04T06:19:44Z
6172,20,2026-08-04T06:19:46Z
6173,21,2026-08-04T06:19:49Z
6174,19,2026-08-04T06:19:51Z
6175,20,2026-08-04T06:19:54Z
6176,21,2026-08-04T06:19:57Z
6177,20,2026-08-04T06:20:00Z
6178,21,2026-08-04T06:20:01Z
6179,22,2026-08-04T06:20:03Z
6180,20,2026-08-04T06:20:07Z
6181,26,2026-08-04T06:20:11Z
6182,23,2026-08-04T06:20:13Z
6183,21,2026-08-04T06:20:16Z
6184,23,2026-08-04T06:20:19Z
6185,26,2026-08-04T06:20:22Z
6186,27,2026-08-04T06:20:25Z
6187,27,2026-08-04T06:20:29Z
6188,24,2026-08-04T06:20:32Z
6189,23,2026-08-04T06:20:34Z
6190,24,2026-08-04T06:20:37Z
6191,25,2026-08-04T06:20:41Z
6192,24,2026-08-04T06:20:45Z
6193,25,2026-08-04T06:20:48Z
6194,23,2026-08-04T06:20:52Z
6195,25,2026-08-04T06:20:52Z
6196,23,2026-08-04T06:20:57Z
6197,19,2026-08-04T06:20:58Z
6198,19,2026-08-04T06:21:00Z
6199,19,2026-08-04T06:21:03Z
6200,22,2026-08-04T06:21:05Z
6201,17,2026-08-04T06:21:08Z
6202,18,2026-08-04T06:21:10Z
6203,19,2026-08-04T06:21:13Z
6204,17,2026-08-04T06:21:15Z
6205,18,2026-08-04T06:21:18Z
6206,19,2026-08-04T06:21:20Z
6207,21,2026-08-04T06:21:22Z
6208,23,2026-08-04T06:21:25Z
6209,25,2026-08-04T06:21:29Z
6210,22,2026-08-04T06:21:32Z
6211,22,2026-08-04T06:21:36Z
6212,26,2026-08-04T06:21:39Z
6213,24,2026-08-04T06:21:43Z
6214,23,2026-08-04T06:21:46Z
6215,24,2026-08-04T06:21:50Z
6216,26,2026-08-04T06:21:53Z
6217,27,2026-08-04T06:21:57Z
6218,27,2026-08-04T06:22:00Z
6219,29,2026-08-04T06:22:04Z
6220,30,2026-08-04T06:22:07Z
6221,30,2026-08-04T06:22:11Z
6222,30,2026-08-04T06:22:15Z
6223,30,2026-08-04T06:22:18Z
6224,31,2026-08-04T06:22:22Z
6225,34,2026-08-04T06:22:25Z
6226,32,2026-08-04T06:22:30Z
6227,39,2026-08-04T06:22:35Z
6228,38,2026-08-04T06:22:40Z
6229,30,2026-08-04T06:22:42Z
6230,27,2026-08-04T06:22:45Z
6231,27,2026-08-04T06:22:49Z
6232,26,2026-08-04T06:22:53Z
6233,24,2026-08-04T06:22:56Z
6234,22,2026-08-04T06:22:59Z
6235,23,2026-08-04T06:23:03Z
6236,20,2026-08-04T06:23:06Z
6237,22,2026-08-04T06:23:09Z
6238,20,2026-08-04T06:23:11Z
6239,15,2026-08-04T06:23:14Z
6240,17,2026-08-04T06:23:18Z
6241,19,2026-08-04T06:23:19Z
6242,18,2026-08-04T06:23:22Z
6243,17,2026-08-04T06:23:23Z
6244,18,2026-08-04T06:23:25Z
6245,21,2026-08-04T06:23:28Z
6246,18,2026-08-04T06:23:30Z
6247,17,2026-08-04T06:23:32Z
6248,19,2026-08-04T06:23:34Z
6249,18,2026-08-04T06:23:36Z
6250,20,2026-08-04T06:23:40Z
6251,18,2026-08-04T06:23:44Z
6252,18,2026-08-04T06:23:46Z
6253,19,2026-08-04T06:23:49Z
6254,21,2026-08-04T06:23:53Z
6255,19,2026-08-04T06:23:56Z
6256,22,2026-08-04T06:23:59Z
6257,23,2026-08-04T06:24:03Z
6258,23,2026-08-04T06:24:06Z
6259,23,2026-08-04T06:24:09Z
6260,26,2026-08-04T06:24:13Z
6261,26,2026-08-04T06:24:16Z
6262,27,2026-08-04T06:24:21Z
6263,30,2026-08-04T06:24:26Z
6264,28,2026-08-04T06:24:30Z
6265,29,2026-08-04T06:24:33Z
6266,26,2026-08-04T06:24:37Z
6267,21,2026-08-04T06:24:41Z
6268,21,2026-08-04T06:24:44Z
6269,22,2026-08-04T06:24:48Z
6270,27,2026-08-04T06:24:51Z
6271,23,2026-08-04T06:24:53Z
6272,24,2026-08-04T06:24:57Z
6273,21,2026-08-04T06:25:02Z
6274,20,2026-08-04T06:25:05Z
6275,18,2026-08-04T06:25:08Z
6276,21,2026-08-04T06:25:11Z
6277,21,2026-08-04T06:25:13Z
6278,21,2026-08-04T06:25:16Z
6279,22,2026-08-04T06:25:19Z
6280,24,2026-08-04T06:25:22Z
6281,21,2026-08-04T06:25:25Z
6282,22,2026-08-04T06:25:27Z
6283,25,2026-08-04T06:25:30Z
6284,25,2026-08-04T06:25:33Z
6285,23,2026-08-04T06:25:36Z
6286,25,2026-08-04T06:25:39Z
6287,23,2026-08-04T06:25:41Z
6288,20,2026-08-04T06:25:44Z
6289,22,2026-08-04T06:25:47Z
6290,21,2026-08-04T06:25:50Z
6291,24,2026-08-04T06:25:53Z
6292,23,2026-08-04T06:25:55Z
6293,19,2026-08-04T06:25:58Z
6294,18,2026-08-04T06:26:01Z
6295,19,2026-08-04T06:26:04Z
6296,19,2026-08-04T06:26:06Z
6297,18,2026-08-04T06:26:09Z
6298,21,2026-08-04T06:26:12Z
6299,22,2026-08-04T06:26:14Z
6300,22,2026-08-04T06:26:17Z
6301,25,2026-08-04T06:26:20Z
6302,21,2026-08-04T06:26:23Z
6303,20,2026-08-04T06:26:25Z
6304,23,2026-08-04T06:26:28Z
6305,23,2026-08-04T06:26:30Z
6306,25,2026-08-04T06:26:34Z
6307,23,2026-08-04T06:26:38Z
6308,19,2026-08-04T06:26:41Z
6309,21,2026-08-04T06:26:44Z
6310,19,2026-08-04T06:26:47Z
6311,20,2026-08-04T06:26:51Z
6312,20,2026-08-04T06:26:54Z
6313,20,2026-08-04T06:26:57Z
6314,20,2026-08-04T06:27:00Z
6315,19,2026-08-04T06:27:02Z
6316,18,2026-08-04T06:27:04Z
6317,18,2026-08-04T06:27:07Z
6318,22,2026-08-04T06:27:09Z
6319,22,2026-08-04T06:27:11Z
6320,25,2026-08-04T06:27:14Z
6321,24,2026-08-04T06:27:18Z
6322,26,2026-08-04T06:27:21Z
6323,30,2026-08-04T06:27:25Z
6324,26,2026-08-04T06:27:29Z
6325,27,2026-08-04T06:27:33Z
6326,25,2026-08-04T06:27:37Z
6327,22,2026-08-04T06:27:40Z
6328,23,2026-08-04T06:27:44Z
6329,25,2026-08-04T06:27:47Z
6330,23,2026-08-04T06:27:51Z
6331,23,2026-08-04T06:27:53Z
6332,20,2026-08-04T06:27:56Z
6333,17,2026-08-04T06:27:58Z
6334,16,2026-08-04T06:28:00Z
6335,19,2026-08-04T06:28:02Z
6336,22,2026-08-04T06:28:04Z
6337,19,2026-08-04T06:28:06Z
6338,13,2026-08-04T06:28:08Z
6339,15,2026-08-04T06:28:10Z
6340,15,2026-08-04T06:28:12Z
6341,16,2026-08-04T06:28:14Z
6342,17,2026-08-04T06:28:16Z
6343,19,2026-08-04T06:28:19Z
6344,18,2026-08-04T06:28:21Z
6345,18,2026-08-04T06:28:23Z
6346,16,2026-08-04T06:28:25Z
6347,17,2026-08-04T06:28:27Z
6348,18,2026-08-04T06:28:30Z
6349,20,2026-08-04T06:28:33Z
6350,19,2026-08-04T06:28:36Z
6351,21,2026-08-04T06:28:38Z
6352,19,2026-08-04T06:28:41Z
6353,20,2026-08-04T06:28:44Z
6354,20,2026-08-04T06:28:47Z
6355,19,2026-08-04T06:28:49Z
6356,20,2026-08-04T06:28:52Z
6357,21,2026-08-04T06:28:55Z
6358,24,2026-08-04T06:28:57Z
6359,23,2026-08-04T06:29:01Z
6360,21,2026-08-04T06:29:04Z
6361,22,2026-08-04T06:29:06Z
6362,21,2026-08-04T06:29:10Z
6363,21,2026-08-04T06:29:13Z
6364,23,2026-08-04T06:29:16Z
6365,24,2026-08-04T06:29:19Z
6366,24,2026-08-04T06:29:22Z
6367,29,2026-08-04T06:29:26Z
6368,27,2026-08-04T06:29:29Z
6369,26,2026-08-04T06:29:32Z
6370,26,2026-08-04T06:29:36Z
6371,25,2026-08-04T06:29:39Z
6372,21,2026-08-04T06:29:42Z
6373,22,2026-08-04T06:29:46Z
6374,23,2026-08-04T06:29:48Z
6375,22,2026-08-04T06:29:50Z
6376,18,2026-08-04T06:29:53Z
6377,21,2026-08-04T06:29:55Z
6378,20,2026-08-04T06:29:57Z
6379,18,2026-08-04T06:30:00Z
6380,20,2026-08-04T06:30:02Z
6381,23,2026-08-04T06:30:05Z
6382,19,2026-08-04T06:30:08Z
6383,21,2026-08-04T06:30:11Z
6384,23,2026-08-04T06:30:14Z
6385,22,2026-08-04T06:30:18Z
6386,25,2026-08-04T06:30:21Z
6387,21,2026-08-04T06:30:23Z
6388,23,2026-08-04T06:30:26Z
6389,22,2026-08-04T06:30:28Z
6390,25,2026-08-04T06:30:31Z
6391,22,2026-08-04T06:30:35Z
6392,25,2026-08-04T06:30:38Z
6393,26,2026-08-04T06:30:40Z
6394,23,2026-08-04T06:30:42Z
6395,23,2026-08-04T06:30:45Z
6396,22,2026-08-04T06:30:49Z
6397,22,2026-08-04T06:30:53Z
6398,21,2026-08-04T06:30:56Z
6399,21,2026-08-04T06:30:59Z
6400,24,2026-08-04T06:31:02Z
6401,22,2026-08-04T06:31:05Z
6402,23,2026-08-04T06:31:08Z
6403,23,2026-08-04T06:31:11Z
6404,19,2026-08-04T06:31:13Z
6405,21,2026-08-04T06:31:15Z
6406,20,2026-08-04T06:31:17Z
6407,21,2026-08-04T06:31:20Z
6408,20,2026-08-04T06:31:23Z
6409,18,2026-08-04T06:31:25Z
6410,20,2026-08-04T06:31:28Z
6411,18,2026-08-04T06:31:31Z
6412,18,2026-08-04T06:31:33Z
6413,15,2026-08-04T06:31:35Z
6414,16,2026-08-04T06:31:37Z
6415,17,2026-08-04T06:31:38Z
6416,18,2026-08-04T06:31:40Z
6417,17,2026-08-04T06:31:42Z
6418,21,2026-08-04T06:31:45Z
6419,19,2026-08-04T06:31:47Z
6420,21,2026-08-04T06:31:49Z
6421,17,2026-08-04T06:31:51Z
6422,17,2026-08-04T06:31:54Z
6423,19,2026-08-04T06:31:56Z
6424,24,2026-08-04T06:31:59Z
6425,22,2026-08-04T06:32:03Z
6426,24,2026-08-04T06:32:06Z
6427,24,2026-08-04T06:32:09Z
6428,21,2026-08-04T06:32:12Z
6429,20,2026-08-04T06:32:15Z
6430,20,2026-08-04T06:32:18Z
6431,26,2026-08-04T06:32:20Z
6432,24,2026-08-04T06:32:23Z
6433,25,2026-08-04T06:32:25Z
6434,26,2026-08-04T06:32:28Z
6435,23,2026-08-04T06:32:31Z
6436,20,2026-08-04T06:32:33Z
6437,18,2026-08-04T06:32:35Z
6438,17,2026-08-04T06:32:37Z
6439,18,2026-08-04T06:32:40Z
6440,17,2026-08-04T06:32:42Z
6441,17,2026-08-04T06:32:44Z
6442,20,2026-08-04T06:32:47Z
6443,20,2026-08-04T06:32:49Z
6444,17,2026-08-04T06:32:51Z
6445,18,2026-08-04T06:32:53Z
6446,17,2026-08-04T06:32:55Z
6447,16,2026-08-04T06:32:57Z
6448,16,2026-08-04T06:32:59Z
6449,19,2026-08-04T06:33:02Z
6450,23,2026-08-04T06:33:04Z
6451,17,2026-08-04T06:33:05Z
6452,20,2026-08-04T06:33:08Z
6453,23,2026-08-04T06:33:11Z
6454,20,2026-08-04T06:33:14Z
6455,21,2026-08-04T06:33:17Z
6456,23,2026-08-04T06:33:20Z
6457,21,2026-08-04T06:33:23Z
6458,23,2026-08-04T06:33:26Z
6459,21,2026-08-04T06:33:29Z
6460,23,2026-08-04T06:33:32Z
6461,22,2026-08-04T06:33:35Z
6462,23,2026-08-04T06:33:38Z
6463,27,2026-08-04T06:33:41Z
6464,27,2026-08-04T06:33:44Z
6465,25,2026-08-04T06:33:48Z
6466,25,2026-08-04T06:33:51Z
6467,29,2026-08-04T06:33:53Z
6468,30,2026-08-04T06:33:56Z
6469,27,2026-08-04T06:33:58Z
6470,28,2026-08-04T06:34:02Z
6471,27,2026-08-04T06:34:05Z
6472,23,2026-08-04T06:34:09Z
6473,23,2026-08-04T06:34:11Z
6474,24,2026-08-04T06:34:14Z
6475,25,2026-08-04T06:34:16Z
6476,23,2026-08-04T06:34:18Z
6477,25,2026-08-04T06:34:21Z
6478,21,2026-08-04T06:34:24Z
6479,21,2026-08-04T06:34:26Z
6480,20,2026-08-04T06:34:28Z
6481,22,2026-08-04T06:34:31Z
6482,22,2026-08-04T06:34:33Z
6483,24,2026-08-04T06:34:36Z
6484,23,2026-08-04T06:34:38Z
6485,21,2026-08-04T06:34:40Z
6486,22,2026-08-04T06:34:42Z
6487,22,2026-08-04T06:34:44Z
6488,21,2026-08-04T06:34:47Z
6489,20,2026-08-04T06:34:50Z
6490,22,2026-08-04T06:34:53Z
6491,22,2026-08-04T06:34:55Z
6492,18,2026-08-04T06:34:57Z
6493,19,2026-08-04T06:34:59Z
6494,22,2026-08-04T06:35:01Z
6495,21,2026-08-04T06:35:04Z
6496,18,2026-08-04T06:35:05Z
6497,20,2026-08-04T06:35:08Z
6498,21,2026-08-04T06:35:10Z
6499,22,2026-08-04T06:35:13Z
6500,23,2026-08-04T06:35:15Z
6501,22,2026-08-04T06:35:18Z
6502,24,2026-08-04T06:35:21Z
6503,29,2026-08-04T06:35:24Z
6504,22,2026-08-04T06:35:27Z
6505,23,2026-08-04T06:35:29Z
6506,23,2026-08-04T06:35:32Z
6507,25,2026-08-04T06:35:35Z
6508,23,2026-08-04T06:35:38Z
6509,23,2026-08-04T06:35:42Z
6510,25,2026-08-04T06:35:45Z
6511,22,2026-08-04T06:35:48Z
6512,23,2026-08-04T06:35:51Z
6513,24,2026-08-04T06:35:53Z
6514,25,2026-08-04T06:35:55Z
6515,21,2026-08-04T06:35:58Z
6516,23,2026-08-04T06:36:00Z
6517,22,2026-08-04T06:36:03Z
6518,23,2026-08-04T06:36:05Z
6519,18,2026-08-04T06:36:07Z
6520,20,2026-08-04T06:36:09Z
6521,18,2026-08-04T06:36:11Z
6522,18,2026-08-04T06:36:14Z
6523,19,2026-08-04T06:36:16Z
6524,20,2026-08-04T06:36:18Z
6525,18,2026-08-04T06:36:20Z
6526,22,2026-08-04T06:36:23Z
6527,20,2026-08-04T06:36:25Z
6528,22,2026-08-04T06:36:27Z
6529,21,2026-08-04T06:36:30Z
6530,20,2026-08-04T06:36:33Z
6531,21,2026-08-04T06:36:36Z
6532,22,2026-08-04T06:36:39Z
6533,25,2026-08-04T06:36:41Z
6534,19,2026-08-04T06:36:44Z
6535,21,2026-08-04T06:36:47Z
6536,16,2026-08-04T06:36:50Z
6537,20,2026-08-04T06:36:52Z
6538,20,2026-08-04T06:36:55Z
6539,18,2026-08-04T06:36:58Z
6540,21,2026-08-04T06:37:00Z
6541,24,2026-08-04T06:37:03Z
6542,21,2026-08-04T06:37:06Z
6543,21,2026-08-04T06:37:08Z
6544,22,2026-08-04T06:37:10Z
6545,19,2026-08-04T06:37:12Z
6546,18,2026-08-04T06:37:15Z
6547,19,2026-08-04T06:37:17Z
6548,19,2026-08-04T06:37:19Z
6549,18,2026-08-04T06:37:22Z
6550,17,2026-08-04T06:37:25Z
6551,20,2026-08-04T06:37:27Z
6552,20,2026-08-04T06:37:30Z
6553,19,2026-08-04T06:37:33Z
6554,21,2026-08-04T06:37:35Z
6555,20,2026-08-04T06:37:38Z
6556,21,2026-08-04T06:37:42Z
6557,25,2026-08-04T06:37:45Z
6558,26,2026-08-04T06:37:48Z
6559,23,2026-08-04T06:37:51Z
6560,25,2026-08-04T06:37:55Z
6561,28,2026-08-04T06:37:58Z
6562,27,2026-08-04T06:38:01Z
6563,29,2026-08-04T06:38:05Z
6564,29,2026-08-04T06:38:08Z
6565,30,2026-08-04T06:38:12Z
6566,29,2026-08-04T06:38:15Z
6567,30,2026-08-04T06:38:19Z
6568,32,2026-08-04T06:38:22Z
6569,28,2026-08-04T06:38:25Z
6570,29,2026-08-04T06:38:28Z
6571,28,2026-08-04T06:38:31Z
6572,26,2026-08-04T06:38:33Z
6573,24,2026-08-04T06:38:36Z
6574,21,2026-08-04T06:38:38Z
6575,20,2026-08-04T06:38:40Z
6576,21,2026-08-04T06:38:42Z
6577,20,2026-08-04T06:38:45Z
6578,19,2026-08-04T06:38:47Z
6579,20,2026-08-04T06:38:50Z
6580,19,2026-08-04T06:38:52Z
6581,19,2026-08-04T06:38:54Z
6582,21,2026-08-04T06:38:57Z
6583,22,2026-08-04T06:38:59Z
6584,19,2026-08-04T06:39:01Z
6585,18,2026-08-04T06:39:04Z
6586,19,2026-08-04T06:39:07Z
6587,21,2026-08-04T06:39:10Z
6588,22,2026-08-04T06:39:12Z
6589,22,2026-08-04T06:39:14Z
6590,22,2026-08-04T06:39:16Z
6591,21,2026-08-04T06:39:19Z
6592,21,2026-08-04T06:39:21Z
6593,20,2026-08-04T06:39:24Z
6594,21,2026-08-04T06:39:26Z
6595,20,2026-08-04T06:39:29Z
6596,21,2026-08-04T06:39:32Z
6597,21,2026-08-04T06:39:34Z
6598,20,2026-08-04T06:39:35Z
6599,21,2026-08-04T06:39:38Z
6600,20,2026-08-04T06:39:40Z
6601,19,2026-08-04T06:39:43Z
6602,19,2026-08-04T06:39:45Z
6603,21,2026-08-04T06:39:48Z
6604,18,2026-08-04T06:39:50Z
6605,19,2026-08-04T06:39:53Z
6606,20,2026-08-04T06:39:55Z
6607,19,2026-08-04T06:39:58Z
6608,21,2026-08-04T06:40:01Z
6609,21,2026-08-04T06:40:04Z
6610,20,2026-08-04T06:40:06Z
6611,21,2026-08-04T06:40:09Z
6612,22,2026-08-04T06:40:12Z
6613,21,2026-08-04T06:40:15Z
6614,23,2026-08-04T06:40:18Z
6615,24,2026-08-04T06:40:21Z
6616,27,2026-08-04T06:40:24Z
6617,27,2026-08-04T06:40:28Z
6618,27,2026-08-04T06:40:32Z
6619,27,2026-08-04T06:40:37Z
6620,24,2026-08-04T06:40:38Z
6621,24,2026-08-04T06:40:42Z
6622,20,2026-08-04T06:40:45Z
6623,21,2026-08-04T06:40:48Z
6624,22,2026-08-04T06:40:51Z
6625,20,2026-08-04T06:40:54Z
6626,20,2026-08-04T06:40:57Z
6627,21,2026-08-04T06:41:00Z
6628,25,2026-08-04T06:41:03Z
6629,28,2026-08-04T06:41:06Z
6630,30,2026-08-04T06:41:10Z
6631,24,2026-08-04T06:41:13Z
6632,25,2026-08-04T06:41:16Z
6633,25,2026-08-04T06:41:19Z
6634,20,2026-08-04T06:41:22Z
6635,20,2026-08-04T06:41:25Z
6636,23,2026-08-04T06:41:27Z
6637,20,2026-08-04T06:41:30Z
6638,22,2026-08-04T06:41:33Z
6639,25,2026-08-04T06:41:36Z
6640,22,2026-08-04T06:41:39Z
6641,24,2026-08-04T06:41:42Z
6642,25,2026-08-04T06:41:45Z
6643,19,2026-08-04T06:41:49Z
6644,20,2026-08-04T06:41:53Z
6645,22,2026-08-04T06:41:55Z
6646,24,2026-08-04T06:41:58Z
6647,25,2026-08-04T06:42:01Z
6648,24,2026-08-04T06:42:04Z
6649,28,2026-08-04T06:42:07Z
6650,23,2026-08-04T06:42:09Z
6651,22,2026-08-04T06:42:12Z
6652,23,2026-08-04T06:42:15Z
6653,24,2026-08-04T06:42:18Z
6654,23,2026-08-04T06:42:21Z
6655,23,2026-08-04T06:42:25Z
6656,26,2026-08-04T06:42:28Z
6657,28,2026-08-04T06:42:30Z
6658,25,2026-08-04T06:42:33Z
6659,24,2026-08-04T06:42:36Z
6660,25,2026-08-04T06:42:39Z
6661,24,2026-08-04T06:42:41Z
6662,25,2026-08-04T06:42:44Z
6663,23,2026-08-04T06:42:47Z
6664,26,2026-08-04T06:42:50Z
6665,24,2026-08-04T06:42:52Z
6666,23,2026-08-04T06:42:55Z
6667,23,2026-08-04T06:42:58Z
6668,24,2026-08-04T06:43:01Z
6669,25,2026-08-04T06:43:04Z
6670,23,2026-08-04T06:43:07Z
6671,24,2026-08-04T06:43:10Z
6672,23,2026-08-04T06:43:12Z
6673,21,2026-08-04T06:43:15Z
6674,24,2026-08-04T06:43:18Z
6675,26,2026-08-04T06:43:21Z
6676,24,2026-08-04T06:43:24Z
6677,26,2026-08-04T06:43:28Z
6678,26,2026-08-04T06:43:31Z
6679,26,2026-08-04T06:43:34Z
6680,27,2026-08-04T06:43:37Z
6681,26,2026-08-04T06:43:41Z
6682,28,2026-08-04T06:43:45Z
6683,29,2026-08-04T06:43:48Z
6684,27,2026-08-04T06:43:51Z
6685,30,2026-08-04T06:43:54Z
6686,27,2026-08-04T06:43:58Z
6687,29,2026-08-04T06:44:01Z
6688,25,2026-08-04T06:44:03Z
6689,25,2026-08-04T06:44:07Z
6690,24,2026-08-04T06:44:11Z
6691,22,2026-08-04T06:44:12Z
6692,21,2026-08-04T06:44:15Z
6693,19,2026-08-04T06:44:19Z
6694,21,2026-08-04T06:44:20Z
6695,20,2026-08-04T06:44:23Z
6696,19,2026-08-04T06:44:26Z
6697,18,2026-08-04T06:44:28Z
6698,19,2026-08-04T06:44:30Z
6699,18,2026-08-04T06:44:32Z
6700,21,2026-08-04T06:44:34Z
6701,21,2026-08-04T06:44:37Z
6702,21,2026-08-04T06:44:40Z
6703,20,2026-08-04T06:44:43Z
6704,22,2026-08-04T06:44:45Z
6705,21,2026-08-04T06:44:47Z
6706,20,2026-08-04T06:44:48Z
6707,18,2026-08-04T06:44:50Z
6708,21,2026-08-04T06:44:53Z
6709,18,2026-08-04T06:44:56Z
6710,18,2026-08-04T06:44:58Z
6711,22,2026-08-04T06:45:01Z
6712,20,2026-08-04T06:45:03Z
6713,20,2026-08-04T06:45:06Z
6714,22,2026-08-04T06:45:08Z
6715,26,2026-08-04T06:45:10Z
6716,25,2026-08-04T06:45:13Z
6717,24,2026-08-04T06:45:16Z
6718,27,2026-08-04T06:45:20Z
6719,29,2026-08-04T06:45:24Z
6720,30,2026-08-04T06:45:27Z
6721,31,2026-08-04T06:45:30Z
6722,32,2026-08-04T06:45:33Z
6723,29,2026-08-04T06:45:36Z
6724,32,2026-08-04T06:45:38Z
6725,24,2026-08-04T06:45:43Z
6726,21,2026-08-04T06:45:44Z
6727,22,2026-08-04T06:45:46Z
6728,22,2026-08-04T06:45:49Z
6729,21,2026-08-04T06:45:52Z
6730,21,2026-08-04T06:45:55Z
6731,18,2026-08-04T06:45:57Z
6732,18,2026-08-04T06:45:59Z
6733,14,2026-08-04T06:46:01Z
6734,16,2026-08-04T06:46:02Z
6735,14,2026-08-04T06:46:04Z
6736,15,2026-08-04T06:46:06Z
6737,13,2026-08-04T06:46:08Z
6738,16,2026-08-04T06:46:10Z
6739,17,2026-08-04T06:46:13Z
6740,20,2026-08-04T06:46:14Z
6741,20,2026-08-04T06:46:16Z
6742,24,2026-08-04T06:46:19Z
6743,24,2026-08-04T06:46:22Z
6744,25,2026-08-04T06:46:25Z
6745,25,2026-08-04T06:46:29Z
6746,26,2026-08-04T06:46:33Z
6747,25,2026-08-04T06:46:34Z
6748,24,2026-08-04T06:46:37Z
6749,22,2026-08-04T06:46:39Z
6750,23,2026-08-04T06:46:42Z
6751,23,2026-08-04T06:46:46Z
6752,21,2026-08-04T06:46:49Z
6753,23,2026-08-04T06:46:52Z
6754,22,2026-08-04T06:46:55Z
6755,24,2026-08-04T06:46:58Z
6756,26,2026-08-04T06:47:01Z
6757,22,2026-08-04T06:47:04Z
6758,22,2026-08-04T06:47:07Z
6759,24,2026-08-04T06:47:10Z
6760,25,2026-08-04T06:47:13Z
6761,26,2026-08-04T06:47:16Z
6762,26,2026-08-04T06:47:18Z
6763,31,2026-08-04T06:47:21Z
6764,26,2026-08-04T06:47:24Z
6765,26,2026-08-04T06:47:27Z
6766,25,2026-08-04T06:47:30Z
6767,27,2026-08-04T06:47:33Z
6768,26,2026-08-04T06:47:37Z
6769,23,2026-08-04T06:47:40Z
6770,27,2026-08-04T06:47:44Z
6771,24,2026-08-04T06:47:44Z
6772,26,2026-08-04T06:47:47Z
6773,23,2026-08-04T06:47:51Z
6774,26,2026-08-04T06:47:56Z
6775,23,2026-08-04T06:47:58Z
6776,22,2026-08-04T06:48:00Z
6777,22,2026-08-04T06:48:03Z
6778,22,2026-08-04T06:48:05Z
6779,25,2026-08-04T06:48:07Z
6780,21,2026-08-04T06:48:10Z
6781,22,2026-08-04T06:48:13Z
6782,24,2026-08-04T06:48:15Z
6783,18,2026-08-04T06:48:19Z
6784,18,2026-08-04T06:48:21Z
6785,19,2026-08-04T06:48:23Z
6786,19,2026-08-04T06:48:24Z
6787,18,2026-08-04T06:48:26Z
6788,18,2026-08-04T06:48:28Z
6789,17,2026-08-04T06:48:31Z
6790,17,2026-08-04T06:48:33Z
6791,17,2026-08-04T06:48:34Z
6792,16,2026-08-04T06:48:37Z
6793,19,2026-08-04T06:48:38Z
6794,19,2026-08-04T06:48:40Z
6795,20,2026-08-04T06:48:43Z
6796,19,2026-08-04T06:48:45Z
6797,19,2026-08-04T06:48:48Z
6798,20,2026-08-04T06:48:50Z
6799,22,2026-08-04T06:48:52Z
6800,21,2026-08-04T06:48:54Z
6801,20,2026-08-04T06:48:57Z
6802,21,2026-08-04T06:48:59Z
6803,21,2026-08-04T06:49:01Z
6804,22,2026-08-04T06:49:04Z
6805,23,2026-08-04T06:49:06Z
6806,25,2026-08-04T06:49:09Z
6807,24,2026-08-04T06:49:11Z
6808,22,2026-08-04T06:49:13Z
6809,19,2026-08-04T06:49:16Z
6810,18,2026-08-04T06:49:18Z
6811,18,2026-08-04T06:49:21Z
6812,19,2026-08-04T06:49:25Z
6813,20,2026-08-04T06:49:27Z
6814,20,2026-08-04T06:49:29Z
6815,22,2026-08-04T06:49:31Z
6816,19,2026-08-04T06:49:34Z
6817,22,2026-08-04T06:49:36Z
6818,20,2026-08-04T06:49:38Z
6819,19,2026-08-04T06:49:40Z
6820,20,2026-08-04T06:49:42Z
6821,20,2026-08-04T06:49:45Z
6822,19,2026-08-04T06:49:48Z
6823,21,2026-08-04T06:49:51Z
6824,23,2026-08-04T06:49:54Z
6825,23,2026-08-04T06:49:57Z
6826,20,2026-08-04T06:49:57Z
6827,20,2026-08-04T06:49:59Z
6828,21,2026-08-04T06:50:02Z
6829,22,2026-08-04T06:50:05Z
6830,23,2026-08-04T06:50:07Z
6831,24,2026-08-04T06:50:10Z
6832,22,2026-08-04T06:50:14Z
6833,24,2026-08-04T06:50:17Z
6834,23,2026-08-04T06:50:20Z
6835,25,2026-08-04T06:50:22Z
6836,22,2026-08-04T06:50:24Z
6837,27,2026-08-04T06:50:27Z
6838,28,2026-08-04T06:50:30Z
6839,25,2026-08-04T06:50:33Z
6840,26,2026-08-04T06:50:36Z
6841,24,2026-08-04T06:50:39Z
6842,26,2026-08-04T06:50:43Z
6843,27,2026-08-04T06:50:46Z
6844,23,2026-08-04T06:50:48Z
6845,22,2026-08-04T06:50:51Z
6846,21,2026-08-04T06:50:54Z
6847,23,2026-08-04T06:50:56Z
6848,22,2026-08-04T06:50:58Z
6849,24,2026-08-04T06:51:01Z
6850,22,2026-08-04T06:51:03Z
6851,23,2026-08-04T06:51:06Z
6852,25,2026-08-04T06:51:08Z
6853,21,2026-08-04T06:51:10Z
6854,23,2026-08-04T06:51:13Z
6855,20,2026-08-04T06:51:15Z
6856,20,2026-08-04T06:51:20Z
6857,20,2026-08-04T06:51:22Z
6858,24,2026-08-04T06:51:24Z
6859,25,2026-08-04T06:51:26Z
6860,23,2026-08-04T06:51:29Z
6861,27,2026-08-04T06:51:32Z
6862,33,2026-08-04T06:51:34Z
6863,27,2026-08-04T06:51:37Z
6864,32,2026-08-04T06:51:40Z
6865,30,2026-08-04T06:51:44Z
6866,31,2026-08-04T06:51:48Z
6867,34,2026-08-04T06:51:51Z
6868,33,2026-08-04T06:51:55Z
6869,27,2026-08-04T06:51:58Z
6870,27,2026-08-04T06:52:01Z
6871,25,2026-08-04T06:52:04Z
6872,25,2026-08-04T06:52:06Z
6873,26,2026-08-04T06:52:10Z
6874,29,2026-08-04T06:52:13Z
6875,23,2026-08-04T06:52:16Z
6876,23,2026-08-04T06:52:18Z
6877,19,2026-08-04T06:52:20Z
6878,20,2026-08-04T06:52:22Z
6879,23,2026-08-04T06:52:25Z
6880,24,2026-08-04T06:52:27Z
6881,18,2026-08-04T06:52:29Z
6882,19,2026-08-04T06:52:32Z
6883,19,2026-08-04T06:52:34Z
6884,17,2026-08-04T06:52:37Z
6885,20,2026-08-04T06:52:40Z
6886,23,2026-08-04T06:52:42Z
6887,23,2026-08-04T06:52:45Z
6888,22,2026-08-04T06:52:48Z
6889,24,2026-08-04T06:52:50Z
6890,24,2026-08-04T06:52:53Z
6891,25,2026-08-04T06:52:56Z
6892,24,2026-08-04T06:52:59Z
6893,27,2026-08-04T06:53:02Z
6894,25,2026-08-04T06:53:04Z
6895,28,2026-08-04T06:53:06Z
6896,25,2026-08-04T06:53:09Z
6897,26,2026-08-04T06:53:12Z
6898,26,2026-08-04T06:53:16Z
6899,24,2026-08-04T06:53:19Z
6900,23,2026-08-04T06:53:22Z
6901,27,2026-08-04T06:53:25Z
6902,21,2026-08-04T06:53:27Z
6903,22,2026-08-04T06:53:30Z
6904,21,2026-08-04T06:53:33Z
6905,23,2026-08-04T06:53:35Z
6906,22,2026-08-04T06:53:38Z
6907,20,2026-08-04T06:53:40Z
6908,21,2026-08-04T06:53:41Z
6909,21,2026-08-04T06:53:43Z
6910,17,2026-08-04T06:53:46Z
6911,19,2026-08-04T06:53:48Z
6912,17,2026-08-04T06:53:50Z
6913,19,2026-08-04T06:53:53Z
6914,22,2026-08-04T06:53:55Z
6915,24,2026-08-04T06:53:58Z
6916,21,2026-08-04T06:54:01Z
6917,23,2026-08-04T06:54:04Z
6918,27,2026-08-04T06:54:07Z
6919,25,2026-08-04T06:54:10Z
6920,23,2026-08-04T06:54:13Z
6921,21,2026-08-04T06:54:14Z
6922,26,2026-08-04T06:54:17Z
6923,23,2026-08-04T06:54:20Z
6924,25,2026-08-04T06:54:23Z
6925,19,2026-08-04T06:54:25Z
6926,24,2026-08-04T06:54:27Z
6927,20,2026-08-04T06:54:30Z
6928,20,2026-08-04T06:54:33Z
6929,18,2026-08-04T06:54:35Z
6930,16,2026-08-04T06:54:37Z
6931,15,2026-08-04T06:54:39Z
6932,18,2026-08-04T06:54:41Z
6933,19,2026-08-04T06:54:43Z
6934,19,2026-08-04T06:54:45Z
6935,19,2026-08-04T06:54:47Z
6936,21,2026-08-04T06:54:49Z
6937,24,2026-08-04T06:54:51Z
6938,24,2026-08-04T06:54:54Z
6939,24,2026-08-04T06:54:57Z
6940,26,2026-08-04T06:55:00Z
6941,26,2026-08-04T06:55:03Z
6942,28,2026-08-04T06:55:06Z
6943,29,2026-08-04T06:55:09Z
6944,28,2026-08-04T06:55:12Z
6945,22,2026-08-04T06:55:14Z
6946,23,2026-08-04T06:55:16Z
6947,23,2026-08-04T06:55:19Z
6948,24,2026-08-04T06:55:21Z
6949,23,2026-08-04T06:55:24Z
6950,22,2026-08-04T06:55:27Z
6951,23,2026-08-04T06:55:29Z
6952,22,2026-08-04T06:55:31Z
6953,21,2026-08-04T06:55:33Z
6954,19,2026-08-04T06:55:36Z
6955,19,2026-08-04T06:55:38Z
6956,18,2026-08-04T06:55:40Z
6957,19,2026-08-04T06:55:42Z
6958,22,2026-08-04T06:55:44Z
6959,20,2026-08-04T06:55:45Z
6960,22,2026-08-04T06:55:47Z
6961,18,2026-08-04T06:55:50Z
6962,19,2026-08-04T06:55:52Z
6963,19,2026-08-04T06:55:55Z
6964,19,2026-08-04T06:55:57Z
6965,20,2026-08-04T06:55:59Z
6966,17,2026-08-04T06:56:01Z
6967,19,2026-08-04T06:56:04Z
6968,19,2026-08-04T06:56:06Z
6969,19,2026-08-04T06:56:08Z
6970,18,2026-08-04T06:56:10Z
6971,18,2026-08-04T06:56:12Z
6972,18,2026-08-04T06:56:15Z
6973,19,2026-08-04T06:56:19Z
6974,22,2026-08-04T06:56:22Z
6975,25,2026-08-04T06:56:25Z
6976,24,2026-08-04T06:56:28Z
6977,27,2026-08-04T06:56:31Z
6978,27,2026-08-04T06:56:34Z
6979,25,2026-08-04T06:56:38Z
6980,26,2026-08-04T06:56:41Z
6981,24,2026-08-04T06:56:44Z
6982,28,2026-08-04T06:56:47Z
6983,27,2026-08-04T06:56:50Z
6984,27,2026-08-04T06:56:53Z
6985,28,2026-08-04T06:56:57Z
6986,31,2026-08-04T06:57:01Z
6987,35,2026-08-04T06:57:04Z
6988,30,2026-08-04T06:57:08Z
6989,30,2026-08-04T06:57:11Z
6990,30,2026-08-04T06:57:14Z
6991,30,2026-08-04T06:57:18Z
6992,30,2026-08-04T06:57:21Z
6993,31,2026-08-04T06:57:24Z
6994,33,2026-08-04T06:57:28Z
6995,30,2026-08-04T06:57:31Z
6996,31,2026-08-04T06:57:36Z
6997,32,2026-08-04T06:57:37Z
6998,29,2026-08-04T06:57:42Z
6999,29,2026-08-04T06:57:46Z
7000,25,2026-08-04T06:57:47Z
7001,22,2026-08-04T06:57:49Z
7002,23,2026-08-04T06:57:51Z
7003,19,2026-08-04T06:57:53Z
7004,19,2026-08-04T06:57:55Z
7005,19,2026-08-04T06:57:57Z
7006,15,2026-08-04T06:57:59Z
7007,18,2026-08-04T06:58:01Z
7008,15,2026-08-04T06:58:04Z
7009,15,2026-08-04T06:58:05Z
7010,16,2026-08-04T06:58:06Z
7011,16,2026-08-04T06:58:09Z
7012,17,2026-08-04T06:58:11Z
7013,15,2026-08-04T06:58:13Z
7014,14,2026-08-04T06:58:14Z
7015,14,2026-08-04T06:58:16Z
7016,16,2026-08-04T06:58:17Z
7017,15,2026-08-04T06:58:19Z
7018,18,2026-08-04T06:58:21Z
7019,17,2026-08-04T06:58:22Z
7020,19,2026-08-04T06:58:24Z
7021,19,2026-08-04T06:58:26Z
7022,17,2026-08-04T06:58:29Z
7023,18,2026-08-04T06:58:31Z
7024,18,2026-08-04T06:58:34Z
7025,18,2026-08-04T06:58:36Z
7026,17,2026-08-04T06:58:38Z
7027,17,2026-08-04T06:58:40Z
7028,17,2026-08-04T06:58:42Z
7029,18,2026-08-04T06:58:43Z
7030,18,2026-08-04T06:58:45Z
7031,20,2026-08-04T06:58:48Z
7032,19,2026-08-04T06:58:49Z
7033,20,2026-08-04T06:58:52Z
7034,20,2026-08-04T06:58:56Z
7035,19,2026-08-04T06:58:57Z
7036,19,2026-08-04T06:58:59Z
7037,23,2026-08-04T06:59:01Z
7038,21,2026-08-04T06:59:03Z
7039,21,2026-08-04T06:59:06Z
7040,23,2026-08-04T06:59:08Z
7041,24,2026-08-04T06:59:10Z
7042,22,2026-08-04T06:59:13Z
7043,23,2026-08-04T06:59:16Z
7044,24,2026-08-04T06:59:19Z
7045,23,2026-08-04T06:59:21Z
7046,24,2026-08-04T06:59:24Z
7047,23,2026-08-04T06:59:27Z
7048,27,2026-08-04T06:59:30Z
7049,28,2026-08-04T06:59:33Z
7050,24,2026-08-04T06:59:34Z
7051,25,2026-08-04T06:59:38Z
7052,25,2026-08-04T06:59:41Z
7053,25,2026-08-04T06:59:43Z
7054,25,2026-08-04T06:59:46Z
7055,26,2026-08-04T06:59:48Z
7056,25,2026-08-04T06:59:52Z
7057,27,2026-08-04T06:59:55Z
7058,24,2026-08-04T06:59:57Z
7059,23,2026-08-04T06:59:59Z
7060,21,2026-08-04T07:00:01Z
7061,21,2026-08-04T07:00:03Z
7062,20,2026-08-04T07:00:05Z
7063,20,2026-08-04T07:00:07Z
7064,18,2026-08-04T07:00:08Z
7065,18,2026-08-04T07:00:10Z
7066,16,2026-08-04T07:00:12Z
7067,19,2026-08-04T07:00:14Z
7068,16,2026-08-04T07:00:16Z
7069,16,2026-08-04T07:00:17Z
7070,13,2026-08-04T07:00:19Z
7071,13,2026-08-04T07:00:21Z
7072,13,2026-08-04T07:00:23Z
7073,13,2026-08-04T07:00:24Z
7074,15,2026-08-04T07:00:26Z
7075,13,2026-08-04T07:00:28Z
7076,13,2026-08-04T07:00:30Z
7077,14,2026-08-04T07:00:32Z
7078,13,2026-08-04T07:00:33Z
7079,14,2026-08-04T07:00:35Z
7080,15,2026-08-04T07:00:37Z
7081,17,2026-08-04T07:00:39Z
7082,17,2026-08-04T07:00:41Z
7083,17,2026-08-04T07:00:42Z
7084,15,2026-08-04T07:00:44Z
7085,20,2026-08-04T07:00:46Z
7086,17,2026-08-04T07:00:48Z
7087,17,2026-08-04T07:00:50Z
7088,17,2026-08-04T07:00:52Z
7089,16,2026-08-04T07:00:54Z
7090,16,2026-08-04T07:00:55Z
7091,14,2026-08-04T07:00:57Z
7092,14,2026-08-04T07:00:59Z
7093,14,2026-08-04T07:01:01Z
7094,16,2026-08-04T07:01:03Z
7095,14,2026-08-04T07:01:05Z
7096,14,2026-08-04T07:01:07Z
7097,16,2026-08-04T07:01:08Z
7098,17,2026-08-04T07:01:10Z
7099,15,2026-08-04T07:01:12Z
7100,16,2026-08-04T07:01:14Z
7101,21,2026-08-04T07:01:16Z
7102,23,2026-08-04T07:01:18Z
7103,24,2026-08-04T07:01:21Z
7104,19,2026-08-04T07:01:23Z
7105,21,2026-08-04T07:01:25Z
7106,20,2026-08-04T07:01:27Z
7107,20,2026-08-04T07:01:29Z
7108,18,2026-08-04T07:01:31Z
7109,21,2026-08-04T07:01:33Z
7110,20,2026-08-04T07:01:35Z
7111,18,2026-08-04T07:01:38Z
7112,18,2026-08-04T07:01:40Z
7113,19,2026-08-04T07:01:42Z
7114,20,2026-08-04T07:01:44Z
7115,19,2026-08-04T07:01:47Z
7116,20,2026-08-04T07:01:50Z
7117,21,2026-08-04T07:01:53Z
7118,23,2026-08-04T07:01:55Z
7119,21,2026-08-04T07:01:57Z
7120,22,2026-08-04T07:02:00Z
7121,21,2026-08-04T07:02:03Z
7122,21,2026-08-04T07:02:07Z
7123,20,2026-08-04T07:02:10Z
7124,22,2026-08-04T07:02:12Z
7125,23,2026-08-04T07:02:14Z
7126,25,2026-08-04T07:02:16Z
7127,28,2026-08-04T07:02:18Z
7128,23,2026-08-04T07:02:23Z
7129,25,2026-08-04T07:02:25Z
7130,25,2026-08-04T07:02:27Z
7131,23,2026-08-04T07:02:30Z
7132,25,2026-08-04T07:02:32Z
7133,24,2026-08-04T07:02:34Z
7134,23,2026-08-04T07:02:37Z
7135,24,2026-08-04T07:02:40Z
7136,27,2026-08-04T07:02:43Z
7137,30,2026-08-04T07:02:45Z
7138,30,2026-08-04T07:02:49Z
7139,29,2026-08-04T07:02:53Z
7140,28,2026-08-04T07:02:56Z
7141,28,2026-08-04T07:02:58Z
7142,31,2026-08-04T07:03:00Z
7143,27,2026-08-04T07:03:03Z
7144,29,2026-08-04T07:03:06Z
7145,25,2026-08-04T07:03:09Z
7146,24,2026-08-04T07:03:11Z
7147,22,2026-08-04T07:03:13Z
7148,22,2026-08-04T07:03:15Z
7149,22,2026-08-04T07:03:18Z
7150,20,2026-08-04T07:03:20Z
7151,20,2026-08-04T07:03:23Z
7152,17,2026-08-04T07:03:25Z
7153,19,2026-08-04T07:03:26Z
7154,18,2026-08-04T07:03:28Z
7155,17,2026-08-04T07:03:30Z
7156,18,2026-08-04T07:03:32Z
7157,19,2026-08-04T07:03:34Z
7158,21,2026-08-04T07:03:36Z
7159,19,2026-08-04T07:03:38Z
7160,20,2026-08-04T07:03:39Z
7161,18,2026-08-04T07:03:41Z
7162,19,2026-08-04T07:03:44Z
7163,20,2026-08-04T07:03:45Z
7164,18,2026-08-04T07:03:48Z
7165,17,2026-08-04T07:03:50Z
7166,16,2026-08-04T07:03:51Z
7167,20,2026-08-04T07:03:53Z
7168,20,2026-08-04T07:03:55Z
7169,19,2026-08-04T07:03:56Z
7170,21,2026-08-04T07:03:58Z
7171,20,2026-08-04T07:04:01Z
7172,21,2026-08-04T07:04:03Z
7173,21,2026-08-04T07:04:06Z
7174,25,2026-08-04T07:04:08Z
7175,22,2026-08-04T07:04:11Z
7176,24,2026-08-04T07:04:13Z
7177,20,2026-08-04T07:04:15Z
7178,21,2026-08-04T07:04:17Z
7179,21,2026-08-04T07:04:19Z
7180,20,2026-08-04T07:04:22Z
7181,24,2026-08-04T07:04:24Z
7182,20,2026-08-04T07:04:26Z
7183,20,2026-08-04T07:04:28Z
7184,21,2026-08-04T07:04:30Z
7185,21,2026-08-04T07:04:33Z
7186,23,2026-08-04T07:04:35Z
7187,23,2026-08-04T07:04:37Z
7188,23,2026-08-04T07:04:40Z
7189,23,2026-08-04T07:04:42Z
7190,23,2026-08-04T07:04:43Z
7191,24,2026-08-04T07:04:46Z
7192,19,2026-08-04T07:04:48Z
7193,20,2026-08-04T07:04:50Z
7194,19,2026-08-04T07:04:53Z
7195,21,2026-08-04T07:04:55Z
7196,21,2026-08-04T07:04:57Z
7197,18,2026-08-04T07:04:59Z
7198,23,2026-08-04T07:05:01Z
7199,19,2026-08-04T07:05:03Z
7200,22,2026-08-04T07:05:05Z
7201,20,2026-08-04T07:05:08Z
7202,17,2026-08-04T07:05:10Z
7203,18,2026-08-04T07:05:12Z
7204,22,2026-08-04T07:05:14Z
7205,24,2026-08-04T07:05:16Z
7206,19,2026-08-04T07:05:18Z
7207,18,2026-08-04T07:05:19Z
7208,17,2026-08-04T07:05:21Z
7209,18,2026-08-04T07:05:24Z
7210,18,2026-08-04T07:05:26Z
7211,20,2026-08-04T07:05:28Z
7212,17,2026-08-04T07:05:29Z
7213,20,2026-08-04T07:05:31Z
7214,23,2026-08-04T07:05:34Z
7215,22,2026-08-04T07:05:35Z
7216,19,2026-08-04T07:05:37Z
7217,20,2026-08-04T07:05:39Z
7218,17,2026-08-04T07:05:41Z
7219,15,2026-08-04T07:05:43Z
7220,15,2026-08-04T07:05:45Z
7221,17,2026-08-04T07:05:47Z
7222,14,2026-08-04T07:05:48Z
7223,14,2026-08-04T07:05:50Z
7224,14,2026-08-04T07:05:52Z
7225,16,2026-08-04T07:05:54Z
7226,13,2026-08-04T07:05:55Z
7227,15,2026-08-04T07:05:57Z
7228,16,2026-08-04T07:05:59Z
7229,13,2026-08-04T07:06:01Z
7230,13,2026-08-04T07:06:02Z
7231,13,2026-08-04T07:06:04Z
7232,16,2026-08-04T07:06:06Z
7233,15,2026-08-04T07:06:08Z
7234,19,2026-08-04T07:06:09Z
7235,18,2026-08-04T07:06:11Z
7236,19,2026-08-04T07:06:13Z
7237,17,2026-08-04T07:06:15Z
7238,17,2026-08-04T07:06:16Z
7239,18,2026-08-04T07:06:18Z
7240,18,2026-08-04T07:06:20Z
7241,19,2026-08-04T07:06:22Z
7242,18,2026-08-04T07:06:24Z
7243,18,2026-08-04T07:06:27Z
7244,17,2026-08-04T07:06:29Z
7245,17,2026-08-04T07:06:31Z
7246,18,2026-08-04T07:06:33Z
7247,21,2026-08-04T07:06:35Z
7248,17,2026-08-04T07:06:37Z
7249,20,2026-08-04T07:06:39Z
7250,19,2026-08-04T07:06:41Z
7251,19,2026-08-04T07:06:43Z
7252,19,2026-08-04T07:06:46Z
7253,19,2026-08-04T07:06:48Z
7254,19,2026-08-04T07:06:49Z
7255,18,2026-08-04T07:06:51Z
7256,15,2026-08-04T07:06:54Z
7257,16,2026-08-04T07:06:56Z
7258,16,2026-08-04T07:06:57Z
7259,18,2026-08-04T07:07:00Z
7260,18,2026-08-04T07:07:02Z
7261,18,2026-08-04T07:07:04Z
7262,19,2026-08-04T07:07:06Z
7263,19,2026-08-04T07:07:08Z
7264,18,2026-08-04T07:07:10Z
7265,18,2026-08-04T07:07:12Z
7266,15,2026-08-04T07:07:14Z
7267,17,2026-08-04T07:07:16Z
7268,19,2026-08-04T07:07:19Z
7269,19,2026-08-04T07:07:21Z
7270,20,2026-08-04T07:07:23Z
7271,21,2026-08-04T07:07:25Z
7272,20,2026-08-04T07:07:27Z
7273,18,2026-08-04T07:07:30Z
7274,21,2026-08-04T07:07:32Z
7275,25,2026-08-04T07:07:34Z
7276,23,2026-08-04T07:07:36Z
7277,21,2026-08-04T07:07:39Z
7278,22,2026-08-04T07:07:41Z
7279,21,2026-08-04T07:07:44Z
7280,23,2026-08-04T07:07:46Z
7281,23,2026-08-04T07:07:49Z
7282,23,2026-08-04T07:07:52Z
7283,22,2026-08-04T07:07:55Z
7284,22,2026-08-04T07:07:56Z
7285,19,2026-08-04T07:07:59Z
7286,17,2026-08-04T07:08:01Z
7287,17,2026-08-04T07:08:03Z
7288,18,2026-08-04T07:08:05Z
7289,21,2026-08-04T07:08:07Z
7290,20,2026-08-04T07:08:10Z
7291,22,2026-08-04T07:08:12Z
7292,23,2026-08-04T07:08:14Z
7293,21,2026-08-04T07:08:16Z
7294,20,2026-08-04T07:08:18Z
7295,22,2026-08-04T07:08:20Z
7296,23,2026-08-04T07:08:22Z
7297,20,2026-08-04T07:08:24Z
7298,21,2026-08-04T07:08:26Z
7299,20,2026-08-04T07:08:28Z
7300,21,2026-08-04T07:08:31Z
7301,22,2026-08-04T07:08:33Z
7302,26,2026-08-04T07:08:36Z
7303,23,2026-08-04T07:08:37Z
7304,27,2026-08-04T07:08:39Z
7305,24,2026-08-04T07:08:42Z
7306,25,2026-08-04T07:08:44Z
7307,22,2026-08-04T07:08:46Z
7308,21,2026-08-04T07:08:48Z
7309,21,2026-08-04T07:08:50Z
7310,19,2026-08-04T07:08:53Z
7311,21,2026-08-04T07:08:55Z
7312,21,2026-08-04T07:08:57Z
7313,23,2026-08-04T07:08:59Z
7314,23,2026-08-04T07:09:01Z
7315,22,2026-08-04T07:09:04Z
7316,24,2026-08-04T07:09:06Z
7317,20,2026-08-04T07:09:08Z
7318,20,2026-08-04T07:09:11Z
7319,21,2026-08-04T07:09:13Z
7320,22,2026-08-04T07:09:15Z
7321,23,2026-08-04T07:09:17Z
7322,24,2026-08-04T07:09:20Z
7323,23,2026-08-04T07:09:22Z
7324,22,2026-08-04T07:09:25Z
7325,19,2026-08-04T07:09:27Z
7326,20,2026-08-04T07:09:28Z
7327,19,2026-08-04T07:09:30Z
7328,20,2026-08-04T07:09:33Z
7329,19,2026-08-04T07:09:35Z
7330,21,2026-08-04T07:09:37Z
7331,21,2026-08-04T07:09:40Z
7332,19,2026-08-04T07:09:41Z
7333,20,2026-08-04T07:09:43Z
7334,20,2026-08-04T07:09:45Z
7335,21,2026-08-04T07:09:47Z
7336,22,2026-08-04T07:09:49Z
7337,21,2026-08-04T07:09:51Z
7338,19,2026-08-04T07:09:53Z
7339,19,2026-08-04T07:09:56Z
7340,20,2026-08-04T07:09:58Z
7341,19,2026-08-04T07:10:00Z
7342,20,2026-08-04T07:10:02Z
7343,21,2026-08-04T07:10:04Z
7344,22,2026-08-04T07:10:06Z
7345,23,2026-08-04T07:10:08Z
7346,19,2026-08-04T07:10:11Z
7347,20,2026-08-04T07:10:13Z
7348,18,2026-08-04T07:10:15Z
7349,19,2026-08-04T07:10:17Z
7350,17,2026-08-04T07:10:18Z
7351,18,2026-08-04T07:10:20Z
7352,19,2026-08-04T07:10:23Z
7353,19,2026-08-04T07:10:25Z
7354,22,2026-08-04T07:10:27Z
7355,17,2026-08-04T07:10:29Z
7356,17,2026-08-04T07:10:30Z
7357,18,2026-08-04T07:10:32Z
7358,19,2026-08-04T07:10:35Z
7359,22,2026-08-04T07:10:36Z
7360,19,2026-08-04T07:10:37Z
7361,21,2026-08-04T07:10:39Z
7362,19,2026-08-04T07:10:41Z
7363,20,2026-08-04T07:10:43Z
7364,22,2026-08-04T07:10:45Z
7365,20,2026-08-04T07:10:47Z
7366,21,2026-08-04T07:10:50Z
7367,17,2026-08-04T07:10:53Z
7368,20,2026-08-04T07:10:53Z
7369,18,2026-08-04T07:10:57Z
7370,17,2026-08-04T07:10:57Z
7371,16,2026-08-04T07:11:01Z
7372,16,2026-08-04T07:11:02Z
7373,17,2026-08-04T07:11:03Z
7374,15,2026-08-04T07:11:04Z
7375,16,2026-08-04T07:11:06Z
7376,19,2026-08-04T07:11:08Z
7377,16,2026-08-04T07:11:10Z
7378,18,2026-08-04T07:11:12Z
7379,16,2026-08-04T07:11:14Z
7380,16,2026-08-04T07:11:16Z
7381,18,2026-08-04T07:11:18Z
7382,18,2026-08-04T07:11:20Z
7383,20,2026-08-04T07:11:22Z
7384,17,2026-08-04T07:11:24Z
7385,19,2026-08-04T07:11:26Z
7386,19,2026-08-04T07:11:29Z
7387,22,2026-08-04T07:11:32Z
7388,25,2026-08-04T07:11:34Z
7389,26,2026-08-04T07:11:37Z
7390,26,2026-08-04T07:11:40Z
7391,24,2026-08-04T07:11:43Z
7392,26,2026-08-04T07:11:46Z
7393,30,2026-08-04T07:11:48Z
7394,25,2026-08-04T07:11:50Z
7395,26,2026-08-04T07:11:53Z
7396,23,2026-08-04T07:11:55Z
7397,24,2026-08-04T07:11:58Z
7398,23,2026-08-04T07:12:01Z
7399,27,2026-08-04T07:12:03Z
7400,24,2026-08-04T07:12:06Z
7401,30,2026-08-04T07:12:08Z
7402,26,2026-08-04T07:12:13Z
7403,27,2026-08-04T07:12:15Z
7404,26,2026-08-04T07:12:17Z
7405,27,2026-08-04T07:12:19Z
7406,22,2026-08-04T07:12:21Z
7407,26,2026-08-04T07:12:24Z
7408,21,2026-08-04T07:12:26Z
7409,24,2026-08-04T07:12:29Z
7410,21,2026-08-04T07:12:32Z
7411,21,2026-08-04T07:12:34Z
7412,19,2026-08-04T07:12:36Z
7413,20,2026-08-04T07:12:39Z
7414,20,2026-08-04T07:12:39Z
7415,19,2026-08-04T07:12:41Z
7416,18,2026-08-04T07:12:44Z
7417,21,2026-08-04T07:12:46Z
7418,19,2026-08-04T07:12:48Z
7419,19,2026-08-04T07:12:50Z
7420,17,2026-08-04T07:12:52Z
7421,18,2026-08-04T07:12:55Z
7422,18,2026-08-04T07:12:57Z
7423,21,2026-08-04T07:12:59Z
7424,23,2026-08-04T07:13:01Z
7425,18,2026-08-04T07:13:03Z
7426,21,2026-08-04T07:13:05Z
7427,19,2026-08-04T07:13:07Z
7428,24,2026-08-04T07:13:10Z
7429,22,2026-08-04T07:13:12Z
7430,24,2026-08-04T07:13:15Z
7431,23,2026-08-04T07:13:17Z
7432,24,2026-08-04T07:13:20Z
7433,24,2026-08-04T07:13:22Z
7434,24,2026-08-04T07:13:23Z
7435,21,2026-08-04T07:13:26Z
7436,26,2026-08-04T07:13:28Z
7437,23,2026-08-04T07:13:31Z
7438,23,2026-08-04T07:13:33Z
7439,21,2026-08-04T07:13:36Z
7440,24,2026-08-04T07:13:37Z
7441,24,2026-08-04T07:13:39Z
7442,21,2026-08-04T07:13:42Z
7443,20,2026-08-04T07:13:44Z
7444,21,2026-08-04T07:13:47Z
7445,19,2026-08-04T07:13:48Z
7446,20,2026-08-04T07:13:49Z
7447,18,2026-08-04T07:13:52Z
7448,19,2026-08-04T07:13:54Z
7449,18,2026-08-04T07:13:57Z
7450,17,2026-08-04T07:13:59Z
7451,17,2026-08-04T07:14:01Z
7452,17,2026-08-04T07:14:03Z
7453,18,2026-08-04T07:14:05Z
7454,19,2026-08-04T07:14:07Z
7455,18,2026-08-04T07:14:09Z
7456,22,2026-08-04T07:14:10Z
7457,18,2026-08-04T07:14:12Z
7458,18,2026-08-04T07:14:14Z
7459,18,2026-08-04T07:14:16Z
7460,22,2026-08-04T07:14:17Z
7461,18,2026-08-04T07:14:19Z
7462,17,2026-08-04T07:14:21Z
7463,17,2026-08-04T07:14:24Z
7464,18,2026-08-04T07:14:26Z
7465,19,2026-08-04T07:14:29Z
7466,20,2026-08-04T07:14:31Z
7467,23,2026-08-04T07:14:34Z
7468,20,2026-08-04T07:14:36Z
7469,26,2026-08-04T07:14:39Z
7470,29,2026-08-04T07:14:41Z
7471,24,2026-08-04T07:14:44Z
7472,22,2026-08-04T07:14:46Z
7473,26,2026-08-04T07:14:49Z
7474,24,2026-08-04T07:14:51Z
7475,28,2026-08-04T07:14:54Z
7476,24,2026-08-04T07:14:56Z
7477,28,2026-08-04T07:14:58Z
7478,25,2026-08-04T07:15:01Z
7479,22,2026-08-04T07:15:03Z
7480,27,2026-08-04T07:15:05Z
7481,22,2026-08-04T07:15:07Z
7482,22,2026-08-04T07:15:09Z
7483,17,2026-08-04T07:15:12Z
7484,19,2026-08-04T07:15:14Z
7485,16,2026-08-04T07:15:16Z
7486,18,2026-08-04T07:15:18Z
7487,17,2026-08-04T07:15:20Z
7488,17,2026-08-04T07:15:22Z
7489,19,2026-08-04T07:15:22Z
7490,19,2026-08-04T07:15:24Z
7491,19,2026-08-04T07:15:27Z
7492,20,2026-08-04T07:15:29Z
7493,20,2026-08-04T07:15:31Z
7494,18,2026-08-04T07:15:34Z
7495,17,2026-08-04T07:15:36Z
7496,17,2026-08-04T07:15:38Z
7497,19,2026-08-04T07:15:41Z
7498,19,2026-08-04T07:15:43Z
7499,21,2026-08-04T07:15:45Z
7500,20,2026-08-04T07:15:48Z
7501,21,2026-08-04T07:15:50Z
7502,20,2026-08-04T07:15:52Z
7503,22,2026-08-04T07:15:55Z
7504,24,2026-08-04T07:15:57Z
7505,24,2026-08-04T07:16:00Z
7506,26,2026-08-04T07:16:03Z
7507,26,2026-08-04T07:16:06Z
7508,25,2026-08-04T07:16:08Z
7509,26,2026-08-04T07:16:11Z
7510,24,2026-08-04T07:16:15Z
7511,28,2026-08-04T07:16:19Z
7512,25,2026-08-04T07:16:22Z
7513,23,2026-08-04T07:16:23Z
7514,20,2026-08-04T07:16:26Z
7515,20,2026-08-04T07:16:28Z
7516,21,2026-08-04T07:16:31Z
7517,21,2026-08-04T07:16:33Z
7518,19,2026-08-04T07:16:36Z
7519,18,2026-08-04T07:16:38Z
7520,20,2026-08-04T07:16:41Z
7521,21,2026-08-04T07:16:44Z
7522,19,2026-08-04T07:16:47Z
7523,20,2026-08-04T07:16:49Z
7524,18,2026-08-04T07:16:50Z
7525,20,2026-08-04T07:16:52Z
7526,21,2026-08-04T07:16:54Z
7527,23,2026-08-04T07:16:57Z
7528,20,2026-08-04T07:16:59Z
7529,19,2026-08-04T07:17:01Z
7530,23,2026-08-04T07:17:03Z
7531,23,2026-08-04T07:17:06Z
7532,24,2026-08-04T07:17:09Z
7533,23,2026-08-04T07:17:12Z
7534,23,2026-08-04T07:17:14Z
7535,24,2026-08-04T07:17:16Z
7536,23,2026-08-04T07:17:20Z
7537,24,2026-08-04T07:17:23Z
7538,20,2026-08-04T07:17:24Z
7539,22,2026-08-04T07:17:26Z
7540,20,2026-08-04T07:17:29Z
7541,19,2026-08-04T07:17:31Z
7542,21,2026-08-04T07:17:34Z
7543,22,2026-08-04T07:17:36Z
7544,22,2026-08-04T07:17:38Z
7545,21,2026-08-04T07:17:40Z
7546,23,2026-08-04T07:17:43Z
7547,21,2026-08-04T07:17:45Z
7548,23,2026-08-04T07:17:47Z
7549,22,2026-08-04T07:17:49Z
7550,24,2026-08-04T07:17:52Z
7551,23,2026-08-04T07:17:54Z
7552,21,2026-08-04T07:17:56Z
7553,22,2026-08-04T07:17:59Z
7554,22,2026-08-04T07:18:01Z
7555,20,2026-08-04T07:18:03Z
7556,23,2026-08-04T07:18:06Z
7557,23,2026-08-04T07:18:08Z
7558,20,2026-08-04T07:18:11Z
7559,19,2026-08-04T07:18:11Z
7560,17,2026-08-04T07:18:14Z
7561,17,2026-08-04T07:18:16Z
7562,17,2026-08-04T07:18:18Z
7563,17,2026-08-04T07:18:20Z
7564,17,2026-08-04T07:18:22Z
7565,18,2026-08-04T07:18:24Z
7566,18,2026-08-04T07:18:25Z
7567,16,2026-08-04T07:18:27Z
7568,17,2026-08-04T07:18:29Z
7569,15,2026-08-04T07:18:30Z
7570,15,2026-08-04T07:18:32Z
7571,16,2026-08-04T07:18:34Z
7572,16,2026-08-04T07:18:36Z
7573,17,2026-08-04T07:18:38Z
7574,18,2026-08-04T07:18:40Z
7575,15,2026-08-04T07:18:42Z
7576,18,2026-08-04T07:18:44Z
7577,18,2026-08-04T07:18:46Z
7578,21,2026-08-04T07:18:49Z
7579,18,2026-08-04T07:18:51Z
7580,21,2026-08-04T07:18:53Z
7581,22,2026-08-04T07:18:55Z
7582,25,2026-08-04T07:18:57Z
7583,23,2026-08-04T07:18:59Z
7584,25,2026-08-04T07:19:01Z
7585,24,2026-08-04T07:19:04Z
7586,26,2026-08-04T07:19:06Z
7587,25,2026-08-04T07:19:09Z
7588,23,2026-08-04T07:19:11Z
7589,21,2026-08-04T07:19:14Z
7590,23,2026-08-04T07:19:17Z
7591,23,2026-08-04T07:19:18Z
7592,25,2026-08-04T07:19:20Z
7593,26,2026-08-04T07:19:23Z
7594,24,2026-08-04T07:19:27Z
7595,31,2026-08-04T07:19:30Z
7596,26,2026-08-04T07:19:32Z
7597,28,2026-08-04T07:19:34Z
7598,25,2026-08-04T07:19:37Z
7599,25,2026-08-04T07:19:40Z
7600,20,2026-08-04T07:19:42Z
7601,22,2026-08-04T07:19:44Z
7602,20,2026-08-04T07:19:46Z
7603,19,2026-08-04T07:19:48Z
7604,20,2026-08-04T07:19:50Z
7605,21,2026-08-04T07:19:52Z
7606,24,2026-08-04T07:19:54Z
7607,21,2026-08-04T07:19:57Z
7608,21,2026-08-04T07:20:00Z
7609,24,2026-08-04T07:20:01Z
7610,23,2026-08-04T07:20:04Z
7611,25,2026-08-04T07:20:07Z
7612,26,2026-08-04T07:20:09Z
7613,25,2026-08-04T07:20:12Z
7614,25,2026-08-04T07:20:15Z
7615,26,2026-08-04T07:20:17Z
7616,23,2026-08-04T07:20:20Z
7617,26,2026-08-04T07:20:22Z
7618,24,2026-08-04T07:20:25Z
7619,22,2026-08-04T07:20:28Z
7620,24,2026-08-04T07:20:29Z
7621,26,2026-08-04T07:20:31Z
7622,26,2026-08-04T07:20:34Z
7623,25,2026-08-04T07:20:37Z
7624,23,2026-08-04T07:20:40Z
7625,22,2026-08-04T07:20:42Z
7626,21,2026-08-04T07:20:44Z
7627,25,2026-08-04T07:20:46Z
7628,23,2026-08-04T07:20:49Z
7629,28,2026-08-04T07:20:52Z
7630,23,2026-08-04T07:20:54Z
7631,26,2026-08-04T07:20:56Z
7632,24,2026-08-04T07:20:59Z
7633,21,2026-08-04T07:21:01Z
7634,22,2026-08-04T07:21:03Z
7635,20,2026-08-04T07:21:05Z
7636,21,2026-08-04T07:21:07Z
7637,21,2026-08-04T07:21:09Z
7638,22,2026-08-04T07:21:11Z
7639,16,2026-08-04T07:21:13Z
7640,17,2026-08-04T07:21:15Z
7641,18,2026-08-04T07:21:18Z
7642,16,2026-08-04T07:21:21Z
7643,18,2026-08-04T07:21:23Z
7644,18,2026-08-04T07:21:25Z
7645,19,2026-08-04T07:21:27Z
7646,18,2026-08-04T07:21:29Z
7647,18,2026-08-04T07:21:32Z
7648,18,2026-08-04T07:21:34Z
7649,17,2026-08-04T07:21:36Z
7650,19,2026-08-04T07:21:38Z
7651,18,2026-08-04T07:21:40Z
7652,20,2026-08-04T07:21:42Z
7653,24,2026-08-04T07:21:44Z
7654,20,2026-08-04T07:21:46Z
7655,20,2026-08-04T07:21:47Z
7656,17,2026-08-04T07:21:50Z
7657,20,2026-08-04T07:21:52Z
7658,20,2026-08-04T07:21:54Z
7659,18,2026-08-04T07:21:56Z
7660,17,2026-08-04T07:21:59Z
7661,20,2026-08-04T07:22:01Z
7662,23,2026-08-04T07:22:03Z
7663,27,2026-08-04T07:22:06Z
7664,23,2026-08-04T07:22:08Z
7665,23,2026-08-04T07:22:09Z
7666,22,2026-08-04T07:22:12Z
7667,22,2026-08-04T07:22:15Z
7668,21,2026-08-04T07:22:17Z
7669,24,2026-08-04T07:22:19Z
7670,22,2026-08-04T07:22:23Z
7671,19,2026-08-04T07:22:26Z
7672,18,2026-08-04T07:22:28Z
7673,20,2026-08-04T07:22:30Z
7674,19,2026-08-04T07:22:31Z
7675,19,2026-08-04T07:22:33Z
7676,19,2026-08-04T07:22:35Z
7677,16,2026-08-04T07:22:37Z
7678,16,2026-08-04T07:22:39Z
7679,18,2026-08-04T07:22:41Z
7680,19,2026-08-04T07:22:43Z
7681,17,2026-08-04T07:22:45Z
7682,16,2026-08-04T07:22:47Z
7683,20,2026-08-04T07:22:49Z
7684,17,2026-08-04T07:22:51Z
7685,18,2026-08-04T07:22:53Z
7686,16,2026-08-04T07:22:56Z
7687,17,2026-08-04T07:22:58Z
7688,17,2026-08-04T07:23:00Z
7689,19,2026-08-04T07:23:02Z
7690,21,2026-08-04T07:23:04Z
7691,20,2026-08-04T07:23:06Z
7692,22,2026-08-04T07:23:09Z
7693,20,2026-08-04T07:23:11Z
7694,21,2026-08-04T07:23:14Z
7695,21,2026-08-04T07:23:17Z
7696,21,2026-08-04T07:23:20Z
7697,23,2026-08-04T07:23:23Z
7698,22,2026-08-04T07:23:25Z
7699,26,2026-08-04T07:23:28Z
7700,23,2026-08-04T07:23:31Z
7701,26,2026-08-04T07:23:34Z
7702,24,2026-08-04T07:23:37Z
7703,23,2026-08-04T07:23:39Z
7704,26,2026-08-04T07:23:42Z
7705,23,2026-08-04T07:23:44Z
7706,26,2026-08-04T07:23:47Z
7707,23,2026-08-04T07:23:50Z
7708,26,2026-08-04T07:23:53Z
7709,24,2026-08-04T07:23:56Z
7710,25,2026-08-04T07:23:59Z
7711,24,2026-08-04T07:24:02Z
7712,22,2026-08-04T07:24:05Z
7713,24,2026-08-04T07:24:08Z
7714,20,2026-08-04T07:24:11Z
7715,23,2026-08-04T07:24:13Z
7716,22,2026-08-04T07:24:16Z
7717,23,2026-08-04T07:24:18Z
7718,22,2026-08-04T07:24:21Z
7719,24,2026-08-04T07:24:23Z
7720,20,2026-08-04T07:24:25Z
7721,19,2026-08-04T07:24:27Z
7722,23,2026-08-04T07:24:29Z
7723,21,2026-08-04T07:24:32Z
7724,19,2026-08-04T07:24:35Z
7725,19,2026-08-04T07:24:38Z
7726,20,2026-08-04T07:24:40Z
7727,21,2026-08-04T07:24:42Z
7728,24,2026-08-04T07:24:44Z
7729,21,2026-08-04T07:24:46Z
7730,20,2026-08-04T07:24:48Z
7731,24,2026-08-04T07:24:51Z
7732,22,2026-08-04T07:24:53Z
7733,22,2026-08-04T07:24:56Z
7734,21,2026-08-04T07:24:58Z
7735,24,2026-08-04T07:25:01Z
7736,21,2026-08-04T07:25:03Z
7737,23,2026-08-04T07:25:07Z
7738,23,2026-08-04T07:25:08Z
7739,21,2026-08-04T07:25:11Z
7740,18,2026-08-04T07:25:13Z
7741,24,2026-08-04T07:25:15Z
7742,18,2026-08-04T07:25:18Z
7743,20,2026-08-04T07:25:20Z
7744,21,2026-08-04T07:25:23Z
7745,23,2026-08-04T07:25:25Z
7746,23,2026-08-04T07:25:27Z
7747,22,2026-08-04T07:25:30Z
7748,24,2026-08-04T07:25:33Z
7749,24,2026-08-04T07:25:35Z
7750,23,2026-08-04T07:25:38Z
7751,19,2026-08-04T07:25:41Z
7752,21,2026-08-04T07:25:43Z
7753,20,2026-08-04T07:25:45Z
7754,20,2026-08-04T07:25:48Z
7755,22,2026-08-04T07:25:50Z
7756,21,2026-08-04T07:25:53Z
7757,22,2026-08-04T07:25:56Z
7758,21,2026-08-04T07:25:59Z
7759,22,2026-08-04T07:26:02Z
7760,22,2026-08-04T07:26:04Z
7761,25,2026-08-04T07:26:07Z
7762,27,2026-08-04T07:26:10Z
7763,30,2026-08-04T07:26:13Z
7764,28,2026-08-04T07:26:15Z
7765,27,2026-08-04T07:26:18Z
7766,23,2026-08-04T07:26:21Z
7767,24,2026-08-04T07:26:24Z
7768,25,2026-08-04T07:26:27Z
7769,24,2026-08-04T07:26:29Z
7770,23,2026-08-04T07:26:31Z
7771,21,2026-08-04T07:26:33Z
7772,23,2026-08-04T07:26:35Z
7773,25,2026-08-04T07:26:38Z
7774,24,2026-08-04T07:26:41Z
7775,22,2026-08-04T07:26:43Z
7776,23,2026-08-04T07:26:45Z
7777,26,2026-08-04T07:26:47Z
7778,22,2026-08-04T07:26:50Z
7779,23,2026-08-04T07:26:53Z
7780,23,2026-08-04T07:26:55Z
7781,25,2026-08-04T07:26:58Z
7782,26,2026-08-04T07:27:01Z
7783,24,2026-08-04T07:27:02Z
7784,28,2026-08-04T07:27:07Z
7785,25,2026-08-04T07:27:09Z
7786,25,2026-08-04T07:27:12Z
7787,23,2026-08-04T07:27:13Z
7788,23,2026-08-04T07:27:16Z
7789,20,2026-08-04T07:27:18Z
7790,21,2026-08-04T07:27:20Z
7791,21,2026-08-04T07:27:23Z
7792,22,2026-08-04T07:27:26Z
7793,20,2026-08-04T07:27:27Z
7794,21,2026-08-04T07:27:29Z
7795,26,2026-08-04T07:27:31Z
7796,20,2026-08-04T07:27:34Z
7797,19,2026-08-04T07:27:36Z
7798,21,2026-08-04T07:27:38Z
7799,23,2026-08-04T07:27:40Z
7800,19,2026-08-04T07:27:43Z
7801,20,2026-08-04T07:27:44Z
7802,22,2026-08-04T07:27:46Z
7803,21,2026-08-04T07:27:48Z
7804,20,2026-08-04T07:27:51Z
7805,21,2026-08-04T07:27:53Z
7806,20,2026-08-04T07:27:56Z
7807,19,2026-08-04T07:27:57Z
7808,23,2026-08-04T07:28:00Z
7809,21,2026-08-04T07:28:02Z
7810,18,2026-08-04T07:28:05Z
7811,18,2026-08-04T07:28:08Z
7812,20,2026-08-04T07:28:10Z
7813,19,2026-08-04T07:28:11Z
7814,18,2026-08-04T07:28:13Z
7815,19,2026-08-04T07:28:15Z
7816,19,2026-08-04T07:28:17Z
7817,18,2026-08-04T07:28:19Z
7818,18,2026-08-04T07:28:21Z
7819,17,2026-08-04T07:28:22Z
7820,16,2026-08-04T07:28:24Z
7821,17,2026-08-04T07:28:26Z
7822,16,2026-08-04T07:28:28Z
7823,17,2026-08-04T07:28:30Z
7824,16,2026-08-04T07:28:32Z
7825,17,2026-08-04T07:28:34Z
7826,19,2026-08-04T07:28:37Z
7827,20,2026-08-04T07:28:39Z
7828,20,2026-08-04T07:28:41Z
7829,25,2026-08-04T07:28:44Z
7830,20,2026-08-04T07:28:46Z
7831,22,2026-08-04T07:28:49Z
7832,20,2026-08-04T07:28:51Z
7833,23,2026-08-04T07:28:54Z
7834,21,2026-08-04T07:28:56Z
7835,24,2026-08-04T07:28:58Z
7836,24,2026-08-04T07:29:00Z
7837,23,2026-08-04T07:29:02Z
7838,23,2026-08-04T07:29:05Z
7839,23,2026-08-04T07:29:08Z
7840,23,2026-08-04T07:29:10Z
7841,24,2026-08-04T07:29:13Z
7842,24,2026-08-04T07:29:17Z
7843,26,2026-08-04T07:29:19Z
7844,24,2026-08-04T07:29:22Z
7845,26,2026-08-04T07:29:24Z
7846,27,2026-08-04T07:29:26Z
7847,25,2026-08-04T07:29:28Z
7848,24,2026-08-04T07:29:31Z
7849,23,2026-08-04T07:29:33Z
7850,23,2026-08-04T07:29:35Z
7851,24,2026-08-04T07:29:39Z
7852,19,2026-08-04T07:29:41Z
7853,20,2026-08-04T07:29:43Z
7854,20,2026-08-04T07:29:46Z
7855,18,2026-08-04T07:29:48Z
7856,18,2026-08-04T07:29:50Z
7857,19,2026-08-04T07:29:52Z
7858,19,2026-08-04T07:29:55Z
7859,19,2026-08-04T07:29:57Z
7860,23,2026-08-04T07:29:59Z
7861,21,2026-08-04T07:30:00Z
7862,21,2026-08-04T07:30:04Z
7863,20,2026-08-04T07:30:06Z
7864,22,2026-08-04T07:30:08Z
7865,22,2026-08-04T07:30:10Z
7866,24,2026-08-04T07:30:12Z
7867,23,2026-08-04T07:30:14Z
7868,25,2026-08-04T07:30:17Z
7869,21,2026-08-04T07:30:20Z
7870,24,2026-08-04T07:30:22Z
7871,27,2026-08-04T07:30:24Z
7872,23,2026-08-04T07:30:27Z
7873,26,2026-08-04T07:30:30Z
7874,25,2026-08-04T07:30:33Z
7875,24,2026-08-04T07:30:37Z
7876,26,2026-08-04T07:30:39Z
7877,25,2026-08-04T07:30:42Z
7878,24,2026-08-04T07:30:44Z
7879,23,2026-08-04T07:30:46Z
7880,23,2026-08-04T07:30:49Z
7881,24,2026-08-04T07:30:51Z
7882,23,2026-08-04T07:30:55Z
7883,24,2026-08-04T07:30:57Z
7884,28,2026-08-04T07:30:59Z
7885,28,2026-08-04T07:31:01Z
7886,29,2026-08-04T07:31:06Z
7887,28,2026-08-04T07:31:09Z
7888,31,2026-08-04T07:31:12Z
7889,27,2026-08-04T07:31:15Z
7890,27,2026-08-04T07:31:17Z
7891,25,2026-08-04T07:31:20Z
7892,25,2026-08-04T07:31:21Z
7893,24,2026-08-04T07:31:24Z
7894,26,2026-08-04T07:31:27Z
7895,25,2026-08-04T07:31:29Z
7896,21,2026-08-04T07:31:32Z
7897,21,2026-08-04T07:31:33Z
7898,19,2026-08-04T07:31:34Z
7899,19,2026-08-04T07:31:37Z
7900,20,2026-08-04T07:31:39Z
7901,19,2026-08-04T07:31:41Z
7902,17,2026-08-04T07:31:43Z
7903,18,2026-08-04T07:31:45Z
7904,18,2026-08-04T07:31:46Z
7905,20,2026-08-04T07:31:47Z
7906,20,2026-08-04T07:31:50Z
7907,20,2026-08-04T07:31:52Z
7908,20,2026-08-04T07:31:54Z
7909,22,2026-08-04T07:31:57Z
7910,20,2026-08-04T07:31:59Z
7911,21,2026-08-04T07:32:01Z
7912,23,2026-08-04T07:32:03Z
7913,19,2026-08-04T07:32:05Z
7914,22,2026-08-04T07:32:08Z
7915,23,2026-08-04T07:32:11Z
7916,22,2026-08-04T07:32:14Z
7917,21,2026-08-04T07:32:16Z
7918,22,2026-08-04T07:32:18Z
7919,21,2026-08-04T07:32:21Z
7920,21,2026-08-04T07:32:23Z
7921,23,2026-08-04T07:32:24Z
7922,25,2026-08-04T07:32:26Z
7923,27,2026-08-04T07:32:28Z
7924,24,2026-08-04T07:32:31Z
7925,27,2026-08-04T07:32:35Z
7926,28,2026-08-04T07:32:38Z
7927,27,2026-08-04T07:32:41Z
7928,25,2026-08-04T07:32:43Z
7929,24,2026-08-04T07:32:44Z
7930,24,2026-08-04T07:32:48Z
7931,24,2026-08-04T07:32:51Z
7932,21,2026-08-04T07:32:54Z
7933,21,2026-08-04T07:32:54Z
7934,21,2026-08-04T07:32:57Z
7935,23,2026-08-04T07:32:59Z
7936,24,2026-08-04T07:33:02Z
7937,25,2026-08-04T07:33:04Z
7938,20,2026-08-04T07:33:07Z
7939,18,2026-08-04T07:33:09Z
7940,19,2026-08-04T07:33:11Z
7941,21,2026-08-04T07:33:13Z
7942,22,2026-08-04T07:33:15Z
7943,24,2026-08-04T07:33:17Z
7944,27,2026-08-04T07:33:19Z
7945,30,2026-08-04T07:33:22Z
7946,24,2026-08-04T07:33:24Z
7947,26,2026-08-04T07:33:27Z
7948,25,2026-08-04T07:33:29Z
7949,26,2026-08-04T07:33:32Z
7950,27,2026-08-04T07:33:34Z
7951,27,2026-08-04T07:33:36Z
7952,22,2026-08-04T07:33:39Z
7953,25,2026-08-04T07:33:41Z
7954,23,2026-08-04T07:33:44Z
7955,18,2026-08-04T07:33:45Z
7956,17,2026-08-04T07:33:47Z
7957,18,2026-08-04T07:33:50Z
7958,20,2026-08-04T07:33:52Z
7959,20,2026-08-04T07:33:54Z
7960,19,2026-08-04T07:33:56Z
7961,19,2026-08-04T07:33:59Z
7962,19,2026-08-04T07:34:01Z
7963,20,2026-08-04T07:34:03Z
7964,19,2026-08-04T07:34:05Z
7965,21,2026-08-04T07:34:07Z
7966,20,2026-08-04T07:34:09Z
7967,20,2026-08-04T07:34:10Z
7968,17,2026-08-04T07:34:12Z
7969,18,2026-08-04T07:34:14Z
7970,17,2026-08-04T07:34:15Z
7971,16,2026-08-04T07:34:17Z
7972,16,2026-08-04T07:34:20Z
7973,18,2026-08-04T07:34:23Z
7974,19,2026-08-04T07:34:25Z
7975,20,2026-08-04T07:34:27Z
7976,19,2026-08-04T07:34:29Z
7977,19,2026-08-04T07:34:31Z
7978,24,2026-08-04T07:34:33Z
7979,23,2026-08-04T07:34:35Z
7980,23,2026-08-04T07:34:37Z
7981,20,2026-08-04T07:34:39Z
7982,21,2026-08-04T07:34:42Z
7983,20,2026-08-04T07:34:44Z
7984,20,2026-08-04T07:34:47Z
7985,21,2026-08-04T07:34:49Z
7986,24,2026-08-04T07:34:51Z
7987,22,2026-08-04T07:34:53Z
7988,22,2026-08-04T07:34:57Z
7989,21,2026-08-04T07:34:58Z
7990,22,2026-08-04T07:35:00Z
7991,20,2026-08-04T07:35:03Z
7992,22,2026-08-04T07:35:05Z
7993,20,2026-08-04T07:35:08Z
7994,26,2026-08-04T07:35:10Z
7995,21,2026-08-04T07:35:12Z
7996,21,2026-08-04T07:35:15Z
7997,24,2026-08-04T07:35:17Z
7998,23,2026-08-04T07:35:20Z
7999,26,2026-08-04T07:35:22Z
8000,21,2026-08-04T07:35:24Z
8001,24,2026-08-04T07:35:27Z
8002,22,2026-08-04T07:35:29Z
8003,24,2026-08-04T07:35:32Z
8004,22,2026-08-04T07:35:34Z
8005,21,2026-08-04T07:35:37Z
8006,21,2026-08-04T07:35:39Z
8007,19,2026-08-04T07:35:42Z
8008,20,2026-08-04T07:35:44Z
8009,18,2026-08-04T07:35:47Z
8010,19,2026-08-04T07:35:49Z
8011,17,2026-08-04T07:35:51Z
8012,19,2026-08-04T07:35:54Z
8013,22,2026-08-04T07:35:56Z
8014,23,2026-08-04T07:35:59Z
8015,22,2026-08-04T07:36:00Z
8016,22,2026-08-04T07:36:03Z
8017,19,2026-08-04T07:36:05Z
8018,20,2026-08-04T07:36:07Z
8019,21,2026-08-04T07:36:09Z
8020,20,2026-08-04T07:36:11Z
8021,19,2026-08-04T07:36:14Z
8022,18,2026-08-04T07:36:16Z
8023,19,2026-08-04T07:36:18Z
8024,17,2026-08-04T07:36:20Z
8025,22,2026-08-04T07:36:22Z
8026,20,2026-08-04T07:36:24Z
8027,20,2026-08-04T07:36:26Z
8028,21,2026-08-04T07:36:28Z
8029,16,2026-08-04T07:36:30Z
8030,18,2026-08-04T07:36:32Z
8031,19,2026-08-04T07:36:34Z
8032,20,2026-08-04T07:36:36Z
8033,18,2026-08-04T07:36:38Z
8034,18,2026-08-04T07:36:40Z
8035,18,2026-08-04T07:36:42Z
8036,17,2026-08-04T07:36:44Z
8037,20,2026-08-04T07:36:46Z
8038,20,2026-08-04T07:36:48Z
8039,22,2026-08-04T07:36:52Z
8040,22,2026-08-04T07:36:53Z
8041,22,2026-08-04T07:36:56Z
8042,19,2026-08-04T07:36:58Z
8043,22,2026-08-04T07:37:01Z
8044,19,2026-08-04T07:37:02Z
8045,25,2026-08-04T07:37:04Z
8046,26,2026-08-04T07:37:06Z
8047,24,2026-08-04T07:37:08Z
8048,23,2026-08-04T07:37:12Z
8049,20,2026-08-04T07:37:14Z
8050,20,2026-08-04T07:37:16Z
8051,20,2026-08-04T07:37:18Z
8052,22,2026-08-04T07:37:19Z
8053,21,2026-08-04T07:37:22Z
8054,19,2026-08-04T07:37:25Z
8055,18,2026-08-04T07:37:27Z
8056,18,2026-08-04T07:37:29Z
8057,19,2026-08-04T07:37:31Z
8058,18,2026-08-04T07:37:31Z
8059,18,2026-08-04T07:37:33Z
8060,19,2026-08-04T07:37:35Z
8061,21,2026-08-04T07:37:37Z
8062,22,2026-08-04T07:37:40Z
8063,23,2026-08-04T07:37:42Z
8064,25,2026-08-04T07:37:45Z
8065,25,2026-08-04T07:37:48Z
8066,22,2026-08-04T07:37:50Z
8067,24,2026-08-04T07:37:53Z
8068,21,2026-08-04T07:37:56Z
8069,21,2026-08-04T07:37:58Z
8070,21,2026-08-04T07:38:01Z
8071,20,2026-08-04T07:38:04Z
8072,22,2026-08-04T07:38:05Z
8073,20,2026-08-04T07:38:08Z
8074,20,2026-08-04T07:38:09Z
8075,20,2026-08-04T07:38:10Z
8076,21,2026-08-04T07:38:12Z
8077,23,2026-08-04T07:38:15Z
8078,25,2026-08-04T07:38:17Z
8079,25,2026-08-04T07:38:21Z
8080,23,2026-08-04T07:38:23Z
8081,23,2026-08-04T07:38:25Z
8082,25,2026-08-04T07:38:28Z
8083,23,2026-08-04T07:38:30Z
8084,26,2026-08-04T07:38:32Z
8085,28,2026-08-04T07:38:34Z
8086,23,2026-08-04T07:38:35Z
8087,21,2026-08-04T07:38:38Z
8088,23,2026-08-04T07:38:40Z
8089,20,2026-08-04T07:38:41Z
8090,20,2026-08-04T07:38:43Z
8091,20,2026-08-04T07:38:45Z
8092,21,2026-08-04T07:38:47Z
8093,21,2026-08-04T07:38:49Z
8094,21,2026-08-04T07:38:52Z
8095,22,2026-08-04T07:38:54Z
8096,21,2026-08-04T07:38:56Z
8097,20,2026-08-04T07:38:57Z
8098,21,2026-08-04T07:39:00Z
8099,21,2026-08-04T07:39:02Z
8100,23,2026-08-04T07:39:05Z
8101,25,2026-08-04T07:39:08Z
8102,23,2026-08-04T07:39:11Z
8103,23,2026-08-04T07:39:13Z
8104,27,2026-08-04T07:39:15Z
8105,22,2026-08-04T07:39:17Z
8106,19,2026-08-04T07:39:19Z
8107,21,2026-08-04T07:39:20Z
8108,21,2026-08-04T07:39:23Z
8109,20,2026-08-04T07:39:25Z
8110,16,2026-08-04T07:39:28Z
8111,17,2026-08-04T07:39:30Z
8112,18,2026-08-04T07:39:31Z
8113,16,2026-08-04T07:39:32Z
8114,20,2026-08-04T07:39:34Z
8115,22,2026-08-04T07:39:37Z
8116,21,2026-08-04T07:39:39Z
8117,25,2026-08-04T07:39:41Z
8118,23,2026-08-04T07:39:44Z
8119,25,2026-08-04T07:39:46Z
8120,22,2026-08-04T07:39:49Z
8121,21,2026-08-04T07:39:52Z
8122,20,2026-08-04T07:39:53Z
8123,20,2026-08-04T07:39:55Z
8124,18,2026-08-04T07:39:58Z
8125,24,2026-08-04T07:40:01Z
8126,25,2026-08-04T07:40:03Z
8127,25,2026-08-04T07:40:06Z
8128,26,2026-08-04T07:40:09Z
8129,24,2026-08-04T07:40:12Z
8130,29,2026-08-04T07:40:13Z
8131,27,2026-08-04T07:40:18Z
8132,26,2026-08-04T07:40:19Z
8133,22,2026-08-04T07:40:21Z
8134,24,2026-08-04T07:40:24Z
8135,22,2026-08-04T07:40:26Z
8136,22,2026-08-04T07:40:28Z
8137,24,2026-08-04T07:40:31Z
8138,23,2026-08-04T07:40:34Z
8139,24,2026-08-04T07:40:35Z
8140,23,2026-08-04T07:40:37Z
8141,22,2026-08-04T07:40:39Z
8142,22,2026-08-04T07:40:41Z
8143,21,2026-08-04T07:40:43Z
8144,22,2026-08-04T07:40:45Z
8145,23,2026-08-04T07:40:48Z
8146,24,2026-08-04T07:40:50Z
8147,19,2026-08-04T07:40:53Z
8148,20,2026-08-04T07:40:54Z
8149,21,2026-08-04T07:40:58Z
8150,18,2026-08-04T07:40:59Z
8151,20,2026-08-04T07:41:01Z
8152,20,2026-08-04T07:41:03Z
8153,21,2026-08-04T07:41:04Z
8154,22,2026-08-04T07:41:08Z
8155,23,2026-08-04T07:41:11Z
8156,24,2026-08-04T07:41:12Z
8157,22,2026-08-04T07:41:14Z
8158,23,2026-08-04T07:41:17Z
8159,21,2026-08-04T07:41:19Z
8160,20,2026-08-04T07:41:22Z
8161,21,2026-08-04T07:41:25Z
8162,21,2026-08-04T07:41:28Z
8163,26,2026-08-04T07:41:31Z
8164,24,2026-08-04T07:41:32Z
8165,24,2026-08-04T07:41:35Z
8166,22,2026-08-04T07:41:37Z
8167,24,2026-08-04T07:41:39Z
8168,20,2026-08-04T07:41:41Z
8169,21,2026-08-04T07:41:44Z
8170,26,2026-08-04T07:41:46Z
8171,20,2026-08-04T07:41:49Z
8172,21,2026-08-04T07:41:51Z
8173,21,2026-08-04T07:41:54Z
8174,21,2026-08-04T07:41:57Z
8175,22,2026-08-04T07:41:59Z
8176,22,2026-08-04T07:42:01Z
8177,20,2026-08-04T07:42:03Z
8178,21,2026-08-04T07:42:06Z
8179,19,2026-08-04T07:42:08Z
8180,23,2026-08-04T07:42:10Z
8181,20,2026-08-04T07:42:12Z
8182,22,2026-08-04T07:42:14Z
8183,22,2026-08-04T07:42:16Z
8184,17,2026-08-04T07:42:18Z
8185,18,2026-08-04T07:42:20Z
8186,19,2026-08-04T07:42:21Z
8187,17,2026-08-04T07:42:23Z
8188,17,2026-08-04T07:42:25Z
8189,20,2026-08-04T07:42:28Z
8190,17,2026-08-04T07:42:30Z
8191,18,2026-08-04T07:42:33Z
8192,22,2026-08-04T07:42:35Z
8193,19,2026-08-04T07:42:37Z
8194,20,2026-08-04T07:42:40Z
8195,19,2026-08-04T07:42:42Z
8196,21,2026-08-04T07:42:44Z
8197,19,2026-08-04T07:42:46Z
8198,16,2026-08-04T07:42:48Z
8199,15,2026-08-04T07:42:50Z
8200,18,2026-08-04T07:42:51Z
8201,21,2026-08-04T07:42:53Z
8202,19,2026-08-04T07:42:55Z
8203,18,2026-08-04T07:42:58Z
8204,17,2026-08-04T07:43:00Z
8205,17,2026-08-04T07:43:02Z
8206,18,2026-08-04T07:43:04Z
8207,16,2026-08-04T07:43:06Z
8208,17,2026-08-04T07:43:08Z
8209,21,2026-08-04T07:43:10Z
8210,21,2026-08-04T07:43:12Z
8211,18,2026-08-04T07:43:14Z
8212,21,2026-08-04T07:43:16Z
8213,21,2026-08-04T07:43:18Z
8214,20,2026-08-04T07:43:20Z
8215,22,2026-08-04T07:43:24Z
8216,22,2026-08-04T07:43:26Z
8217,25,2026-08-04T07:43:29Z
8218,28,2026-08-04T07:43:32Z
8219,24,2026-08-04T07:43:35Z
8220,22,2026-08-04T07:43:38Z
8221,25,2026-08-04T07:43:41Z
8222,24,2026-08-04T07:43:44Z
8223,28,2026-08-04T07:43:47Z
8224,28,2026-08-04T07:43:50Z
8225,23,2026-08-04T07:43:52Z
8226,22,2026-08-04T07:43:55Z
8227,24,2026-08-04T07:43:57Z
8228,22,2026-08-04T07:44:00Z
8229,25,2026-08-04T07:44:02Z
8230,24,2026-08-04T07:44:05Z
8231,22,2026-08-04T07:44:08Z
8232,21,2026-08-04T07:44:10Z
8233,22,2026-08-04T07:44:12Z
8234,23,2026-08-04T07:44:12Z
8235,19,2026-08-04T07:44:14Z
8236,19,2026-08-04T07:44:17Z
8237,22,2026-08-04T07:44:19Z
8238,23,2026-08-04T07:44:21Z
8239,24,2026-08-04T07:44:23Z
8240,23,2026-08-04T07:44:25Z
8241,24,2026-08-04T07:44:27Z
8242,22,2026-08-04T07:44:31Z
8243,22,2026-08-04T07:44:33Z
8244,24,2026-08-04T07:44:35Z
8245,22,2026-08-04T07:44:38Z
8246,24,2026-08-04T07:44:40Z
8247,22,2026-08-04T07:44:42Z
8248,24,2026-08-04T07:44:45Z
8249,26,2026-08-04T07:44:47Z
8250,29,2026-08-04T07:44:50Z
8251,26,2026-08-04T07:44:52Z
8252,25,2026-08-04T07:44:55Z
8253,26,2026-08-04T07:44:58Z
8254,26,2026-08-04T07:45:01Z
8255,25,2026-08-04T07:45:03Z
8256,24,2026-08-04T07:45:06Z
8257,18,2026-08-04T07:45:09Z
8258,23,2026-08-04T07:45:11Z
8259,22,2026-08-04T07:45:12Z
8260,24,2026-08-04T07:45:15Z
8261,21,2026-08-04T07:45:17Z
8262,21,2026-08-04T07:45:20Z
8263,22,2026-08-04T07:45:22Z
8264,20,2026-08-04T07:45:24Z
8265,22,2026-08-04T07:45:26Z
8266,24,2026-08-04T07:45:28Z
8267,22,2026-08-04T07:45:30Z
8268,24,2026-08-04T07:45:33Z
8269,22,2026-08-04T07:45:35Z
8270,21,2026-08-04T07:45:37Z
8271,19,2026-08-04T07:45:39Z
8272,23,2026-08-04T07:45:42Z
8273,22,2026-08-04T07:45:44Z
8274,21,2026-08-04T07:45:46Z
8275,20,2026-08-04T07:45:48Z
8276,22,2026-08-04T07:45:50Z
8277,18,2026-08-04T07:45:53Z
8278,21,2026-08-04T07:45:55Z
8279,21,2026-08-04T07:45:58Z
8280,23,2026-08-04T07:46:01Z
8281,22,2026-08-04T07:46:03Z
8282,24,2026-08-04T07:46:06Z
8283,23,2026-08-04T07:46:08Z
8284,22,2026-08-04T07:46:11Z
8285,25,2026-08-04T07:46:13Z
8286,24,2026-08-04T07:46:16Z
8287,24,2026-08-04T07:46:19Z
8288,23,2026-08-04T07:46:22Z
8289,24,2026-08-04T07:46:25Z
8290,23,2026-08-04T07:46:29Z
8291,21,2026-08-04T07:46:31Z
8292,21,2026-08-04T07:46:34Z
8293,20,2026-08-04T07:46:36Z
8294,24,2026-08-04T07:46:38Z
8295,22,2026-08-04T07:46:41Z
8296,26,2026-08-04T07:46:45Z
8297,28,2026-08-04T07:46:48Z
8298,24,2026-08-04T07:46:51Z
8299,25,2026-08-04T07:46:54Z
8300,23,2026-08-04T07:46:57Z
8301,23,2026-08-04T07:47:00Z
8302,22,2026-08-04T07:47:03Z
8303,23,2026-08-04T07:47:06Z
8304,22,2026-08-04T07:47:08Z
8305,18,2026-08-04T07:47:10Z
8306,18,2026-08-04T07:47:12Z
8307,19,2026-08-04T07:47:15Z
8308,19,2026-08-04T07:47:18Z
8309,20,2026-08-04T07:47:20Z
8310,22,2026-08-04T07:47:23Z
8311,21,2026-08-04T07:47:25Z
8312,22,2026-08-04T07:47:28Z
8313,22,2026-08-04T07:47:29Z
8314,22,2026-08-04T07:47:32Z
8315,20,2026-08-04T07:47:34Z
8316,22,2026-08-04T07:47:37Z
8317,25,2026-08-04T07:47:40Z
8318,24,2026-08-04T07:47:42Z
8319,22,2026-08-04T07:47:45Z
8320,24,2026-08-04T07:47:47Z
8321,24,2026-08-04T07:47:50Z
8322,22,2026-08-04T07:47:54Z
8323,23,2026-08-04T07:47:57Z
8324,19,2026-08-04T07:47:59Z
8325,20,2026-08-04T07:48:01Z
8326,23,2026-08-04T07:48:03Z
8327,22,2026-08-04T07:48:05Z
8328,23,2026-08-04T07:48:09Z
8329,25,2026-08-04T07:48:12Z
8330,25,2026-08-04T07:48:14Z
8331,25,2026-08-04T07:48:17Z
8332,24,2026-08-04T07:48:20Z
8333,24,2026-08-04T07:48:23Z
8334,25,2026-08-04T07:48:25Z
8335,23,2026-08-04T07:48:27Z
8336,23,2026-08-04T07:48:29Z
8337,22,2026-08-04T07:48:31Z
8338,23,2026-08-04T07:48:34Z
8339,25,2026-08-04T07:48:37Z
8340,23,2026-08-04T07:48:40Z
8341,26,2026-08-04T07:48:42Z
8342,22,2026-08-04T07:48:44Z
8343,21,2026-08-04T07:48:48Z
8344,19,2026-08-04T07:48:50Z
8345,17,2026-08-04T07:48:52Z
8346,22,2026-08-04T07:48:54Z
8347,20,2026-08-04T07:48:56Z
8348,20,2026-08-04T07:48:58Z
8349,20,2026-08-04T07:49:00Z
8350,24,2026-08-04T07:49:03Z
8351,22,2026-08-04T07:49:05Z
8352,25,2026-08-04T07:49:06Z
8353,24,2026-08-04T07:49:08Z
8354,24,2026-08-04T07:49:11Z
8355,24,2026-08-04T07:49:13Z
8356,21,2026-08-04T07:49:16Z
8357,22,2026-08-04T07:49:18Z
8358,20,2026-08-04T07:49:21Z
8359,19,2026-08-04T07:49:24Z
8360,24,2026-08-04T07:49:26Z
8361,22,2026-08-04T07:49:29Z
8362,22,2026-08-04T07:49:31Z
8363,22,2026-08-04T07:49:34Z
8364,24,2026-08-04T07:49:36Z
8365,24,2026-08-04T07:49:39Z
8366,21,2026-08-04T07:49:41Z
8367,21,2026-08-04T07:49:44Z
8368,24,2026-08-04T07:49:46Z
8369,24,2026-08-04T07:49:49Z
8370,22,2026-08-04T07:49:51Z
8371,22,2026-08-04T07:49:54Z
8372,25,2026-08-04T07:49:56Z
8373,24,2026-08-04T07:49:59Z
8374,20,2026-08-04T07:50:01Z
8375,19,2026-08-04T07:50:03Z
8376,21,2026-08-04T07:50:05Z
8377,20,2026-08-04T07:50:08Z
8378,22,2026-08-04T07:50:11Z
8379,20,2026-08-04T07:50:12Z
8380,21,2026-08-04T07:50:15Z
8381,18,2026-08-04T07:50:17Z
8382,19,2026-08-04T07:50:19Z
8383,19,2026-08-04T07:50:22Z
8384,20,2026-08-04T07:50:25Z
8385,20,2026-08-04T07:50:28Z
8386,21,2026-08-04T07:50:30Z
8387,23,2026-08-04T07:50:32Z
8388,23,2026-08-04T07:50:34Z
8389,27,2026-08-04T07:50:36Z
8390,25,2026-08-04T07:50:39Z
8391,24,2026-08-04T07:50:41Z
8392,19,2026-08-04T07:50:44Z
8393,22,2026-08-04T07:50:47Z
8394,18,2026-08-04T07:50:49Z
8395,19,2026-08-04T07:50:51Z
8396,19,2026-08-04T07:50:54Z
8397,20,2026-08-04T07:50:56Z
8398,24,2026-08-04T07:50:58Z
8399,24,2026-08-04T07:51:00Z
8400,20,2026-08-04T07:51:02Z
8401,15,2026-08-04T07:51:04Z
8402,16,2026-08-04T07:51:06Z
8403,16,2026-08-04T07:51:08Z
8404,17,2026-08-04T07:51:10Z
8405,17,2026-08-04T07:51:12Z
8406,17,2026-08-04T07:51:14Z
8407,18,2026-08-04T07:51:16Z
8408,17,2026-08-04T07:51:18Z
8409,16,2026-08-04T07:51:19Z
8410,16,2026-08-04T07:51:21Z
8411,17,2026-08-04T07:51:23Z
8412,15,2026-08-04T07:51:25Z
8413,15,2026-08-04T07:51:27Z
8414,18,2026-08-04T07:51:29Z
8415,17,2026-08-04T07:51:30Z
8416,17,2026-08-04T07:51:33Z
8417,18,2026-08-04T07:51:36Z
8418,23,2026-08-04T07:51:39Z
8419,19,2026-08-04T07:51:41Z
8420,22,2026-08-04T07:51:44Z
8421,20,2026-08-04T07:51:47Z
8422,23,2026-08-04T07:51:50Z
8423,22,2026-08-04T07:51:52Z
8424,22,2026-08-04T07:51:55Z
8425,19,2026-08-04T07:51:58Z
8426,21,2026-08-04T07:52:00Z
8427,21,2026-08-04T07:52:03Z
8428,24,2026-08-04T07:52:06Z
8429,20,2026-08-04T07:52:09Z
8430,19,2026-08-04T07:52:12Z
8431,21,2026-08-04T07:52:16Z
8432,22,2026-08-04T07:52:16Z
8433,22,2026-08-04T07:52:19Z
8434,23,2026-08-04T07:52:22Z
8435,24,2026-08-04T07:52:26Z
8436,24,2026-08-04T07:52:28Z
8437,27,2026-08-04T07:52:31Z
8438,22,2026-08-04T07:52:33Z
8439,21,2026-08-04T07:52:37Z
8440,20,2026-08-04T07:52:39Z
8441,20,2026-08-04T07:52:41Z
8442,18,2026-08-04T07:52:43Z
8443,19,2026-08-04T07:52:46Z
8444,22,2026-08-04T07:52:48Z
8445,22,2026-08-04T07:52:51Z
8446,23,2026-08-04T07:52:54Z
8447,22,2026-08-04T07:52:57Z
8448,25,2026-08-04T07:53:00Z
8449,24,2026-08-04T07:53:03Z
8450,26,2026-08-04T07:53:07Z
8451,26,2026-08-04T07:53:10Z
8452,29,2026-08-04T07:53:13Z
8453,31,2026-08-04T07:53:15Z
8454,28,2026-08-04T07:53:18Z
8455,29,2026-08-04T07:53:20Z
8456,27,2026-08-04T07:53:23Z
8457,28,2026-08-04T07:53:25Z
8458,29,2026-08-04T07:53:28Z
8459,32,2026-08-04T07:53:31Z
8460,29,2026-08-04T07:53:35Z
8461,31,2026-08-04T07:53:38Z
8462,30,2026-08-04T07:53:41Z
8463,31,2026-08-04T07:53:44Z
8464,28,2026-08-04T07:53:47Z
8465,26,2026-08-04T07:53:49Z
8466,28,2026-08-04T07:53:52Z
8467,28,2026-08-04T07:53:55Z
8468,26,2026-08-04T07:53:58Z
8469,31,2026-08-04T07:54:01Z
8470,27,2026-08-04T07:54:03Z
8471,28,2026-08-04T07:54:07Z
8472,29,2026-08-04T07:54:10Z
8473,26,2026-08-04T07:54:14Z
8474,28,2026-08-04T07:54:17Z
8475,27,2026-08-04T07:54:21Z
8476,26,2026-08-04T07:54:22Z
8477,23,2026-08-04T07:54:25Z
8478,23,2026-08-04T07:54:27Z
8479,25,2026-08-04T07:54:29Z
8480,21,2026-08-04T07:54:32Z
8481,20,2026-08-04T07:54:33Z
8482,21,2026-08-04T07:54:36Z
8483,25,2026-08-04T07:54:39Z
8484,25,2026-08-04T07:54:42Z
8485,21,2026-08-04T07:54:43Z
8486,24,2026-08-04T07:54:47Z
8487,20,2026-08-04T07:54:51Z
8488,21,2026-08-04T07:54:52Z
8489,21,2026-08-04T07:54:54Z
8490,24,2026-08-04T07:54:56Z
8491,21,2026-08-04T07:54:59Z
8492,22,2026-08-04T07:55:02Z
8493,21,2026-08-04T07:55:05Z
8494,21,2026-08-04T07:55:08Z
8495,23,2026-08-04T07:55:11Z
8496,27,2026-08-04T07:55:14Z
8497,27,2026-08-04T07:55:17Z
8498,28,2026-08-04T07:55:19Z
8499,27,2026-08-04T07:55:22Z
8500,27,2026-08-04T07:55:25Z
8501,25,2026-08-04T07:55:27Z
8502,23,2026-08-04T07:55:30Z
8503,23,2026-08-04T07:55:33Z
8504,24,2026-08-04T07:55:36Z
8505,26,2026-08-04T07:55:39Z
8506,23,2026-08-04T07:55:41Z
8507,25,2026-08-04T07:55:43Z
8508,22,2026-08-04T07:55:46Z
8509,24,2026-08-04T07:55:48Z
8510,27,2026-08-04T07:55:51Z
8511,24,2026-08-04T07:55:54Z
8512,26,2026-08-04T07:55:57Z
8513,21,2026-08-04T07:56:00Z
8514,24,2026-08-04T07:56:03Z
8515,20,2026-08-04T07:56:05Z
8516,21,2026-08-04T07:56:08Z
8517,22,2026-08-04T07:56:10Z
8518,22,2026-08-04T07:56:12Z
8519,24,2026-08-04T07:56:14Z
8520,24,2026-08-04T07:56:17Z
8521,24,2026-08-04T07:56:20Z
8522,21,2026-08-04T07:56:22Z
8523,22,2026-08-04T07:56:25Z
8524,23,2026-08-04T07:56:28Z
8525,21,2026-08-04T07:56:30Z
8526,20,2026-08-04T07:56:32Z
8527,18,2026-08-04T07:56:33Z
8528,20,2026-08-04T07:56:35Z
8529,18,2026-08-04T07:56:38Z
8530,20,2026-08-04T07:56:40Z
8531,23,2026-08-04T07:56:42Z
8532,24,2026-08-04T07:56:45Z
8533,24,2026-08-04T07:56:47Z
8534,26,2026-08-04T07:56:50Z
8535,25,2026-08-04T07:56:52Z
8536,25,2026-08-04T07:56:56Z
8537,23,2026-08-04T07:56:59Z
8538,24,2026-08-04T07:57:01Z
8539,23,2026-08-04T07:57:04Z
8540,22,2026-08-04T07:57:06Z
8541,22,2026-08-04T07:57:09Z
8542,24,2026-08-04T07:57:11Z
8543,24,2026-08-04T07:57:14Z
8544,26,2026-08-04T07:57:18Z
8545,23,2026-08-04T07:57:19Z
8546,23,2026-08-04T07:57:20Z
8547,21,2026-08-04T07:57:23Z
8548,23,2026-08-04T07:57:25Z
8549,22,2026-08-04T07:57:28Z
8550,21,2026-08-04T07:57:30Z
8551,18,2026-08-04T07:57:32Z
8552,20,2026-08-04T07:57:34Z
8553,17,2026-08-04T07:57:37Z
8554,16,2026-08-04T07:57:39Z
8555,20,2026-08-04T07:57:41Z
8556,24,2026-08-04T07:57:42Z
8557,21,2026-08-04T07:57:44Z
8558,23,2026-08-04T07:57:47Z
8559,24,2026-08-04T07:57:50Z
8560,24,2026-08-04T07:57:52Z
8561,22,2026-08-04T07:57:54Z
8562,24,2026-08-04T07:57:57Z
8563,24,2026-08-04T07:58:00Z
8564,24,2026-08-04T07:58:02Z
8565,22,2026-08-04T07:58:05Z
8566,22,2026-08-04T07:58:07Z
8567,18,2026-08-04T07:58:10Z
8568,21,2026-08-04T07:58:12Z
8569,17,2026-08-04T07:58:13Z
8570,18,2026-08-04T07:58:15Z
8571,19,2026-08-04T07:58:17Z
8572,21,2026-08-04T07:58:19Z
8573,22,2026-08-04T07:58:22Z
8574,19,2026-08-04T07:58:24Z
8575,22,2026-08-04T07:58:26Z
8576,18,2026-08-04T07:58:28Z
8577,20,2026-08-04T07:58:31Z
8578,18,2026-08-04T07:58:33Z
8579,20,2026-08-04T07:58:35Z
8580,19,2026-08-04T07:58:37Z
8581,19,2026-08-04T07:58:40Z
8582,22,2026-08-04T07:58:42Z
8583,26,2026-08-04T07:58:44Z
8584,22,2026-08-04T07:58:46Z
8585,26,2026-08-04T07:58:48Z
8586,18,2026-08-04T07:58:51Z
8587,22,2026-08-04T07:58:53Z
8588,19,2026-08-04T07:58:55Z
8589,21,2026-08-04T07:58:58Z
8590,19,2026-08-04T07:59:01Z
8591,25,2026-08-04T07:59:04Z
8592,21,2026-08-04T07:59:06Z
8593,24,2026-08-04T07:59:09Z
8594,23,2026-08-04T07:59:11Z
8595,22,2026-08-04T07:59:13Z
8596,21,2026-08-04T07:59:15Z
8597,21,2026-08-04T07:59:17Z
8598,21,2026-08-04T07:59:19Z
8599,21,2026-08-04T07:59:21Z
8600,21,2026-08-04T07:59:23Z
8601,22,2026-08-04T07:59:26Z
8602,19,2026-08-04T07:59:28Z
8603,23,2026-08-04T07:59:30Z
8604,20,2026-08-04T07:59:32Z
8605,20,2026-08-04T07:59:34Z
8606,18,2026-08-04T07:59:36Z
8607,18,2026-08-04T07:59:38Z
8608,17,2026-08-04T07:59:40Z
8609,15,2026-08-04T07:59:42Z
8610,17,2026-08-04T07:59:44Z
8611,16,2026-08-04T07:59:46Z
8612,15,2026-08-04T07:59:48Z
8613,16,2026-08-04T07:59:50Z
8614,18,2026-08-04T07:59:51Z
8615,18,2026-08-04T07:59:53Z
8616,17,2026-08-04T07:59:55Z
8617,18,2026-08-04T07:59:56Z
8618,18,2026-08-04T08:00:00Z
8619,21,2026-08-04T08:00:00Z
8620,21,2026-08-04T08:00:02Z
8621,18,2026-08-04T08:00:04Z
8622,18,2026-08-04T08:00:06Z
8623,17,2026-08-04T08:00:08Z
8624,16,2026-08-04T08:00:10Z
8625,17,2026-08-04T08:00:11Z
8626,19,2026-08-04T08:00:13Z
8627,15,2026-08-04T08:00:15Z
8628,15,2026-08-04T08:00:17Z
8629,16,2026-08-04T08:00:20Z
8630,16,2026-08-04T08:00:21Z
8631,14,2026-08-04T08:00:22Z
8632,14,2026-08-04T08:00:24Z
8633,16,2026-08-04T08:00:25Z
8634,17,2026-08-04T08:00:27Z
8635,18,2026-08-04T08:00:29Z
8636,19,2026-08-04T08:00:32Z
8637,14,2026-08-04T08:00:33Z
8638,15,2026-08-04T08:00:34Z
8639,16,2026-08-04T08:00:36Z
8640,15,2026-08-04T08:00:38Z
8641,15,2026-08-04T08:00:40Z
8642,18,2026-08-04T08:00:41Z
8643,17,2026-08-04T08:00:43Z
8644,16,2026-08-04T08:00:45Z
8645,17,2026-08-04T08:00:47Z
8646,20,2026-08-04T08:00:49Z
8647,18,2026-08-04T08:00:51Z
8648,20,2026-08-04T08:00:53Z
8649,19,2026-08-04T08:00:56Z
8650,21,2026-08-04T08:00:59Z
8651,20,2026-08-04T08:01:02Z
8652,22,2026-08-04T08:01:05Z
8653,27,2026-08-04T08:01:08Z
8654,27,2026-08-04T08:01:11Z
8655,21,2026-08-04T08:01:13Z
8656,21,2026-08-04T08:01:15Z
8657,20,2026-08-04T08:01:17Z
8658,19,2026-08-04T08:01:19Z
8659,22,2026-08-04T08:01:21Z
8660,18,2026-08-04T08:01:23Z
8661,20,2026-08-04T08:01:25Z
8662,21,2026-08-04T08:01:27Z
8663,18,2026-08-04T08:01:29Z
8664,18,2026-08-04T08:01:31Z
8665,16,2026-08-04T08:01:33Z
8666,16,2026-08-04T08:01:35Z
8667,19,2026-08-04T08:01:36Z
8668,19,2026-08-04T08:01:38Z
8669,20,2026-08-04T08:01:40Z
8670,18,2026-08-04T08:01:43Z
8671,19,2026-08-04T08:01:44Z
8672,18,2026-08-04T08:01:46Z
8673,18,2026-08-04T08:01:48Z
8674,18,2026-08-04T08:01:50Z
8675,17,2026-08-04T08:01:52Z
8676,16,2026-08-04T08:01:54Z
8677,15,2026-08-04T08:01:56Z
8678,17,2026-08-04T08:01:58Z
8679,20,2026-08-04T08:01:59Z
8680,20,2026-08-04T08:02:02Z
8681,21,2026-08-04T08:02:05Z
8682,17,2026-08-04T08:02:07Z
8683,16,2026-08-04T08:02:10Z
8684,20,2026-08-04T08:02:12Z
8685,18,2026-08-04T08:02:14Z
8686,21,2026-08-04T08:02:16Z
8687,20,2026-08-04T08:02:18Z
8688,21,2026-08-04T08:02:20Z
8689,23,2026-08-04T08:02:22Z
8690,20,2026-08-04T08:02:24Z
8691,16,2026-08-04T08:02:26Z
8692,15,2026-08-04T08:02:28Z
8693,18,2026-08-04T08:02:31Z
8694,15,2026-08-04T08:02:32Z
8695,16,2026-08-04T08:02:34Z
8696,15,2026-08-04T08:02:35Z
8697,17,2026-08-04T08:02:37Z
8698,18,2026-08-04T08:02:39Z
8699,19,2026-08-04T08:02:40Z
8700,18,2026-08-04T08:02:42Z
8701,20,2026-08-04T08:02:45Z
8702,19,2026-08-04T08:02:47Z
8703,15,2026-08-04T08:02:48Z
8704,15,2026-08-04T08:02:50Z
8705,14,2026-08-04T08:02:53Z
8706,15,2026-08-04T08:02:55Z
8707,15,2026-08-04T08:02:57Z
8708,16,2026-08-04T08:02:59Z
8709,16,2026-08-04T08:03:01Z
8710,18,2026-08-04T08:03:03Z
8711,22,2026-08-04T08:03:06Z
8712,18,2026-08-04T08:03:08Z
8713,21,2026-08-04T08:03:10Z
8714,19,2026-08-04T08:03:12Z
8715,23,2026-08-04T08:03:14Z
8716,23,2026-08-04T08:03:17Z
8717,24,2026-08-04T08:03:20Z
8718,23,2026-08-04T08:03:23Z
8719,25,2026-08-04T08:03:26Z
8720,23,2026-08-04T08:03:29Z
8721,21,2026-08-04T08:03:31Z
8722,17,2026-08-04T08:03:33Z
8723,18,2026-08-04T08:03:35Z
8724,18,2026-08-04T08:03:37Z
8725,18,2026-08-04T08:03:39Z
8726,20,2026-08-04T08:03:41Z
8727,24,2026-08-04T08:03:41Z
8728,19,2026-08-04T08:03:44Z
8729,24,2026-08-04T08:03:46Z
8730,23,2026-08-04T08:03:49Z
8731,22,2026-08-04T08:03:52Z
8732,18,2026-08-04T08:03:54Z
8733,18,2026-08-04T08:03:56Z
8734,18,2026-08-04T08:03:58Z
8735,20,2026-08-04T08:04:00Z
8736,20,2026-08-04T08:04:03Z
8737,17,2026-08-04T08:04:04Z
8738,18,2026-08-04T08:04:06Z
8739,18,2026-08-04T08:04:08Z
8740,19,2026-08-04T08:04:10Z
8741,16,2026-08-04T08:04:12Z
8742,18,2026-08-04T08:04:13Z
8743,15,2026-08-04T08:04:15Z
8744,16,2026-08-04T08:04:18Z
8745,15,2026-08-04T08:04:19Z
8746,18,2026-08-04T08:04:21Z
8747,18,2026-08-04T08:04:23Z
8748,18,2026-08-04T08:04:25Z
8749,16,2026-08-04T08:04:27Z
8750,19,2026-08-04T08:04:29Z
8751,19,2026-08-04T08:04:31Z
8752,23,2026-08-04T08:04:33Z
8753,19,2026-08-04T08:04:35Z
8754,19,2026-08-04T08:04:37Z
8755,18,2026-08-04T08:04:39Z
8756,16,2026-08-04T08:04:41Z
8757,17,2026-08-04T08:04:43Z
8758,16,2026-08-04T08:04:45Z
8759,18,2026-08-04T08:04:47Z
8760,16,2026-08-04T08:04:49Z
8761,18,2026-08-04T08:04:51Z
8762,17,2026-08-04T08:04:52Z
8763,17,2026-08-04T08:04:54Z
8764,16,2026-08-04T08:04:56Z
8765,18,2026-08-04T08:04:57Z
8766,16,2026-08-04T08:04:59Z
8767,18,2026-08-04T08:05:01Z
8768,19,2026-08-04T08:05:03Z
8769,20,2026-08-04T08:05:05Z
8770,19,2026-08-04T08:05:07Z
8771,20,2026-08-04T08:05:09Z
8772,22,2026-08-04T08:05:11Z
8773,23,2026-08-04T08:05:13Z
8774,20,2026-08-04T08:05:15Z
8775,17,2026-08-04T08:05:18Z
8776,16,2026-08-04T08:05:20Z
8777,16,2026-08-04T08:05:21Z
8778,18,2026-08-04T08:05:23Z
8779,18,2026-08-04T08:05:26Z
8780,17,2026-08-04T08:05:28Z
8781,15,2026-08-04T08:05:29Z
8782,14,2026-08-04T08:05:30Z
8783,17,2026-08-04T08:05:32Z
8784,15,2026-08-04T08:05:34Z
8785,20,2026-08-04T08:05:36Z
8786,16,2026-08-04T08:05:38Z
8787,15,2026-08-04T08:05:40Z
8788,15,2026-08-04T08:05:41Z
8789,17,2026-08-04T08:05:43Z
8790,16,2026-08-04T08:05:45Z
8791,16,2026-08-04T08:05:46Z
8792,17,2026-08-04T08:05:48Z
8793,15,2026-08-04T08:05:50Z
8794,18,2026-08-04T08:05:52Z
8795,17,2026-08-04T08:05:55Z
8796,16,2026-08-04T08:05:57Z
8797,15,2026-08-04T08:05:59Z
8798,16,2026-08-04T08:06:01Z
8799,18,2026-08-04T08:06:03Z
8800,18,2026-08-04T08:06:05Z
8801,20,2026-08-04T08:06:07Z
8802,22,2026-08-04T08:06:09Z
8803,19,2026-08-04T08:06:11Z
8804,18,2026-08-04T08:06:13Z
8805,19,2026-08-04T08:06:15Z
8806,19,2026-08-04T08:06:17Z
8807,19,2026-08-04T08:06:20Z
8808,19,2026-08-04T08:06:22Z
8809,18,2026-08-04T08:06:22Z
8810,19,2026-08-04T08:06:24Z
8811,20,2026-08-04T08:06:26Z
8812,20,2026-08-04T08:06:28Z
8813,16,2026-08-04T08:06:30Z
8814,18,2026-08-04T08:06:31Z
8815,20,2026-08-04T08:06:34Z
8816,17,2026-08-04T08:06:37Z
8817,18,2026-08-04T08:06:38Z
8818,17,2026-08-04T08:06:39Z
8819,18,2026-08-04T08:06:42Z
8820,16,2026-08-04T08:06:43Z
8821,19,2026-08-04T08:06:45Z
8822,18,2026-08-04T08:06:47Z
8823,18,2026-08-04T08:06:49Z
8824,17,2026-08-04T08:06:51Z
8825,19,2026-08-04T08:06:53Z
8826,19,2026-08-04T08:06:54Z
8827,21,2026-08-04T08:06:57Z
8828,22,2026-08-04T08:06:59Z
8829,22,2026-08-04T08:07:01Z
8830,23,2026-08-04T08:07:03Z
8831,23,2026-08-04T08:07:05Z
8832,23,2026-08-04T08:07:07Z
8833,23,2026-08-04T08:07:10Z
8834,23,2026-08-04T08:07:12Z
8835,22,2026-08-04T08:07:15Z
8836,20,2026-08-04T08:07:17Z
8837,19,2026-08-04T08:07:19Z
8838,19,2026-08-04T08:07:22Z
8839,20,2026-08-04T08:07:24Z
8840,21,2026-08-04T08:07:26Z
8841,22,2026-08-04T08:07:28Z
8842,18,2026-08-04T08:07:29Z
8843,18,2026-08-04T08:07:31Z
8844,17,2026-08-04T08:07:33Z
8845,16,2026-08-04T08:07:34Z
8846,14,2026-08-04T08:07:37Z
8847,17,2026-08-04T08:07:38Z
8848,15,2026-08-04T08:07:40Z
8849,16,2026-08-04T08:07:42Z
8850,19,2026-08-04T08:07:44Z
8851,21,2026-08-04T08:07:46Z
8852,19,2026-08-04T08:07:46Z
8853,17,2026-08-04T08:07:50Z
8854,16,2026-08-04T08:07:51Z
8855,17,2026-08-04T08:07:53Z
8856,16,2026-08-04T08:07:55Z
8857,17,2026-08-04T08:07:57Z
8858,17,2026-08-04T08:07:59Z
8859,18,2026-08-04T08:08:01Z
8860,16,2026-08-04T08:08:03Z
8861,19,2026-08-04T08:08:05Z
8862,19,2026-08-04T08:08:07Z
8863,23,2026-08-04T08:08:09Z
8864,21,2026-08-04T08:08:11Z
8865,21,2026-08-04T08:08:13Z
8866,18,2026-08-04T08:08:15Z
8867,18,2026-08-04T08:08:17Z
8868,17,2026-08-04T08:08:19Z
8869,18,2026-08-04T08:08:21Z
8870,19,2026-08-04T08:08:24Z
8871,20,2026-08-04T08:08:27Z
8872,19,2026-08-04T08:08:29Z
8873,18,2026-08-04T08:08:32Z
8874,23,2026-08-04T08:08:34Z
8875,19,2026-08-04T08:08:36Z
8876,19,2026-08-04T08:08:39Z
8877,21,2026-08-04T08:08:41Z
8878,22,2026-08-04T08:08:44Z
8879,23,2026-08-04T08:08:47Z
8880,25,2026-08-04T08:08:49Z
8881,24,2026-08-04T08:08:52Z
8882,22,2026-08-04T08:08:54Z
8883,24,2026-08-04T08:08:56Z
8884,25,2026-08-04T08:08:59Z
8885,25,2026-08-04T08:09:02Z
8886,25,2026-08-04T08:09:05Z
8887,25,2026-08-04T08:09:06Z
8888,25,2026-08-04T08:09:09Z
8889,24,2026-08-04T08:09:12Z
8890,24,2026-08-04T08:09:15Z
8891,24,2026-08-04T08:09:17Z
8892,23,2026-08-04T08:09:20Z
8893,22,2026-08-04T08:09:20Z
8894,23,2026-08-04T08:09:24Z
8895,21,2026-08-04T08:09:26Z
8896,18,2026-08-04T08:09:27Z
8897,20,2026-08-04T08:09:29Z
8898,19,2026-08-04T08:09:31Z
8899,21,2026-08-04T08:09:33Z
8900,19,2026-08-04T08:09:34Z
8901,21,2026-08-04T08:09:36Z
8902,19,2026-08-04T08:09:39Z
8903,20,2026-08-04T08:09:41Z
8904,23,2026-08-04T08:09:43Z
8905,25,2026-08-04T08:09:45Z
8906,26,2026-08-04T08:09:47Z
8907,25,2026-08-04T08:09:50Z
8908,28,2026-08-04T08:09:53Z
8909,21,2026-08-04T08:09:56Z
8910,21,2026-08-04T08:09:58Z
8911,19,2026-08-04T08:10:00Z
8912,16,2026-08-04T08:10:02Z
8913,15,2026-08-04T08:10:03Z
8914,14,2026-08-04T08:10:05Z
8915,13,2026-08-04T08:10:07Z
8916,14,2026-08-04T08:10:09Z
8917,14,2026-08-04T08:10:10Z
8918,15,2026-08-04T08:10:12Z
8919,15,2026-08-04T08:10:14Z
8920,16,2026-08-04T08:10:16Z
8921,16,2026-08-04T08:10:17Z
8922,17,2026-08-04T08:10:19Z
8923,19,2026-08-04T08:10:21Z
8924,17,2026-08-04T08:10:23Z
8925,18,2026-08-04T08:10:25Z
8926,21,2026-08-04T08:10:27Z
8927,18,2026-08-04T08:10:29Z
8928,19,2026-08-04T08:10:30Z
8929,19,2026-08-04T08:10:32Z
8930,18,2026-08-04T08:10:34Z
8931,18,2026-08-04T08:10:36Z
8932,17,2026-08-04T08:10:38Z
8933,16,2026-08-04T08:10:40Z
8934,20,2026-08-04T08:10:42Z
8935,19,2026-08-04T08:10:44Z
8936,23,2026-08-04T08:10:47Z
8937,21,2026-08-04T08:10:49Z
8938,22,2026-08-04T08:10:52Z
8939,25,2026-08-04T08:10:54Z
8940,27,2026-08-04T08:10:57Z
8941,27,2026-08-04T08:10:59Z
8942,25,2026-08-04T08:11:01Z
8943,26,2026-08-04T08:11:03Z
8944,25,2026-08-04T08:11:05Z
8945,28,2026-08-04T08:11:08Z
8946,27,2026-08-04T08:11:12Z
8947,27,2026-08-04T08:11:14Z
8948,25,2026-08-04T08:11:16Z
8949,22,2026-08-04T08:11:19Z
8950,24,2026-08-04T08:11:21Z
8951,22,2026-08-04T08:11:23Z
8952,23,2026-08-04T08:11:26Z
8953,21,2026-08-04T08:11:28Z
8954,23,2026-08-04T08:11:30Z
8955,23,2026-08-04T08:11:32Z
8956,28,2026-08-04T08:11:34Z
8957,26,2026-08-04T08:11:37Z
8958,26,2026-08-04T08:11:39Z
8959,24,2026-08-04T08:11:42Z
8960,21,2026-08-04T08:11:44Z
8961,20,2026-08-04T08:11:46Z
8962,20,2026-08-04T08:11:48Z
8963,24,2026-08-04T08:11:50Z
8964,21,2026-08-04T08:11:53Z
8965,23,2026-08-04T08:11:55Z
8966,22,2026-08-04T08:11:57Z
8967,20,2026-08-04T08:12:00Z
8968,20,2026-08-04T08:12:02Z
8969,21,2026-08-04T08:12:05Z
8970,22,2026-08-04T08:12:07Z
8971,23,2026-08-04T08:12:09Z
8972,24,2026-08-04T08:12:14Z
8973,22,2026-08-04T08:12:16Z
8974,24,2026-08-04T08:12:18Z
8975,23,2026-08-04T08:12:20Z
8976,22,2026-08-04T08:12:23Z
8977,26,2026-08-04T08:12:25Z
8978,22,2026-08-04T08:12:28Z
8979,24,2026-08-04T08:12:30Z
8980,24,2026-08-04T08:12:33Z
8981,25,2026-08-04T08:12:37Z
8982,23,2026-08-04T08:12:38Z
8983,20,2026-08-04T08:12:41Z
8984,19,2026-08-04T08:12:43Z
8985,19,2026-08-04T08:12:45Z
8986,16,2026-08-04T08:12:47Z
8987,15,2026-08-04T08:12:49Z
8988,15,2026-08-04T08:12:50Z
8989,15,2026-08-04T08:12:51Z
8990,15,2026-08-04T08:12:54Z
8991,16,2026-08-04T08:12:56Z
8992,16,2026-08-04T08:12:59Z
8993,17,2026-08-04T08:13:01Z
8994,19,2026-08-04T08:13:02Z
8995,17,2026-08-04T08:13:03Z
8996,18,2026-08-04T08:13:05Z
8997,18,2026-08-04T08:13:07Z
8998,19,2026-08-04T08:13:10Z
8999,21,2026-08-04T08:13:12Z
9000,18,2026-08-04T08:13:14Z
9001,23,2026-08-04T08:13:16Z
9002,21,2026-08-04T08:13:19Z
9003,22,2026-08-04T08:13:21Z
9004,23,2026-08-04T08:13:23Z
9005,23,2026-08-04T08:13:25Z
9006,24,2026-08-04T08:13:27Z
9007,25,2026-08-04T08:13:30Z
9008,24,2026-08-04T08:13:33Z
9009,22,2026-08-04T08:13:35Z
9010,23,2026-08-04T08:13:37Z
9011,20,2026-08-04T08:13:39Z
9012,20,2026-08-04T08:13:41Z
9013,23,2026-08-04T08:13:44Z
9014,19,2026-08-04T08:13:46Z
9015,20,2026-08-04T08:13:48Z
9016,21,2026-08-04T08:13:50Z
9017,21,2026-08-04T08:13:52Z
9018,23,2026-08-04T08:13:54Z
9019,22,2026-08-04T08:13:56Z
9020,17,2026-08-04T08:13:58Z
9021,19,2026-08-04T08:13:59Z
9022,20,2026-08-04T08:14:01Z
9023,18,2026-08-04T08:14:03Z
9024,20,2026-08-04T08:14:07Z
9025,21,2026-08-04T08:14:08Z
9026,23,2026-08-04T08:14:11Z
9027,20,2026-08-04T08:14:13Z
9028,22,2026-08-04T08:14:15Z
9029,22,2026-08-04T08:14:17Z
9030,21,2026-08-04T08:14:19Z
9031,22,2026-08-04T08:14:21Z
9032,24,2026-08-04T08:14:23Z
9033,24,2026-08-04T08:14:25Z
9034,21,2026-08-04T08:14:26Z
9035,16,2026-08-04T08:14:29Z
9036,16,2026-08-04T08:14:31Z
9037,15,2026-08-04T08:14:33Z
9038,14,2026-08-04T08:14:35Z
9039,14,2026-08-04T08:14:36Z
9040,15,2026-08-04T08:14:38Z
9041,15,2026-08-04T08:14:39Z
9042,17,2026-08-04T08:14:41Z
9043,19,2026-08-04T08:14:43Z
9044,19,2026-08-04T08:14:45Z
9045,21,2026-08-04T08:14:47Z
9046,20,2026-08-04T08:14:49Z
9047,21,2026-08-04T08:14:51Z
9048,20,2026-08-04T08:14:53Z
9049,21,2026-08-04T08:14:55Z
9050,20,2026-08-04T08:14:57Z
9051,20,2026-08-04T08:15:00Z
9052,20,2026-08-04T08:15:03Z
9053,21,2026-08-04T08:15:05Z
9054,22,2026-08-04T08:15:07Z
9055,24,2026-08-04T08:15:10Z
9056,22,2026-08-04T08:15:13Z
9057,21,2026-08-04T08:15:15Z
9058,23,2026-08-04T08:15:18Z
9059,18,2026-08-04T08:15:20Z
9060,18,2026-08-04T08:15:21Z
9061,17,2026-08-04T08:15:23Z
9062,18,2026-08-04T08:15:25Z
9063,17,2026-08-04T08:15:26Z
9064,17,2026-08-04T08:15:28Z
9065,18,2026-08-04T08:15:30Z
9066,18,2026-08-04T08:15:32Z
9067,17,2026-08-04T08:15:33Z
9068,16,2026-08-04T08:15:35Z
9069,16,2026-08-04T08:15:38Z
9070,17,2026-08-04T08:15:40Z
9071,19,2026-08-04T08:15:43Z
9072,16,2026-08-04T08:15:43Z
9073,17,2026-08-04T08:15:46Z
9074,19,2026-08-04T08:15:48Z
9075,19,2026-08-04T08:15:51Z
9076,19,2026-08-04T08:15:53Z
9077,19,2026-08-04T08:15:56Z
9078,24,2026-08-04T08:15:58Z
9079,20,2026-08-04T08:16:01Z
9080,21,2026-08-04T08:16:03Z
9081,24,2026-08-04T08:16:06Z
9082,24,2026-08-04T08:16:08Z
9083,26,2026-08-04T08:16:10Z
9084,26,2026-08-04T08:16:13Z
9085,29,2026-08-04T08:16:15Z
9086,31,2026-08-04T08:16:18Z
9087,26,2026-08-04T08:16:19Z
9088,21,2026-08-04T08:16:21Z
9089,21,2026-08-04T08:16:22Z
9090,21,2026-08-04T08:16:24Z
9091,19,2026-08-04T08:16:27Z
9092,17,2026-08-04T08:16:29Z
9093,18,2026-08-04T08:16:31Z
9094,17,2026-08-04T08:16:33Z
9095,17,2026-08-04T08:16:35Z
9096,17,2026-08-04T08:16:36Z
9097,17,2026-08-04T08:16:38Z
9098,19,2026-08-04T08:16:40Z
9099,20,2026-08-04T08:16:42Z
9100,18,2026-08-04T08:16:44Z
9101,18,2026-08-04T08:16:46Z
9102,17,2026-08-04T08:16:48Z
9103,18,2026-08-04T08:16:50Z
9104,20,2026-08-04T08:16:52Z
9105,21,2026-08-04T08:16:54Z
9106,20,2026-08-04T08:16:56Z
9107,20,2026-08-04T08:16:59Z
9108,18,2026-08-04T08:17:02Z
9109,21,2026-08-04T08:17:04Z
9110,20,2026-08-04T08:17:06Z
9111,21,2026-08-04T08:17:07Z
9112,17,2026-08-04T08:17:11Z
9113,19,2026-08-04T08:17:12Z
9114,24,2026-08-04T08:17:14Z
9115,25,2026-08-04T08:17:20Z
9116,24,2026-08-04T08:17:21Z
9117,26,2026-08-04T08:17:23Z
9118,21,2026-08-04T08:17:25Z
9119,21,2026-08-04T08:17:28Z
9120,19,2026-08-04T08:17:30Z
9121,22,2026-08-04T08:17:33Z
9122,18,2026-08-04T08:17:36Z
9123,18,2026-08-04T08:17:38Z
9124,16,2026-08-04T08:17:40Z
9125,22,2026-08-04T08:17:42Z
9126,17,2026-08-04T08:17:43Z
9127,19,2026-08-04T08:17:45Z
9128,20,2026-08-04T08:17:47Z
9129,18,2026-08-04T08:17:49Z
9130,20,2026-08-04T08:17:51Z
9131,17,2026-08-04T08:17:53Z
9132,16,2026-08-04T08:17:54Z
9133,14,2026-08-04T08:17:58Z
9134,17,2026-08-04T08:18:00Z
9135,17,2026-08-04T08:18:02Z
9136,18,2026-08-04T08:18:04Z
9137,18,2026-08-04T08:18:07Z
9138,22,2026-08-04T08:18:09Z
9139,22,2026-08-04T08:18:11Z
9140,23,2026-08-04T08:18:11Z
9141,26,2026-08-04T08:18:14Z
9142,21,2026-08-04T08:18:17Z
9143,20,2026-08-04T08:18:19Z
9144,22,2026-08-04T08:18:21Z
9145,21,2026-08-04T08:18:23Z
9146,21,2026-08-04T08:18:25Z
9147,22,2026-08-04T08:18:28Z
9148,20,2026-08-04T08:18:30Z
9149,23,2026-08-04T08:18:32Z
9150,22,2026-08-04T08:18:35Z
9151,23,2026-08-04T08:18:37Z
9152,22,2026-08-04T08:18:40Z
9153,25,2026-08-04T08:18:42Z
9154,25,2026-08-04T08:18:45Z
9155,22,2026-08-04T08:18:48Z
9156,20,2026-08-04T08:18:50Z
9157,24,2026-08-04T08:18:52Z
9158,24,2026-08-04T08:18:55Z
9159,22,2026-08-04T08:18:58Z
9160,21,2026-08-04T08:19:00Z
9161,19,2026-08-04T08:19:02Z
9162,21,2026-08-04T08:19:04Z
9163,19,2026-08-04T08:19:05Z
9164,21,2026-08-04T08:19:07Z
9165,19,2026-08-04T08:19:10Z
9166,22,2026-08-04T08:19:12Z
9167,22,2026-08-04T08:19:15Z
9168,21,2026-08-04T08:19:17Z
9169,19,2026-08-04T08:19:19Z
9170,23,2026-08-04T08:19:23Z
9171,24,2026-08-04T08:19:23Z
9172,22,2026-08-04T08:19:26Z
9173,23,2026-08-04T08:19:28Z
9174,24,2026-08-04T08:19:31Z
9175,26,2026-08-04T08:19:33Z
9176,23,2026-08-04T08:19:36Z
9177,23,2026-08-04T08:19:38Z
9178,19,2026-08-04T08:19:40Z
9179,17,2026-08-04T08:19:43Z
9180,17,2026-08-04T08:19:44Z
9181,15,2026-08-04T08:19:46Z
9182,15,2026-08-04T08:19:47Z
9183,16,2026-08-04T08:19:49Z
9184,16,2026-08-04T08:19:50Z
9185,17,2026-08-04T08:19:52Z
9186,17,2026-08-04T08:19:54Z
9187,16,2026-08-04T08:19:56Z
9188,18,2026-08-04T08:19:58Z
9189,18,2026-08-04T08:20:00Z
9190,16,2026-08-04T08:20:02Z
9191,19,2026-08-04T08:20:03Z
9192,21,2026-08-04T08:20:05Z
9193,19,2026-08-04T08:20:07Z
9194,16,2026-08-04T08:20:09Z
9195,17,2026-08-04T08:20:11Z
9196,19,2026-08-04T08:20:13Z
9197,20,2026-08-04T08:20:15Z
9198,22,2026-08-04T08:20:18Z
9199,25,2026-08-04T08:20:20Z
9200,24,2026-08-04T08:20:22Z
9201,25,2026-08-04T08:20:25Z
9202,23,2026-08-04T08:20:27Z
9203,24,2026-08-04T08:20:29Z
9204,23,2026-08-04T08:20:32Z
9205,22,2026-08-04T08:20:34Z
9206,21,2026-08-04T08:20:36Z
9207,21,2026-08-04T08:20:38Z
9208,18,2026-08-04T08:20:40Z
9209,18,2026-08-04T08:20:42Z
9210,18,2026-08-04T08:20:44Z
9211,20,2026-08-04T08:20:46Z
9212,16,2026-08-04T08:20:49Z
9213,18,2026-08-04T08:20:51Z
9214,20,2026-08-04T08:20:53Z
9215,18,2026-08-04T08:20:55Z
9216,17,2026-08-04T08:20:57Z
9217,18,2026-08-04T08:20:58Z
9218,19,2026-08-04T08:21:00Z
9219,18,2026-08-04T08:21:02Z
9220,23,2026-08-04T08:21:04Z
9221,21,2026-08-04T08:21:07Z
9222,17,2026-08-04T08:21:08Z
9223,16,2026-08-04T08:21:10Z
9224,22,2026-08-04T08:21:12Z
9225,19,2026-08-04T08:21:15Z
9226,20,2026-08-04T08:21:17Z
9227,18,2026-08-04T08:21:19Z
9228,21,2026-08-04T08:21:22Z
9229,20,2026-08-04T08:21:24Z
9230,22,2026-08-04T08:21:27Z
9231,22,2026-08-04T08:21:29Z
9232,22,2026-08-04T08:21:31Z
9233,20,2026-08-04T08:21:33Z
9234,21,2026-08-04T08:21:36Z
9235,18,2026-08-04T08:21:38Z
9236,20,2026-08-04T08:21:40Z
9237,22,2026-08-04T08:21:42Z
9238,22,2026-08-04T08:21:44Z
9239,22,2026-08-04T08:21:46Z
9240,19,2026-08-04T08:21:48Z
9241,17,2026-08-04T08:21:50Z
9242,17,2026-08-04T08:21:52Z
9243,16,2026-08-04T08:21:53Z
9244,18,2026-08-04T08:21:56Z
9245,19,2026-08-04T08:21:58Z
9246,19,2026-08-04T08:21:59Z
9247,21,2026-08-04T08:22:01Z
9248,19,2026-08-04T08:22:03Z
9249,18,2026-08-04T08:22:05Z
9250,17,2026-08-04T08:22:07Z
9251,20,2026-08-04T08:22:09Z
9252,18,2026-08-04T08:22:11Z
9253,21,2026-08-04T08:22:13Z
9254,24,2026-08-04T08:22:15Z
9255,19,2026-08-04T08:22:17Z
9256,19,2026-08-04T08:22:19Z
9257,19,2026-08-04T08:22:21Z
9258,17,2026-08-04T08:22:22Z
9259,14,2026-08-04T08:22:23Z
9260,14,2026-08-04T08:22:24Z
9261,16,2026-08-04T08:22:26Z
9262,14,2026-08-04T08:22:28Z
9263,15,2026-08-04T08:22:30Z
9264,15,2026-08-04T08:22:32Z
9265,15,2026-08-04T08:22:34Z
9266,18,2026-08-04T08:22:36Z
9267,19,2026-08-04T08:22:38Z
9268,18,2026-08-04T08:22:40Z
9269,19,2026-08-04T08:22:42Z
9270,19,2026-08-04T08:22:44Z
9271,18,2026-08-04T08:22:46Z
9272,18,2026-08-04T08:22:48Z
9273,18,2026-08-04T08:22:50Z
9274,19,2026-08-04T08:22:50Z
9275,17,2026-08-04T08:22:53Z
9276,16,2026-08-04T08:22:55Z
9277,17,2026-08-04T08:22:58Z
9278,20,2026-08-04T08:23:00Z
9279,20,2026-08-04T08:23:02Z
9280,23,2026-08-04T08:23:04Z
9281,21,2026-08-04T08:23:06Z
9282,24,2026-08-04T08:23:09Z
9283,26,2026-08-04T08:23:11Z
9284,25,2026-08-04T08:23:15Z
9285,25,2026-08-04T08:23:17Z
9286,23,2026-08-04T08:23:20Z
9287,24,2026-08-04T08:23:22Z
9288,22,2026-08-04T08:23:25Z
9289,20,2026-08-04T08:23:26Z
9290,20,2026-08-04T08:23:28Z
9291,20,2026-08-04T08:23:30Z
9292,20,2026-08-04T08:23:32Z
9293,20,2026-08-04T08:23:34Z
9294,18,2026-08-04T08:23:36Z
9295,18,2026-08-04T08:23:38Z
9296,21,2026-08-04T08:23:40Z
9297,17,2026-08-04T08:23:42Z
9298,16,2026-08-04T08:23:44Z
9299,18,2026-08-04T08:23:46Z
9300,19,2026-08-04T08:23:47Z
9301,19,2026-08-04T08:23:49Z
9302,16,2026-08-04T08:23:51Z
9303,16,2026-08-04T08:23:53Z
9304,14,2026-08-04T08:23:54Z
9305,12,2026-08-04T08:23:55Z
9306,13,2026-08-04T08:23:57Z
9307,18,2026-08-04T08:23:59Z
9308,14,2026-08-04T08:24:01Z
9309,14,2026-08-04T08:24:02Z
9310,18,2026-08-04T08:24:04Z
9311,18,2026-08-04T08:24:06Z
9312,18,2026-08-04T08:24:08Z
9313,17,2026-08-04T08:24:10Z
9314,17,2026-08-04T08:24:12Z
9315,15,2026-08-04T08:24:14Z
9316,15,2026-08-04T08:24:16Z
9317,17,2026-08-04T08:24:17Z
9318,18,2026-08-04T08:24:19Z
9319,20,2026-08-04T08:24:21Z
9320,20,2026-08-04T08:24:23Z
9321,18,2026-08-04T08:24:25Z
9322,19,2026-08-04T08:24:28Z
9323,20,2026-08-04T08:24:30Z
9324,23,2026-08-04T08:24:32Z
9325,20,2026-08-04T08:24:34Z
9326,19,2026-08-04T08:24:36Z
9327,19,2026-08-04T08:24:40Z
9328,20,2026-08-04T08:24:41Z
9329,20,2026-08-04T08:24:43Z
9330,15,2026-08-04T08:24:45Z
9331,17,2026-08-04T08:24:48Z
9332,16,2026-08-04T08:24:50Z
9333,15,2026-08-04T08:24:52Z
9334,15,2026-08-04T08:24:54Z
9335,20,2026-08-04T08:24:56Z
9336,19,2026-08-04T08:24:58Z
9337,16,2026-08-04T08:25:00Z
9338,18,2026-08-04T08:25:02Z
9339,17,2026-08-04T08:25:03Z
9340,17,2026-08-04T08:25:05Z
9341,20,2026-08-04T08:25:07Z
9342,21,2026-08-04T08:25:09Z
9343,22,2026-08-04T08:25:12Z
9344,26,2026-08-04T08:25:14Z
9345,23,2026-08-04T08:25:17Z
9346,22,2026-08-04T08:25:20Z
9347,21,2026-08-04T08:25:23Z
9348,20,2026-08-04T08:25:25Z
9349,22,2026-08-04T08:25:27Z
9350,21,2026-08-04T08:25:29Z
9351,21,2026-08-04T08:25:32Z
9352,23,2026-08-04T08:25:34Z
9353,23,2026-08-04T08:25:36Z
9354,23,2026-08-04T08:25:39Z
9355,21,2026-08-04T08:25:41Z
9356,22,2026-08-04T08:25:42Z
9357,21,2026-08-04T08:25:46Z
9358,18,2026-08-04T08:25:46Z
9359,18,2026-08-04T08:25:48Z
9360,18,2026-08-04T08:25:51Z
9361,18,2026-08-04T08:25:53Z
9362,18,2026-08-04T08:25:55Z
9363,20,2026-08-04T08:25:57Z
9364,19,2026-08-04T08:25:59Z
9365,20,2026-08-04T08:26:00Z
9366,20,2026-08-04T08:26:02Z
9367,20,2026-08-04T08:26:04Z
9368,18,2026-08-04T08:26:05Z
9369,17,2026-08-04T08:26:08Z
9370,17,2026-08-04T08:26:10Z
9371,20,2026-08-04T08:26:11Z
9372,19,2026-08-04T08:26:13Z
9373,22,2026-08-04T08:26:14Z
9374,20,2026-08-04T08:26:16Z
9375,19,2026-08-04T08:26:18Z
9376,20,2026-08-04T08:26:20Z
9377,20,2026-08-04T08:26:22Z
9378,19,2026-08-04T08:26:24Z
9379,20,2026-08-04T08:26:27Z
9380,19,2026-08-04T08:26:27Z
9381,16,2026-08-04T08:26:30Z
9382,17,2026-08-04T08:26:32Z
9383,19,2026-08-04T08:26:35Z
9384,17,2026-08-04T08:26:37Z
9385,18,2026-08-04T08:26:38Z
9386,16,2026-08-04T08:26:40Z
9387,19,2026-08-04T08:26:42Z
9388,16,2026-08-04T08:26:43Z
9389,18,2026-08-04T08:26:46Z
9390,19,2026-08-04T08:26:48Z
9391,17,2026-08-04T08:26:49Z
9392,18,2026-08-04T08:26:51Z
9393,20,2026-08-04T08:26:54Z
9394,19,2026-08-04T08:26:54Z
9395,18,2026-08-04T08:26:56Z
9396,17,2026-08-04T08:26:58Z
9397,16,2026-08-04T08:27:00Z
9398,16,2026-08-04T08:27:02Z
9399,17,2026-08-04T08:27:03Z
9400,17,2026-08-04T08:27:05Z
9401,19,2026-08-04T08:27:07Z
9402,15,2026-08-04T08:27:09Z
9403,16,2026-08-04T08:27:10Z
9404,14,2026-08-04T08:27:12Z
9405,14,2026-08-04T08:27:13Z
9406,14,2026-08-04T08:27:15Z
9407,14,2026-08-04T08:27:16Z
9408,12,2026-08-04T08:27:18Z
9409,15,2026-08-04T08:27:20Z
9410,17,2026-08-04T08:27:22Z
9411,16,2026-08-04T08:27:23Z
9412,16,2026-08-04T08:27:25Z
9413,15,2026-08-04T08:27:27Z
9414,14,2026-08-04T08:27:29Z
9415,15,2026-08-04T08:27:30Z
9416,16,2026-08-04T08:27:32Z
9417,17,2026-08-04T08:27:32Z
9418,16,2026-08-04T08:27:34Z
9419,20,2026-08-04T08:27:36Z
9420,16,2026-08-04T08:27:38Z
9421,16,2026-08-04T08:27:40Z
9422,17,2026-08-04T08:27:42Z
9423,17,2026-08-04T08:27:44Z
9424,15,2026-08-04T08:27:46Z
9425,15,2026-08-04T08:27:48Z
9426,15,2026-08-04T08:27:50Z
9427,19,2026-08-04T08:27:52Z
9428,18,2026-08-04T08:27:53Z
9429,20,2026-08-04T08:27:55Z
9430,15,2026-08-04T08:27:58Z
9431,17,2026-08-04T08:28:00Z
9432,15,2026-08-04T08:28:02Z
9433,19,2026-08-04T08:28:04Z
9434,19,2026-08-04T08:28:06Z
9435,23,2026-08-04T08:28:08Z
9436,22,2026-08-04T08:28:11Z
9437,27,2026-08-04T08:28:12Z
9438,29,2026-08-04T08:28:16Z
9439,25,2026-08-04T08:28:19Z
9440,22,2026-08-04T08:28:22Z
9441,21,2026-08-04T08:28:24Z
9442,23,2026-08-04T08:28:27Z
9443,20,2026-08-04T08:28:28Z
9444,20,2026-08-04T08:28:30Z
9445,18,2026-08-04T08:28:32Z
9446,19,2026-08-04T08:28:33Z
9447,16,2026-08-04T08:28:35Z
9448,17,2026-08-04T08:28:37Z
9449,15,2026-08-04T08:28:39Z
9450,17,2026-08-04T08:28:42Z
9451,17,2026-08-04T08:28:43Z
9452,16,2026-08-04T08:28:45Z
9453,17,2026-08-04T08:28:47Z
9454,15,2026-08-04T08:28:48Z
9455,15,2026-08-04T08:28:50Z
9456,12,2026-08-04T08:28:51Z
9457,13,2026-08-04T08:28:53Z
9458,12,2026-08-04T08:28:55Z
9459,13,2026-08-04T08:28:56Z
9460,15,2026-08-04T08:28:58Z
9461,16,2026-08-04T08:29:01Z
9462,20,2026-08-04T08:29:03Z
9463,17,2026-08-04T08:29:06Z
9464,21,2026-08-04T08:29:08Z
9465,20,2026-08-04T08:29:10Z
9466,21,2026-08-04T08:29:13Z
9467,21,2026-08-04T08:29:15Z
9468,26,2026-08-04T08:29:17Z
9469,29,2026-08-04T08:29:20Z
9470,21,2026-08-04T08:29:23Z
9471,24,2026-08-04T08:29:26Z
9472,24,2026-08-04T08:29:29Z
9473,27,2026-08-04T08:29:32Z
9474,28,2026-08-04T08:29:34Z
9475,26,2026-08-04T08:29:37Z
9476,24,2026-08-04T08:29:40Z
9477,25,2026-08-04T08:29:43Z
9478,24,2026-08-04T08:29:45Z
9479,20,2026-08-04T08:29:46Z
9480,17,2026-08-04T08:29:48Z
9481,19,2026-08-04T08:29:49Z
9482,17,2026-08-04T08:29:53Z
9483,16,2026-08-04T08:29:54Z
9484,17,2026-08-04T08:29:56Z
9485,16,2026-08-04T08:29:57Z
9486,15,2026-08-04T08:29:59Z
9487,16,2026-08-04T08:30:00Z
9488,15,2026-08-04T08:30:02Z
9489,15,2026-08-04T08:30:04Z
9490,16,2026-08-04T08:30:05Z
9491,15,2026-08-04T08:30:07Z
9492,17,2026-08-04T08:30:09Z
9493,16,2026-08-04T08:30:11Z
9494,16,2026-08-04T08:30:13Z
9495,16,2026-08-04T08:30:16Z
9496,15,2026-08-04T08:30:17Z
9497,17,2026-08-04T08:30:19Z
9498,19,2026-08-04T08:30:21Z
9499,17,2026-08-04T08:30:24Z
9500,18,2026-08-04T08:30:26Z
9501,20,2026-08-04T08:30:28Z
9502,24,2026-08-04T08:30:29Z
9503,19,2026-08-04T08:30:32Z
9504,18,2026-08-04T08:30:34Z
9505,18,2026-08-04T08:30:37Z
9506,16,2026-08-04T08:30:38Z
9507,17,2026-08-04T08:30:40Z
9508,18,2026-08-04T08:30:42Z
9509,17,2026-08-04T08:30:44Z
9510,18,2026-08-04T08:30:45Z
9511,19,2026-08-04T08:30:47Z
9512,18,2026-08-04T08:30:49Z
9513,17,2026-08-04T08:30:51Z
9514,18,2026-08-04T08:30:53Z
9515,19,2026-08-04T08:30:55Z
9516,17,2026-08-04T08:30:58Z
9517,19,2026-08-04T08:30:59Z
9518,17,2026-08-04T08:31:01Z
9519,17,2026-08-04T08:31:04Z
9520,16,2026-08-04T08:31:06Z
9521,16,2026-08-04T08:31:08Z
9522,17,2026-08-04T08:31:10Z
9523,18,2026-08-04T08:31:12Z
9524,18,2026-08-04T08:31:14Z
9525,18,2026-08-04T08:31:15Z
9526,19,2026-08-04T08:31:17Z
9527,20,2026-08-04T08:31:19Z
9528,23,2026-08-04T08:31:22Z
9529,19,2026-08-04T08:31:25Z
9530,19,2026-08-04T08:31:27Z
9531,17,2026-08-04T08:31:29Z
9532,17,2026-08-04T08:31:30Z
9533,16,2026-08-04T08:31:32Z
9534,19,2026-08-04T08:31:33Z
9535,17,2026-08-04T08:31:35Z
9536,17,2026-08-04T08:31:37Z
9537,18,2026-08-04T08:31:39Z
9538,16,2026-08-04T08:31:41Z
9539,17,2026-08-04T08:31:43Z
9540,16,2026-08-04T08:31:45Z
9541,16,2026-08-04T08:31:47Z
9542,15,2026-08-04T08:31:49Z
9543,15,2026-08-04T08:31:51Z
9544,16,2026-08-04T08:31:53Z
9545,16,2026-08-04T08:31:55Z
9546,18,2026-08-04T08:31:57Z
9547,19,2026-08-04T08:31:59Z
9548,18,2026-08-04T08:32:00Z
9549,15,2026-08-04T08:32:02Z
9550,16,2026-08-04T08:32:04Z
9551,17,2026-08-04T08:32:05Z
9552,17,2026-08-04T08:32:07Z
9553,19,2026-08-04T08:32:09Z
9554,15,2026-08-04T08:32:10Z
9555,16,2026-08-04T08:32:12Z
9556,17,2026-08-04T08:32:14Z
9557,19,2026-08-04T08:32:16Z
9558,21,2026-08-04T08:32:19Z
9559,19,2026-08-04T08:32:21Z
9560,22,2026-08-04T08:32:23Z
9561,20,2026-08-04T08:32:25Z
9562,19,2026-08-04T08:32:27Z
9563,18,2026-08-04T08:32:30Z
9564,20,2026-08-04T08:32:32Z
9565,21,2026-08-04T08:32:34Z
9566,22,2026-08-04T08:32:36Z
9567,23,2026-08-04T08:32:37Z
9568,23,2026-08-04T08:32:39Z
9569,23,2026-08-04T08:32:41Z
9570,24,2026-08-04T08:32:44Z
9571,24,2026-08-04T08:32:46Z
9572,21,2026-08-04T08:32:48Z
9573,24,2026-08-04T08:32:50Z
9574,27,2026-08-04T08:32:54Z
9575,25,2026-08-04T08:32:56Z
9576,21,2026-08-04T08:32:58Z
9577,19,2026-08-04T08:33:00Z
9578,21,2026-08-04T08:33:02Z
9579,20,2026-08-04T08:33:05Z
9580,16,2026-08-04T08:33:07Z
9581,14,2026-08-04T08:33:09Z
9582,13,2026-08-04T08:33:10Z
9583,13,2026-08-04T08:33:11Z
9584,13,2026-08-04T08:33:14Z
9585,13,2026-08-04T08:33:16Z
9586,14,2026-08-04T08:33:18Z
9587,13,2026-08-04T08:33:20Z
9588,13,2026-08-04T08:33:22Z
9589,13,2026-08-04T08:33:24Z
9590,17,2026-08-04T08:33:26Z
9591,19,2026-08-04T08:33:28Z
9592,17,2026-08-04T08:33:30Z
9593,19,2026-08-04T08:33:31Z
9594,21,2026-08-04T08:33:33Z
9595,24,2026-08-04T08:33:35Z
9596,23,2026-08-04T08:33:37Z
9597,19,2026-08-04T08:33:39Z
9598,19,2026-08-04T08:33:41Z
9599,20,2026-08-04T08:33:44Z
9600,20,2026-08-04T08:33:47Z
9601,20,2026-08-04T08:33:49Z
9602,18,2026-08-04T08:33:51Z
9603,19,2026-08-04T08:33:54Z
9604,17,2026-08-04T08:33:56Z
9605,18,2026-08-04T08:33:56Z
9606,16,2026-08-04T08:33:58Z
9607,15,2026-08-04T08:34:00Z
9608,15,2026-08-04T08:34:02Z
9609,17,2026-08-04T08:34:04Z
9610,16,2026-08-04T08:34:07Z
9611,15,2026-08-04T08:34:08Z
9612,18,2026-08-04T08:34:10Z
9613,16,2026-08-04T08:34:12Z
9614,12,2026-08-04T08:34:14Z
9615,13,2026-08-04T08:34:15Z
9616,13,2026-08-04T08:34:17Z
9617,12,2026-08-04T08:34:18Z
9618,13,2026-08-04T08:34:20Z
9619,15,2026-08-04T08:34:22Z
9620,14,2026-08-04T08:34:24Z
9621,13,2026-08-04T08:34:25Z
9622,14,2026-08-04T08:34:26Z
9623,14,2026-08-04T08:34:28Z
9624,13,2026-08-04T08:34:29Z
9625,14,2026-08-04T08:34:31Z
9626,13,2026-08-04T08:34:33Z
9627,12,2026-08-04T08:34:35Z
9628,13,2026-08-04T08:34:37Z
9629,14,2026-08-04T08:34:39Z
9630,13,2026-08-04T08:34:40Z
9631,14,2026-08-04T08:34:42Z
9632,18,2026-08-04T08:34:44Z
9633,16,2026-08-04T08:34:45Z
9634,17,2026-08-04T08:34:47Z
9635,15,2026-08-04T08:34:50Z
9636,15,2026-08-04T08:34:52Z
9637,16,2026-08-04T08:34:54Z
9638,20,2026-08-04T08:34:57Z
9639,21,2026-08-04T08:35:00Z
9640,23,2026-08-04T08:35:03Z
9641,28,2026-08-04T08:35:06Z
9642,24,2026-08-04T08:35:09Z
9643,26,2026-08-04T08:35:12Z
9644,27,2026-08-04T08:35:15Z
9645,23,2026-08-04T08:35:19Z
9646,23,2026-08-04T08:35:22Z
9647,26,2026-08-04T08:35:26Z
9648,19,2026-08-04T08:35:28Z
9649,19,2026-08-04T08:35:30Z
9650,21,2026-08-04T08:35:32Z
9651,22,2026-08-04T08:35:35Z
9652,21,2026-08-04T08:35:37Z
9653,21,2026-08-04T08:35:39Z
9654,19,2026-08-04T08:35:42Z
9655,20,2026-08-04T08:35:44Z
9656,19,2026-08-04T08:35:46Z
9657,19,2026-08-04T08:35:49Z
9658,19,2026-08-04T08:35:51Z
9659,17,2026-08-04T08:35:54Z
9660,19,2026-08-04T08:35:56Z
9661,21,2026-08-04T08:35:59Z
9662,21,2026-08-04T08:36:01Z
9663,25,2026-08-04T08:36:03Z
9664,22,2026-08-04T08:36:06Z
9665,28,2026-08-04T08:36:08Z
9666,31,2026-08-04T08:36:11Z
9667,28,2026-08-04T08:36:13Z
9668,25,2026-08-04T08:36:16Z
9669,26,2026-08-04T08:36:17Z
9670,24,2026-08-04T08:36:20Z
9671,23,2026-08-04T08:36:22Z
9672,22,2026-08-04T08:36:25Z
9673,24,2026-08-04T08:36:27Z
9674,25,2026-08-04T08:36:31Z
9675,21,2026-08-04T08:36:31Z
9676,18,2026-08-04T08:36:34Z
9677,18,2026-08-04T08:36:36Z
9678,19,2026-08-04T08:36:38Z
9679,20,2026-08-04T08:36:40Z
9680,16,2026-08-04T08:36:42Z
9681,19,2026-08-04T08:36:43Z
9682,18,2026-08-04T08:36:45Z
9683,18,2026-08-04T08:36:47Z
9684,18,2026-08-04T08:36:49Z
9685,16,2026-08-04T08:36:51Z
9686,19,2026-08-04T08:36:53Z
9687,20,2026-08-04T08:36:56Z
9688,21,2026-08-04T08:36:58Z
9689,22,2026-08-04T08:37:00Z
9690,23,2026-08-04T08:37:02Z
9691,20,2026-08-04T08:37:05Z
9692,17,2026-08-04T08:37:07Z
9693,20,2026-08-04T08:37:10Z
9694,17,2026-08-04T08:37:12Z
9695,16,2026-08-04T08:37:13Z
9696,18,2026-08-04T08:37:15Z
9697,18,2026-08-04T08:37:17Z
9698,17,2026-08-04T08:37:18Z
9699,16,2026-08-04T08:37:20Z
9700,17,2026-08-04T08:37:22Z
9701,18,2026-08-04T08:37:24Z
9702,17,2026-08-04T08:37:26Z
9703,17,2026-08-04T08:37:29Z
9704,17,2026-08-04T08:37:31Z
9705,17,2026-08-04T08:37:33Z
9706,19,2026-08-04T08:37:34Z
9707,16,2026-08-04T08:37:37Z
9708,19,2026-08-04T08:37:39Z
9709,22,2026-08-04T08:37:41Z
9710,21,2026-08-04T08:37:44Z
9711,19,2026-08-04T08:37:46Z
9712,18,2026-08-04T08:37:47Z
9713,19,2026-08-04T08:37:50Z
9714,17,2026-08-04T08:37:51Z
9715,19,2026-08-04T08:37:53Z
9716,18,2026-08-04T08:37:54Z
9717,18,2026-08-04T08:37:56Z
9718,21,2026-08-04T08:37:58Z
9719,16,2026-08-04T08:38:00Z
9720,17,2026-08-04T08:38:02Z
9721,17,2026-08-04T08:38:04Z
9722,17,2026-08-04T08:38:06Z
9723,17,2026-08-04T08:38:08Z
9724,17,2026-08-04T08:38:10Z
9725,17,2026-08-04T08:38:12Z
9726,17,2026-08-04T08:38:15Z
9727,15,2026-08-04T08:38:17Z
9728,15,2026-08-04T08:38:18Z
9729,15,2026-08-04T08:38:20Z
9730,15,2026-08-04T08:38:21Z
9731,16,2026-08-04T08:38:23Z
9732,18,2026-08-04T08:38:25Z
9733,19,2026-08-04T08:38:27Z
9734,15,2026-08-04T08:38:29Z
9735,15,2026-08-04T08:38:31Z
9736,17,2026-08-04T08:38:32Z
9737,16,2026-08-04T08:38:34Z
9738,16,2026-08-04T08:38:35Z
9739,17,2026-08-04T08:38:37Z
9740,16,2026-08-04T08:38:39Z
9741,16,2026-08-04T08:38:41Z
9742,17,2026-08-04T08:38:43Z
9743,17,2026-08-04T08:38:45Z
9744,16,2026-08-04T08:38:47Z
9745,17,2026-08-04T08:38:49Z
9746,16,2026-08-04T08:38:51Z
9747,17,2026-08-04T08:38:53Z
9748,16,2026-08-04T08:38:55Z
9749,14,2026-08-04T08:38:57Z
9750,16,2026-08-04T08:38:58Z
9751,14,2026-08-04T08:39:00Z
9752,19,2026-08-04T08:39:02Z
9753,18,2026-08-04T08:39:04Z
9754,16,2026-08-04T08:39:06Z
9755,17,2026-08-04T08:39:08Z
9756,19,2026-08-04T08:39:10Z
9757,18,2026-08-04T08:39:12Z
9758,15,2026-08-04T08:39:14Z
9759,18,2026-08-04T08:39:16Z
9760,16,2026-08-04T08:39:18Z
9761,15,2026-08-04T08:39:20Z
9762,16,2026-08-04T08:39:23Z
9763,17,2026-08-04T08:39:24Z
9764,15,2026-08-04T08:39:26Z
9765,18,2026-08-04T08:39:27Z
9766,14,2026-08-04T08:39:29Z
9767,17,2026-08-04T08:39:32Z
9768,16,2026-08-04T08:39:34Z
9769,15,2026-08-04T08:39:35Z
9770,15,2026-08-04T08:39:36Z
9771,16,2026-08-04T08:39:38Z
9772,14,2026-08-04T08:39:40Z
9773,14,2026-08-04T08:39:42Z
9774,14,2026-08-04T08:39:44Z
9775,16,2026-08-04T08:39:46Z
9776,16,2026-08-04T08:39:47Z
9777,14,2026-08-04T08:39:49Z
9778,16,2026-08-04T08:39:51Z
9779,18,2026-08-04T08:39:52Z
9780,18,2026-08-04T08:39:54Z
9781,16,2026-08-04T08:39:56Z
9782,16,2026-08-04T08:39:58Z
9783,16,2026-08-04T08:40:01Z
9784,14,2026-08-04T08:40:03Z
9785,14,2026-08-04T08:40:04Z
9786,14,2026-08-04T08:40:06Z
9787,15,2026-08-04T08:40:08Z
9788,15,2026-08-04T08:40:09Z
9789,15,2026-08-04T08:40:11Z
9790,16,2026-08-04T08:40:13Z
9791,18,2026-08-04T08:40:15Z
9792,16,2026-08-04T08:40:17Z
9793,17,2026-08-04T08:40:19Z
9794,16,2026-08-04T08:40:20Z
9795,17,2026-08-04T08:40:21Z
9796,15,2026-08-04T08:40:24Z
9797,14,2026-08-04T08:40:27Z
9798,14,2026-08-04T08:40:27Z
9799,13,2026-08-04T08:40:30Z
9800,13,2026-08-04T08:40:33Z
9801,17,2026-08-04T08:40:35Z
9802,15,2026-08-04T08:40:37Z
9803,15,2026-08-04T08:40:38Z
9804,14,2026-08-04T08:40:41Z
9805,14,2026-08-04T08:40:43Z
9806,15,2026-08-04T08:40:45Z
9807,16,2026-08-04T08:40:48Z
9808,16,2026-08-04T08:40:50Z
9809,17,2026-08-04T08:40:52Z
9810,18,2026-08-04T08:40:55Z
9811,21,2026-08-04T08:40:57Z
9812,21,2026-08-04T08:41:00Z
9813,21,2026-08-04T08:41:02Z
9814,22,2026-08-04T08:41:04Z
9815,21,2026-08-04T08:41:07Z
9816,22,2026-08-04T08:41:09Z
9817,22,2026-08-04T08:41:12Z
9818,23,2026-08-04T08:41:14Z
9819,23,2026-08-04T08:41:17Z
9820,16,2026-08-04T08:41:18Z
9821,19,2026-08-04T08:41:20Z
9822,17,2026-08-04T08:41:22Z
9823,16,2026-08-04T08:41:24Z
9824,17,2026-08-04T08:41:26Z
9825,16,2026-08-04T08:41:28Z
9826,18,2026-08-04T08:41:29Z
9827,18,2026-08-04T08:41:32Z
9828,19,2026-08-04T08:41:34Z
9829,19,2026-08-04T08:41:35Z
9830,19,2026-08-04T08:41:37Z
9831,20,2026-08-04T08:41:40Z
9832,19,2026-08-04T08:41:42Z
9833,28,2026-08-04T08:41:45Z
9834,25,2026-08-04T08:41:47Z
9835,20,2026-08-04T08:41:49Z
9836,21,2026-08-04T08:41:52Z
9837,22,2026-08-04T08:41:54Z
9838,23,2026-08-04T08:41:57Z
9839,23,2026-08-04T08:42:00Z
9840,22,2026-08-04T08:42:03Z
9841,21,2026-08-04T08:42:04Z
9842,17,2026-08-04T08:42:06Z
9843,17,2026-08-04T08:42:08Z
9844,17,2026-08-04T08:42:11Z
9845,18,2026-08-04T08:42:11Z
9846,15,2026-08-04T08:42:14Z
9847,15,2026-08-04T08:42:16Z
9848,16,2026-08-04T08:42:17Z
9849,16,2026-08-04T08:42:19Z
9850,16,2026-08-04T08:42:20Z
9851,16,2026-08-04T08:42:22Z
9852,19,2026-08-04T08:42:23Z
9853,16,2026-08-04T08:42:25Z
9854,17,2026-08-04T08:42:26Z
9855,16,2026-08-04T08:42:29Z
9856,14,2026-08-04T08:42:30Z
9857,15,2026-08-04T08:42:32Z
9858,15,2026-08-04T08:42:33Z
9859,17,2026-08-04T08:42:34Z
9860,14,2026-08-04T08:42:36Z
9861,15,2026-08-04T08:42:38Z
9862,14,2026-08-04T08:42:39Z
9863,14,2026-08-04T08:42:41Z
9864,14,2026-08-04T08:42:42Z
9865,17,2026-08-04T08:42:44Z
9866,15,2026-08-04T08:42:46Z
9867,15,2026-08-04T08:42:47Z
9868,13,2026-08-04T08:42:49Z
9869,14,2026-08-04T08:42:51Z
9870,13,2026-08-04T08:42:53Z
9871,13,2026-08-04T08:42:55Z
9872,12,2026-08-04T08:42:57Z
9873,14,2026-08-04T08:42:59Z
9874,16,2026-08-04T08:43:01Z
9875,14,2026-08-04T08:43:02Z
9876,15,2026-08-04T08:43:04Z
9877,16,2026-08-04T08:43:06Z
9878,15,2026-08-04T08:43:08Z
9879,14,2026-08-04T08:43:09Z
9880,16,2026-08-04T08:43:11Z
9881,17,2026-08-04T08:43:13Z
9882,17,2026-08-04T08:43:15Z
9883,14,2026-08-04T08:43:17Z
9884,12,2026-08-04T08:43:19Z
9885,14,2026-08-04T08:43:21Z
9886,16,2026-08-04T08:43:23Z
9887,16,2026-08-04T08:43:25Z
9888,16,2026-08-04T08:43:27Z
9889,18,2026-08-04T08:43:29Z
9890,20,2026-08-04T08:43:31Z
9891,16,2026-08-04T08:43:34Z
9892,15,2026-08-04T08:43:35Z
9893,15,2026-08-04T08:43:37Z
9894,16,2026-08-04T08:43:39Z
9895,14,2026-08-04T08:43:40Z
9896,15,2026-08-04T08:43:42Z
9897,15,2026-08-04T08:43:44Z
9898,16,2026-08-04T08:43:47Z
9899,16,2026-08-04T08:43:49Z
9900,15,2026-08-04T08:43:51Z
9901,14,2026-08-04T08:43:53Z
9902,17,2026-08-04T08:43:56Z
9903,16,2026-08-04T08:43:58Z
9904,17,2026-08-04T08:44:00Z
9905,17,2026-08-04T08:44:03Z
9906,17,2026-08-04T08:44:05Z
9907,17,2026-08-04T08:44:07Z
9908,20,2026-08-04T08:44:10Z
9909,19,2026-08-04T08:44:12Z
9910,19,2026-08-04T08:44:14Z
9911,19,2026-08-04T08:44:17Z
9912,17,2026-08-04T08:44:19Z
9913,19,2026-08-04T08:44:21Z
9914,18,2026-08-04T08:44:23Z
9915,17,2026-08-04T08:44:25Z
9916,18,2026-08-04T08:44:27Z
9917,21,2026-08-04T08:44:30Z
9918,21,2026-08-04T08:44:31Z
9919,20,2026-08-04T08:44:33Z
9920,17,2026-08-04T08:44:34Z
9921,20,2026-08-04T08:44:36Z
9922,18,2026-08-04T08:44:40Z
9923,15,2026-08-04T08:44:42Z
9924,17,2026-08-04T08:44:43Z
9925,16,2026-08-04T08:44:45Z
9926,15,2026-08-04T08:44:47Z
9927,16,2026-08-04T08:44:49Z
9928,18,2026-08-04T08:44:51Z
9929,17,2026-08-04T08:44:52Z
9930,17,2026-08-04T08:44:53Z
9931,17,2026-08-04T08:44:55Z
9932,20,2026-08-04T08:44:56Z
9933,18,2026-08-04T08:44:58Z
9934,19,2026-08-04T08:45:00Z
9935,17,2026-08-04T08:45:02Z
9936,17,2026-08-04T08:45:04Z
9937,17,2026-08-04T08:45:06Z
9938,17,2026-08-04T08:45:08Z
9939,17,2026-08-04T08:45:10Z
9940,14,2026-08-04T08:45:11Z
9941,14,2026-08-04T08:45:13Z
9942,14,2026-08-04T08:45:15Z
9943,14,2026-08-04T08:45:16Z
9944,13,2026-08-04T08:45:18Z
9945,13,2026-08-04T08:45:20Z
9946,14,2026-08-04T08:45:21Z
9947,17,2026-08-04T08:45:23Z
9948,15,2026-08-04T08:45:25Z
9949,17,2026-08-04T08:45:26Z
9950,14,2026-08-04T08:45:28Z
9951,13,2026-08-04T08:45:30Z
9952,13,2026-08-04T08:45:32Z
9953,13,2026-08-04T08:45:34Z
9954,13,2026-08-04T08:45:35Z
9955,12,2026-08-04T08:45:37Z
9956,14,2026-08-04T08:45:39Z
9957,12,2026-08-04T08:45:40Z
9958,13,2026-08-04T08:45:42Z
9959,14,2026-08-04T08:45:43Z
9960,11,2026-08-04T08:45:45Z
9961,13,2026-08-04T08:45:46Z
9962,12,2026-08-04T08:45:48Z
9963,12,2026-08-04T08:45:49Z
9964,12,2026-08-04T08:45:51Z
9965,14,2026-08-04T08:45:52Z
9966,13,2026-08-04T08:45:54Z
9967,13,2026-08-04T08:45:55Z
9968,14,2026-08-04T08:45:57Z
9969,13,2026-08-04T08:45:58Z
9970,12,2026-08-04T08:46:00Z
9971,12,2026-08-04T08:46:01Z
9972,12,2026-08-04T08:46:03Z
9973,12,2026-08-04T08:46:04Z
9974,12,2026-08-04T08:46:06Z
9975,11,2026-08-04T08:46:07Z
9976,11,2026-08-04T08:46:09Z
9977,11,2026-08-04T08:46:11Z
9978,11,2026-08-04T08:46:13Z
9979,11,2026-08-04T08:46:14Z
9980,12,2026-08-04T08:46:16Z
9981,14,2026-08-04T08:46:18Z
9982,16,2026-08-04T08:46:20Z
9983,16,2026-08-04T08:46:21Z
9984,17,2026-08-04T08:46:23Z
9985,17,2026-08-04T08:46:25Z
9986,16,2026-08-04T08:46:27Z
9987,16,2026-08-04T08:46:29Z
9988,17,2026-08-04T08:46:30Z
9989,14,2026-08-04T08:46:32Z
9990,14,2026-08-04T08:46:34Z
9991,16,2026-08-04T08:46:36Z
9992,18,2026-08-04T08:46:37Z
9993,17,2026-08-04T08:46:39Z
9994,19,2026-08-04T08:46:41Z
9995,19,2026-08-04T08:46:43Z
9996,18,2026-08-04T08:46:46Z
9997,18,2026-08-04T08:46:48Z
9998,16,2026-08-04T08:46:50Z
9999,18,2026-08-04T08:46:52Z
10000,18,2026-08-04T08:46:54Z
10001,16,2026-08-04T08:46:56Z
10002,16,2026-08-04T08:46:59Z
10003,17,2026-08-04T08:47:01Z
10004,16,2026-08-04T08:47:03Z
10005,14,2026-08-04T08:47:05Z
10006,14,2026-08-04T08:47:07Z
10007,16,2026-08-04T08:47:10Z
10008,17,2026-08-04T08:47:12Z
10009,15,2026-08-04T08:47:14Z
10010,14,2026-08-04T08:47:16Z
10011,16,2026-08-04T08:47:19Z
10012,18,2026-08-04T08:47:22Z
10013,19,2026-08-04T08:47:24Z
10014,20,2026-08-04T08:47:27Z
10015,19,2026-08-04T08:47:29Z
10016,22,2026-08-04T08:47:32Z
10017,22,2026-08-04T08:47:34Z
10018,20,2026-08-04T08:47:37Z
10019,21,2026-08-04T08:47:40Z
10020,20,2026-08-04T08:47:42Z
10021,20,2026-08-04T08:47:45Z
10022,17,2026-08-04T08:47:47Z
10023,17,2026-08-04T08:47:49Z
10024,16,2026-08-04T08:47:51Z
10025,17,2026-08-04T08:47:53Z
10026,18,2026-08-04T08:47:55Z
10027,18,2026-08-04T08:47:57Z
10028,16,2026-08-04T08:48:00Z
10029,18,2026-08-04T08:48:03Z
10030,17,2026-08-04T08:48:05Z
10031,17,2026-08-04T08:48:07Z
10032,18,2026-08-04T08:48:10Z
10033,16,2026-08-04T08:48:12Z
10034,15,2026-08-04T08:48:14Z
10035,15,2026-08-04T08:48:16Z
10036,16,2026-08-04T08:48:17Z
10037,16,2026-08-04T08:48:19Z
10038,14,2026-08-04T08:48:21Z
10039,13,2026-08-04T08:48:23Z
10040,16,2026-08-04T08:48:26Z
10041,18,2026-08-04T08:48:28Z
10042,16,2026-08-04T08:48:30Z
10043,18,2026-08-04T08:48:32Z
10044,17,2026-08-04T08:48:34Z
10045,16,2026-08-04T08:48:36Z
10046,14,2026-08-04T08:48:38Z
10047,14,2026-08-04T08:48:40Z
10048,13,2026-08-04T08:48:42Z
10049,14,2026-08-04T08:48:43Z
10050,13,2026-08-04T08:48:46Z
10051,13,2026-08-04T08:48:48Z
10052,14,2026-08-04T08:48:50Z
10053,16,2026-08-04T08:48:52Z
10054,15,2026-08-04T08:48:54Z
10055,16,2026-08-04T08:48:56Z
10056,16,2026-08-04T08:48:58Z
10057,16,2026-08-04T08:49:00Z
10058,16,2026-08-04T08:49:02Z
10059,17,2026-08-04T08:49:04Z
10060,15,2026-08-04T08:49:06Z
10061,16,2026-08-04T08:49:09Z
10062,15,2026-08-04T08:49:11Z
10063,15,2026-08-04T08:49:12Z
10064,14,2026-08-04T08:49:14Z
10065,16,2026-08-04T08:49:16Z
10066,19,2026-08-04T08:49:18Z
10067,17,2026-08-04T08:49:20Z
10068,18,2026-08-04T08:49:22Z
10069,15,2026-08-04T08:49:24Z
10070,17,2026-08-04T08:49:27Z
10071,16,2026-08-04T08:49:29Z
10072,15,2026-08-04T08:49:31Z
10073,15,2026-08-04T08:49:33Z
10074,16,2026-08-04T08:49:35Z
10075,15,2026-08-04T08:49:37Z
10076,15,2026-08-04T08:49:39Z
10077,16,2026-08-04T08:49:41Z
10078,15,2026-08-04T08:49:43Z
10079,17,2026-08-04T08:49:45Z
10080,15,2026-08-04T08:49:47Z
10081,15,2026-08-04T08:49:49Z
10082,17,2026-08-04T08:49:51Z
10083,16,2026-08-04T08:49:53Z
10084,15,2026-08-04T08:49:55Z
10085,16,2026-08-04T08:49:57Z
10086,18,2026-08-04T08:49:59Z
10087,15,2026-08-04T08:50:01Z
10088,17,2026-08-04T08:50:04Z
10089,16,2026-08-04T08:50:07Z
10090,16,2026-08-04T08:50:08Z
10091,16,2026-08-04T08:50:11Z
10092,18,2026-08-04T08:50:13Z
10093,19,2026-08-04T08:50:15Z
10094,19,2026-08-04T08:50:18Z
10095,19,2026-08-04T08:50:20Z
10096,17,2026-08-04T08:50:22Z
10097,18,2026-08-04T08:50:25Z
10098,18,2026-08-04T08:50:27Z
10099,18,2026-08-04T08:50:29Z
10100,18,2026-08-04T08:50:30Z
10101,16,2026-08-04T08:50:32Z
10102,14,2026-08-04T08:50:33Z
10103,13,2026-08-04T08:50:35Z
10104,15,2026-08-04T08:50:38Z
10105,13,2026-08-04T08:50:39Z
10106,13,2026-08-04T08:50:41Z
10107,13,2026-08-04T08:50:43Z
10108,13,2026-08-04T08:50:45Z
10109,13,2026-08-04T08:50:46Z
10110,14,2026-08-04T08:50:48Z
10111,13,2026-08-04T08:50:50Z
10112,13,2026-08-04T08:50:51Z
10113,15,2026-08-04T08:50:53Z
10114,14,2026-08-04T08:50:55Z
10115,15,2026-08-04T08:50:56Z
10116,14,2026-08-04T08:50:57Z
10117,13,2026-08-04T08:50:59Z
10118,14,2026-08-04T08:51:01Z
10119,15,2026-08-04T08:51:03Z
10120,12,2026-08-04T08:51:04Z
10121,12,2026-08-04T08:51:05Z
10122,12,2026-08-04T08:51:07Z
10123,12,2026-08-04T08:51:08Z
10124,12,2026-08-04T08:51:10Z
10125,12,2026-08-04T08:51:12Z
10126,13,2026-08-04T08:51:13Z
10127,14,2026-08-04T08:51:15Z
10128,13,2026-08-04T08:51:16Z
10129,12,2026-08-04T08:51:18Z
10130,12,2026-08-04T08:51:19Z
10131,12,2026-08-04T08:51:21Z
10132,12,2026-08-04T08:51:23Z
10133,14,2026-08-04T08:51:24Z
10134,13,2026-08-04T08:51:26Z
10135,14,2026-08-04T08:51:27Z
10136,12,2026-08-04T08:51:28Z
10137,11,2026-08-04T08:51:30Z
10138,11,2026-08-04T08:51:32Z
10139,13,2026-08-04T08:51:33Z
10140,13,2026-08-04T08:51:35Z
10141,13,2026-08-04T08:51:36Z
10142,14,2026-08-04T08:51:38Z
10143,12,2026-08-04T08:51:40Z
10144,14,2026-08-04T08:51:41Z
10145,14,2026-08-04T08:51:43Z
10146,13,2026-08-04T08:51:45Z
10147,13,2026-08-04T08:51:47Z
10148,12,2026-08-04T08:51:49Z
10149,14,2026-08-04T08:51:50Z
10150,14,2026-08-04T08:51:52Z
10151,16,2026-08-04T08:51:54Z
10152,14,2026-08-04T08:51:56Z
10153,15,2026-08-04T08:51:58Z
10154,17,2026-08-04T08:52:00Z
10155,19,2026-08-04T08:52:02Z
10156,16,2026-08-04T08:52:03Z
10157,17,2026-08-04T08:52:05Z
10158,16,2026-08-04T08:52:07Z
10159,15,2026-08-04T08:52:09Z
10160,16,2026-08-04T08:52:11Z
10161,13,2026-08-04T08:52:13Z
10162,13,2026-08-04T08:52:16Z
10163,12,2026-08-04T08:52:18Z
10164,11,2026-08-04T08:52:18Z
10165,12,2026-08-04T08:52:20Z
10166,12,2026-08-04T08:52:22Z
10167,14,2026-08-04T08:52:23Z
10168,13,2026-08-04T08:52:25Z
10169,13,2026-08-04T08:52:27Z
10170,13,2026-08-04T08:52:29Z
10171,13,2026-08-04T08:52:31Z
10172,14,2026-08-04T08:52:33Z
10173,14,2026-08-04T08:52:35Z
10174,14,2026-08-04T08:52:37Z
10175,17,2026-08-04T08:52:39Z
10176,19,2026-08-04T08:52:41Z
10177,19,2026-08-04T08:52:43Z
10178,19,2026-08-04T08:52:45Z
10179,18,2026-08-04T08:52:47Z
10180,15,2026-08-04T08:52:50Z
10181,16,2026-08-04T08:52:52Z
10182,16,2026-08-04T08:52:54Z
10183,17,2026-08-04T08:52:57Z
10184,16,2026-08-04T08:53:00Z
10185,16,2026-08-04T08:53:02Z
10186,18,2026-08-04T08:53:04Z
10187,18,2026-08-04T08:53:06Z
10188,20,2026-08-04T08:53:08Z
10189,19,2026-08-04T08:53:11Z
10190,21,2026-08-04T08:53:13Z
10191,17,2026-08-04T08:53:16Z
10192,20,2026-08-04T08:53:18Z
10193,18,2026-08-04T08:53:21Z
10194,20,2026-08-04T08:53:24Z
10195,20,2026-08-04T08:53:26Z
10196,19,2026-08-04T08:53:29Z
10197,19,2026-08-04T08:53:31Z
10198,18,2026-08-04T08:53:34Z
10199,17,2026-08-04T08:53:37Z
10200,16,2026-08-04T08:53:39Z
10201,15,2026-08-04T08:53:41Z
10202,16,2026-08-04T08:53:44Z
10203,16,2026-08-04T08:53:46Z
10204,16,2026-08-04T08:53:48Z
10205,20,2026-08-04T08:53:50Z
10206,18,2026-08-04T08:53:52Z
10207,19,2026-08-04T08:53:54Z
10208,19,2026-08-04T08:53:57Z
10209,18,2026-08-04T08:53:59Z
10210,19,2026-08-04T08:54:01Z
10211,22,2026-08-04T08:54:03Z
10212,18,2026-08-04T08:54:06Z
10213,18,2026-08-04T08:54:08Z
10214,19,2026-08-04T08:54:10Z
10215,17,2026-08-04T08:54:13Z
10216,17,2026-08-04T08:54:15Z
10217,18,2026-08-04T08:54:17Z
10218,18,2026-08-04T08:54:19Z
10219,20,2026-08-04T08:54:21Z
10220,18,2026-08-04T08:54:24Z
10221,18,2026-08-04T08:54:26Z
10222,18,2026-08-04T08:54:28Z
10223,17,2026-08-04T08:54:30Z
10224,18,2026-08-04T08:54:32Z
10225,18,2026-08-04T08:54:34Z
10226,17,2026-08-04T08:54:36Z
10227,15,2026-08-04T08:54:38Z
10228,17,2026-08-04T08:54:40Z
10229,17,2026-08-04T08:54:42Z
10230,18,2026-08-04T08:54:44Z
10231,17,2026-08-04T08:54:46Z
10232,19,2026-08-04T08:54:48Z
10233,18,2026-08-04T08:54:50Z
10234,18,2026-08-04T08:54:52Z
10235,17,2026-08-04T08:54:54Z
10236,18,2026-08-04T08:54:56Z
10237,17,2026-08-04T08:54:58Z
10238,16,2026-08-04T08:55:00Z
10239,17,2026-08-04T08:55:03Z
10240,17,2026-08-04T08:55:05Z
10241,17,2026-08-04T08:55:07Z
10242,16,2026-08-04T08:55:08Z
10243,15,2026-08-04T08:55:10Z
10244,15,2026-08-04T08:55:12Z
10245,15,2026-08-04T08:55:14Z
10246,14,2026-08-04T08:55:16Z
10247,15,2026-08-04T08:55:18Z
10248,15,2026-08-04T08:55:20Z
10249,15,2026-08-04T08:55:21Z
10250,13,2026-08-04T08:55:23Z
10251,13,2026-08-04T08:55:25Z
10252,14,2026-08-04T08:55:27Z
10253,14,2026-08-04T08:55:28Z
10254,13,2026-08-04T08:55:30Z
10255,14,2026-08-04T08:55:31Z
10256,14,2026-08-04T08:55:33Z
10257,12,2026-08-04T08:55:34Z
10258,12,2026-08-04T08:55:37Z
10259,13,2026-08-04T08:55:39Z
10260,14,2026-08-04T08:55:40Z
10261,12,2026-08-04T08:55:41Z
10262,12,2026-08-04T08:55:42Z
10263,11,2026-08-04T08:55:45Z
10264,11,2026-08-04T08:55:46Z
10265,11,2026-08-04T08:55:47Z
10266,12,2026-08-04T08:55:49Z
10267,15,2026-08-04T08:55:50Z
10268,11,2026-08-04T08:55:52Z
10269,11,2026-08-04T08:55:54Z
10270,12,2026-08-04T08:55:56Z
10271,14,2026-08-04T08:55:57Z
10272,13,2026-08-04T08:55:59Z
10273,12,2026-08-04T08:56:01Z
10274,13,2026-08-04T08:56:03Z
10275,13,2026-08-04T08:56:05Z
10276,13,2026-08-04T08:56:06Z
10277,14,2026-08-04T08:56:08Z
10278,14,2026-08-04T08:56:10Z
10279,15,2026-08-04T08:56:12Z
10280,15,2026-08-04T08:56:14Z
10281,14,2026-08-04T08:56:15Z
10282,15,2026-08-04T08:56:17Z
10283,15,2026-08-04T08:56:19Z
10284,14,2026-08-04T08:56:21Z
10285,16,2026-08-04T08:56:23Z
10286,14,2026-08-04T08:56:24Z
10287,14,2026-08-04T08:56:26Z
10288,13,2026-08-04T08:56:27Z
10289,15,2026-08-04T08:56:29Z
10290,15,2026-08-04T08:56:30Z
10291,15,2026-08-04T08:56:32Z
10292,14,2026-08-04T08:56:33Z
10293,13,2026-08-04T08:56:36Z
10294,15,2026-08-04T08:56:38Z
10295,15,2026-08-04T08:56:40Z
10296,14,2026-08-04T08:56:42Z
10297,11,2026-08-04T08:56:43Z
10298,11,2026-08-04T08:56:45Z
10299,11,2026-08-04T08:56:47Z
10300,11,2026-08-04T08:56:49Z
10301,11,2026-08-04T08:56:50Z
10302,13,2026-08-04T08:56:52Z
10303,15,2026-08-04T08:56:54Z
10304,13,2026-08-04T08:56:55Z
10305,12,2026-08-04T08:56:57Z
10306,12,2026-08-04T08:56:58Z
10307,14,2026-08-04T08:57:01Z
10308,14,2026-08-04T08:57:03Z
10309,11,2026-08-04T08:57:05Z
10310,10,2026-08-04T08:57:07Z
10311,12,2026-08-04T08:57:09Z
10312,14,2026-08-04T08:57:10Z
10313,13,2026-08-04T08:57:12Z
10314,12,2026-08-04T08:57:13Z
10315,11,2026-08-04T08:57:15Z
10316,15,2026-08-04T08:57:16Z
10317,13,2026-08-04T08:57:17Z
10318,10,2026-08-04T08:57:19Z
10319,10,2026-08-04T08:57:20Z
10320,12,2026-08-04T08:57:22Z
10321,12,2026-08-04T08:57:23Z
10322,12,2026-08-04T08:57:25Z
10323,11,2026-08-04T08:57:26Z
10324,11,2026-08-04T08:57:28Z
10325,12,2026-08-04T08:57:29Z
10326,11,2026-08-04T08:57:31Z
10327,10,2026-08-04T08:57:33Z
10328,10,2026-08-04T08:57:34Z
10329,12,2026-08-04T08:57:36Z
10330,13,2026-08-04T08:57:37Z
10331,10,2026-08-04T08:57:39Z
10332,11,2026-08-04T08:57:41Z
10333,13,2026-08-04T08:57:43Z
10334,15,2026-08-04T08:57:45Z
10335,14,2026-08-04T08:57:47Z
10336,13,2026-08-04T08:57:48Z
10337,13,2026-08-04T08:57:50Z
10338,17,2026-08-04T08:57:52Z
10339,15,2026-08-04T08:57:53Z
10340,15,2026-08-04T08:57:55Z
10341,16,2026-08-04T08:57:57Z
10342,17,2026-08-04T08:57:59Z
10343,16,2026-08-04T08:58:01Z
10344,16,2026-08-04T08:58:03Z
10345,16,2026-08-04T08:58:05Z
10346,16,2026-08-04T08:58:07Z
10347,18,2026-08-04T08:58:09Z
10348,16,2026-08-04T08:58:11Z
10349,16,2026-08-04T08:58:13Z
10350,17,2026-08-04T08:58:16Z
10351,17,2026-08-04T08:58:18Z
10352,17,2026-08-04T08:58:20Z
10353,18,2026-08-04T08:58:22Z
10354,17,2026-08-04T08:58:24Z
10355,17,2026-08-04T08:58:26Z
10356,17,2026-08-04T08:58:28Z
10357,16,2026-08-04T08:58:29Z
10358,15,2026-08-04T08:58:31Z
10359,16,2026-08-04T08:58:33Z
10360,18,2026-08-04T08:58:35Z
10361,14,2026-08-04T08:58:37Z
10362,14,2026-08-04T08:58:39Z
10363,13,2026-08-04T08:58:41Z
10364,15,2026-08-04T08:58:44Z
10365,15,2026-08-04T08:58:46Z
10366,15,2026-08-04T08:58:48Z
10367,16,2026-08-04T08:58:50Z
10368,15,2026-08-04T08:58:52Z
10369,17,2026-08-04T08:58:55Z
10370,16,2026-08-04T08:58:57Z
10371,18,2026-08-04T08:58:59Z
10372,20,2026-08-04T08:59:01Z
10373,22,2026-08-04T08:59:03Z
10374,19,2026-08-04T08:59:05Z
10375,18,2026-08-04T08:59:08Z
10376,18,2026-08-04T08:59:10Z
10377,18,2026-08-04T08:59:12Z
10378,18,2026-08-04T08:59:14Z
10379,19,2026-08-04T08:59:16Z
10380,17,2026-08-04T08:59:18Z
10381,15,2026-08-04T08:59:19Z
10382,17,2026-08-04T08:59:21Z
10383,15,2026-08-04T08:59:23Z
10384,14,2026-08-04T08:59:24Z
10385,14,2026-08-04T08:59:26Z
10386,16,2026-08-04T08:59:28Z
10387,17,2026-08-04T08:59:29Z
10388,15,2026-08-04T08:59:31Z
10389,15,2026-08-04T08:59:33Z
10390,15,2026-08-04T08:59:35Z
10391,17,2026-08-04T08:59:38Z
10392,15,2026-08-04T08:59:40Z
10393,16,2026-08-04T08:59:42Z
10394,15,2026-08-04T08:59:44Z
10395,17,2026-08-04T08:59:46Z
10396,16,2026-08-04T08:59:47Z
10397,16,2026-08-04T08:59:49Z
10398,15,2026-08-04T08:59:51Z
10399,15,2026-08-04T08:59:53Z
10400,16,2026-08-04T08:59:55Z
10401,14,2026-08-04T08:59:57Z
10402,14,2026-08-04T08:59:59Z
10403,13,2026-08-04T09:00:01Z
10404,15,2026-08-04T09:00:03Z
10405,13,2026-08-04T09:00:05Z
10406,16,2026-08-04T09:00:07Z
10407,15,2026-08-04T09:00:09Z
10408,15,2026-08-04T09:00:11Z
10409,18,2026-08-04T09:00:13Z
10410,17,2026-08-04T09:00:15Z
10411,18,2026-08-04T09:00:18Z
10412,17,2026-08-04T09:00:21Z
10413,18,2026-08-04T09:00:23Z
10414,18,2026-08-04T09:00:26Z
10415,21,2026-08-04T09:00:28Z
10416,20,2026-08-04T09:00:31Z
10417,18,2026-08-04T09:00:34Z
10418,19,2026-08-04T09:00:36Z
10419,19,2026-08-04T09:00:39Z
10420,22,2026-08-04T09:00:42Z
10421,23,2026-08-04T09:00:44Z
10422,24,2026-08-04T09:00:47Z
10423,23,2026-08-04T09:00:49Z
10424,23,2026-08-04T09:00:52Z
10425,24,2026-08-04T09:00:55Z
10426,21,2026-08-04T09:00:57Z
10427,24,2026-08-04T09:01:00Z
10428,24,2026-08-04T09:01:03Z
10429,25,2026-08-04T09:01:05Z
10430,21,2026-08-04T09:01:08Z
10431,22,2026-08-04T09:01:10Z
10432,24,2026-08-04T09:01:13Z
10433,27,2026-08-04T09:01:16Z
10434,26,2026-08-04T09:01:18Z
10435,25,2026-08-04T09:01:21Z
10436,28,2026-08-04T09:01:24Z
10437,25,2026-08-04T09:01:27Z
10438,24,2026-08-04T09:01:29Z
10439,25,2026-08-04T09:01:32Z
10440,28,2026-08-04T09:01:35Z
10441,25,2026-08-04T09:01:38Z
10442,26,2026-08-04T09:01:41Z
10443,25,2026-08-04T09:01:44Z
10444,25,2026-08-04T09:01:47Z
10445,26,2026-08-04T09:01:50Z
10446,24,2026-08-04T09:01:53Z
10447,27,2026-08-04T09:01:56Z
10448,27,2026-08-04T09:01:59Z
10449,28,2026-08-04T09:02:02Z
10450,27,2026-08-04T09:02:06Z
10451,27,2026-08-04T09:02:09Z
10452,28,2026-08-04T09:02:12Z
10453,24,2026-08-04T09:02:15Z
10454,24,2026-08-04T09:02:18Z
10455,25,2026-08-04T09:02:21Z
10456,25,2026-08-04T09:02:24Z
10457,24,2026-08-04T09:02:26Z
10458,24,2026-08-04T09:02:28Z
10459,22,2026-08-04T09:02:31Z
10460,22,2026-08-04T09:02:35Z
10461,21,2026-08-04T09:02:38Z
10462,22,2026-08-04T09:02:41Z
10463,24,2026-08-04T09:02:44Z
10464,26,2026-08-04T09:02:47Z
10465,24,2026-08-04T09:02:51Z
10466,25,2026-08-04T09:02:54Z
10467,26,2026-08-04T09:02:57Z
10468,28,2026-08-04T09:03:00Z
10469,29,2026-08-04T09:03:04Z
10470,29,2026-08-04T09:03:07Z
10471,29,2026-08-04T09:03:10Z
10472,29,2026-08-04T09:03:13Z
10473,30,2026-08-04T09:03:18Z
10474,31,2026-08-04T09:03:21Z
10475,29,2026-08-04T09:03:24Z
10476,29,2026-08-04T09:03:26Z
10477,31,2026-08-04T09:03:29Z
10478,28,2026-08-04T09:03:33Z
10479,28,2026-08-04T09:03:37Z
10480,28,2026-08-04T09:03:38Z
10481,28,2026-08-04T09:03:40Z
10482,29,2026-08-04T09:03:44Z
10483,31,2026-08-04T09:03:47Z
10484,31,2026-08-04T09:03:51Z
10485,30,2026-08-04T09:03:56Z
10486,31,2026-08-04T09:03:59Z
10487,30,2026-08-04T09:04:01Z
10488,28,2026-08-04T09:04:05Z
10489,27,2026-08-04T09:04:08Z
10490,26,2026-08-04T09:04:11Z
10491,27,2026-08-04T09:04:14Z
10492,31,2026-08-04T09:04:17Z
10493,28,2026-08-04T09:04:20Z
10494,26,2026-08-04T09:04:24Z
10495,25,2026-08-04T09:04:26Z
10496,27,2026-08-04T09:04:29Z
10497,26,2026-08-04T09:04:32Z
10498,23,2026-08-04T09:04:35Z
10499,22,2026-08-04T09:04:38Z
10500,23,2026-08-04T09:04:40Z
10501,26,2026-08-04T09:04:43Z
10502,25,2026-08-04T09:04:46Z
10503,25,2026-08-04T09:04:49Z
10504,24,2026-08-04T09:04:52Z
10505,25,2026-08-04T09:04:55Z
10506,26,2026-08-04T09:04:58Z
10507,25,2026-08-04T09:05:02Z
10508,27,2026-08-04T09:05:05Z
10509,27,2026-08-04T09:05:08Z
10510,28,2026-08-04T09:05:11Z
10511,28,2026-08-04T09:05:14Z
10512,27,2026-08-04T09:05:17Z
10513,26,2026-08-04T09:05:20Z
10514,28,2026-08-04T09:05:23Z
10515,27,2026-08-04T09:05:27Z
10516,26,2026-08-04T09:05:29Z
10517,26,2026-08-04T09:05:32Z
10518,25,2026-08-04T09:05:35Z
10519,29,2026-08-04T09:05:38Z
10520,29,2026-08-04T09:05:41Z
10521,29,2026-08-04T09:05:45Z
10522,28,2026-08-04T09:05:48Z
10523,33,2026-08-04T09:05:51Z
10524,30,2026-08-04T09:05:54Z
10525,30,2026-08-04T09:05:57Z
10526,30,2026-08-04T09:06:00Z
10527,30,2026-08-04T09:06:03Z
10528,31,2026-08-04T09:06:06Z
10529,33,2026-08-04T09:06:09Z
10530,33,2026-08-04T09:06:12Z
10531,33,2026-08-04T09:06:15Z
10532,34,2026-08-04T09:06:19Z
10533,32,2026-08-04T09:06:22Z
10534,34,2026-08-04T09:06:25Z
10535,31,2026-08-04T09:06:29Z
10536,29,2026-08-04T09:06:32Z
10537,30,2026-08-04T09:06:34Z
10538,34,2026-08-04T09:06:36Z
10539,34,2026-08-04T09:06:39Z
10540,33,2026-08-04T09:06:41Z
10541,32,2026-08-04T09:06:44Z
10542,31,2026-08-04T09:06:46Z
10543,34,2026-08-04T09:06:49Z
10544,33,2026-08-04T09:06:51Z
10545,33,2026-08-04T09:06:54Z
10546,31,2026-08-04T09:06:56Z
10547,30,2026-08-04T09:06:59Z
10548,33,2026-08-04T09:07:02Z
10549,31,2026-08-04T09:07:04Z
10550,28,2026-08-04T09:07:07Z
10551,27,2026-08-04T09:07:09Z
10552,34,2026-08-04T09:07:12Z
10553,30,2026-08-04T09:07:14Z
10554,27,2026-08-04T09:07:17Z
10555,25,2026-08-04T09:07:19Z
10556,25,2026-08-04T09:07:22Z
10557,26,2026-08-04T09:07:25Z
10558,27,2026-08-04T09:07:28Z
10559,27,2026-08-04T09:07:29Z
10560,23,2026-08-04T09:07:31Z
10561,21,2026-08-04T09:07:32Z
10562,23,2026-08-04T09:07:34Z
10563,20,2026-08-04T09:07:37Z
10564,20,2026-08-04T09:07:39Z
10565,21,2026-08-04T09:07:41Z
10566,22,2026-08-04T09:07:43Z
10567,23,2026-08-04T09:07:45Z
10568,23,2026-08-04T09:07:47Z
10569,21,2026-08-04T09:07:49Z
10570,18,2026-08-04T09:07:51Z
10571,19,2026-08-04T09:07:53Z
10572,22,2026-08-04T09:07:56Z
10573,23,2026-08-04T09:07:58Z
10574,21,2026-08-04T09:08:00Z
10575,21,2026-08-04T09:08:02Z
10576,22,2026-08-04T09:08:04Z
10577,23,2026-08-04T09:08:06Z
10578,19,2026-08-04T09:08:08Z
10579,20,2026-08-04T09:08:10Z
10580,18,2026-08-04T09:08:13Z
10581,19,2026-08-04T09:08:15Z
10582,18,2026-08-04T09:08:17Z
10583,18,2026-08-04T09:08:19Z
10584,18,2026-08-04T09:08:21Z
10585,21,2026-08-04T09:08:23Z
10586,21,2026-08-04T09:08:25Z
10587,20,2026-08-04T09:08:27Z
10588,21,2026-08-04T09:08:30Z
10589,20,2026-08-04T09:08:32Z
10590,24,2026-08-04T09:08:34Z
10591,23,2026-08-04T09:08:36Z
10592,23,2026-08-04T09:08:38Z
10593,21,2026-08-04T09:08:40Z
10594,23,2026-08-04T09:08:43Z
10595,26,2026-08-04T09:08:45Z
10596,25,2026-08-04T09:08:48Z
10597,24,2026-08-04T09:08:50Z
10598,22,2026-08-04T09:08:52Z
10599,23,2026-08-04T09:08:55Z
10600,22,2026-08-04T09:08:57Z
10601,21,2026-08-04T09:08:59Z
10602,20,2026-08-04T09:09:02Z
10603,20,2026-08-04T09:09:04Z
10604,23,2026-08-04T09:09:07Z
10605,21,2026-08-04T09:09:09Z
10606,20,2026-08-04T09:09:12Z
10607,17,2026-08-04T09:09:14Z
10608,21,2026-08-04T09:09:17Z
10609,22,2026-08-04T09:09:19Z
10610,20,2026-08-04T09:09:22Z
10611,21,2026-08-04T09:09:24Z
10612,21,2026-08-04T09:09:26Z
10613,24,2026-08-04T09:09:29Z
10614,25,2026-08-04T09:09:31Z
10615,23,2026-08-04T09:09:34Z
10616,22,2026-08-04T09:09:36Z
10617,25,2026-08-04T09:09:39Z
10618,27,2026-08-04T09:09:41Z
10619,22,2026-08-04T09:09:43Z
10620,23,2026-08-04T09:09:45Z
10621,24,2026-08-04T09:09:48Z
10622,24,2026-08-04T09:09:51Z
10623,24,2026-08-04T09:09:54Z
10624,23,2026-08-04T09:09:56Z
10625,23,2026-08-04T09:09:59Z
10626,24,2026-08-04T09:10:01Z
10627,26,2026-08-04T09:10:03Z
10628,24,2026-08-04T09:10:06Z
10629,25,2026-08-04T09:10:09Z
10630,27,2026-08-04T09:10:12Z
10631,31,2026-08-04T09:10:15Z
10632,29,2026-08-04T09:10:18Z
10633,30,2026-08-04T09:10:21Z
10634,30,2026-08-04T09:10:24Z
10635,34,2026-08-04T09:10:26Z
10636,34,2026-08-04T09:10:29Z
10637,33,2026-08-04T09:10:32Z
10638,32,2026-08-04T09:10:35Z
10639,31,2026-08-04T09:10:37Z
10640,33,2026-08-04T09:10:41Z
10641,37,2026-08-04T09:10:45Z
10642,33,2026-08-04T09:10:49Z
10643,31,2026-08-04T09:10:51Z
10644,35,2026-08-04T09:10:54Z
10645,38,2026-08-04T09:10:56Z
10646,33,2026-08-04T09:11:00Z
10647,30,2026-08-04T09:11:03Z
10648,30,2026-08-04T09:11:05Z
10649,31,2026-08-04T09:11:07Z
10650,32,2026-08-04T09:11:09Z
10651,28,2026-08-04T09:11:11Z
10652,30,2026-08-04T09:11:14Z
10653,31,2026-08-04T09:11:17Z
10654,32,2026-08-04T09:11:20Z
10655,32,2026-08-04T09:11:22Z
10656,30,2026-08-04T09:11:25Z
10657,30,2026-08-04T09:11:28Z
10658,32,2026-08-04T09:11:31Z
10659,30,2026-08-04T09:11:33Z
10660,28,2026-08-04T09:11:36Z
10661,26,2026-08-04T09:11:39Z
10662,26,2026-08-04T09:11:42Z
10663,25,2026-08-04T09:11:45Z
10664,25,2026-08-04T09:11:48Z
10665,25,2026-08-04T09:11:51Z
10666,24,2026-08-04T09:11:53Z
10667,27,2026-08-04T09:11:55Z
10668,25,2026-08-04T09:11:58Z
10669,25,2026-08-04T09:12:00Z
10670,24,2026-08-04T09:12:03Z
10671,25,2026-08-04T09:12:05Z
10672,27,2026-08-04T09:12:07Z
10673,26,2026-08-04T09:12:10Z
10674,28,2026-08-04T09:12:12Z
10675,30,2026-08-04T09:12:14Z
10676,27,2026-08-04T09:12:16Z
10677,27,2026-08-04T09:12:19Z
10678,26,2026-08-04T09:12:21Z
10679,21,2026-08-04T09:12:23Z
10680,24,2026-08-04T09:12:25Z
10681,25,2026-08-04T09:12:28Z
10682,24,2026-08-04T09:12:30Z
10683,22,2026-08-04T09:12:32Z
10684,22,2026-08-04T09:12:34Z
10685,24,2026-08-04T09:12:36Z
10686,24,2026-08-04T09:12:38Z
10687,24,2026-08-04T09:12:41Z
10688,23,2026-08-04T09:12:43Z
10689,24,2026-08-04T09:12:45Z
10690,24,2026-08-04T09:12:48Z
10691,25,2026-08-04T09:12:50Z
10692,23,2026-08-04T09:12:53Z
10693,24,2026-08-04T09:12:55Z
10694,24,2026-08-04T09:12:57Z
10695,24,2026-08-04T09:13:00Z
10696,20,2026-08-04T09:13:02Z
10697,20,2026-08-04T09:13:05Z
10698,22,2026-08-04T09:13:07Z
10699,20,2026-08-04T09:13:09Z
10700,22,2026-08-04T09:13:12Z
10701,21,2026-08-04T09:13:14Z
10702,23,2026-08-04T09:13:16Z
10703,22,2026-08-04T09:13:18Z
10704,23,2026-08-04T09:13:20Z
10705,21,2026-08-04T09:13:21Z
10706,21,2026-08-04T09:13:24Z
10707,22,2026-08-04T09:13:26Z
10708,21,2026-08-04T09:13:29Z
10709,20,2026-08-04T09:13:31Z
10710,20,2026-08-04T09:13:33Z
10711,22,2026-08-04T09:13:35Z
10712,18,2026-08-04T09:13:36Z
10713,18,2026-08-04T09:13:39Z
10714,18,2026-08-04T09:13:42Z
10715,21,2026-08-04T09:13:44Z
10716,21,2026-08-04T09:13:47Z
10717,19,2026-08-04T09:13:50Z
10718,19,2026-08-04T09:13:53Z
10719,20,2026-08-04T09:13:55Z
10720,23,2026-08-04T09:13:58Z
10721,24,2026-08-04T09:14:01Z
10722,25,2026-08-04T09:14:03Z
10723,26,2026-08-04T09:14:06Z
10724,25,2026-08-04T09:14:09Z
10725,26,2026-08-04T09:14:11Z
10726,26,2026-08-04T09:14:14Z
10727,24,2026-08-04T09:14:17Z
10728,25,2026-08-04T09:14:19Z
10729,26,2026-08-04T09:14:22Z
10730,26,2026-08-04T09:14:25Z
10731,28,2026-08-04T09:14:27Z
10732,29,2026-08-04T09:14:30Z
10733,29,2026-08-04T09:14:33Z
10734,29,2026-08-04T09:14:36Z
10735,28,2026-08-04T09:14:38Z
10736,29,2026-08-04T09:14:41Z
10737,31,2026-08-04T09:14:44Z
10738,29,2026-08-04T09:14:47Z
10739,29,2026-08-04T09:14:50Z
10740,31,2026-08-04T09:14:54Z
10741,33,2026-08-04T09:14:57Z
10742,34,2026-08-04T09:15:01Z
10743,35,2026-08-04T09:15:04Z
10744,35,2026-08-04T09:15:07Z
10745,38,2026-08-04T09:15:11Z
10746,36,2026-08-04T09:15:14Z
10747,30,2026-08-04T09:15:18Z
10748,30,2026-08-04T09:15:21Z
10749,30,2026-08-04T09:15:23Z
10750,30,2026-08-04T09:15:26Z
10751,29,2026-08-04T09:15:29Z
10752,29,2026-08-04T09:15:32Z
10753,30,2026-08-04T09:15:34Z
10754,32,2026-08-04T09:15:35Z
10755,27,2026-08-04T09:15:38Z
10756,30,2026-08-04T09:15:41Z
10757,28,2026-08-04T09:15:44Z
10758,31,2026-08-04T09:15:47Z
10759,26,2026-08-04T09:15:50Z
10760,22,2026-08-04T09:15:53Z
10761,23,2026-08-04T09:15:56Z
10762,24,2026-08-04T09:15:59Z
10763,25,2026-08-04T09:16:01Z
10764,24,2026-08-04T09:16:04Z
10765,25,2026-08-04T09:16:07Z
10766,28,2026-08-04T09:16:09Z
10767,28,2026-08-04T09:16:12Z
10768,27,2026-08-04T09:16:15Z
10769,27,2026-08-04T09:16:18Z
10770,26,2026-08-04T09:16:20Z
10771,30,2026-08-04T09:16:23Z
10772,30,2026-08-04T09:16:26Z
10773,30,2026-08-04T09:16:29Z
10774,30,2026-08-04T09:16:31Z
10775,28,2026-08-04T09:16:34Z
10776,25,2026-08-04T09:16:37Z
10777,24,2026-08-04T09:16:40Z
10778,23,2026-08-04T09:16:42Z
10779,24,2026-08-04T09:16:45Z
10780,25,2026-08-04T09:16:48Z
10781,27,2026-08-04T09:16:51Z
10782,23,2026-08-04T09:16:54Z
10783,24,2026-08-04T09:16:56Z
10784,25,2026-08-04T09:16:59Z
10785,24,2026-08-04T09:17:01Z
10786,23,2026-08-04T09:17:03Z
10787,22,2026-08-04T09:17:05Z
10788,25,2026-08-04T09:17:07Z
10789,25,2026-08-04T09:17:10Z
10790,24,2026-08-04T09:17:12Z
10791,23,2026-08-04T09:17:14Z
10792,24,2026-08-04T09:17:17Z
10793,25,2026-08-04T09:17:19Z
10794,25,2026-08-04T09:17:22Z
10795,25,2026-08-04T09:17:24Z
10796,25,2026-08-04T09:17:27Z
10797,27,2026-08-04T09:17:29Z
10798,28,2026-08-04T09:17:32Z
10799,27,2026-08-04T09:17:34Z
10800,26,2026-08-04T09:17:37Z
10801,27,2026-08-04T09:17:40Z
10802,29,2026-08-04T09:17:43Z
10803,29,2026-08-04T09:17:47Z
10804,30,2026-08-04T09:17:50Z
10805,30,2026-08-04T09:17:53Z
10806,31,2026-08-04T09:17:56Z
10807,31,2026-08-04T09:17:58Z
10808,28,2026-08-04T09:18:01Z
10809,26,2026-08-04T09:18:04Z
10810,29,2026-08-04T09:18:07Z
10811,29,2026-08-04T09:18:09Z
10812,29,2026-08-04T09:18:12Z
10813,27,2026-08-04T09:18:15Z
10814,26,2026-08-04T09:18:18Z
10815,28,2026-08-04T09:18:21Z
10816,27,2026-08-04T09:18:23Z
10817,27,2026-08-04T09:18:26Z
10818,27,2026-08-04T09:18:29Z
10819,26,2026-08-04T09:18:31Z
10820,26,2026-08-04T09:18:34Z
10821,27,2026-08-04T09:18:37Z
10822,26,2026-08-04T09:18:39Z
10823,29,2026-08-04T09:18:42Z
10824,27,2026-08-04T09:18:45Z
10825,25,2026-08-04T09:18:47Z
10826,23,2026-08-04T09:18:50Z
10827,23,2026-08-04T09:18:52Z
10828,27,2026-08-04T09:18:55Z
10829,26,2026-08-04T09:18:58Z
10830,26,2026-08-04T09:19:01Z
10831,24,2026-08-04T09:19:03Z
10832,24,2026-08-04T09:19:05Z
10833,24,2026-08-04T09:19:08Z
10834,22,2026-08-04T09:19:10Z
10835,23,2026-08-04T09:19:13Z
10836,23,2026-08-04T09:19:16Z
10837,24,2026-08-04T09:19:19Z
10838,26,2026-08-04T09:19:21Z
10839,23,2026-08-04T09:19:23Z
10840,26,2026-08-04T09:19:26Z
10841,27,2026-08-04T09:19:28Z
10842,27,2026-08-04T09:19:31Z
10843,32,2026-08-04T09:19:33Z
10844,25,2026-08-04T09:19:37Z
10845,29,2026-08-04T09:19:40Z
10846,27,2026-08-04T09:19:43Z
10847,29,2026-08-04T09:19:47Z
10848,28,2026-08-04T09:19:50Z
10849,29,2026-08-04T09:19:52Z
10850,30,2026-08-04T09:19:55Z
10851,29,2026-08-04T09:19:58Z
10852,31,2026-08-04T09:20:01Z
10853,31,2026-08-04T09:20:04Z
10854,31,2026-08-04T09:20:07Z
10855,32,2026-08-04T09:20:10Z
10856,33,2026-08-04T09:20:13Z
10857,33,2026-08-04T09:20:16Z
10858,35,2026-08-04T09:20:19Z
10859,37,2026-08-04T09:20:22Z
10860,38,2026-08-04T09:20:25Z
10861,39,2026-08-04T09:20:28Z
10862,39,2026-08-04T09:20:31Z
10863,37,2026-08-04T09:20:34Z
10864,33,2026-08-04T09:20:37Z
10865,36,2026-08-04T09:20:40Z
10866,35,2026-08-04T09:20:44Z
10867,38,2026-08-04T09:20:47Z
10868,36,2026-08-04T09:20:50Z
10869,37,2026-08-04T09:20:53Z
10870,41,2026-08-04T09:20:56Z
10871,39,2026-08-04T09:21:00Z
10872,39,2026-08-04T09:21:03Z
10873,41,2026-08-04T09:21:06Z
10874,37,2026-08-04T09:21:09Z
10875,42,2026-08-04T09:21:13Z
10876,38,2026-08-04T09:21:15Z
10877,41,2026-08-04T09:21:18Z
10878,44,2026-08-04T09:21:20Z
10879,36,2026-08-04T09:21:23Z
10880,33,2026-08-04T09:21:26Z
10881,34,2026-08-04T09:21:29Z
10882,36,2026-08-04T09:21:32Z
10883,36,2026-08-04T09:21:34Z
10884,34,2026-08-04T09:21:37Z
10885,31,2026-08-04T09:21:40Z
10886,31,2026-08-04T09:21:43Z
10887,33,2026-08-04T09:21:45Z
10888,33,2026-08-04T09:21:48Z
10889,30,2026-08-04T09:21:50Z
10890,28,2026-08-04T09:21:53Z
10891,28,2026-08-04T09:21:55Z
10892,29,2026-08-04T09:21:58Z
10893,26,2026-08-04T09:22:00Z
10894,25,2026-08-04T09:22:03Z
10895,25,2026-08-04T09:22:05Z
10896,23,2026-08-04T09:22:08Z
10897,24,2026-08-04T09:22:10Z
10898,21,2026-08-04T09:22:12Z
10899,22,2026-08-04T09:22:15Z
10900,20,2026-08-04T09:22:17Z
10901,22,2026-08-04T09:22:20Z
10902,22,2026-08-04T09:22:22Z
10903,21,2026-08-04T09:22:25Z
10904,20,2026-08-04T09:22:27Z
10905,18,2026-08-04T09:22:30Z
10906,22,2026-08-04T09:22:32Z
10907,19,2026-08-04T09:22:35Z
10908,17,2026-08-04T09:22:37Z
10909,19,2026-08-04T09:22:39Z
10910,18,2026-08-04T09:22:42Z
10911,19,2026-08-04T09:22:44Z
10912,20,2026-08-04T09:22:46Z
10913,20,2026-08-04T09:22:49Z
10914,21,2026-08-04T09:22:51Z
10915,22,2026-08-04T09:22:53Z
10916,24,2026-08-04T09:22:56Z
10917,25,2026-08-04T09:22:58Z
10918,25,2026-08-04T09:23:00Z
10919,26,2026-08-04T09:23:03Z
10920,27,2026-08-04T09:23:05Z
10921,30,2026-08-04T09:23:08Z
10922,28,2026-08-04T09:23:10Z
10923,27,2026-08-04T09:23:13Z
10924,26,2026-08-04T09:23:15Z
10925,25,2026-08-04T09:23:18Z
10926,26,2026-08-04T09:23:20Z
10927,27,2026-08-04T09:23:23Z
10928,26,2026-08-04T09:23:26Z
10929,27,2026-08-04T09:23:29Z
10930,25,2026-08-04T09:23:32Z
10931,28,2026-08-04T09:23:35Z
10932,28,2026-08-04T09:23:38Z
10933,27,2026-08-04T09:23:41Z
10934,28,2026-08-04T09:23:44Z
10935,29,2026-08-04T09:23:47Z
10936,30,2026-08-04T09:23:50Z
10937,31,2026-08-04T09:23:54Z
10938,31,2026-08-04T09:23:57Z
10939,32,2026-08-04T09:24:00Z
10940,34,2026-08-04T09:24:03Z
10941,33,2026-08-04T09:24:06Z
10942,31,2026-08-04T09:24:09Z
10943,34,2026-08-04T09:24:12Z
10944,32,2026-08-04T09:24:16Z
10945,31,2026-08-04T09:24:19Z
10946,31,2026-08-04T09:24:22Z
10947,32,2026-08-04T09:24:25Z
10948,30,2026-08-04T09:24:28Z
10949,29,2026-08-04T09:24:31Z
10950,27,2026-08-04T09:24:34Z
10951,28,2026-08-04T09:24:37Z
10952,31,2026-08-04T09:24:40Z
10953,31,2026-08-04T09:24:43Z
10954,26,2026-08-04T09:24:46Z
10955,27,2026-08-04T09:24:49Z
10956,30,2026-08-04T09:24:52Z
10957,26,2026-08-04T09:24:55Z
10958,30,2026-08-04T09:24:58Z
10959,28,2026-08-04T09:25:01Z
10960,29,2026-08-04T09:25:05Z
10961,30,2026-08-04T09:25:08Z
10962,28,2026-08-04T09:25:12Z
10963,30,2026-08-04T09:25:15Z
10964,32,2026-08-04T09:25:19Z
10965,34,2026-08-04T09:25:23Z
10966,29,2026-08-04T09:25:26Z
10967,32,2026-08-04T09:25:30Z
10968,33,2026-08-04T09:25:33Z
10969,32,2026-08-04T09:25:37Z
10970,37,2026-08-04T09:25:40Z
10971,35,2026-08-04T09:25:44Z
10972,35,2026-08-04T09:25:48Z
10973,38,2026-08-04T09:25:51Z
10974,42,2026-08-04T09:25:55Z
10975,43,2026-08-04T09:25:58Z
10976,41,2026-08-04T09:26:02Z
10977,41,2026-08-04T09:26:05Z
10978,42,2026-08-04T09:26:09Z
10979,44,2026-08-04T09:26:13Z
10980,38,2026-08-04T09:26:16Z
10981,34,2026-08-04T09:26:19Z
10982,34,2026-08-04T09:26:22Z
10983,33,2026-08-04T09:26:25Z
10984,36,2026-08-04T09:26:28Z
10985,36,2026-08-04T09:26:31Z
10986,32,2026-08-04T09:26:34Z
10987,29,2026-08-04T09:26:37Z
10988,33,2026-08-04T09:26:40Z
10989,28,2026-08-04T09:26:44Z
10990,32,2026-08-04T09:26:47Z
10991,31,2026-08-04T09:26:50Z
10992,30,2026-08-04T09:26:53Z
10993,32,2026-08-04T09:26:56Z
10994,32,2026-08-04T09:26:59Z
10995,37,2026-08-04T09:27:02Z
10996,36,2026-08-04T09:27:05Z
10997,34,2026-08-04T09:27:08Z
10998,32,2026-08-04T09:27:11Z
10999,33,2026-08-04T09:27:14Z
11000,37,2026-08-04T09:27:17Z
11001,38,2026-08-04T09:27:20Z
11002,36,2026-08-04T09:27:23Z
11003,36,2026-08-04T09:27:26Z
11004,36,2026-08-04T09:27:29Z
11005,34,2026-08-04T09:27:32Z
11006,37,2026-08-04T09:27:35Z
11007,33,2026-08-04T09:27:38Z
11008,34,2026-08-04T09:27:41Z
11009,31,2026-08-04T09:27:45Z
11010,32,2026-08-04T09:27:47Z
11011,35,2026-08-04T09:27:50Z
11012,33,2026-08-04T09:27:53Z
11013,29,2026-08-04T09:27:55Z
11014,27,2026-08-04T09:27:58Z
11015,30,2026-08-04T09:28:00Z
11016,32,2026-08-04T09:28:03Z
11017,32,2026-08-04T09:28:05Z
11018,28,2026-08-04T09:28:08Z
11019,29,2026-08-04T09:28:12Z
11020,28,2026-08-04T09:28:14Z
11021,26,2026-08-04T09:28:17Z
11022,30,2026-08-04T09:28:19Z
11023,27,2026-08-04T09:28:22Z
11024,26,2026-08-04T09:28:25Z
11025,27,2026-08-04T09:28:27Z
11026,24,2026-08-04T09:28:29Z
11027,28,2026-08-04T09:28:31Z
11028,25,2026-08-04T09:28:33Z
11029,24,2026-08-04T09:28:36Z
11030,24,2026-08-04T09:28:38Z
11031,23,2026-08-04T09:28:40Z
11032,22,2026-08-04T09:28:43Z
11033,25,2026-08-04T09:28:45Z
11034,24,2026-08-04T09:28:47Z
11035,23,2026-08-04T09:28:50Z
11036,23,2026-08-04T09:28:52Z
11037,23,2026-08-04T09:28:54Z
11038,25,2026-08-04T09:28:56Z
11039,21,2026-08-04T09:28:59Z
11040,24,2026-08-04T09:29:01Z
11041,24,2026-08-04T09:29:03Z
11042,22,2026-08-04T09:29:05Z
11043,24,2026-08-04T09:29:08Z
11044,21,2026-08-04T09:29:10Z
11045,22,2026-08-04T09:29:12Z
11046,22,2026-08-04T09:29:14Z
11047,21,2026-08-04T09:29:17Z
11048,21,2026-08-04T09:29:19Z
11049,23,2026-08-04T09:29:20Z
11050,20,2026-08-04T09:29:22Z
11051,22,2026-08-04T09:29:24Z
11052,21,2026-08-04T09:29:26Z
11053,19,2026-08-04T09:29:28Z
11054,22,2026-08-04T09:29:30Z
11055,24,2026-08-04T09:29:32Z
11056,23,2026-08-04T09:29:35Z
11057,22,2026-08-04T09:29:37Z
11058,24,2026-08-04T09:29:40Z
11059,26,2026-08-04T09:29:42Z
11060,28,2026-08-04T09:29:44Z
11061,26,2026-08-04T09:29:47Z
11062,24,2026-08-04T09:29:49Z
11063,24,2026-08-04T09:29:52Z
11064,22,2026-08-04T09:29:54Z
11065,21,2026-08-04T09:29:55Z
11066,19,2026-08-04T09:29:57Z
11067,19,2026-08-04T09:29:59Z
11068,17,2026-08-04T09:30:00Z
11069,19,2026-08-04T09:30:02Z
11070,20,2026-08-04T09:30:04Z
11071,18,2026-08-04T09:30:07Z
11072,15,2026-08-04T09:30:09Z
11073,15,2026-08-04T09:30:10Z
11074,15,2026-08-04T09:30:12Z
11075,18,2026-08-04T09:30:14Z
11076,17,2026-08-04T09:30:16Z
11077,18,2026-08-04T09:30:18Z
11078,19,2026-08-04T09:30:21Z
11079,17,2026-08-04T09:30:23Z
11080,19,2026-08-04T09:30:26Z
11081,19,2026-08-04T09:30:29Z
11082,20,2026-08-04T09:30:32Z
11083,21,2026-08-04T09:30:34Z
11084,20,2026-08-04T09:30:37Z
11085,20,2026-08-04T09:30:40Z
11086,21,2026-08-04T09:30:43Z
11087,21,2026-08-04T09:30:45Z
11088,22,2026-08-04T09:30:48Z
11089,24,2026-08-04T09:30:51Z
11090,25,2026-08-04T09:30:54Z
11091,25,2026-08-04T09:30:56Z
11092,27,2026-08-04T09:30:59Z
11093,28,2026-08-04T09:31:02Z
11094,26,2026-08-04T09:31:05Z
11095,28,2026-08-04T09:31:07Z
11096,26,2026-08-04T09:31:10Z
11097,26,2026-08-04T09:31:13Z
11098,27,2026-08-04T09:31:16Z
11099,30,2026-08-04T09:31:18Z
11100,31,2026-08-04T09:31:21Z
11101,26,2026-08-04T09:31:24Z
11102,29,2026-08-04T09:31:27Z
11103,29,2026-08-04T09:31:30Z
11104,29,2026-08-04T09:31:33Z
11105,29,2026-08-04T09:31:36Z
11106,28,2026-08-04T09:31:39Z
11107,29,2026-08-04T09:31:42Z
11108,29,2026-08-04T09:31:46Z
11109,29,2026-08-04T09:31:50Z
11110,30,2026-08-04T09:31:53Z
11111,28,2026-08-04T09:31:56Z
11112,32,2026-08-04T09:31:59Z
11113,36,2026-08-04T09:32:02Z
11114,37,2026-08-04T09:32:04Z
11115,34,2026-08-04T09:32:07Z
11116,28,2026-08-04T09:32:10Z
11117,31,2026-08-04T09:32:13Z
11118,29,2026-08-04T09:32:17Z
11119,30,2026-08-04T09:32:20Z
11120,30,2026-08-04T09:32:24Z
11121,29,2026-08-04T09:32:28Z
11122,33,2026-08-04T09:32:31Z
11123,36,2026-08-04T09:32:35Z
11124,36,2026-08-04T09:32:38Z
11125,34,2026-08-04T09:32:42Z
11126,33,2026-08-04T09:32:46Z
11127,38,2026-08-04T09:32:49Z
11128,39,2026-08-04T09:32:53Z
11129,38,2026-08-04T09:32:57Z
11130,38,2026-08-04T09:33:01Z
11131,37,2026-08-04T09:33:04Z
11132,40,2026-08-04T09:33:08Z
11133,41,2026-08-04T09:33:12Z
11134,43,2026-08-04T09:33:15Z
11135,44,2026-08-04T09:33:19Z
11136,41,2026-08-04T09:33:23Z
11137,41,2026-08-04T09:33:27Z
11138,39,2026-08-04T09:33:30Z
11139,41,2026-08-04T09:33:34Z
11140,41,2026-08-04T09:33:38Z
11141,40,2026-08-04T09:33:42Z
11142,43,2026-08-04T09:33:45Z
11143,42,2026-08-04T09:33:49Z
11144,45,2026-08-04T09:33:53Z
11145,42,2026-08-04T09:33:56Z
11146,41,2026-08-04T09:34:00Z
11147,43,2026-08-04T09:34:04Z
11148,39,2026-08-04T09:34:08Z
11149,45,2026-08-04T09:34:11Z
11150,43,2026-08-04T09:34:15Z
11151,46,2026-08-04T09:34:18Z
11152,47,2026-08-04T09:34:21Z
11153,43,2026-08-04T09:34:23Z
11154,47,2026-08-04T09:34:29Z
11155,41,2026-08-04T09:34:33Z
11156,40,2026-08-04T09:34:37Z
11157,41,2026-08-04T09:34:40Z
11158,39,2026-08-04T09:34:44Z
11159,45,2026-08-04T09:34:48Z
11160,43,2026-08-04T09:34:52Z
11161,44,2026-08-04T09:34:56Z
11162,41,2026-08-04T09:35:00Z
11163,41,2026-08-04T09:35:03Z
11164,45,2026-08-04T09:35:07Z
11165,44,2026-08-04T09:35:11Z
11166,35,2026-08-04T09:35:14Z
11167,37,2026-08-04T09:35:17Z
11168,37,2026-08-04T09:35:21Z
11169,42,2026-08-04T09:35:24Z
11170,39,2026-08-04T09:35:28Z
11171,36,2026-08-04T09:35:31Z
11172,34,2026-08-04T09:35:35Z
11173,34,2026-08-04T09:35:39Z
11174,36,2026-08-04T09:35:42Z
11175,41,2026-08-04T09:35:45Z
11176,37,2026-08-04T09:35:48Z
11177,34,2026-08-04T09:35:51Z
11178,32,2026-08-04T09:35:55Z
11179,33,2026-08-04T09:35:57Z
11180,31,2026-08-04T09:36:00Z
11181,29,2026-08-04T09:36:03Z
11182,30,2026-08-04T09:36:06Z
11183,32,2026-08-04T09:36:09Z
11184,32,2026-08-04T09:36:12Z
11185,33,2026-08-04T09:36:15Z
11186,33,2026-08-04T09:36:18Z
11187,28,2026-08-04T09:36:21Z
11188,32,2026-08-04T09:36:24Z
11189,30,2026-08-04T09:36:27Z
11190,31,2026-08-04T09:36:30Z
11191,31,2026-08-04T09:36:33Z
11192,32,2026-08-04T09:36:36Z
11193,35,2026-08-04T09:36:39Z
11194,34,2026-08-04T09:36:42Z
11195,34,2026-08-04T09:36:45Z
11196,34,2026-08-04T09:36:48Z
11197,32,2026-08-04T09:36:51Z
11198,33,2026-08-04T09:36:54Z
11199,33,2026-08-04T09:36:58Z
11200,29,2026-08-04T09:37:00Z
11201,27,2026-08-04T09:37:02Z
11202,27,2026-08-04T09:37:05Z
11203,26,2026-08-04T09:37:07Z
11204,23,2026-08-04T09:37:09Z
11205,22,2026-08-04T09:37:12Z
11206,22,2026-08-04T09:37:14Z
11207,22,2026-08-04T09:37:17Z
11208,26,2026-08-04T09:37:19Z
11209,25,2026-08-04T09:37:21Z
11210,24,2026-08-04T09:37:24Z
11211,22,2026-08-04T09:37:26Z
11212,21,2026-08-04T09:37:28Z
11213,21,2026-08-04T09:37:31Z
11214,22,2026-08-04T09:37:33Z
11215,23,2026-08-04T09:37:35Z
11216,24,2026-08-04T09:37:38Z
11217,24,2026-08-04T09:37:40Z
11218,21,2026-08-04T09:37:42Z
11219,22,2026-08-04T09:37:45Z
11220,22,2026-08-04T09:37:47Z
11221,21,2026-08-04T09:37:50Z
11222,22,2026-08-04T09:37:52Z
11223,19,2026-08-04T09:37:54Z
11224,19,2026-08-04T09:37:57Z
11225,18,2026-08-04T09:37:59Z
11226,18,2026-08-04T09:38:01Z
11227,17,2026-08-04T09:38:04Z
11228,16,2026-08-04T09:38:07Z
11229,18,2026-08-04T09:38:09Z
11230,15,2026-08-04T09:38:11Z
11231,16,2026-08-04T09:38:13Z
11232,16,2026-08-04T09:38:16Z
11233,16,2026-08-04T09:38:18Z
11234,18,2026-08-04T09:38:20Z
11235,17,2026-08-04T09:38:22Z
11236,21,2026-08-04T09:38:24Z
11237,19,2026-08-04T09:38:26Z
11238,17,2026-08-04T09:38:28Z
11239,17,2026-08-04T09:38:30Z
11240,18,2026-08-04T09:38:33Z
11241,20,2026-08-04T09:38:35Z
11242,19,2026-08-04T09:38:37Z
11243,20,2026-08-04T09:38:39Z
11244,21,2026-08-04T09:38:41Z
11245,22,2026-08-04T09:38:43Z
11246,22,2026-08-04T09:38:45Z
11247,22,2026-08-04T09:38:47Z
11248,21,2026-08-04T09:38:50Z
11249,22,2026-08-04T09:38:52Z
11250,23,2026-08-04T09:38:55Z
11251,24,2026-08-04T09:38:57Z
11252,25,2026-08-04T09:39:00Z
11253,22,2026-08-04T09:39:02Z
11254,24,2026-08-04T09:39:05Z
11255,23,2026-08-04T09:39:08Z
11256,24,2026-08-04T09:39:10Z
11257,25,2026-08-04T09:39:13Z
11258,22,2026-08-04T09:39:15Z
11259,27,2026-08-04T09:39:18Z
11260,25,2026-08-04T09:39:21Z
11261,28,2026-08-04T09:39:23Z
11262,27,2026-08-04T09:39:26Z
11263,25,2026-08-04T09:39:28Z
11264,28,2026-08-04T09:39:31Z
11265,27,2026-08-04T09:39:33Z
11266,26,2026-08-04T09:39:36Z
11267,26,2026-08-04T09:39:39Z
11268,24,2026-08-04T09:39:42Z
11269,25,2026-08-04T09:39:45Z
11270,23,2026-08-04T09:39:47Z
11271,23,2026-08-04T09:39:50Z
11272,26,2026-08-04T09:39:52Z
11273,27,2026-08-04T09:39:55Z
11274,27,2026-08-04T09:39:58Z
11275,28,2026-08-04T09:40:00Z
11276,27,2026-08-04T09:40:03Z
11277,27,2026-08-04T09:40:06Z
11278,26,2026-08-04T09:40:08Z
11279,28,2026-08-04T09:40:11Z
11280,28,2026-08-04T09:40:14Z
11281,28,2026-08-04T09:40:16Z
11282,25,2026-08-04T09:40:19Z
11283,26,2026-08-04T09:40:21Z
11284,27,2026-08-04T09:40:24Z
11285,25,2026-08-04T09:40:26Z
11286,28,2026-08-04T09:40:29Z
11287,26,2026-08-04T09:40:32Z
11288,25,2026-08-04T09:40:35Z
11289,26,2026-08-04T09:40:38Z
11290,22,2026-08-04T09:40:41Z
11291,23,2026-08-04T09:40:44Z
11292,22,2026-08-04T09:40:46Z
11293,23,2026-08-04T09:40:49Z
11294,25,2026-08-04T09:40:52Z
11295,25,2026-08-04T09:40:55Z
11296,24,2026-08-04T09:40:58Z
11297,25,2026-08-04T09:41:00Z
11298,25,2026-08-04T09:41:03Z
11299,28,2026-08-04T09:41:06Z
11300,30,2026-08-04T09:41:09Z
11301,28,2026-08-04T09:41:12Z
11302,30,2026-08-04T09:41:15Z
11303,31,2026-08-04T09:41:17Z
11304,33,2026-08-04T09:41:20Z
11305,31,2026-08-04T09:41:23Z
11306,30,2026-08-04T09:41:26Z
11307,28,2026-08-04T09:41:29Z
11308,31,2026-08-04T09:41:32Z
11309,32,2026-08-04T09:41:36Z
11310,32,2026-08-04T09:41:39Z
11311,30,2026-08-04T09:41:42Z
11312,30,2026-08-04T09:41:45Z
11313,29,2026-08-04T09:41:48Z
11314,30,2026-08-04T09:41:52Z
11315,31,2026-08-04T09:41:55Z
11316,32,2026-08-04T09:41:58Z
11317,31,2026-08-04T09:42:01Z
11318,31,2026-08-04T09:42:05Z
11319,35,2026-08-04T09:42:08Z
11320,34,2026-08-04T09:42:11Z
11321,33,2026-08-04T09:42:15Z
11322,30,2026-08-04T09:42:18Z
11323,28,2026-08-04T09:42:21Z
11324,31,2026-08-04T09:42:25Z
11325,30,2026-08-04T09:42:28Z
11326,31,2026-08-04T09:42:31Z
11327,30,2026-08-04T09:42:34Z
11328,31,2026-08-04T09:42:38Z
11329,34,2026-08-04T09:42:41Z
11330,33,2026-08-04T09:42:44Z
11331,34,2026-08-04T09:42:48Z
11332,34,2026-08-04T09:42:51Z
11333,34,2026-08-04T09:42:54Z
11334,38,2026-08-04T09:42:57Z
11335,37,2026-08-04T09:43:00Z
11336,38,2026-08-04T09:43:03Z
11337,34,2026-08-04T09:43:06Z
11338,33,2026-08-04T09:43:10Z
11339,36,2026-08-04T09:43:13Z
11340,29,2026-08-04T09:43:16Z
11341,33,2026-08-04T09:43:19Z
11342,30,2026-08-04T09:43:23Z
11343,34,2026-08-04T09:43:26Z
11344,36,2026-08-04T09:43:29Z
11345,35,2026-08-04T09:43:33Z
11346,33,2026-08-04T09:43:36Z
11347,31,2026-08-04T09:43:39Z
11348,35,2026-08-04T09:43:42Z
11349,38,2026-08-04T09:43:46Z
11350,34,2026-08-04T09:43:49Z
11351,31,2026-08-04T09:43:52Z
11352,30,2026-08-04T09:43:55Z
11353,31,2026-08-04T09:43:59Z
11354,36,2026-08-04T09:44:02Z
11355,31,2026-08-04T09:44:05Z
11356,28,2026-08-04T09:44:09Z
11357,28,2026-08-04T09:44:12Z
11358,28,2026-08-04T09:44:15Z
11359,31,2026-08-04T09:44:18Z
11360,26,2026-08-04T09:44:20Z
11361,28,2026-08-04T09:44:23Z
11362,26,2026-08-04T09:44:26Z
11363,25,2026-08-04T09:44:29Z
11364,25,2026-08-04T09:44:32Z
11365,21,2026-08-04T09:44:34Z
11366,21,2026-08-04T09:44:37Z
11367,17,2026-08-04T09:44:39Z
11368,19,2026-08-04T09:44:41Z
11369,21,2026-08-04T09:44:44Z
11370,20,2026-08-04T09:44:46Z
11371,20,2026-08-04T09:44:48Z
11372,17,2026-08-04T09:44:51Z
11373,20,2026-08-04T09:44:53Z
11374,20,2026-08-04T09:44:55Z
11375,17,2026-08-04T09:44:57Z
11376,17,2026-08-04T09:44:59Z
11377,19,2026-08-04T09:45:02Z
11378,18,2026-08-04T09:45:04Z
11379,19,2026-08-04T09:45:06Z
11380,17,2026-08-04T09:45:08Z
11381,16,2026-08-04T09:45:10Z
11382,18,2026-08-04T09:45:12Z
11383,18,2026-08-04T09:45:15Z
11384,18,2026-08-04T09:45:17Z
11385,15,2026-08-04T09:45:19Z
11386,16,2026-08-04T09:45:21Z
11387,17,2026-08-04T09:45:23Z
11388,20,2026-08-04T09:45:25Z
11389,18,2026-08-04T09:45:28Z
11390,18,2026-08-04T09:45:31Z
11391,17,2026-08-04T09:45:33Z
11392,16,2026-08-04T09:45:36Z
11393,20,2026-08-04T09:45:38Z
11394,21,2026-08-04T09:45:41Z
11395,24,2026-08-04T09:45:44Z
11396,24,2026-08-04T09:45:46Z
11397,22,2026-08-04T09:45:49Z
11398,26,2026-08-04T09:45:51Z
11399,27,2026-08-04T09:45:54Z
11400,25,2026-08-04T09:45:57Z
11401,23,2026-08-04T09:45:59Z
11402,23,2026-08-04T09:46:02Z
11403,23,2026-08-04T09:46:05Z
11404,23,2026-08-04T09:46:07Z
11405,25,2026-08-04T09:46:10Z
11406,20,2026-08-04T09:46:13Z
11407,21,2026-08-04T09:46:16Z
11408,22,2026-08-04T09:46:19Z
11409,24,2026-08-04T09:46:22Z
11410,22,2026-08-04T09:46:24Z
11411,22,2026-08-04T09:46:27Z
11412,22,2026-08-04T09:46:30Z
11413,24,2026-08-04T09:46:33Z
11414,24,2026-08-04T09:46:36Z
11415,23,2026-08-04T09:46:39Z
11416,22,2026-08-04T09:46:41Z
11417,22,2026-08-04T09:46:44Z
11418,26,2026-08-04T09:46:47Z
11419,26,2026-08-04T09:46:50Z
11420,26,2026-08-04T09:46:53Z
11421,27,2026-08-04T09:46:56Z
11422,28,2026-08-04T09:46:58Z
11423,31,2026-08-04T09:47:01Z
11424,27,2026-08-04T09:47:04Z
11425,28,2026-08-04T09:47:08Z
11426,27,2026-08-04T09:47:12Z
11427,24,2026-08-04T09:47:13Z
11428,26,2026-08-04T09:47:16Z
11429,24,2026-08-04T09:47:18Z
11430,24,2026-08-04T09:47:21Z
11431,23,2026-08-04T09:47:23Z
11432,24,2026-08-04T09:47:26Z
11433,27,2026-08-04T09:47:29Z
11434,25,2026-08-04T09:47:31Z
11435,26,2026-08-04T09:47:34Z
11436,26,2026-08-04T09:47:37Z
11437,24,2026-08-04T09:47:40Z
11438,27,2026-08-04T09:47:43Z
11439,28,2026-08-04T09:47:45Z
11440,29,2026-08-04T09:47:48Z
11441,30,2026-08-04T09:47:52Z
11442,32,2026-08-04T09:47:55Z
11443,33,2026-08-04T09:47:58Z
11444,30,2026-08-04T09:48:02Z
11445,30,2026-08-04T09:48:05Z
11446,30,2026-08-04T09:48:08Z
11447,31,2026-08-04T09:48:12Z
11448,34,2026-08-04T09:48:15Z
11449,30,2026-08-04T09:48:19Z
11450,31,2026-08-04T09:48:22Z
11451,32,2026-08-04T09:48:25Z
11452,33,2026-08-04T09:48:29Z
11453,33,2026-08-04T09:48:32Z
11454,33,2026-08-04T09:48:35Z
11455,31,2026-08-04T09:48:39Z
11456,33,2026-08-04T09:48:42Z
11457,34,2026-08-04T09:48:45Z
11458,34,2026-08-04T09:48:49Z
11459,30,2026-08-04T09:48:52Z
11460,30,2026-08-04T09:48:56Z
11461,34,2026-08-04T09:48:59Z
11462,32,2026-08-04T09:49:02Z
11463,34,2026-08-04T09:49:06Z
11464,31,2026-08-04T09:49:09Z
11465,29,2026-08-04T09:49:12Z
11466,28,2026-08-04T09:49:16Z
11467,28,2026-08-04T09:49:19Z
11468,30,2026-08-04T09:49:22Z
11469,32,2026-08-04T09:49:26Z
11470,29,2026-08-04T09:49:29Z
11471,29,2026-08-04T09:49:33Z
11472,30,2026-08-04T09:49:36Z
11473,25,2026-08-04T09:49:39Z
11474,23,2026-08-04T09:49:41Z
11475,24,2026-08-04T09:49:44Z
11476,29,2026-08-04T09:49:46Z
11477,27,2026-08-04T09:49:48Z
11478,24,2026-08-04T09:49:50Z
11479,24,2026-08-04T09:49:52Z
11480,23,2026-08-04T09:49:55Z
11481,26,2026-08-04T09:49:57Z
11482,24,2026-08-04T09:49:59Z
11483,21,2026-08-04T09:50:01Z
11484,21,2026-08-04T09:50:03Z
11485,22,2026-08-04T09:50:06Z
11486,24,2026-08-04T09:50:08Z
11487,23,2026-08-04T09:50:10Z
11488,23,2026-08-04T09:50:12Z
11489,20,2026-08-04T09:50:14Z
11490,19,2026-08-04T09:50:17Z
11491,21,2026-08-04T09:50:19Z
11492,22,2026-08-04T09:50:21Z
11493,23,2026-08-04T09:50:24Z
11494,24,2026-08-04T09:50:26Z
11495,25,2026-08-04T09:50:28Z
11496,25,2026-08-04T09:50:31Z
11497,26,2026-08-04T09:50:33Z
11498,25,2026-08-04T09:50:35Z
11499,23,2026-08-04T09:50:38Z
11500,23,2026-08-04T09:50:40Z
11501,24,2026-08-04T09:50:42Z
11502,24,2026-08-04T09:50:45Z
11503,25,2026-08-04T09:50:47Z
11504,22,2026-08-04T09:50:49Z
11505,23,2026-08-04T09:50:52Z
11506,24,2026-08-04T09:50:54Z
11507,26,2026-08-04T09:50:57Z
11508,28,2026-08-04T09:50:59Z
11509,25,2026-08-04T09:51:01Z
11510,25,2026-08-04T09:51:04Z
11511,29,2026-08-04T09:51:06Z
11512,27,2026-08-04T09:51:08Z
11513,27,2026-08-04T09:51:11Z
11514,26,2026-08-04T09:51:13Z
11515,28,2026-08-04T09:51:16Z
11516,26,2026-08-04T09:51:18Z
11517,25,2026-08-04T09:51:20Z
11518,27,2026-08-04T09:51:23Z
11519,24,2026-08-04T09:51:25Z
11520,24,2026-08-04T09:51:27Z
11521,23,2026-08-04T09:51:30Z
11522,25,2026-08-04T09:51:32Z
11523,25,2026-08-04T09:51:34Z
11524,24,2026-08-04T09:51:37Z
11525,23,2026-08-04T09:51:39Z
11526,22,2026-08-04T09:51:42Z
11527,24,2026-08-04T09:51:44Z
11528,22,2026-08-04T09:51:46Z
11529,23,2026-08-04T09:51:49Z
11530,23,2026-08-04T09:51:51Z
11531,24,2026-08-04T09:51:54Z
11532,26,2026-08-04T09:51:56Z
11533,27,2026-08-04T09:51:59Z
11534,26,2026-08-04T09:52:01Z
11535,25,2026-08-04T09:52:04Z
11536,25,2026-08-04T09:52:06Z
11537,28,2026-08-04T09:52:08Z
11538,26,2026-08-04T09:52:11Z
11539,27,2026-08-04T09:52:13Z
11540,28,2026-08-04T09:52:16Z
11541,26,2026-08-04T09:52:18Z
11542,31,2026-08-04T09:52:21Z
11543,28,2026-08-04T09:52:23Z
11544,27,2026-08-04T09:52:25Z
11545,28,2026-08-04T09:52:28Z
11546,27,2026-08-04T09:52:30Z
11547,27,2026-08-04T09:52:33Z
11548,26,2026-08-04T09:52:35Z
11549,26,2026-08-04T09:52:38Z
11550,27,2026-08-04T09:52:40Z
11551,23,2026-08-04T09:52:42Z
11552,27,2026-08-04T09:52:45Z
11553,26,2026-08-04T09:52:47Z
11554,26,2026-08-04T09:52:50Z
11555,27,2026-08-04T09:52:52Z
11556,25,2026-08-04T09:52:55Z
11557,25,2026-08-04T09:52:57Z
11558,26,2026-08-04T09:52:59Z
11559,25,2026-08-04T09:53:02Z
11560,26,2026-08-04T09:53:04Z
11561,23,2026-08-04T09:53:07Z
11562,28,2026-08-04T09:53:09Z
11563,28,2026-08-04T09:53:12Z
11564,27,2026-08-04T09:53:15Z
11565,27,2026-08-04T09:53:17Z
11566,29,2026-08-04T09:53:20Z
11567,30,2026-08-04T09:53:23Z
11568,29,2026-08-04T09:53:25Z
11569,24,2026-08-04T09:53:28Z
11570,26,2026-08-04T09:53:30Z
11571,26,2026-08-04T09:53:33Z
11572,28,2026-08-04T09:53:36Z
11573,27,2026-08-04T09:53:38Z
11574,26,2026-08-04T09:53:41Z
11575,26,2026-08-04T09:53:43Z
11576,24,2026-08-04T09:53:46Z
11577,25,2026-08-04T09:53:49Z
11578,26,2026-08-04T09:53:51Z
11579,23,2026-08-04T09:53:54Z
11580,24,2026-08-04T09:53:57Z
11581,23,2026-08-04T09:53:59Z
11582,26,2026-08-04T09:54:02Z
11583,27,2026-08-04T09:54:04Z
11584,24,2026-08-04T09:54:07Z
11585,24,2026-08-04T09:54:09Z
11586,23,2026-08-04T09:54:12Z
11587,23,2026-08-04T09:54:14Z
11588,24,2026-08-04T09:54:17Z
11589,22,2026-08-04T09:54:19Z
11590,22,2026-08-04T09:54:21Z
11591,22,2026-08-04T09:54:24Z
11592,22,2026-08-04T09:54:26Z
11593,23,2026-08-04T09:54:29Z
11594,21,2026-08-04T09:54:31Z
11595,20,2026-08-04T09:54:33Z
11596,21,2026-08-04T09:54:36Z
11597,22,2026-08-04T09:54:38Z
11598,25,2026-08-04T09:54:40Z
11599,25,2026-08-04T09:54:43Z
11600,23,2026-08-04T09:54:45Z
11601,25,2026-08-04T09:54:48Z
11602,25,2026-08-04T09:54:50Z
11603,26,2026-08-04T09:54:52Z
11604,25,2026-08-04T09:54:55Z
11605,23,2026-08-04T09:54:57Z
11606,26,2026-08-04T09:54:59Z
11607,24,2026-08-04T09:55:02Z
11608,25,2026-08-04T09:55:04Z
11609,24,2026-08-04T09:55:07Z
11610,23,2026-08-04T09:55:09Z
11611,22,2026-08-04T09:55:11Z
11612,24,2026-08-04T09:55:14Z
11613,25,2026-08-04T09:55:16Z
11614,23,2026-08-04T09:55:18Z
11615,23,2026-08-04T09:55:20Z
11616,25,2026-08-04T09:55:22Z
11617,27,2026-08-04T09:55:25Z
11618,26,2026-08-04T09:55:27Z
11619,25,2026-08-04T09:55:30Z
11620,23,2026-08-04T09:55:33Z
11621,25,2026-08-04T09:55:36Z
11622,27,2026-08-04T09:55:38Z
11623,28,2026-08-04T09:55:41Z
11624,25,2026-08-04T09:55:44Z
11625,24,2026-08-04T09:55:47Z
11626,25,2026-08-04T09:55:49Z
11627,29,2026-08-04T09:55:52Z
11628,27,2026-08-04T09:55:55Z
11629,28,2026-08-04T09:55:58Z
11630,28,2026-08-04T09:56:00Z
11631,26,2026-08-04T09:56:03Z
11632,27,2026-08-04T09:56:06Z
11633,25,2026-08-04T09:56:09Z
11634,25,2026-08-04T09:56:11Z
11635,27,2026-08-04T09:56:14Z
11636,29,2026-08-04T09:56:17Z
11637,31,2026-08-04T09:56:20Z
11638,27,2026-08-04T09:56:23Z
11639,27,2026-08-04T09:56:26Z
11640,28,2026-08-04T09:56:29Z
11641,29,2026-08-04T09:56:32Z
11642,30,2026-08-04T09:56:35Z
11643,28,2026-08-04T09:56:38Z
11644,26,2026-08-04T09:56:41Z
11645,28,2026-08-04T09:56:44Z
11646,26,2026-08-04T09:56:47Z
11647,28,2026-08-04T09:56:50Z
11648,25,2026-08-04T09:56:53Z
11649,25,2026-08-04T09:56:56Z
11650,26,2026-08-04T09:56:59Z
11651,23,2026-08-04T09:57:02Z
11652,27,2026-08-04T09:57:05Z
11653,27,2026-08-04T09:57:08Z
11654,24,2026-08-04T09:57:11Z
11655,25,2026-08-04T09:57:15Z
11656,22,2026-08-04T09:57:18Z
11657,26,2026-08-04T09:57:21Z
11658,23,2026-08-04T09:57:24Z
11659,21,2026-08-04T09:57:27Z
11660,24,2026-08-04T09:57:30Z
11661,24,2026-08-04T09:57:33Z
11662,26,2026-08-04T09:57:35Z
11663,24,2026-08-04T09:57:38Z
11664,25,2026-08-04T09:57:41Z
11665,26,2026-08-04T09:57:44Z
11666,27,2026-08-04T09:57:47Z
11667,27,2026-08-04T09:57:50Z
11668,29,2026-08-04T09:57:53Z
11669,24,2026-08-04T09:57:56Z
11670,25,2026-08-04T09:57:59Z
11671,23,2026-08-04T09:58:02Z
11672,24,2026-08-04T09:58:05Z
11673,20,2026-08-04T09:58:08Z
11674,18,2026-08-04T09:58:11Z
11675,16,2026-08-04T09:58:13Z
11676,17,2026-08-04T09:58:16Z
11677,14,2026-08-04T09:58:18Z
11678,19,2026-08-04T09:58:21Z
11679,15,2026-08-04T09:58:23Z
11680,17,2026-08-04T09:58:25Z
11681,16,2026-08-04T09:58:28Z
11682,15,2026-08-04T09:58:30Z
11683,18,2026-08-04T09:58:32Z
11684,16,2026-08-04T09:58:35Z
11685,17,2026-08-04T09:58:37Z
11686,16,2026-08-04T09:58:40Z
11687,17,2026-08-04T09:58:42Z
11688,21,2026-08-04T09:58:44Z
11689,21,2026-08-04T09:58:47Z
11690,24,2026-08-04T09:58:49Z
11691,23,2026-08-04T09:58:52Z
11692,22,2026-08-04T09:58:54Z
11693,25,2026-08-04T09:58:56Z
11694,26,2026-08-04T09:58:59Z
11695,24,2026-08-04T09:59:01Z
11696,22,2026-08-04T09:59:04Z
11697,22,2026-08-04T09:59:07Z
11698,27,2026-08-04T09:59:09Z
11699,24,2026-08-04T09:59:13Z
11700,23,2026-08-04T09:59:16Z
11701,22,2026-08-04T09:59:19Z
11702,21,2026-08-04T09:59:22Z
11703,23,2026-08-04T09:59:25Z
11704,21,2026-08-04T09:59:28Z
11705,23,2026-08-04T09:59:32Z
11706,24,2026-08-04T09:59:35Z
11707,25,2026-08-04T09:59:38Z
11708,28,2026-08-04T09:59:41Z
11709,28,2026-08-04T09:59:44Z
11710,31,2026-08-04T09:59:48Z
11711,28,2026-08-04T09:59:52Z
11712,28,2026-08-04T09:59:56Z
11713,29,2026-08-04T10:00:00Z
11714,31,2026-08-04T10:00:05Z
11715,32,2026-08-04T10:00:09Z
11716,31,2026-08-04T10:00:13Z
11717,29,2026-08-04T10:00:17Z
11718,33,2026-08-04T10:00:22Z
11719,31,2026-08-04T10:00:26Z
11720,32,2026-08-04T10:00:29Z
11721,27,2026-08-04T10:00:33Z
11722,29,2026-08-04T10:00:37Z
11723,35,2026-08-04T10:00:40Z
11724,32,2026-08-04T10:00:44Z
11725,33,2026-08-04T10:00:47Z
11726,32,2026-08-04T10:00:51Z
11727,30,2026-08-04T10:00:54Z
11728,31,2026-08-04T10:00:57Z
11729,29,2026-08-04T10:01:01Z
11730,30,2026-08-04T10:01:04Z
11731,26,2026-08-04T10:01:08Z
11732,27,2026-08-04T10:01:11Z
11733,32,2026-08-04T10:01:14Z
11734,32,2026-08-04T10:01:17Z
11735,31,2026-08-04T10:01:20Z
11736,28,2026-08-04T10:01:24Z
11737,29,2026-08-04T10:01:27Z
11738,29,2026-08-04T10:01:30Z
11739,26,2026-08-04T10:01:34Z
11740,29,2026-08-04T10:01:38Z
11741,26,2026-08-04T10:01:41Z
11742,23,2026-08-04T10:01:43Z
11743,23,2026-08-04T10:01:46Z
11744,25,2026-08-04T10:01:48Z
11745,21,2026-08-04T10:01:51Z
11746,20,2026-08-04T10:01:53Z
11747,22,2026-08-04T10:01:56Z
11748,22,2026-08-04T10:01:59Z
11749,23,2026-08-04T10:02:01Z
11750,24,2026-08-04T10:02:04Z
11751,24,2026-08-04T10:02:08Z
11752,22,2026-08-04T10:02:11Z
11753,25,2026-08-04T10:02:14Z
11754,23,2026-08-04T10:02:17Z
11755,26,2026-08-04T10:02:20Z
11756,25,2026-08-04T10:02:23Z
11757,25,2026-08-04T10:02:26Z
11758,26,2026-08-04T10:02:30Z
11759,29,2026-08-04T10:02:33Z
11760,29,2026-08-04T10:02:36Z
11761,27,2026-08-04T10:02:39Z
11762,27,2026-08-04T10:02:42Z
11763,26,2026-08-04T10:02:45Z
11764,24,2026-08-04T10:02:48Z
11765,26,2026-08-04T10:02:52Z
11766,26,2026-08-04T10:02:55Z
11767,27,2026-08-04T10:02:58Z
11768,27,2026-08-04T10:03:01Z
11769,25,2026-08-04T10:03:04Z
11770,26,2026-08-04T10:03:07Z
11771,26,2026-08-04T10:03:10Z
11772,26,2026-08-04T10:03:13Z
11773,27,2026-08-04T10:03:16Z
11774,25,2026-08-04T10:03:18Z
11775,25,2026-08-04T10:03:21Z
11776,24,2026-08-04T10:03:24Z
11777,26,2026-08-04T10:03:27Z
11778,25,2026-08-04T10:03:30Z
11779,26,2026-08-04T10:03:32Z
11780,25,2026-08-04T10:03:35Z
11781,26,2026-08-04T10:03:38Z
11782,24,2026-08-04T10:03:41Z
11783,25,2026-08-04T10:03:43Z
11784,25,2026-08-04T10:03:47Z
11785,23,2026-08-04T10:03:50Z
11786,23,2026-08-04T10:03:54Z
11787,26,2026-08-04T10:03:57Z
11788,27,2026-08-04T10:04:01Z
11789,27,2026-08-04T10:04:04Z
11790,29,2026-08-04T10:04:08Z
11791,28,2026-08-04T10:04:11Z
11792,32,2026-08-04T10:04:15Z
11793,33,2026-08-04T10:04:18Z
11794,34,2026-08-04T10:04:22Z
11795,33,2026-08-04T10:04:25Z
11796,34,2026-08-04T10:04:29Z
11797,37,2026-08-04T10:04:32Z
11798,37,2026-08-04T10:04:36Z
11799,33,2026-08-04T10:04:39Z
11800,34,2026-08-04T10:04:43Z
11801,31,2026-08-04T10:04:46Z
11802,31,2026-08-04T10:04:49Z
11803,30,2026-08-04T10:04:53Z
11804,28,2026-08-04T10:04:56Z
11805,30,2026-08-04T10:04:59Z
11806,26,2026-08-04T10:05:02Z
11807,29,2026-08-04T10:05:05Z
11808,29,2026-08-04T10:05:08Z
11809,26,2026-08-04T10:05:12Z
11810,27,2026-08-04T10:05:15Z
11811,27,2026-08-04T10:05:18Z
11812,27,2026-08-04T10:05:21Z
11813,25,2026-08-04T10:05:24Z
11814,28,2026-08-04T10:05:27Z
11815,23,2026-08-04T10:05:31Z
11816,24,2026-08-04T10:05:34Z
11817,23,2026-08-04T10:05:37Z
11818,24,2026-08-04T10:05:40Z
11819,26,2026-08-04T10:05:43Z
11820,23,2026-08-04T10:05:46Z
11821,21,2026-08-04T10:05:49Z
11822,21,2026-08-04T10:05:52Z
11823,23,2026-08-04T10:05:54Z
11824,23,2026-08-04T10:05:57Z
11825,23,2026-08-04T10:05:59Z
11826,23,2026-08-04T10:06:02Z
11827,23,2026-08-04T10:06:05Z
11828,26,2026-08-04T10:06:07Z
11829,29,2026-08-04T10:06:10Z
11830,26,2026-08-04T10:06:13Z
11831,24,2026-08-04T10:06:15Z
11832,25,2026-08-04T10:06:18Z
11833,24,2026-08-04T10:06:20Z
11834,23,2026-08-04T10:06:23Z
11835,23,2026-08-04T10:06:26Z
11836,22,2026-08-04T10:06:28Z
11837,23,2026-08-04T10:06:31Z
11838,25,2026-08-04T10:06:33Z
11839,24,2026-08-04T10:06:36Z
11840,21,2026-08-04T10:06:38Z
11841,21,2026-08-04T10:06:41Z
11842,22,2026-08-04T10:06:44Z
11843,22,2026-08-04T10:06:46Z
11844,21,2026-08-04T10:06:49Z
11845,21,2026-08-04T10:06:51Z
11846,19,2026-08-04T10:06:54Z
11847,19,2026-08-04T10:06:56Z
11848,22,2026-08-04T10:06:59Z
11849,22,2026-08-04T10:07:02Z
11850,21,2026-08-04T10:07:04Z
11851,19,2026-08-04T10:07:07Z
11852,22,2026-08-04T10:07:09Z
11853,23,2026-08-04T10:07:12Z
11854,23,2026-08-04T10:07:14Z
11855,23,2026-08-04T10:07:17Z
11856,22,2026-08-04T10:07:20Z
11857,25,2026-08-04T10:07:22Z
11858,27,2026-08-04T10:07:25Z
11859,23,2026-08-04T10:07:26Z
11860,23,2026-08-04T10:07:28Z
11861,21,2026-08-04T10:07:31Z
11862,21,2026-08-04T10:07:33Z
11863,20,2026-08-04T10:07:35Z
11864,18,2026-08-04T10:07:38Z
11865,19,2026-08-04T10:07:40Z
11866,19,2026-08-04T10:07:43Z
11867,20,2026-08-04T10:07:43Z
11868,18,2026-08-04T10:07:45Z
11869,20,2026-08-04T10:07:47Z
11870,19,2026-08-04T10:07:50Z
11871,19,2026-08-04T10:07:52Z
11872,19,2026-08-04T10:07:54Z
11873,21,2026-08-04T10:07:56Z
11874,20,2026-08-04T10:07:58Z
11875,19,2026-08-04T10:08:00Z
11876,20,2026-08-04T10:08:03Z
11877,18,2026-08-04T10:08:05Z
11878,16,2026-08-04T10:08:07Z
11879,15,2026-08-04T10:08:09Z
11880,15,2026-08-04T10:08:11Z
11881,17,2026-08-04T10:08:14Z
11882,18,2026-08-04T10:08:16Z
11883,20,2026-08-04T10:08:18Z
11884,20,2026-08-04T10:08:20Z
11885,19,2026-08-04T10:08:22Z
11886,21,2026-08-04T10:08:25Z
11887,21,2026-08-04T10:08:27Z
11888,21,2026-08-04T10:08:29Z
11889,22,2026-08-04T10:08:31Z
11890,24,2026-08-04T10:08:33Z
11891,23,2026-08-04T10:08:35Z
11892,23,2026-08-04T10:08:38Z
11893,22,2026-08-04T10:08:40Z
11894,23,2026-08-04T10:08:42Z
11895,24,2026-08-04T10:08:45Z
11896,24,2026-08-04T10:08:46Z
11897,22,2026-08-04T10:08:48Z
11898,21,2026-08-04T10:08:49Z
11899,18,2026-08-04T10:08:52Z
11900,18,2026-08-04T10:08:55Z
11901,18,2026-08-04T10:08:57Z
11902,20,2026-08-04T10:09:00Z
11903,23,2026-08-04T10:09:03Z
11904,21,2026-08-04T10:09:05Z
11905,22,2026-08-04T10:09:08Z
11906,24,2026-08-04T10:09:11Z
11907,23,2026-08-04T10:09:13Z
11908,25,2026-08-04T10:09:16Z
11909,24,2026-08-04T10:09:19Z
11910,26,2026-08-04T10:09:22Z
11911,26,2026-08-04T10:09:24Z
11912,28,2026-08-04T10:09:27Z
11913,31,2026-08-04T10:09:30Z
11914,31,2026-08-04T10:09:32Z
11915,32,2026-08-04T10:09:35Z
11916,29,2026-08-04T10:09:38Z
11917,29,2026-08-04T10:09:40Z
11918,32,2026-08-04T10:09:43Z
11919,32,2026-08-04T10:09:46Z
11920,32,2026-08-04T10:09:49Z
11921,32,2026-08-04T10:09:52Z
11922,34,2026-08-04T10:09:55Z
11923,34,2026-08-04T10:09:58Z
11924,33,2026-08-04T10:10:00Z
11925,29,2026-08-04T10:10:03Z
11926,29,2026-08-04T10:10:06Z
11927,29,2026-08-04T10:10:09Z
11928,30,2026-08-04T10:10:11Z
11929,31,2026-08-04T10:10:14Z
11930,32,2026-08-04T10:10:17Z
11931,31,2026-08-04T10:10:19Z
11932,32,2026-08-04T10:10:22Z
11933,34,2026-08-04T10:10:25Z
11934,33,2026-08-04T10:10:27Z
11935,32,2026-08-04T10:10:30Z
11936,31,2026-08-04T10:10:33Z
11937,32,2026-08-04T10:10:35Z
11938,33,2026-08-04T10:10:38Z
11939,29,2026-08-04T10:10:41Z
11940,31,2026-08-04T10:10:43Z
11941,30,2026-08-04T10:10:45Z
11942,29,2026-08-04T10:10:47Z
11943,26,2026-08-04T10:10:50Z
11944,27,2026-08-04T10:10:52Z
11945,25,2026-08-04T10:10:54Z
11946,23,2026-08-04T10:10:56Z
11947,24,2026-08-04T10:10:58Z
11948,27,2026-08-04T10:11:01Z
11949,28,2026-08-04T10:11:03Z
11950,26,2026-08-04T10:11:05Z
11951,23,2026-08-04T10:11:07Z
11952,25,2026-08-04T10:11:09Z
11953,23,2026-08-04T10:11:12Z
11954,25,2026-08-04T10:11:14Z
11955,21,2026-08-04T10:11:16Z
11956,21,2026-08-04T10:11:18Z
11957,20,2026-08-04T10:11:20Z
11958,21,2026-08-04T10:11:23Z
11959,22,2026-08-04T10:11:25Z
11960,21,2026-08-04T10:11:27Z
11961,18,2026-08-04T10:11:29Z
11962,19,2026-08-04T10:11:31Z
11963,20,2026-08-04T10:11:33Z
11964,24,2026-08-04T10:11:35Z
11965,25,2026-08-04T10:11:37Z
11966,24,2026-08-04T10:11:39Z
11967,25,2026-08-04T10:11:41Z
11968,24,2026-08-04T10:11:44Z
11969,21,2026-08-04T10:11:45Z
11970,21,2026-08-04T10:11:47Z
11971,16,2026-08-04T10:11:49Z
11972,17,2026-08-04T10:11:51Z
11973,15,2026-08-04T10:11:53Z
11974,18,2026-08-04T10:11:55Z
11975,18,2026-08-04T10:11:58Z
11976,20,2026-08-04T10:12:00Z
11977,18,2026-08-04T10:12:02Z
11978,19,2026-08-04T10:12:04Z
11979,20,2026-08-04T10:12:06Z
11980,20,2026-08-04T10:12:08Z
11981,22,2026-08-04T10:12:10Z
11982,19,2026-08-04T10:12:12Z
11983,15,2026-08-04T10:12:14Z
11984,16,2026-08-04T10:12:16Z
11985,14,2026-08-04T10:12:17Z
11986,17,2026-08-04T10:12:19Z
11987,15,2026-08-04T10:12:20Z
11988,15,2026-08-04T10:12:22Z
11989,15,2026-08-04T10:12:24Z
11990,14,2026-08-04T10:12:25Z
11991,12,2026-08-04T10:12:27Z
11992,12,2026-08-04T10:12:29Z
11993,12,2026-08-04T10:12:30Z
11994,14,2026-08-04T10:12:32Z
11995,15,2026-08-04T10:12:34Z
11996,14,2026-08-04T10:12:36Z
11997,13,2026-08-04T10:12:38Z
11998,13,2026-08-04T10:12:40Z
11999,15,2026-08-04T10:12:42Z
12000,14,2026-08-04T10:12:45Z
12001,13,2026-08-04T10:12:47Z
12002,12,2026-08-04T10:12:50Z
12003,11,2026-08-04T10:12:52Z
12004,13,2026-08-04T10:12:54Z
12005,15,2026-08-04T10:12:57Z
12006,16,2026-08-04T10:12:59Z
12007,15,2026-08-04T10:13:01Z
12008,15,2026-08-04T10:13:04Z
12009,16,2026-08-04T10:13:06Z
12010,21,2026-08-04T10:13:09Z
12011,21,2026-08-04T10:13:11Z
12012,20,2026-08-04T10:13:13Z
12013,19,2026-08-04T10:13:16Z
12014,21,2026-08-04T10:13:18Z
12015,23,2026-08-04T10:13:20Z
12016,21,2026-08-04T10:13:23Z
12017,21,2026-08-04T10:13:25Z
12018,22,2026-08-04T10:13:28Z
12019,21,2026-08-04T10:13:30Z
12020,23,2026-08-04T10:13:32Z
12021,23,2026-08-04T10:13:35Z
12022,24,2026-08-04T10:13:37Z
12023,24,2026-08-04T10:13:39Z
12024,25,2026-08-04T10:13:42Z
12025,27,2026-08-04T10:13:44Z
12026,28,2026-08-04T10:13:47Z
12027,28,2026-08-04T10:13:50Z
12028,27,2026-08-04T10:13:53Z
12029,28,2026-08-04T10:13:56Z
12030,29,2026-08-04T10:13:59Z
12031,29,2026-08-04T10:14:02Z
12032,27,2026-08-04T10:14:05Z
12033,27,2026-08-04T10:14:08Z
12034,28,2026-08-04T10:14:11Z
12035,30,2026-08-04T10:14:14Z
12036,28,2026-08-04T10:14:17Z
12037,29,2026-08-04T10:14:20Z
12038,27,2026-08-04T10:14:23Z
12039,31,2026-08-04T10:14:26Z
12040,34,2026-08-04T10:14:29Z
12041,34,2026-08-04T10:14:32Z
12042,31,2026-08-04T10:14:35Z
12043,32,2026-08-04T10:14:38Z
12044,30,2026-08-04T10:14:41Z
12045,33,2026-08-04T10:14:44Z
12046,30,2026-08-04T10:14:47Z
12047,31,2026-08-04T10:14:50Z
12048,31,2026-08-04T10:14:53Z
12049,33,2026-08-04T10:14:55Z
12050,33,2026-08-04T10:14:58Z
12051,29,2026-08-04T10:15:00Z
12052,26,2026-08-04T10:15:03Z
12053,31,2026-08-04T10:15:05Z
12054,31,2026-08-04T10:15:07Z
12055,33,2026-08-04T10:15:10Z
12056,30,2026-08-04T10:15:12Z
12057,32,2026-08-04T10:15:15Z
12058,30,2026-08-04T10:15:17Z
12059,32,2026-08-04T10:15:19Z
12060,34,2026-08-04T10:15:22Z
12061,35,2026-08-04T10:15:24Z
12062,34,2026-08-04T10:15:27Z
12063,26,2026-08-04T10:15:29Z
12064,27,2026-08-04T10:15:32Z
12065,30,2026-08-04T10:15:34Z
12066,28,2026-08-04T10:15:37Z
12067,25,2026-08-04T10:15:39Z
12068,25,2026-08-04T10:15:42Z
12069,28,2026-08-04T10:15:44Z
12070,28,2026-08-04T10:15:47Z
12071,25,2026-08-04T10:15:49Z
12072,25,2026-08-04T10:15:51Z
12073,25,2026-08-04T10:15:53Z
12074,26,2026-08-04T10:15:55Z
12075,26,2026-08-04T10:15:57Z
12076,22,2026-08-04T10:15:59Z
12077,20,2026-08-04T10:16:01Z
12078,20,2026-08-04T10:16:03Z
12079,21,2026-08-04T10:16:05Z
12080,21,2026-08-04T10:16:07Z
12081,23,2026-08-04T10:16:09Z
12082,21,2026-08-04T10:16:10Z
12083,17,2026-08-04T10:16:12Z
12084,22,2026-08-04T10:16:14Z
12085,19,2026-08-04T10:16:16Z
12086,17,2026-08-04T10:16:18Z
12087,19,2026-08-04T10:16:20Z
12088,19,2026-08-04T10:16:22Z
12089,22,2026-08-04T10:16:24Z
12090,22,2026-08-04T10:16:26Z
12091,22,2026-08-04T10:16:28Z
12092,19,2026-08-04T10:16:30Z
12093,20,2026-08-04T10:16:32Z
12094,25,2026-08-04T10:16:34Z
12095,21,2026-08-04T10:16:36Z
12096,18,2026-08-04T10:16:38Z
12097,18,2026-08-04T10:16:40Z
12098,17,2026-08-04T10:16:42Z
12099,19,2026-08-04T10:16:44Z
12100,17,2026-08-04T10:16:46Z
12101,18,2026-08-04T10:16:47Z
12102,16,2026-08-04T10:16:49Z
12103,16,2026-08-04T10:16:51Z
12104,16,2026-08-04T10:16:52Z
12105,16,2026-08-04T10:16:54Z
12106,14,2026-08-04T10:16:56Z
12107,13,2026-08-04T10:16:57Z
12108,12,2026-08-04T10:16:59Z
12109,14,2026-08-04T10:17:01Z
12110,14,2026-08-04T10:17:02Z
12111,14,2026-08-04T10:17:04Z
12112,13,2026-08-04T10:17:06Z
12113,14,2026-08-04T10:17:07Z
12114,13,2026-08-04T10:17:09Z
12115,16,2026-08-04T10:17:10Z
12116,13,2026-08-04T10:17:12Z
12117,12,2026-08-04T10:17:14Z
12118,11,2026-08-04T10:17:15Z
12119,12,2026-08-04T10:17:17Z
12120,13,2026-08-04T10:17:18Z
12121,13,2026-08-04T10:17:20Z
12122,13,2026-08-04T10:17:21Z
12123,12,2026-08-04T10:17:23Z
12124,13,2026-08-04T10:17:25Z
12125,15,2026-08-04T10:17:26Z
12126,14,2026-08-04T10:17:28Z
12127,13,2026-08-04T10:17:29Z
12128,12,2026-08-04T10:17:31Z
12129,14,2026-08-04T10:17:33Z
12130,14,2026-08-04T10:17:34Z
12131,12,2026-08-04T10:17:36Z
12132,12,2026-08-04T10:17:38Z
12133,12,2026-08-04T10:17:39Z
12134,13,2026-08-04T10:17:41Z
12135,14,2026-08-04T10:17:42Z
12136,12,2026-08-04T10:17:44Z
12137,14,2026-08-04T10:17:46Z
12138,15,2026-08-04T10:17:47Z
12139,14,2026-08-04T10:17:49Z
12140,13,2026-08-04T10:17:51Z
12141,14,2026-08-04T10:17:53Z
12142,15,2026-08-04T10:17:55Z
12143,13,2026-08-04T10:17:57Z
12144,13,2026-08-04T10:17:58Z
12145,15,2026-08-04T10:18:00Z
12146,14,2026-08-04T10:18:02Z
12147,14,2026-08-04T10:18:04Z
12148,14,2026-08-04T10:18:06Z
12149,14,2026-08-04T10:18:08Z
12150,13,2026-08-04T10:18:10Z
12151,13,2026-08-04T10:18:12Z
12152,15,2026-08-04T10:18:14Z
12153,16,2026-08-04T10:18:16Z
12154,15,2026-08-04T10:18:18Z
12155,16,2026-08-04T10:18:20Z
12156,17,2026-08-04T10:18:21Z
12157,16,2026-08-04T10:18:23Z
12158,14,2026-08-04T10:18:25Z
12159,14,2026-08-04T10:18:27Z
12160,16,2026-08-04T10:18:29Z
12161,19,2026-08-04T10:18:31Z
12162,18,2026-08-04T10:18:33Z
12163,19,2026-08-04T10:18:35Z
12164,20,2026-08-04T10:18:37Z
12165,21,2026-08-04T10:18:39Z
12166,20,2026-08-04T10:18:41Z
12167,18,2026-08-04T10:18:44Z
12168,19,2026-08-04T10:18:47Z
12169,20,2026-08-04T10:18:49Z
12170,19,2026-08-04T10:18:52Z
12171,17,2026-08-04T10:18:55Z
12172,17,2026-08-04T10:18:58Z
12173,20,2026-08-04T10:19:00Z
12174,22,2026-08-04T10:19:03Z
12175,21,2026-08-04T10:19:06Z
12176,21,2026-08-04T10:19:09Z
12177,23,2026-08-04T10:19:11Z
12178,24,2026-08-04T10:19:14Z
12179,25,2026-08-04T10:19:17Z
12180,24,2026-08-04T10:19:20Z
12181,23,2026-08-04T10:19:23Z
12182,22,2026-08-04T10:19:25Z
12183,22,2026-08-04T10:19:28Z
12184,22,2026-08-04T10:19:31Z
12185,26,2026-08-04T10:19:34Z
12186,25,2026-08-04T10:19:37Z
12187,26,2026-08-04T10:19:39Z
12188,26,2026-08-04T10:19:42Z
12189,28,2026-08-04T10:19:45Z
12190,29,2026-08-04T10:19:47Z
12191,25,2026-08-04T10:19:51Z
12192,25,2026-08-04T10:19:54Z
12193,29,2026-08-04T10:19:58Z
12194,29,2026-08-04T10:20:01Z
12195,29,2026-08-04T10:20:04Z
12196,29,2026-08-04T10:20:07Z
12197,31,2026-08-04T10:20:11Z
12198,34,2026-08-04T10:20:14Z
12199,35,2026-08-04T10:20:17Z
12200,32,2026-08-04T10:20:20Z
12201,36,2026-08-04T10:20:24Z
12202,32,2026-08-04T10:20:27Z
12203,32,2026-08-04T10:20:29Z
12204,30,2026-08-04T10:20:32Z
12205,31,2026-08-04T10:20:35Z
12206,32,2026-08-04T10:20:37Z
12207,30,2026-08-04T10:20:40Z
12208,30,2026-08-04T10:20:42Z
12209,31,2026-08-04T10:20:45Z
12210,28,2026-08-04T10:20:48Z
12211,28,2026-08-04T10:20:50Z
12212,28,2026-08-04T10:20:53Z
12213,27,2026-08-04T10:20:55Z
12214,25,2026-08-04T10:20:58Z
12215,24,2026-08-04T10:21:01Z
12216,25,2026-08-04T10:21:03Z
12217,22,2026-08-04T10:21:06Z
12218,20,2026-08-04T10:21:08Z
12219,22,2026-08-04T10:21:10Z
12220,17,2026-08-04T10:21:12Z
12221,20,2026-08-04T10:21:14Z
12222,20,2026-08-04T10:21:16Z
12223,24,2026-08-04T10:21:18Z
12224,21,2026-08-04T10:21:20Z
12225,21,2026-08-04T10:21:22Z
12226,18,2026-08-04T10:21:24Z
12227,19,2026-08-04T10:21:26Z
12228,20,2026-08-04T10:21:28Z
12229,21,2026-08-04T10:21:30Z
12230,20,2026-08-04T10:21:32Z
12231,20,2026-08-04T10:21:33Z
12232,17,2026-08-04T10:21:35Z
12233,17,2026-08-04T10:21:37Z
12234,16,2026-08-04T10:21:39Z
12235,16,2026-08-04T10:21:41Z
12236,16,2026-08-04T10:21:43Z
12237,19,2026-08-04T10:21:45Z
12238,19,2026-08-04T10:21:47Z
12239,17,2026-08-04T10:21:49Z
12240,14,2026-08-04T10:21:51Z
12241,17,2026-08-04T10:21:53Z
12242,17,2026-08-04T10:21:55Z
12243,20,2026-08-04T10:21:57Z
12244,17,2026-08-04T10:21:59Z
12245,17,2026-08-04T10:22:01Z
12246,16,2026-08-04T10:22:03Z
12247,13,2026-08-04T10:22:04Z
12248,13,2026-08-04T10:22:06Z
12249,17,2026-08-04T10:22:08Z
12250,17,2026-08-04T10:22:10Z
12251,15,2026-08-04T10:22:12Z
12252,16,2026-08-04T10:22:13Z
12253,16,2026-08-04T10:22:15Z
12254,16,2026-08-04T10:22:17Z
12255,15,2026-08-04T10:22:19Z
12256,15,2026-08-04T10:22:21Z
12257,17,2026-08-04T10:22:22Z
12258,15,2026-08-04T10:22:25Z
12259,16,2026-08-04T10:22:27Z
12260,13,2026-08-04T10:22:29Z
12261,15,2026-08-04T10:22:31Z
12262,14,2026-08-04T10:22:33Z
12263,15,2026-08-04T10:22:35Z
12264,19,2026-08-04T10:22:37Z
12265,19,2026-08-04T10:22:39Z
12266,18,2026-08-04T10:22:41Z
12267,17,2026-08-04T10:22:43Z
12268,19,2026-08-04T10:22:45Z
12269,20,2026-08-04T10:22:47Z
12270,18,2026-08-04T10:22:49Z
12271,17,2026-08-04T10:22:51Z
12272,18,2026-08-04T10:22:53Z
12273,21,2026-08-04T10:22:56Z
12274,22,2026-08-04T10:22:58Z
12275,20,2026-08-04T10:23:00Z
12276,20,2026-08-04T10:23:02Z
12277,22,2026-08-04T10:23:04Z
12278,20,2026-08-04T10:23:07Z
12279,21,2026-08-04T10:23:09Z
12280,19,2026-08-04T10:23:11Z
12281,23,2026-08-04T10:23:14Z
12282,22,2026-08-04T10:23:16Z
12283,23,2026-08-04T10:23:19Z
12284,25,2026-08-04T10:23:22Z
12285,26,2026-08-04T10:23:24Z
12286,22,2026-08-04T10:23:27Z
12287,22,2026-08-04T10:23:29Z
12288,24,2026-08-04T10:23:32Z
12289,27,2026-08-04T10:23:34Z
12290,24,2026-08-04T10:23:37Z
12291,25,2026-08-04T10:23:40Z
12292,24,2026-08-04T10:23:42Z
12293,29,2026-08-04T10:23:45Z
12294,27,2026-08-04T10:23:47Z
12295,24,2026-08-04T10:23:50Z
12296,25,2026-08-04T10:23:53Z
12297,27,2026-08-04T10:23:56Z
12298,24,2026-08-04T10:23:58Z
12299,22,2026-08-04T10:24:00Z
12300,23,2026-08-04T10:24:02Z
12301,23,2026-08-04T10:24:05Z
12302,22,2026-08-04T10:24:07Z
12303,20,2026-08-04T10:24:09Z
12304,21,2026-08-04T10:24:11Z
12305,25,2026-08-04T10:24:13Z
12306,25,2026-08-04T10:24:16Z
12307,22,2026-08-04T10:24:18Z
12308,25,2026-08-04T10:24:20Z
12309,27,2026-08-04T10:24:22Z
12310,23,2026-08-04T10:24:24Z
12311,22,2026-08-04T10:24:26Z
12312,24,2026-08-04T10:24:28Z
12313,24,2026-08-04T10:24:30Z
12314,22,2026-08-04T10:24:32Z
12315,22,2026-08-04T10:24:34Z
12316,24,2026-08-04T10:24:36Z
12317,20,2026-08-04T10:24:38Z
12318,20,2026-08-04T10:24:40Z
12319,20,2026-08-04T10:24:42Z
12320,19,2026-08-04T10:24:44Z
12321,20,2026-08-04T10:24:46Z
12322,18,2026-08-04T10:24:48Z
12323,19,2026-08-04T10:24:50Z
12324,20,2026-08-04T10:24:52Z
12325,22,2026-08-04T10:24:54Z
12326,21,2026-08-04T10:24:56Z
12327,18,2026-08-04T10:24:58Z
12328,21,2026-08-04T10:25:00Z
12329,21,2026-08-04T10:25:02Z
12330,20,2026-08-04T10:25:04Z
12331,18,2026-08-04T10:25:06Z
12332,17,2026-08-04T10:25:08Z
12333,21,2026-08-04T10:25:10Z
12334,15,2026-08-04T10:25:12Z
12335,15,2026-08-04T10:25:14Z
12336,18,2026-08-04T10:25:16Z
12337,18,2026-08-04T10:25:18Z
12338,15,2026-08-04T10:25:20Z
12339,14,2026-08-04T10:25:22Z
12340,16,2026-08-04T10:25:24Z
12341,19,2026-08-04T10:25:26Z
12342,16,2026-08-04T10:25:28Z
12343,15,2026-08-04T10:25:30Z
12344,18,2026-08-04T10:25:32Z
12345,18,2026-08-04T10:25:34Z
12346,16,2026-08-04T10:25:36Z
12347,16,2026-08-04T10:25:38Z
12348,16,2026-08-04T10:25:40Z
12349,18,2026-08-04T10:25:42Z
12350,16,2026-08-04T10:25:43Z
12351,14,2026-08-04T10:25:45Z
12352,16,2026-08-04T10:25:47Z
12353,14,2026-08-04T10:25:50Z
12354,13,2026-08-04T10:25:52Z
12355,12,2026-08-04T10:25:54Z
12356,11,2026-08-04T10:25:56Z
12357,11,2026-08-04T10:25:58Z
12358,11,2026-08-04T10:26:00Z
12359,13,2026-08-04T10:26:02Z
12360,12,2026-08-04T10:26:04Z
12361,14,2026-08-04T10:26:06Z
12362,14,2026-08-04T10:26:09Z
12363,14,2026-08-04T10:26:11Z
12364,15,2026-08-04T10:26:13Z
12365,16,2026-08-04T10:26:15Z
12366,18,2026-08-04T10:26:17Z
12367,18,2026-08-04T10:26:19Z
12368,18,2026-08-04T10:26:21Z
12369,19,2026-08-04T10:26:23Z
12370,20,2026-08-04T10:26:26Z
12371,21,2026-08-04T10:26:28Z
12372,21,2026-08-04T10:26:30Z
12373,21,2026-08-04T10:26:32Z
12374,23,2026-08-04T10:26:34Z
12375,23,2026-08-04T10:26:36Z
12376,24,2026-08-04T10:26:38Z
12377,22,2026-08-04T10:26:41Z
12378,22,2026-08-04T10:26:44Z
12379,24,2026-08-04T10:26:47Z
12380,24,2026-08-04T10:26:50Z
12381,25,2026-08-04T10:26:53Z
12382,27,2026-08-04T10:26:56Z
12383,26,2026-08-04T10:26:59Z
12384,26,2026-08-04T10:27:02Z
12385,26,2026-08-04T10:27:05Z
12386,29,2026-08-04T10:27:08Z
12387,30,2026-08-04T10:27:12Z
12388,30,2026-08-04T10:27:15Z
12389,31,2026-08-04T10:27:18Z
12390,30,2026-08-04T10:27:21Z
12391,34,2026-08-04T10:27:24Z
12392,32,2026-08-04T10:27:27Z
12393,34,2026-08-04T10:27:30Z
12394,34,2026-08-04T10:27:33Z
12395,31,2026-08-04T10:27:36Z
12396,32,2026-08-04T10:27:39Z
12397,33,2026-08-04T10:27:42Z
12398,32,2026-08-04T10:27:45Z
12399,32,2026-08-04T10:27:48Z
12400,33,2026-08-04T10:27:51Z
12401,31,2026-08-04T10:27:55Z
12402,34,2026-08-04T10:27:58Z
12403,29,2026-08-04T10:28:01Z
12404,31,2026-08-04T10:28:04Z
12405,30,2026-08-04T10:28:07Z
12406,31,2026-08-04T10:28:10Z
12407,26,2026-08-04T10:28:13Z
12408,21,2026-08-04T10:28:16Z
12409,22,2026-08-04T10:28:19Z
12410,22,2026-08-04T10:28:23Z
12411,20,2026-08-04T10:28:26Z
12412,21,2026-08-04T10:28:29Z
12413,21,2026-08-04T10:28:32Z
12414,22,2026-08-04T10:28:35Z
12415,23,2026-08-04T10:28:38Z
12416,23,2026-08-04T10:28:40Z
12417,24,2026-08-04T10:28:42Z
12418,23,2026-08-04T10:28:44Z
12419,22,2026-08-04T10:28:47Z
12420,21,2026-08-04T10:28:49Z
12421,23,2026-08-04T10:28:51Z
12422,22,2026-08-04T10:28:53Z
12423,22,2026-08-04T10:28:56Z
12424,22,2026-08-04T10:28:58Z
12425,20,2026-08-04T10:29:00Z
12426,20,2026-08-04T10:29:02Z
12427,20,2026-08-04T10:29:05Z
12428,21,2026-08-04T10:29:07Z
12429,21,2026-08-04T10:29:09Z
12430,19,2026-08-04T10:29:11Z
12431,17,2026-08-04T10:29:13Z
12432,18,2026-08-04T10:29:16Z
12433,17,2026-08-04T10:29:18Z
12434,16,2026-08-04T10:29:20Z
12435,17,2026-08-04T10:29:22Z
12436,20,2026-08-04T10:29:25Z
12437,17,2026-08-04T10:29:27Z
12438,17,2026-08-04T10:29:29Z
12439,19,2026-08-04T10:29:31Z
12440,19,2026-08-04T10:29:34Z
12441,17,2026-08-04T10:29:36Z
12442,18,2026-08-04T10:29:38Z
12443,18,2026-08-04T10:29:40Z
12444,20,2026-08-04T10:29:43Z
12445,20,2026-08-04T10:29:45Z
12446,17,2026-08-04T10:29:47Z
12447,15,2026-08-04T10:29:49Z
12448,16,2026-08-04T10:29:52Z
12449,16,2026-08-04T10:29:54Z
12450,17,2026-08-04T10:29:56Z
12451,18,2026-08-04T10:29:58Z
12452,19,2026-08-04T10:30:01Z
12453,18,2026-08-04T10:30:03Z
12454,16,2026-08-04T10:30:05Z
12455,19,2026-08-04T10:30:07Z
12456,18,2026-08-04T10:30:10Z
12457,16,2026-08-04T10:30:12Z
12458,16,2026-08-04T10:30:14Z
12459,18,2026-08-04T10:30:16Z
12460,16,2026-08-04T10:30:19Z
12461,16,2026-08-04T10:30:21Z
12462,16,2026-08-04T10:30:23Z
12463,16,2026-08-04T10:30:25Z
12464,16,2026-08-04T10:30:28Z
12465,15,2026-08-04T10:30:30Z
12466,19,2026-08-04T10:30:32Z
12467,20,2026-08-04T10:30:34Z
12468,18,2026-08-04T10:30:37Z
12469,18,2026-08-04T10:30:39Z
12470,16,2026-08-04T10:30:41Z
12471,19,2026-08-04T10:30:43Z
12472,18,2026-08-04T10:30:45Z
12473,16,2026-08-04T10:30:47Z
12474,17,2026-08-04T10:30:49Z
12475,16,2026-08-04T10:30:51Z
12476,16,2026-08-04T10:30:53Z
12477,18,2026-08-04T10:30:55Z
12478,17,2026-08-04T10:30:58Z
12479,15,2026-08-04T10:30:59Z
12480,14,2026-08-04T10:31:01Z
12481,15,2026-08-04T10:31:03Z
12482,15,2026-08-04T10:31:06Z
12483,16,2026-08-04T10:31:08Z
12484,14,2026-08-04T10:31:10Z
12485,15,2026-08-04T10:31:12Z
12486,16,2026-08-04T10:31:15Z
12487,17,2026-08-04T10:31:17Z
12488,20,2026-08-04T10:31:19Z
12489,21,2026-08-04T10:31:21Z
12490,18,2026-08-04T10:31:24Z
12491,18,2026-08-04T10:31:26Z
12492,19,2026-08-04T10:31:28Z
12493,22,2026-08-04T10:31:30Z
12494,18,2026-08-04T10:31:33Z
12495,20,2026-08-04T10:31:35Z
12496,19,2026-08-04T10:31:37Z
12497,21,2026-08-04T10:31:39Z
12498,18,2026-08-04T10:31:42Z
12499,20,2026-08-04T10:31:44Z
12500,21,2026-08-04T10:31:46Z
12501,24,2026-08-04T10:31:48Z
12502,22,2026-08-04T10:31:51Z
12503,21,2026-08-04T10:31:53Z
12504,23,2026-08-04T10:31:55Z
12505,19,2026-08-04T10:31:57Z
12506,17,2026-08-04T10:31:59Z
12507,17,2026-08-04T10:32:01Z
12508,18,2026-08-04T10:32:03Z
12509,19,2026-08-04T10:32:06Z
12510,22,2026-08-04T10:32:08Z
12511,19,2026-08-04T10:32:10Z
12512,19,2026-08-04T10:32:12Z
12513,19,2026-08-04T10:32:14Z
12514,21,2026-08-04T10:32:16Z
12515,18,2026-08-04T10:32:18Z
12516,19,2026-08-04T10:32:20Z
12517,21,2026-08-04T10:32:22Z
12518,20,2026-08-04T10:32:24Z
12519,17,2026-08-04T10:32:26Z
12520,18,2026-08-04T10:32:29Z
12521,22,2026-08-04T10:32:31Z
12522,20,2026-08-04T10:32:33Z
12523,20,2026-08-04T10:32:35Z
12524,20,2026-08-04T10:32:37Z
12525,21,2026-08-04T10:32:39Z
12526,20,2026-08-04T10:32:41Z
12527,20,2026-08-04T10:32:43Z
12528,22,2026-08-04T10:32:45Z
12529,22,2026-08-04T10:32:47Z
12530,19,2026-08-04T10:32:49Z
12531,19,2026-08-04T10:32:52Z
12532,18,2026-08-04T10:32:54Z
12533,19,2026-08-04T10:32:56Z
12534,19,2026-08-04T10:32:58Z
12535,17,2026-08-04T10:33:00Z
12536,17,2026-08-04T10:33:02Z
12537,17,2026-08-04T10:33:04Z
12538,20,2026-08-04T10:33:06Z
12539,19,2026-08-04T10:33:08Z
12540,18,2026-08-04T10:33:10Z
12541,20,2026-08-04T10:33:12Z
12542,21,2026-08-04T10:33:14Z
12543,18,2026-08-04T10:33:17Z
12544,16,2026-08-04T10:33:19Z
12545,16,2026-08-04T10:33:21Z
12546,18,2026-08-04T10:33:23Z
12547,21,2026-08-04T10:33:25Z
12548,20,2026-08-04T10:33:27Z
12549,20,2026-08-04T10:33:29Z
12550,21,2026-08-04T10:33:32Z
12551,20,2026-08-04T10:33:35Z
12552,19,2026-08-04T10:33:38Z
12553,21,2026-08-04T10:33:41Z
12554,24,2026-08-04T10:33:44Z
12555,23,2026-08-04T10:33:47Z
12556,21,2026-08-04T10:33:50Z
12557,19,2026-08-04T10:33:53Z
12558,22,2026-08-04T10:33:55Z
12559,23,2026-08-04T10:33:58Z
12560,23,2026-08-04T10:34:01Z
12561,24,2026-08-04T10:34:04Z
12562,24,2026-08-04T10:34:07Z
12563,22,2026-08-04T10:34:10Z
12564,22,2026-08-04T10:34:13Z
12565,24,2026-08-04T10:34:16Z
12566,23,2026-08-04T10:34:19Z
12567,21,2026-08-04T10:34:21Z
12568,20,2026-08-04T10:34:24Z
12569,20,2026-08-04T10:34:27Z
12570,22,2026-08-04T10:34:29Z
12571,20,2026-08-04T10:34:32Z
12572,18,2026-08-04T10:34:34Z
12573,16,2026-08-04T10:34:36Z
12574,19,2026-08-04T10:34:38Z
12575,19,2026-08-04T10:34:41Z
12576,19,2026-08-04T10:34:43Z
12577,18,2026-08-04T10:34:45Z
12578,22,2026-08-04T10:34:47Z
12579,19,2026-08-04T10:34:50Z
12580,19,2026-08-04T10:34:52Z
12581,20,2026-08-04T10:34:54Z
12582,24,2026-08-04T10:34:56Z
12583,24,2026-08-04T10:34:59Z
12584,23,2026-08-04T10:35:01Z
12585,22,2026-08-04T10:35:03Z
12586,27,2026-08-04T10:35:06Z
12587,23,2026-08-04T10:35:08Z
12588,20,2026-08-04T10:35:10Z
12589,18,2026-08-04T10:35:12Z
12590,22,2026-08-04T10:35:15Z
12591,19,2026-08-04T10:35:17Z
12592,18,2026-08-04T10:35:19Z
12593,17,2026-08-04T10:35:21Z
12594,21,2026-08-04T10:35:24Z
12595,21,2026-08-04T10:35:26Z
12596,19,2026-08-04T10:35:28Z
12597,22,2026-08-04T10:35:30Z
12598,26,2026-08-04T10:35:33Z
12599,20,2026-08-04T10:35:35Z
12600,20,2026-08-04T10:35:37Z
12601,19,2026-08-04T10:35:40Z
12602,22,2026-08-04T10:35:42Z
12603,19,2026-08-04T10:35:44Z
12604,20,2026-08-04T10:35:46Z
12605,16,2026-08-04T10:35:49Z
12606,21,2026-08-04T10:35:51Z
12607,20,2026-08-04T10:35:53Z
12608,17,2026-08-04T10:35:55Z
12609,15,2026-08-04T10:35:58Z
12610,19,2026-08-04T10:36:00Z
12611,22,2026-08-04T10:36:02Z
12612,19,2026-08-04T10:36:04Z
12613,19,2026-08-04T10:36:07Z
12614,21,2026-08-04T10:36:09Z
12615,22,2026-08-04T10:36:11Z
12616,20,2026-08-04T10:36:14Z
12617,21,2026-08-04T10:36:16Z
12618,21,2026-08-04T10:36:18Z
12619,25,2026-08-04T10:36:20Z
12620,21,2026-08-04T10:36:23Z
12621,20,2026-08-04T10:36:25Z
12622,20,2026-08-04T10:36:27Z
12623,22,2026-08-04T10:36:29Z
12624,22,2026-08-04T10:36:32Z
12625,23,2026-08-04T10:36:34Z
12626,23,2026-08-04T10:36:36Z
12627,21,2026-08-04T10:36:38Z
12628,20,2026-08-04T10:36:41Z
12629,19,2026-08-04T10:36:43Z
12630,23,2026-08-04T10:36:45Z
12631,25,2026-08-04T10:36:47Z
12632,21,2026-08-04T10:36:50Z
12633,20,2026-08-04T10:36:52Z
12634,22,2026-08-04T10:36:54Z
12635,25,2026-08-04T10:36:57Z
12636,23,2026-08-04T10:36:59Z
12637,22,2026-08-04T10:37:01Z
12638,26,2026-08-04T10:37:03Z
12639,30,2026-08-04T10:37:06Z
12640,24,2026-08-04T10:37:08Z
12641,24,2026-08-04T10:37:10Z
12642,28,2026-08-04T10:37:12Z
12643,29,2026-08-04T10:37:15Z
12644,26,2026-08-04T10:37:17Z
12645,26,2026-08-04T10:37:19Z
12646,30,2026-08-04T10:37:21Z
12647,29,2026-08-04T10:37:24Z
12648,25,2026-08-04T10:37:26Z
12649,25,2026-08-04T10:37:28Z
12650,25,2026-08-04T10:37:31Z
12651,23,2026-08-04T10:37:33Z
12652,20,2026-08-04T10:37:35Z
12653,22,2026-08-04T10:37:37Z
12654,23,2026-08-04T10:37:40Z
12655,22,2026-08-04T10:37:42Z
12656,19,2026-08-04T10:37:44Z
12657,22,2026-08-04T10:37:46Z
12658,22,2026-08-04T10:37:49Z
12659,21,2026-08-04T10:37:51Z
12660,19,2026-08-04T10:37:53Z
12661,20,2026-08-04T10:37:55Z
12662,21,2026-08-04T10:37:58Z
12663,22,2026-08-04T10:38:00Z
12664,22,2026-08-04T10:38:02Z
12665,23,2026-08-04T10:38:05Z
12666,22,2026-08-04T10:38:07Z
12667,20,2026-08-04T10:38:09Z
12668,20,2026-08-04T10:38:11Z
12669,18,2026-08-04T10:38:14Z
12670,17,2026-08-04T10:38:16Z
12671,16,2026-08-04T10:38:18Z
12672,14,2026-08-04T10:38:20Z
12673,14,2026-08-04T10:38:23Z
12674,17,2026-08-04T10:38:25Z
12675,18,2026-08-04T10:38:27Z
12676,16,2026-08-04T10:38:29Z
12677,16,2026-08-04T10:38:32Z
12678,14,2026-08-04T10:38:34Z
12679,15,2026-08-04T10:38:36Z
12680,15,2026-08-04T10:38:39Z
12681,15,2026-08-04T10:38:41Z
12682,15,2026-08-04T10:38:43Z
12683,14,2026-08-04T10:38:45Z
12684,14,2026-08-04T10:38:48Z
12685,16,2026-08-04T10:38:50Z
12686,17,2026-08-04T10:38:52Z
12687,16,2026-08-04T10:38:54Z
12688,17,2026-08-04T10:38:57Z
12689,19,2026-08-04T10:38:59Z
12690,21,2026-08-04T10:39:01Z
12691,19,2026-08-04T10:39:03Z
12692,19,2026-08-04T10:39:06Z
12693,21,2026-08-04T10:39:08Z
12694,20,2026-08-04T10:39:10Z
12695,21,2026-08-04T10:39:12Z
12696,22,2026-08-04T10:39:15Z
12697,23,2026-08-04T10:39:17Z
12698,21,2026-08-04T10:39:19Z
12699,21,2026-08-04T10:39:22Z
12700,21,2026-08-04T10:39:24Z
12701,24,2026-08-04T10:39:26Z
12702,23,2026-08-04T10:39:28Z
12703,21,2026-08-04T10:39:31Z
12704,21,2026-08-04T10:39:33Z
12705,23,2026-08-04T10:39:36Z
12706,22,2026-08-04T10:39:38Z
12707,23,2026-08-04T10:39:40Z
12708,21,2026-08-04T10:39:43Z
12709,23,2026-08-04T10:39:45Z
12710,22,2026-08-04T10:39:47Z
12711,24,2026-08-04T10:39:50Z
12712,20,2026-08-04T10:39:52Z
12713,22,2026-08-04T10:39:55Z
12714,25,2026-08-04T10:39:57Z
12715,27,2026-08-04T10:39:59Z
12716,22,2026-08-04T10:40:02Z
12717,23,2026-08-04T10:40:04Z
12718,24,2026-08-04T10:40:06Z
12719,22,2026-08-04T10:40:09Z
12720,21,2026-08-04T10:40:11Z
12721,20,2026-08-04T10:40:14Z
12722,22,2026-08-04T10:40:16Z
12723,23,2026-08-04T10:40:18Z
12724,19,2026-08-04T10:40:21Z
12725,22,2026-08-04T10:40:23Z
12726,24,2026-08-04T10:40:25Z
12727,26,2026-08-04T10:40:28Z
12728,27,2026-08-04T10:40:30Z
12729,28,2026-08-04T10:40:32Z
12730,28,2026-08-04T10:40:35Z
12731,29,2026-08-04T10:40:37Z
12732,29,2026-08-04T10:40:40Z
12733,28,2026-08-04T10:40:42Z
12734,25,2026-08-04T10:40:44Z
12735,25,2026-08-04T10:40:47Z
12736,23,2026-08-04T10:40:49Z
12737,28,2026-08-04T10:40:51Z
12738,23,2026-08-04T10:40:54Z
12739,26,2026-08-04T10:40:56Z
12740,25,2026-08-04T10:40:59Z
12741,27,2026-08-04T10:41:01Z
12742,22,2026-08-04T10:41:03Z
12743,21,2026-08-04T10:41:06Z
12744,19,2026-08-04T10:41:08Z
12745,20,2026-08-04T10:41:10Z
12746,20,2026-08-04T10:41:13Z
12747,19,2026-08-04T10:41:15Z
12748,19,2026-08-04T10:41:18Z
12749,19,2026-08-04T10:41:20Z
12750,20,2026-08-04T10:41:22Z
12751,20,2026-08-04T10:41:25Z
12752,22,2026-08-04T10:41:27Z
12753,24,2026-08-04T10:41:29Z
12754,22,2026-08-04T10:41:32Z
12755,23,2026-08-04T10:41:34Z
12756,23,2026-08-04T10:41:36Z
12757,25,2026-08-04T10:41:39Z
12758,24,2026-08-04T10:41:41Z
12759,21,2026-08-04T10:41:43Z
12760,23,2026-08-04T10:41:46Z
12761,24,2026-08-04T10:41:48Z
12762,24,2026-08-04T10:41:50Z
12763,21,2026-08-04T10:41:53Z
12764,22,2026-08-04T10:41:55Z
12765,23,2026-08-04T10:41:57Z
12766,24,2026-08-04T10:42:00Z
12767,23,2026-08-04T10:42:02Z
12768,24,2026-08-04T10:42:04Z
12769,25,2026-08-04T10:42:07Z
12770,26,2026-08-04T10:42:09Z
12771,23,2026-08-04T10:42:11Z
12772,25,2026-08-04T10:42:13Z
12773,29,2026-08-04T10:42:16Z
12774,27,2026-08-04T10:42:18Z
12775,25,2026-08-04T10:42:20Z
12776,27,2026-08-04T10:42:22Z
12777,26,2026-08-04T10:42:25Z
12778,29,2026-08-04T10:42:27Z
12779,25,2026-08-04T10:42:29Z
12780,22,2026-08-04T10:42:31Z
12781,23,2026-08-04T10:42:34Z
12782,26,2026-08-04T10:42:36Z
12783,20,2026-08-04T10:42:38Z
12784,22,2026-08-04T10:42:40Z
12785,23,2026-08-04T10:42:43Z
12786,25,2026-08-04T10:42:45Z
12787,20,2026-08-04T10:42:47Z
12788,20,2026-08-04T10:42:49Z
12789,19,2026-08-04T10:42:51Z
12790,19,2026-08-04T10:42:53Z
12791,19,2026-08-04T10:42:55Z
12792,21,2026-08-04T10:42:57Z
12793,20,2026-08-04T10:42:59Z
12794,23,2026-08-04T10:43:01Z
12795,17,2026-08-04T10:43:03Z
12796,19,2026-08-04T10:43:05Z
12797,20,2026-08-04T10:43:07Z
12798,20,2026-08-04T10:43:09Z
12799,16,2026-08-04T10:43:11Z
12800,18,2026-08-04T10:43:13Z
12801,19,2026-08-04T10:43:15Z
12802,23,2026-08-04T10:43:17Z
12803,19,2026-08-04T10:43:19Z
12804,18,2026-08-04T10:43:21Z
12805,18,2026-08-04T10:43:23Z
12806,21,2026-08-04T10:43:25Z
12807,18,2026-08-04T10:43:27Z
12808,20,2026-08-04T10:43:29Z
12809,22,2026-08-04T10:43:31Z
12810,26,2026-08-04T10:43:33Z
12811,23,2026-08-04T10:43:35Z
12812,23,2026-08-04T10:43:37Z
12813,16,2026-08-04T10:43:39Z
12814,17,2026-08-04T10:43:41Z
12815,14,2026-08-04T10:43:43Z
12816,19,2026-08-04T10:43:45Z
12817,18,2026-08-04T10:43:47Z
12818,16,2026-08-04T10:43:49Z
12819,14,2026-08-04T10:43:51Z
12820,18,2026-08-04T10:43:53Z
12821,17,2026-08-04T10:43:55Z
12822,15,2026-08-04T10:43:57Z
12823,13,2026-08-04T10:43:59Z
12824,16,2026-08-04T10:44:01Z
12825,13,2026-08-04T10:44:03Z
12826,14,2026-08-04T10:44:05Z
12827,11,2026-08-04T10:44:07Z
12828,14,2026-08-04T10:44:09Z
12829,14,2026-08-04T10:44:11Z
12830,14,2026-08-04T10:44:13Z
12831,14,2026-08-04T10:44:14Z
12832,15,2026-08-04T10:44:16Z
12833,15,2026-08-04T10:44:18Z
12834,17,2026-08-04T10:44:20Z
12835,18,2026-08-04T10:44:22Z
12836,18,2026-08-04T10:44:24Z
12837,18,2026-08-04T10:44:26Z
12838,17,2026-08-04T10:44:28Z
12839,16,2026-08-04T10:44:30Z
12840,17,2026-08-04T10:44:32Z
12841,17,2026-08-04T10:44:34Z
12842,17,2026-08-04T10:44:36Z
12843,17,2026-08-04T10:44:38Z
12844,18,2026-08-04T10:44:40Z
12845,15,2026-08-04T10:44:42Z
12846,15,2026-08-04T10:44:44Z
12847,13,2026-08-04T10:44:46Z
12848,16,2026-08-04T10:44:48Z
12849,15,2026-08-04T10:44:50Z
12850,16,2026-08-04T10:44:52Z
12851,14,2026-08-04T10:44:53Z
12852,16,2026-08-04T10:44:55Z
12853,18,2026-08-04T10:44:57Z
12854,19,2026-08-04T10:44:59Z
12855,16,2026-08-04T10:45:01Z
12856,16,2026-08-04T10:45:03Z
12857,17,2026-08-04T10:45:05Z
12858,17,2026-08-04T10:45:07Z
12859,16,2026-08-04T10:45:09Z
12860,19,2026-08-04T10:45:11Z
12861,17,2026-08-04T10:45:13Z
12862,18,2026-08-04T10:45:15Z
12863,18,2026-08-04T10:45:17Z
12864,17,2026-08-04T10:45:19Z
12865,18,2026-08-04T10:45:21Z
12866,15,2026-08-04T10:45:23Z
12867,15,2026-08-04T10:45:25Z
12868,17,2026-08-04T10:45:27Z
12869,16,2026-08-04T10:45:29Z
12870,18,2026-08-04T10:45:30Z
12871,18,2026-08-04T10:45:32Z
12872,18,2026-08-04T10:45:34Z
12873,19,2026-08-04T10:45:36Z
12874,20,2026-08-04T10:45:38Z
12875,20,2026-08-04T10:45:40Z
12876,22,2026-08-04T10:45:42Z
12877,21,2026-08-04T10:45:44Z
12878,21,2026-08-04T10:45:46Z
12879,23,2026-08-04T10:45:48Z
12880,21,2026-08-04T10:45:50Z
12881,20,2026-08-04T10:45:52Z
12882,24,2026-08-04T10:45:54Z
12883,22,2026-08-04T10:45:57Z
12884,23,2026-08-04T10:46:00Z
12885,21,2026-08-04T10:46:03Z
12886,27,2026-08-04T10:46:05Z
12887,26,2026-08-04T10:46:08Z
12888,26,2026-08-04T10:46:11Z
12889,23,2026-08-04T10:46:13Z
12890,25,2026-08-04T10:46:16Z
12891,26,2026-08-04T10:46:18Z
12892,24,2026-08-04T10:46:20Z
12893,22,2026-08-04T10:46:22Z
12894,26,2026-08-04T10:46:25Z
12895,21,2026-08-04T10:46:27Z
12896,24,2026-08-04T10:46:29Z
12897,23,2026-08-04T10:46:31Z
12898,24,2026-08-04T10:46:34Z
12899,24,2026-08-04T10:46:36Z
12900,24,2026-08-04T10:46:38Z
12901,23,2026-08-04T10:46:40Z
12902,24,2026-08-04T10:46:43Z
12903,20,2026-08-04T10:46:45Z
12904,22,2026-08-04T10:46:47Z
12905,20,2026-08-04T10:46:49Z
12906,24,2026-08-04T10:46:52Z
12907,20,2026-08-04T10:46:54Z
12908,22,2026-08-04T10:46:57Z
12909,23,2026-08-04T10:46:59Z
12910,20,2026-08-04T10:47:01Z
12911,20,2026-08-04T10:47:03Z
12912,22,2026-08-04T10:47:05Z
12913,21,2026-08-04T10:47:07Z
12914,23,2026-08-04T10:47:09Z
12915,20,2026-08-04T10:47:11Z
12916,23,2026-08-04T10:47:13Z
12917,23,2026-08-04T10:47:15Z
12918,23,2026-08-04T10:47:17Z
12919,20,2026-08-04T10:47:19Z
12920,23,2026-08-04T10:47:21Z
12921,23,2026-08-04T10:47:23Z
12922,21,2026-08-04T10:47:25Z
12923,19,2026-08-04T10:47:27Z
12924,18,2026-08-04T10:47:29Z
12925,18,2026-08-04T10:47:31Z
12926,18,2026-08-04T10:47:33Z
12927,17,2026-08-04T10:47:35Z
12928,15,2026-08-04T10:47:37Z
12929,16,2026-08-04T10:47:39Z
12930,17,2026-08-04T10:47:41Z
12931,15,2026-08-04T10:47:43Z
12932,16,2026-08-04T10:47:45Z
12933,16,2026-08-04T10:47:47Z
12934,17,2026-08-04T10:47:49Z
12935,15,2026-08-04T10:47:51Z
12936,18,2026-08-04T10:47:53Z
12937,19,2026-08-04T10:47:55Z
12938,18,2026-08-04T10:47:57Z
12939,19,2026-08-04T10:47:59Z
12940,19,2026-08-04T10:48:01Z
12941,15,2026-08-04T10:48:02Z
12942,14,2026-08-04T10:48:04Z
12943,13,2026-08-04T10:48:06Z
12944,16,2026-08-04T10:48:08Z
12945,16,2026-08-04T10:48:10Z
12946,15,2026-08-04T10:48:12Z
12947,15,2026-08-04T10:48:14Z
12948,17,2026-08-04T10:48:16Z
12949,18,2026-08-04T10:48:18Z
12950,16,2026-08-04T10:48:20Z
12951,16,2026-08-04T10:48:22Z
12952,19,2026-08-04T10:48:24Z
12953,20,2026-08-04T10:48:26Z
12954,19,2026-08-04T10:48:29Z
12955,17,2026-08-04T10:48:31Z
12956,20,2026-08-04T10:48:34Z
12957,20,2026-08-04T10:48:36Z
12958,19,2026-08-04T10:48:39Z
12959,17,2026-08-04T10:48:41Z
12960,21,2026-08-04T10:48:43Z
12961,21,2026-08-04T10:48:46Z
12962,20,2026-08-04T10:48:48Z
12963,20,2026-08-04T10:48:51Z
12964,25,2026-08-04T10:48:53Z
12965,22,2026-08-04T10:48:57Z
12966,20,2026-08-04T10:48:58Z
12967,17,2026-08-04T10:49:00Z
12968,19,2026-08-04T10:49:02Z
12969,18,2026-08-04T10:49:04Z
12970,17,2026-08-04T10:49:06Z
12971,15,2026-08-04T10:49:09Z
12972,17,2026-08-04T10:49:11Z
12973,19,2026-08-04T10:49:13Z
12974,17,2026-08-04T10:49:15Z
12975,18,2026-08-04T10:49:17Z
12976,18,2026-08-04T10:49:19Z
12977,21,2026-08-04T10:49:21Z
12978,21,2026-08-04T10:49:24Z
12979,21,2026-08-04T10:49:26Z
12980,21,2026-08-04T10:49:28Z
12981,21,2026-08-04T10:49:31Z
12982,20,2026-08-04T10:49:34Z
12983,20,2026-08-04T10:49:36Z
12984,19,2026-08-04T10:49:39Z
12985,20,2026-08-04T10:49:41Z
12986,19,2026-08-04T10:49:44Z
12987,17,2026-08-04T10:49:47Z
12988,16,2026-08-04T10:49:49Z
12989,18,2026-08-04T10:49:51Z
12990,15,2026-08-04T10:49:53Z
12991,15,2026-08-04T10:49:55Z
12992,17,2026-08-04T10:49:57Z
12993,19,2026-08-04T10:49:59Z
12994,17,2026-08-04T10:50:02Z
12995,17,2026-08-04T10:50:04Z
12996,19,2026-08-04T10:50:06Z
12997,19,2026-08-04T10:50:08Z
12998,19,2026-08-04T10:50:10Z
12999,17,2026-08-04T10:50:12Z
13000,18,2026-08-04T10:50:14Z
13001,18,2026-08-04T10:50:17Z
13002,18,2026-08-04T10:50:19Z
13003,19,2026-08-04T10:50:21Z
13004,20,2026-08-04T10:50:23Z
13005,21,2026-08-04T10:50:25Z
13006,18,2026-08-04T10:50:27Z
13007,18,2026-08-04T10:50:29Z
13008,18,2026-08-04T10:50:32Z
13009,20,2026-08-04T10:50:34Z
13010,19,2026-08-04T10:50:36Z
13011,20,2026-08-04T10:50:38Z
13012,18,2026-08-04T10:50:40Z
13013,17,2026-08-04T10:50:42Z
13014,18,2026-08-04T10:50:44Z
13015,20,2026-08-04T10:50:47Z
13016,19,2026-08-04T10:50:49Z
13017,19,2026-08-04T10:50:51Z
13018,20,2026-08-04T10:50:53Z
13019,21,2026-08-04T10:50:55Z
13020,22,2026-08-04T10:50:57Z
13021,19,2026-08-04T10:50:59Z
13022,22,2026-08-04T10:51:02Z
13023,21,2026-08-04T10:51:04Z
13024,20,2026-08-04T10:51:06Z
13025,18,2026-08-04T10:51:08Z
13026,20,2026-08-04T10:51:10Z
13027,19,2026-08-04T10:51:12Z
13028,21,2026-08-04T10:51:14Z
13029,20,2026-08-04T10:51:16Z
13030,21,2026-08-04T10:51:18Z
13031,21,2026-08-04T10:51:20Z
13032,24,2026-08-04T10:51:22Z
13033,24,2026-08-04T10:51:24Z
13034,24,2026-08-04T10:51:26Z
13035,22,2026-08-04T10:51:28Z
13036,21,2026-08-04T10:51:30Z
13037,21,2026-08-04T10:51:32Z
13038,23,2026-08-04T10:51:34Z
13039,19,2026-08-04T10:51:36Z
13040,23,2026-08-04T10:51:38Z
13041,20,2026-08-04T10:51:40Z
13042,21,2026-08-04T10:51:42Z
13043,18,2026-08-04T10:51:44Z
13044,22,2026-08-04T10:51:46Z
13045,18,2026-08-04T10:51:48Z
13046,17,2026-08-04T10:51:50Z
13047,17,2026-08-04T10:51:52Z
13048,18,2026-08-04T10:51:54Z
13049,15,2026-08-04T10:51:56Z
13050,15,2026-08-04T10:51:58Z
13051,16,2026-08-04T10:51:59Z
13052,16,2026-08-04T10:52:01Z
13053,13,2026-08-04T10:52:02Z
13054,13,2026-08-04T10:52:04Z
13055,15,2026-08-04T10:52:05Z
13056,15,2026-08-04T10:52:07Z
13057,13,2026-08-04T10:52:09Z
13058,13,2026-08-04T10:52:10Z
13059,14,2026-08-04T10:52:12Z
13060,13,2026-08-04T10:52:13Z
13061,11,2026-08-04T10:52:15Z
13062,13,2026-08-04T10:52:16Z
13063,13,2026-08-04T10:52:18Z
13064,14,2026-08-04T10:52:19Z
13065,12,2026-08-04T10:52:21Z
13066,10,2026-08-04T10:52:22Z
13067,11,2026-08-04T10:52:24Z
13068,10,2026-08-04T10:52:25Z
13069,13,2026-08-04T10:52:27Z
13070,12,2026-08-04T10:52:28Z
13071,13,2026-08-04T10:52:30Z
13072,13,2026-08-04T10:52:31Z
13073,15,2026-08-04T10:52:33Z
13074,15,2026-08-04T10:52:34Z
13075,17,2026-08-04T10:52:36Z
13076,15,2026-08-04T10:52:38Z
13077,14,2026-08-04T10:52:40Z
13078,15,2026-08-04T10:52:42Z
13079,16,2026-08-04T10:52:43Z
13080,17,2026-08-04T10:52:45Z
13081,17,2026-08-04T10:52:47Z
13082,18,2026-08-04T10:52:49Z
13083,19,2026-08-04T10:52:50Z
13084,19,2026-08-04T10:52:53Z
13085,18,2026-08-04T10:52:55Z
13086,14,2026-08-04T10:52:56Z
13087,16,2026-08-04T10:52:58Z
13088,16,2026-08-04T10:53:00Z
13089,15,2026-08-04T10:53:02Z
13090,14,2026-08-04T10:53:04Z
13091,18,2026-08-04T10:53:05Z
13092,17,2026-08-04T10:53:07Z
13093,15,2026-08-04T10:53:09Z
13094,15,2026-08-04T10:53:11Z
13095,19,2026-08-04T10:53:12Z
13096,16,2026-08-04T10:53:14Z
13097,14,2026-08-04T10:53:16Z
13098,13,2026-08-04T10:53:18Z
13099,16,2026-08-04T10:53:20Z
13100,18,2026-08-04T10:53:22Z
13101,18,2026-08-04T10:53:23Z
13102,18,2026-08-04T10:53:25Z
13103,20,2026-08-04T10:53:27Z
13104,20,2026-08-04T10:53:29Z
13105,19,2026-08-04T10:53:31Z
13106,17,2026-08-04T10:53:33Z
13107,19,2026-08-04T10:53:35Z
13108,18,2026-08-04T10:53:37Z
13109,17,2026-08-04T10:53:39Z
13110,15,2026-08-04T10:53:41Z
13111,17,2026-08-04T10:53:43Z
13112,18,2026-08-04T10:53:45Z
13113,20,2026-08-04T10:53:48Z
13114,21,2026-08-04T10:53:50Z
13115,20,2026-08-04T10:53:52Z
13116,18,2026-08-04T10:53:54Z
13117,20,2026-08-04T10:53:56Z
13118,17,2026-08-04T10:53:58Z
13119,16,2026-08-04T10:54:00Z
13120,15,2026-08-04T10:54:02Z
13121,17,2026-08-04T10:54:04Z
13122,16,2026-08-04T10:54:06Z
13123,17,2026-08-04T10:54:08Z
13124,18,2026-08-04T10:54:10Z
13125,23,2026-08-04T10:54:12Z
13126,21,2026-08-04T10:54:14Z
13127,23,2026-08-04T10:54:16Z
13128,24,2026-08-04T10:54:18Z
13129,24,2026-08-04T10:54:20Z
13130,22,2026-08-04T10:54:22Z
13131,24,2026-08-04T10:54:24Z
13132,21,2026-08-04T10:54:27Z
13133,23,2026-08-04T10:54:29Z
13134,20,2026-08-04T10:54:31Z
13135,20,2026-08-04T10:54:33Z
13136,21,2026-08-04T10:54:35Z
13137,20,2026-08-04T10:54:37Z
13138,21,2026-08-04T10:54:39Z
13139,18,2026-08-04T10:54:41Z
13140,19,2026-08-04T10:54:44Z
13141,22,2026-08-04T10:54:46Z
13142,20,2026-08-04T10:54:48Z
13143,21,2026-08-04T10:54:50Z
13144,23,2026-08-04T10:54:52Z
13145,22,2026-08-04T10:54:54Z
13146,22,2026-08-04T10:54:57Z
13147,23,2026-08-04T10:54:59Z
13148,21,2026-08-04T10:55:01Z
13149,19,2026-08-04T10:55:03Z
13150,19,2026-08-04T10:55:05Z
13151,22,2026-08-04T10:55:08Z
13152,23,2026-08-04T10:55:10Z
13153,23,2026-08-04T10:55:12Z
13154,22,2026-08-04T10:55:14Z
13155,28,2026-08-04T10:55:16Z
13156,22,2026-08-04T10:55:19Z
13157,22,2026-08-04T10:55:21Z
13158,20,2026-08-04T10:55:23Z
13159,24,2026-08-04T10:55:25Z
13160,23,2026-08-04T10:55:27Z
13161,22,2026-08-04T10:55:30Z
13162,21,2026-08-04T10:55:32Z
13163,27,2026-08-04T10:55:34Z
13164,25,2026-08-04T10:55:36Z
13165,25,2026-08-04T10:55:38Z
13166,22,2026-08-04T10:55:41Z
13167,27,2026-08-04T10:55:43Z
13168,22,2026-08-04T10:55:45Z
13169,23,2026-08-04T10:55:47Z
13170,18,2026-08-04T10:55:49Z
13171,24,2026-08-04T10:55:52Z
13172,23,2026-08-04T10:55:54Z
13173,19,2026-08-04T10:55:56Z
13174,18,2026-08-04T10:55:58Z
13175,22,2026-08-04T10:56:00Z
13176,18,2026-08-04T10:56:02Z
13177,16,2026-08-04T10:56:03Z
13178,17,2026-08-04T10:56:05Z
13179,19,2026-08-04T10:56:07Z
13180,18,2026-08-04T10:56:09Z
13181,17,2026-08-04T10:56:11Z
13182,20,2026-08-04T10:56:13Z
13183,20,2026-08-04T10:56:15Z
13184,19,2026-08-04T10:56:16Z
13185,17,2026-08-04T10:56:18Z
13186,19,2026-08-04T10:56:20Z
13187,21,2026-08-04T10:56:23Z
13188,20,2026-08-04T10:56:25Z
13189,18,2026-08-04T10:56:27Z
13190,20,2026-08-04T10:56:29Z
13191,25,2026-08-04T10:56:31Z
13192,19,2026-08-04T10:56:33Z
13193,17,2026-08-04T10:56:35Z
13194,20,2026-08-04T10:56:37Z
13195,25,2026-08-04T10:56:40Z
13196,21,2026-08-04T10:56:42Z
13197,19,2026-08-04T10:56:44Z
13198,22,2026-08-04T10:56:46Z
13199,22,2026-08-04T10:56:48Z
13200,21,2026-08-04T10:56:50Z
13201,22,2026-08-04T10:56:51Z
13202,20,2026-08-04T10:56:53Z
13203,21,2026-08-04T10:56:56Z
13204,19,2026-08-04T10:56:58Z
13205,18,2026-08-04T10:57:00Z
13206,16,2026-08-04T10:57:02Z
13207,16,2026-08-04T10:57:04Z
13208,15,2026-08-04T10:57:07Z
13209,15,2026-08-04T10:57:08Z
13210,13,2026-08-04T10:57:10Z
13211,14,2026-08-04T10:57:12Z
13212,14,2026-08-04T10:57:13Z
13213,11,2026-08-04T10:57:15Z
13214,10,2026-08-04T10:57:17Z
13215,11,2026-08-04T10:57:19Z
13216,12,2026-08-04T10:57:20Z
13217,12,2026-08-04T10:57:22Z
13218,13,2026-08-04T10:57:24Z
13219,15,2026-08-04T10:57:26Z
13220,16,2026-08-04T10:57:27Z
13221,16,2026-08-04T10:57:29Z
13222,16,2026-08-04T10:57:31Z
13223,18,2026-08-04T10:57:33Z
13224,14,2026-08-04T10:57:34Z
13225,13,2026-08-04T10:57:36Z
13226,12,2026-08-04T10:57:38Z
13227,15,2026-08-04T10:57:40Z
13228,14,2026-08-04T10:57:41Z
13229,14,2026-08-04T10:57:43Z
13230,13,2026-08-04T10:57:45Z
13231,15,2026-08-04T10:57:47Z
13232,15,2026-08-04T10:57:48Z
13233,15,2026-08-04T10:57:50Z
13234,13,2026-08-04T10:57:52Z
13235,16,2026-08-04T10:57:54Z
13236,16,2026-08-04T10:57:56Z
13237,15,2026-08-04T10:57:57Z
13238,15,2026-08-04T10:57:59Z
13239,18,2026-08-04T10:58:01Z
13240,18,2026-08-04T10:58:03Z
13241,16,2026-08-04T10:58:04Z
13242,16,2026-08-04T10:58:06Z
13243,19,2026-08-04T10:58:08Z
13244,17,2026-08-04T10:58:10Z
13245,14,2026-08-04T10:58:12Z
13246,15,2026-08-04T10:58:14Z
13247,17,2026-08-04T10:58:16Z
13248,17,2026-08-04T10:58:19Z
13249,19,2026-08-04T10:58:21Z
13250,18,2026-08-04T10:58:23Z
13251,21,2026-08-04T10:58:25Z
13252,19,2026-08-04T10:58:28Z
13253,20,2026-08-04T10:58:30Z
13254,19,2026-08-04T10:58:32Z
13255,23,2026-08-04T10:58:34Z
13256,21,2026-08-04T10:58:36Z
13257,22,2026-08-04T10:58:38Z
13258,19,2026-08-04T10:58:40Z
13259,21,2026-08-04T10:58:43Z
13260,18,2026-08-04T10:58:45Z
13261,17,2026-08-04T10:58:47Z
13262,16,2026-08-04T10:58:49Z
13263,19,2026-08-04T10:58:51Z
13264,17,2026-08-04T10:58:53Z
13265,16,2026-08-04T10:58:54Z
13266,16,2026-08-04T10:58:56Z
13267,19,2026-08-04T10:58:58Z
13268,17,2026-08-04T10:59:00Z
13269,18,2026-08-04T10:59:02Z
13270,18,2026-08-04T10:59:04Z
13271,21,2026-08-04T10:59:05Z
13272,19,2026-08-04T10:59:07Z
13273,20,2026-08-04T10:59:09Z
13274,19,2026-08-04T10:59:12Z
13275,20,2026-08-04T10:59:14Z
13276,15,2026-08-04T10:59:16Z
13277,15,2026-08-04T10:59:18Z
13278,17,2026-08-04T10:59:20Z
13279,16,2026-08-04T10:59:21Z
13280,17,2026-08-04T10:59:23Z
13281,18,2026-08-04T10:59:25Z
13282,21,2026-08-04T10:59:27Z
13283,21,2026-08-04T10:59:29Z
13284,22,2026-08-04T10:59:31Z
13285,19,2026-08-04T10:59:33Z
13286,21,2026-08-04T10:59:34Z
13287,19,2026-08-04T10:59:36Z
13288,20,2026-08-04T10:59:38Z
13289,22,2026-08-04T10:59:40Z
13290,21,2026-08-04T10:59:42Z
13291,20,2026-08-04T10:59:43Z
13292,20,2026-08-04T10:59:44Z
13293,20,2026-08-04T10:59:46Z
13294,22,2026-08-04T10:59:48Z
13295,19,2026-08-04T10:59:52Z
13296,18,2026-08-04T10:59:54Z
13297,20,2026-08-04T10:59:55Z
13298,19,2026-08-04T10:59:57Z
13299,20,2026-08-04T10:59:59Z
13300,18,2026-08-04T11:00:01Z
13301,19,2026-08-04T11:00:03Z
13302,21,2026-08-04T11:00:05Z
13303,19,2026-08-04T11:00:06Z
13304,16,2026-08-04T11:00:08Z
13305,17,2026-08-04T11:00:10Z
13306,16,2026-08-04T11:00:12Z
13307,15,2026-08-04T11:00:14Z
13308,13,2026-08-04T11:00:16Z
13309,14,2026-08-04T11:00:17Z
13310,14,2026-08-04T11:00:19Z
13311,15,2026-08-04T11:00:21Z
13312,14,2026-08-04T11:00:23Z
13313,17,2026-08-04T11:00:25Z
13314,15,2026-08-04T11:00:27Z
13315,16,2026-08-04T11:00:28Z
13316,14,2026-08-04T11:00:30Z
13317,15,2026-08-04T11:00:32Z
13318,14,2026-08-04T11:00:34Z
13319,15,2026-08-04T11:00:36Z
13320,15,2026-08-04T11:00:38Z
13321,17,2026-08-04T11:00:40Z
13322,16,2026-08-04T11:00:42Z
13323,15,2026-08-04T11:00:44Z
13324,16,2026-08-04T11:00:46Z
13325,18,2026-08-04T11:00:48Z
13326,19,2026-08-04T11:00:50Z
13327,19,2026-08-04T11:00:52Z
13328,19,2026-08-04T11:00:54Z
13329,19,2026-08-04T11:00:56Z
13330,23,2026-08-04T11:00:58Z
13331,20,2026-08-04T11:01:00Z
13332,20,2026-08-04T11:01:03Z
13333,20,2026-08-04T11:01:05Z
13334,22,2026-08-04T11:01:07Z
13335,20,2026-08-04T11:01:10Z
13336,19,2026-08-04T11:01:12Z
13337,17,2026-08-04T11:01:14Z
13338,21,2026-08-04T11:01:16Z
13339,18,2026-08-04T11:01:18Z
13340,19,2026-08-04T11:01:21Z
13341,20,2026-08-04T11:01:23Z
13342,23,2026-08-04T11:01:25Z
13343,22,2026-08-04T11:01:27Z
13344,24,2026-08-04T11:01:29Z
13345,25,2026-08-04T11:01:31Z
13346,27,2026-08-04T11:01:34Z
13347,23,2026-08-04T11:01:36Z
13348,25,2026-08-04T11:01:39Z
13349,24,2026-08-04T11:01:41Z
13350,25,2026-08-04T11:01:44Z
13351,24,2026-08-04T11:01:46Z
13352,24,2026-08-04T11:01:49Z
13353,27,2026-08-04T11:01:51Z
13354,24,2026-08-04T11:01:54Z
13355,23,2026-08-04T11:01:56Z
13356,24,2026-08-04T11:01:59Z
13357,29,2026-08-04T11:02:01Z
13358,21,2026-08-04T11:02:03Z
13359,21,2026-08-04T11:02:06Z
13360,20,2026-08-04T11:02:08Z
13361,24,2026-08-04T11:02:10Z
13362,20,2026-08-04T11:02:13Z
13363,23,2026-08-04T11:02:15Z
13364,21,2026-08-04T11:02:17Z
13365,23,2026-08-04T11:02:19Z
13366,19,2026-08-04T11:02:21Z
13367,22,2026-08-04T11:02:23Z
13368,18,2026-08-04T11:02:25Z
13369,18,2026-08-04T11:02:27Z
13370,18,2026-08-04T11:02:30Z
13371,22,2026-08-04T11:02:32Z
13372,20,2026-08-04T11:02:34Z
13373,22,2026-08-04T11:02:36Z
13374,22,2026-08-04T11:02:38Z
13375,23,2026-08-04T11:02:40Z
13376,19,2026-08-04T11:02:42Z
13377,20,2026-08-04T11:02:44Z
13378,22,2026-08-04T11:02:46Z
13379,20,2026-08-04T11:02:47Z
13380,14,2026-08-04T11:02:49Z
13381,17,2026-08-04T11:02:51Z
13382,17,2026-08-04T11:02:53Z
13383,19,2026-08-04T11:02:55Z
13384,17,2026-08-04T11:02:57Z
13385,20,2026-08-04T11:02:59Z
13386,20,2026-08-04T11:03:01Z
13387,20,2026-08-04T11:03:03Z
13388,18,2026-08-04T11:03:05Z
13389,19,2026-08-04T11:03:07Z
13390,22,2026-08-04T11:03:09Z
13391,19,2026-08-04T11:03:10Z
13392,16,2026-08-04T11:03:12Z
13393,14,2026-08-04T11:03:14Z
13394,17,2026-08-04T11:03:16Z
13395,16,2026-08-04T11:03:18Z
13396,17,2026-08-04T11:03:20Z
13397,16,2026-08-04T11:03:22Z
13398,17,2026-08-04T11:03:24Z
13399,16,2026-08-04T11:03:26Z
13400,17,2026-08-04T11:03:27Z
13401,15,2026-08-04T11:03:29Z
13402,17,2026-08-04T11:03:31Z
13403,15,2026-08-04T11:03:32Z
13404,16,2026-08-04T11:03:34Z
13405,16,2026-08-04T11:03:36Z
13406,17,2026-08-04T11:03:38Z
13407,18,2026-08-04T11:03:39Z
13408,18,2026-08-04T11:03:41Z
13409,15,2026-08-04T11:03:43Z
13410,16,2026-08-04T11:03:45Z
13411,14,2026-08-04T11:03:47Z
13412,17,2026-08-04T11:03:48Z
13413,15,2026-08-04T11:03:50Z
13414,18,2026-08-04T11:03:52Z
13415,17,2026-08-04T11:03:54Z
13416,20,2026-08-04T11:03:56Z
13417,19,2026-08-04T11:03:58Z
13418,18,2026-08-04T11:03:59Z
13419,19,2026-08-04T11:04:01Z
13420,18,2026-08-04T11:04:03Z
13421,19,2026-08-04T11:04:05Z
13422,21,2026-08-04T11:04:07Z
13423,21,2026-08-04T11:04:09Z
13424,19,2026-08-04T11:04:11Z
13425,20,2026-08-04T11:04:13Z
13426,22,2026-08-04T11:04:15Z
13427,21,2026-08-04T11:04:17Z
13428,21,2026-08-04T11:04:20Z
13429,22,2026-08-04T11:04:22Z
13430,22,2026-08-04T11:04:24Z
13431,22,2026-08-04T11:04:26Z
13432,22,2026-08-04T11:04:29Z
13433,22,2026-08-04T11:04:31Z
13434,22,2026-08-04T11:04:33Z
13435,21,2026-08-04T11:04:36Z
13436,23,2026-08-04T11:04:38Z
13437,22,2026-08-04T11:04:41Z
13438,22,2026-08-04T11:04:42Z
13439,20,2026-08-04T11:04:44Z
13440,19,2026-08-04T11:04:46Z
13441,20,2026-08-04T11:04:48Z
13442,19,2026-08-04T11:04:50Z
13443,16,2026-08-04T11:04:51Z
13444,15,2026-08-04T11:04:53Z
13445,16,2026-08-04T11:04:55Z
13446,20,2026-08-04T11:04:57Z
13447,15,2026-08-04T11:04:59Z
13448,13,2026-08-04T11:05:01Z
13449,14,2026-08-04T11:05:03Z
13450,16,2026-08-04T11:05:05Z
13451,15,2026-08-04T11:05:07Z
13452,15,2026-08-04T11:05:09Z
13453,17,2026-08-04T11:05:11Z
13454,19,2026-08-04T11:05:13Z
13455,16,2026-08-04T11:05:15Z
13456,17,2026-08-04T11:05:17Z
13457,17,2026-08-04T11:05:19Z
13458,18,2026-08-04T11:05:21Z
13459,20,2026-08-04T11:05:23Z
13460,19,2026-08-04T11:05:25Z
13461,19,2026-08-04T11:05:27Z
13462,22,2026-08-04T11:05:29Z
13463,24,2026-08-04T11:05:31Z
13464,20,2026-08-04T11:05:33Z
13465,21,2026-08-04T11:05:35Z
13466,21,2026-08-04T11:05:37Z
13467,22,2026-08-04T11:05:39Z
13468,20,2026-08-04T11:05:41Z
13469,21,2026-08-04T11:05:43Z
13470,22,2026-08-04T11:05:45Z
13471,22,2026-08-04T11:05:47Z
13472,24,2026-08-04T11:05:49Z
13473,24,2026-08-04T11:05:51Z
13474,22,2026-08-04T11:05:53Z
13475,22,2026-08-04T11:05:55Z
13476,23,2026-08-04T11:05:58Z
13477,23,2026-08-04T11:06:00Z
13478,20,2026-08-04T11:06:02Z
13479,21,2026-08-04T11:06:04Z
13480,23,2026-08-04T11:06:05Z
13481,21,2026-08-04T11:06:07Z
13482,18,2026-08-04T11:06:09Z
13483,17,2026-08-04T11:06:11Z
13484,22,2026-08-04T11:06:13Z
13485,19,2026-08-04T11:06:15Z
13486,19,2026-08-04T11:06:17Z
13487,18,2026-08-04T11:06:19Z
13488,19,2026-08-04T11:06:20Z
13489,17,2026-08-04T11:06:22Z
13490,19,2026-08-04T11:06:24Z
13491,19,2026-08-04T11:06:26Z
13492,20,2026-08-04T11:06:28Z
13493,21,2026-08-04T11:06:30Z
13494,20,2026-08-04T11:06:32Z
13495,17,2026-08-04T11:06:34Z
13496,18,2026-08-04T11:06:35Z
13497,15,2026-08-04T11:06:36Z
13498,15,2026-08-04T11:06:38Z
13499,16,2026-08-04T11:06:40Z
13500,16,2026-08-04T11:06:42Z
13501,14,2026-08-04T11:06:44Z
13502,17,2026-08-04T11:06:46Z
13503,17,2026-08-04T11:06:48Z
13504,17,2026-08-04T11:06:50Z
13505,15,2026-08-04T11:06:52Z
13506,18,2026-08-04T11:06:53Z
13507,19,2026-08-04T11:06:55Z
13508,18,2026-08-04T11:06:57Z
13509,17,2026-08-04T11:06:59Z
13510,16,2026-08-04T11:07:01Z
13511,19,2026-08-04T11:07:03Z
13512,18,2026-08-04T11:07:05Z
13513,18,2026-08-04T11:07:06Z
13514,18,2026-08-04T11:07:08Z
13515,21,2026-08-04T11:07:10Z
13516,20,2026-08-04T11:07:12Z
13517,17,2026-08-04T11:07:14Z
13518,17,2026-08-04T11:07:16Z
13519,19,2026-08-04T11:07:18Z
13520,18,2026-08-04T11:07:19Z
13521,17,2026-08-04T11:07:21Z
13522,17,2026-08-04T11:07:23Z
13523,23,2026-08-04T11:07:25Z
13524,21,2026-08-04T11:07:27Z
13525,20,2026-08-04T11:07:29Z
13526,19,2026-08-04T11:07:30Z
13527,22,2026-08-04T11:07:32Z
13528,19,2026-08-04T11:07:34Z
13529,21,2026-08-04T11:07:36Z
13530,22,2026-08-04T11:07:38Z
13531,24,2026-08-04T11:07:40Z
13532,21,2026-08-04T11:07:42Z
13533,22,2026-08-04T11:07:45Z
13534,23,2026-08-04T11:07:47Z
13535,21,2026-08-04T11:07:49Z
13536,20,2026-08-04T11:07:52Z
13537,16,2026-08-04T11:07:54Z
13538,17,2026-08-04T11:07:56Z
13539,17,2026-08-04T11:07:58Z
13540,17,2026-08-04T11:08:00Z
13541,16,2026-08-04T11:08:01Z
13542,17,2026-08-04T11:08:03Z
13543,18,2026-08-04T11:08:05Z
13544,17,2026-08-04T11:08:07Z
13545,17,2026-08-04T11:08:09Z
13546,18,2026-08-04T11:08:11Z
13547,19,2026-08-04T11:08:12Z
13548,16,2026-08-04T11:08:14Z
13549,12,2026-08-04T11:08:16Z
13550,13,2026-08-04T11:08:18Z
13551,15,2026-08-04T11:08:20Z
13552,14,2026-08-04T11:08:22Z
13553,12,2026-08-04T11:08:23Z
13554,14,2026-08-04T11:08:25Z
13555,14,2026-08-04T11:08:27Z
13556,15,2026-08-04T11:08:29Z
13557,15,2026-08-04T11:08:30Z
13558,15,2026-08-04T11:08:32Z
13559,15,2026-08-04T11:08:34Z
13560,13,2026-08-04T11:08:35Z
13561,15,2026-08-04T11:08:37Z
13562,15,2026-08-04T11:08:38Z
13563,14,2026-08-04T11:08:40Z
13564,12,2026-08-04T11:08:42Z
13565,15,2026-08-04T11:08:43Z
13566,13,2026-08-04T11:08:45Z
13567,15,2026-08-04T11:08:47Z
13568,17,2026-08-04T11:08:48Z
13569,17,2026-08-04T11:08:50Z
13570,16,2026-08-04T11:08:52Z
13571,16,2026-08-04T11:08:53Z
13572,20,2026-08-04T11:08:55Z
13573,22,2026-08-04T11:08:57Z
13574,19,2026-08-04T11:08:59Z
13575,17,2026-08-04T11:09:01Z
13576,20,2026-08-04T11:09:04Z
13577,21,2026-08-04T11:09:06Z
13578,20,2026-08-04T11:09:09Z
13579,21,2026-08-04T11:09:11Z
13580,19,2026-08-04T11:09:13Z
13581,20,2026-08-04T11:09:15Z
13582,20,2026-08-04T11:09:16Z
13583,21,2026-08-04T11:09:18Z
13584,20,2026-08-04T11:09:20Z
13585,19,2026-08-04T11:09:22Z
13586,19,2026-08-04T11:09:24Z
13587,17,2026-08-04T11:09:25Z
13588,16,2026-08-04T11:09:27Z
13589,13,2026-08-04T11:09:29Z
13590,13,2026-08-04T11:09:30Z
13591,13,2026-08-04T11:09:32Z
13592,13,2026-08-04T11:09:34Z
13593,11,2026-08-04T11:09:36Z
13594,11,2026-08-04T11:09:38Z
13595,11,2026-08-04T11:09:40Z
13596,10,2026-08-04T11:09:42Z
13597,10,2026-08-04T11:09:44Z
13598,11,2026-08-04T11:09:46Z
13599,11,2026-08-04T11:09:48Z
13600,11,2026-08-04T11:09:49Z
13601,12,2026-08-04T11:09:51Z
13602,10,2026-08-04T11:09:53Z
13603,12,2026-08-04T11:09:55Z
13604,13,2026-08-04T11:09:57Z
13605,13,2026-08-04T11:09:59Z
13606,14,2026-08-04T11:10:01Z
13607,16,2026-08-04T11:10:03Z
13608,18,2026-08-04T11:10:05Z
13609,16,2026-08-04T11:10:07Z
13610,17,2026-08-04T11:10:08Z
13611,18,2026-08-04T11:10:10Z
13612,18,2026-08-04T11:10:12Z
13613,19,2026-08-04T11:10:14Z
13614,16,2026-08-04T11:10:16Z
13615,18,2026-08-04T11:10:18Z
13616,18,2026-08-04T11:10:20Z
13617,20,2026-08-04T11:10:22Z
13618,18,2026-08-04T11:10:24Z
13619,18,2026-08-04T11:10:26Z
13620,20,2026-08-04T11:10:27Z
13621,21,2026-08-04T11:10:29Z
13622,20,2026-08-04T11:10:32Z
13623,20,2026-08-04T11:10:32Z
13624,23,2026-08-04T11:10:35Z
13625,23,2026-08-04T11:10:37Z
13626,25,2026-08-04T11:10:40Z
13627,26,2026-08-04T11:10:43Z
13628,26,2026-08-04T11:10:45Z
13629,24,2026-08-04T11:10:48Z
13630,25,2026-08-04T11:10:50Z
13631,28,2026-08-04T11:10:53Z
13632,25,2026-08-04T11:10:56Z
13633,24,2026-08-04T11:10:58Z
13634,25,2026-08-04T11:11:01Z
13635,29,2026-08-04T11:11:03Z
13636,25,2026-08-04T11:11:06Z
13637,23,2026-08-04T11:11:08Z
13638,23,2026-08-04T11:11:11Z
13639,22,2026-08-04T11:11:14Z
13640,19,2026-08-04T11:11:15Z
13641,18,2026-08-04T11:11:17Z
13642,22,2026-08-04T11:11:19Z
13643,19,2026-08-04T11:11:21Z
13644,18,2026-08-04T11:11:23Z
13645,18,2026-08-04T11:11:25Z
13646,20,2026-08-04T11:11:27Z
13647,18,2026-08-04T11:11:29Z
13648,18,2026-08-04T11:11:30Z
13649,19,2026-08-04T11:11:32Z
13650,20,2026-08-04T11:11:34Z
13651,17,2026-08-04T11:11:36Z
13652,15,2026-08-04T11:11:38Z
13653,16,2026-08-04T11:11:40Z
13654,17,2026-08-04T11:11:42Z
13655,16,2026-08-04T11:11:44Z
13656,17,2026-08-04T11:11:46Z
13657,15,2026-08-04T11:11:48Z
13658,17,2026-08-04T11:11:49Z
13659,16,2026-08-04T11:11:51Z
13660,17,2026-08-04T11:11:53Z
13661,16,2026-08-04T11:11:55Z
13662,13,2026-08-04T11:11:57Z
13663,14,2026-08-04T11:11:59Z
13664,15,2026-08-04T11:12:01Z
13665,15,2026-08-04T11:12:03Z
13666,14,2026-08-04T11:12:04Z
13667,17,2026-08-04T11:12:06Z
13668,13,2026-08-04T11:12:08Z
13669,13,2026-08-04T11:12:10Z
13670,12,2026-08-04T11:12:12Z
13671,16,2026-08-04T11:12:14Z
13672,13,2026-08-04T11:12:16Z
13673,12,2026-08-04T11:12:18Z
13674,12,2026-08-04T11:12:19Z
13675,14,2026-08-04T11:12:21Z
13676,14,2026-08-04T11:12:23Z
13677,16,2026-08-04T11:12:25Z
13678,14,2026-08-04T11:12:27Z
13679,14,2026-08-04T11:12:29Z
13680,14,2026-08-04T11:12:31Z
13681,15,2026-08-04T11:12:33Z
13682,16,2026-08-04T11:12:34Z
13683,17,2026-08-04T11:12:36Z
13684,18,2026-08-04T11:12:38Z
13685,19,2026-08-04T11:12:40Z
13686,19,2026-08-04T11:12:42Z
13687,18,2026-08-04T11:12:44Z
13688,18,2026-08-04T11:12:46Z
13689,19,2026-08-04T11:12:48Z
13690,16,2026-08-04T11:12:50Z
13691,15,2026-08-04T11:12:51Z
13692,15,2026-08-04T11:12:53Z
13693,16,2026-08-04T11:12:55Z
13694,13,2026-08-04T11:12:57Z
13695,12,2026-08-04T11:12:59Z
13696,12,2026-08-04T11:13:00Z
13697,15,2026-08-04T11:13:02Z
13698,15,2026-08-04T11:13:04Z
13699,13,2026-08-04T11:13:06Z
13700,14,2026-08-04T11:13:08Z
13701,15,2026-08-04T11:13:09Z
13702,15,2026-08-04T11:13:11Z
13703,13,2026-08-04T11:13:13Z
13704,13,2026-08-04T11:13:15Z
13705,16,2026-08-04T11:13:17Z
13706,14,2026-08-04T11:13:18Z
13707,14,2026-08-04T11:13:20Z
13708,17,2026-08-04T11:13:22Z
13709,16,2026-08-04T11:13:24Z
13710,16,2026-08-04T11:13:26Z
13711,16,2026-08-04T11:13:29Z
13712,21,2026-08-04T11:13:31Z
13713,19,2026-08-04T11:13:33Z
13714,17,2026-08-04T11:13:35Z
13715,14,2026-08-04T11:13:37Z
13716,19,2026-08-04T11:13:39Z
13717,18,2026-08-04T11:13:41Z
13718,17,2026-08-04T11:13:43Z
13719,17,2026-08-04T11:13:46Z
13720,22,2026-08-04T11:13:48Z
13721,19,2026-08-04T11:13:50Z
13722,18,2026-08-04T11:13:52Z
13723,22,2026-08-04T11:13:54Z
13724,20,2026-08-04T11:13:56Z
13725,17,2026-08-04T11:13:58Z
13726,17,2026-08-04T11:14:00Z
13727,22,2026-08-04T11:14:02Z
13728,20,2026-08-04T11:14:04Z
13729,17,2026-08-04T11:14:06Z
13730,16,2026-08-04T11:14:08Z
13731,20,2026-08-04T11:14:10Z
13732,19,2026-08-04T11:14:12Z
13733,16,2026-08-04T11:14:14Z
13734,16,2026-08-04T11:14:16Z
13735,17,2026-08-04T11:14:18Z
13736,16,2026-08-04T11:14:20Z
13737,16,2026-08-04T11:14:22Z
13738,19,2026-08-04T11:14:24Z
13739,17,2026-08-04T11:14:26Z
13740,15,2026-08-04T11:14:28Z
13741,13,2026-08-04T11:14:30Z
13742,14,2026-08-04T11:14:32Z
13743,16,2026-08-04T11:14:34Z
13744,15,2026-08-04T11:14:36Z
13745,14,2026-08-04T11:14:37Z
13746,14,2026-08-04T11:14:39Z
13747,17,2026-08-04T11:14:41Z
13748,14,2026-08-04T11:14:43Z
13749,16,2026-08-04T11:14:45Z
13750,15,2026-08-04T11:14:47Z
13751,17,2026-08-04T11:14:49Z
13752,15,2026-08-04T11:14:51Z
13753,15,2026-08-04T11:14:53Z
13754,16,2026-08-04T11:14:55Z
13755,19,2026-08-04T11:14:57Z
13756,16,2026-08-04T11:14:59Z
13757,17,2026-08-04T11:15:01Z
13758,16,2026-08-04T11:15:03Z
13759,18,2026-08-04T11:15:05Z
13760,16,2026-08-04T11:15:07Z
13761,13,2026-08-04T11:15:09Z
13762,14,2026-08-04T11:15:10Z
13763,12,2026-08-04T11:15:12Z
13764,11,2026-08-04T11:15:14Z
13765,11,2026-08-04T11:15:16Z
13766,13,2026-08-04T11:15:18Z
13767,12,2026-08-04T11:15:20Z
13768,13,2026-08-04T11:15:22Z
13769,12,2026-08-04T11:15:24Z
13770,12,2026-08-04T11:15:26Z
13771,10,2026-08-04T11:15:28Z
13772,12,2026-08-04T11:15:30Z
13773,12,2026-08-04T11:15:32Z
13774,13,2026-08-04T11:15:34Z
13775,13,2026-08-04T11:15:36Z
13776,15,2026-08-04T11:15:38Z
13777,14,2026-08-04T11:15:40Z
13778,13,2026-08-04T11:15:41Z
13779,14,2026-08-04T11:15:43Z
13780,17,2026-08-04T11:15:45Z
13781,16,2026-08-04T11:15:47Z
13782,16,2026-08-04T11:15:49Z
13783,16,2026-08-04T11:15:51Z
13784,16,2026-08-04T11:15:53Z
13785,15,2026-08-04T11:15:55Z
13786,15,2026-08-04T11:15:57Z
13787,13,2026-08-04T11:15:59Z
13788,12,2026-08-04T11:16:01Z
13789,13,2026-08-04T11:16:03Z
13790,16,2026-08-04T11:16:05Z
13791,17,2026-08-04T11:16:07Z
13792,14,2026-08-04T11:16:08Z
13793,13,2026-08-04T11:16:10Z
13794,13,2026-08-04T11:16:12Z
13795,14,2026-08-04T11:16:15Z
13796,14,2026-08-04T11:16:17Z
13797,16,2026-08-04T11:16:19Z
13798,16,2026-08-04T11:16:21Z
13799,16,2026-08-04T11:16:24Z
13800,15,2026-08-04T11:16:26Z
13801,18,2026-08-04T11:16:28Z
13802,17,2026-08-04T11:16:31Z
13803,16,2026-08-04T11:16:33Z
13804,15,2026-08-04T11:16:35Z
13805,16,2026-08-04T11:16:37Z
13806,17,2026-08-04T11:16:40Z
13807,17,2026-08-04T11:16:42Z
13808,14,2026-08-04T11:16:44Z
13809,17,2026-08-04T11:16:47Z
13810,15,2026-08-04T11:16:49Z
13811,13,2026-08-04T11:16:51Z
13812,13,2026-08-04T11:16:53Z
13813,17,2026-08-04T11:16:56Z
13814,15,2026-08-04T11:16:58Z
13815,15,2026-08-04T11:17:00Z
13816,16,2026-08-04T11:17:03Z
13817,19,2026-08-04T11:17:05Z
13818,19,2026-08-04T11:17:07Z
13819,19,2026-08-04T11:17:09Z
13820,19,2026-08-04T11:17:12Z
13821,18,2026-08-04T11:17:14Z
13822,19,2026-08-04T11:17:16Z
13823,20,2026-08-04T11:17:19Z
13824,22,2026-08-04T11:17:21Z
13825,21,2026-08-04T11:17:23Z
13826,18,2026-08-04T11:17:25Z
13827,20,2026-08-04T11:17:28Z
13828,22,2026-08-04T11:17:30Z
13829,21,2026-08-04T11:17:32Z
13830,20,2026-08-04T11:17:35Z
13831,21,2026-08-04T11:17:37Z
13832,20,2026-08-04T11:17:40Z
13833,21,2026-08-04T11:17:42Z
13834,21,2026-08-04T11:17:45Z
13835,21,2026-08-04T11:17:48Z
13836,21,2026-08-04T11:17:50Z
13837,21,2026-08-04T11:17:53Z
13838,22,2026-08-04T11:17:55Z
13839,20,2026-08-04T11:17:58Z
13840,20,2026-08-04T11:18:01Z
13841,19,2026-08-04T11:18:03Z
13842,21,2026-08-04T11:18:06Z
13843,19,2026-08-04T11:18:09Z
13844,21,2026-08-04T11:18:11Z
13845,21,2026-08-04T11:18:14Z
13846,21,2026-08-04T11:18:17Z
13847,21,2026-08-04T11:18:19Z
13848,18,2026-08-04T11:18:22Z
13849,21,2026-08-04T11:18:25Z
13850,23,2026-08-04T11:18:27Z
13851,23,2026-08-04T11:18:30Z
13852,24,2026-08-04T11:18:33Z
13853,27,2026-08-04T11:18:35Z
13854,29,2026-08-04T11:18:38Z
13855,26,2026-08-04T11:18:41Z
13856,28,2026-08-04T11:18:44Z
13857,26,2026-08-04T11:18:46Z
13858,25,2026-08-04T11:18:49Z
13859,23,2026-08-04T11:18:52Z
13860,25,2026-08-04T11:18:55Z
13861,21,2026-08-04T11:18:57Z
13862,20,2026-08-04T11:19:00Z
13863,19,2026-08-04T11:19:03Z
13864,17,2026-08-04T11:19:06Z
13865,17,2026-08-04T11:19:08Z
13866,17,2026-08-04T11:19:10Z
13867,16,2026-08-04T11:19:12Z
13868,17,2026-08-04T11:19:15Z
13869,16,2026-08-04T11:19:17Z
13870,16,2026-08-04T11:19:19Z
13871,17,2026-08-04T11:19:22Z
13872,17,2026-08-04T11:19:24Z
13873,20,2026-08-04T11:19:26Z
13874,17,2026-08-04T11:19:28Z
13875,15,2026-08-04T11:19:31Z
13876,18,2026-08-04T11:19:33Z
13877,17,2026-08-04T11:19:35Z
13878,17,2026-08-04T11:19:37Z
13879,17,2026-08-04T11:19:40Z
13880,16,2026-08-04T11:19:42Z
13881,17,2026-08-04T11:19:44Z
13882,18,2026-08-04T11:19:46Z
13883,16,2026-08-04T11:19:49Z
13884,18,2026-08-04T11:19:51Z
13885,20,2026-08-04T11:19:53Z
13886,19,2026-08-04T11:19:55Z
13887,18,2026-08-04T11:19:58Z
13888,17,2026-08-04T11:20:00Z
13889,21,2026-08-04T11:20:02Z
13890,20,2026-08-04T11:20:04Z
13891,23,2026-08-04T11:20:07Z
13892,25,2026-08-04T11:20:09Z
13893,25,2026-08-04T11:20:11Z
13894,25,2026-08-04T11:20:13Z
13895,23,2026-08-04T11:20:15Z
13896,24,2026-08-04T11:20:18Z
13897,21,2026-08-04T11:20:20Z
13898,22,2026-08-04T11:20:22Z
13899,22,2026-08-04T11:20:25Z
13900,24,2026-08-04T11:20:27Z
13901,23,2026-08-04T11:20:30Z
13902,26,2026-08-04T11:20:33Z
13903,26,2026-08-04T11:20:35Z
13904,25,2026-08-04T11:20:37Z
13905,27,2026-08-04T11:20:40Z
13906,28,2026-08-04T11:20:42Z
13907,23,2026-08-04T11:20:44Z
13908,22,2026-08-04T11:20:47Z
13909,22,2026-08-04T11:20:49Z
13910,23,2026-08-04T11:20:51Z
13911,25,2026-08-04T11:20:53Z
13912,24,2026-08-04T11:20:55Z
13913,18,2026-08-04T11:20:57Z
13914,19,2026-08-04T11:20:59Z
13915,19,2026-08-04T11:21:01Z
13916,17,2026-08-04T11:21:03Z
13917,18,2026-08-04T11:21:05Z
13918,18,2026-08-04T11:21:07Z
13919,20,2026-08-04T11:21:09Z
13920,16,2026-08-04T11:21:11Z
13921,18,2026-08-04T11:21:13Z
13922,17,2026-08-04T11:21:15Z
13923,14,2026-08-04T11:21:17Z
13924,15,2026-08-04T11:21:19Z
13925,21,2026-08-04T11:21:21Z
13926,17,2026-08-04T11:21:23Z
13927,17,2026-08-04T11:21:25Z
13928,15,2026-08-04T11:21:27Z
13929,19,2026-08-04T11:21:29Z
13930,17,2026-08-04T11:21:31Z
13931,18,2026-08-04T11:21:33Z
13932,16,2026-08-04T11:21:35Z
13933,22,2026-08-04T11:21:37Z
13934,19,2026-08-04T11:21:39Z
13935,17,2026-08-04T11:21:41Z
13936,21,2026-08-04T11:21:43Z
13937,22,2026-08-04T11:21:45Z
13938,20,2026-08-04T11:21:47Z
13939,19,2026-08-04T11:21:49Z
13940,22,2026-08-04T11:21:51Z
13941,22,2026-08-04T11:21:52Z
13942,21,2026-08-04T11:21:54Z
13943,20,2026-08-04T11:21:56Z
13944,20,2026-08-04T11:21:58Z
13945,21,2026-08-04T11:22:00Z
13946,20,2026-08-04T11:22:02Z
13947,20,2026-08-04T11:22:04Z
13948,22,2026-08-04T11:22:07Z
13949,19,2026-08-04T11:22:09Z
13950,17,2026-08-04T11:22:10Z
13951,19,2026-08-04T11:22:12Z
13952,19,2026-08-04T11:22:14Z
13953,17,2026-08-04T11:22:15Z
13954,15,2026-08-04T11:22:17Z
13955,16,2026-08-04T11:22:19Z
13956,19,2026-08-04T11:22:20Z
13957,16,2026-08-04T11:22:22Z
13958,15,2026-08-04T11:22:24Z
13959,14,2026-08-04T11:22:25Z
13960,17,2026-08-04T11:22:27Z
13961,17,2026-08-04T11:22:28Z
13962,16,2026-08-04T11:22:30Z
13963,15,2026-08-04T11:22:32Z
13964,16,2026-08-04T11:22:33Z
13965,15,2026-08-04T11:22:35Z
13966,14,2026-08-04T11:22:36Z
13967,15,2026-08-04T11:22:38Z
13968,16,2026-08-04T11:22:40Z
13969,12,2026-08-04T11:22:41Z
13970,13,2026-08-04T11:22:43Z
13971,13,2026-08-04T11:22:44Z
13972,14,2026-08-04T11:22:46Z
13973,13,2026-08-04T11:22:48Z
13974,12,2026-08-04T11:22:49Z
13975,13,2026-08-04T11:22:51Z
13976,11,2026-08-04T11:22:52Z
13977,10,2026-08-04T11:22:54Z
13978,11,2026-08-04T11:22:55Z
13979,15,2026-08-04T11:22:57Z
13980,12,2026-08-04T11:22:59Z
13981,11,2026-08-04T11:23:00Z
13982,10,2026-08-04T11:23:02Z
13983,14,2026-08-04T11:23:03Z
13984,12,2026-08-04T11:23:05Z
13985,13,2026-08-04T11:23:06Z
13986,14,2026-08-04T11:23:08Z
13987,18,2026-08-04T11:23:10Z
13988,19,2026-08-04T11:23:11Z
13989,21,2026-08-04T11:23:13Z
13990,18,2026-08-04T11:23:15Z
13991,20,2026-08-04T11:23:16Z
13992,21,2026-08-04T11:23:18Z
13993,20,2026-08-04T11:23:20Z
13994,20,2026-08-04T11:23:22Z
13995,21,2026-08-04T11:23:24Z
13996,23,2026-08-04T11:23:26Z
13997,23,2026-08-04T11:23:28Z
13998,23,2026-08-04T11:23:30Z
13999,22,2026-08-04T11:23:32Z
14000,25,2026-08-04T11:23:34Z
14001,23,2026-08-04T11:23:36Z
14002,21,2026-08-04T11:23:38Z
14003,20,2026-08-04T11:23:39Z
14004,19,2026-08-04T11:23:41Z
14005,19,2026-08-04T11:23:43Z
14006,18,2026-08-04T11:23:45Z
14007,19,2026-08-04T11:23:47Z
14008,15,2026-08-04T11:23:49Z
14009,17,2026-08-04T11:23:51Z
14010,17,2026-08-04T11:23:53Z
14011,18,2026-08-04T11:23:55Z
14012,20,2026-08-04T11:23:57Z
14013,20,2026-08-04T11:23:59Z
14014,20,2026-08-04T11:24:01Z
14015,22,2026-08-04T11:24:03Z
14016,18,2026-08-04T11:24:05Z
14017,18,2026-08-04T11:24:07Z
14018,20,2026-08-04T11:24:09Z
14019,18,2026-08-04T11:24:11Z
14020,20,2026-08-04T11:24:13Z
14021,21,2026-08-04T11:24:15Z
14022,22,2026-08-04T11:24:17Z
14023,21,2026-08-04T11:24:19Z
14024,22,2026-08-04T11:24:21Z
14025,22,2026-08-04T11:24:24Z
14026,24,2026-08-04T11:24:26Z
14027,27,2026-08-04T11:24:28Z
14028,25,2026-08-04T11:24:30Z
14029,26,2026-08-04T11:24:32Z
14030,26,2026-08-04T11:24:34Z
14031,27,2026-08-04T11:24:36Z
14032,26,2026-08-04T11:24:38Z
14033,23,2026-08-04T11:24:41Z
14034,26,2026-08-04T11:24:43Z
14035,22,2026-08-04T11:24:45Z
14036,22,2026-08-04T11:24:47Z
14037,20,2026-08-04T11:24:49Z
14038,20,2026-08-04T11:24:50Z
14039,20,2026-08-04T11:24:52Z
14040,22,2026-08-04T11:24:54Z
14041,21,2026-08-04T11:24:56Z
14042,18,2026-08-04T11:24:58Z
14043,21,2026-08-04T11:24:59Z
14044,18,2026-08-04T11:25:01Z
14045,21,2026-08-04T11:25:03Z
14046,19,2026-08-04T11:25:05Z
14047,21,2026-08-04T11:25:08Z
14048,21,2026-08-04T11:25:10Z
14049,19,2026-08-04T11:25:12Z
14050,17,2026-08-04T11:25:14Z
14051,19,2026-08-04T11:25:16Z
14052,21,2026-08-04T11:25:18Z
14053,21,2026-08-04T11:25:20Z
14054,24,2026-08-04T11:25:22Z
14055,20,2026-08-04T11:25:24Z
14056,21,2026-08-04T11:25:26Z
14057,22,2026-08-04T11:25:28Z
14058,21,2026-08-04T11:25:30Z
14059,20,2026-08-04T11:25:32Z
14060,21,2026-08-04T11:25:34Z
14061,23,2026-08-04T11:25:36Z
14062,21,2026-08-04T11:25:38Z
14063,20,2026-08-04T11:25:40Z
14064,21,2026-08-04T11:25:42Z
14065,23,2026-08-04T11:25:44Z
14066,23,2026-08-04T11:25:46Z
14067,21,2026-08-04T11:25:48Z
14068,22,2026-08-04T11:25:50Z
14069,19,2026-08-04T11:25:52Z
14070,18,2026-08-04T11:25:54Z
14071,21,2026-08-04T11:25:56Z
14072,18,2026-08-04T11:25:58Z
14073,17,2026-08-04T11:26:00Z
14074,17,2026-08-04T11:26:01Z
14075,20,2026-08-04T11:26:03Z
14076,18,2026-08-04T11:26:05Z
14077,16,2026-08-04T11:26:06Z
14078,13,2026-08-04T11:26:08Z
14079,15,2026-08-04T11:26:10Z
14080,13,2026-08-04T11:26:12Z
14081,14,2026-08-04T11:26:13Z
14082,15,2026-08-04T11:26:15Z
14083,16,2026-08-04T11:26:17Z
14084,16,2026-08-04T11:26:19Z
14085,17,2026-08-04T11:26:20Z
14086,20,2026-08-04T11:26:22Z
14087,16,2026-08-04T11:26:24Z
14088,16,2026-08-04T11:26:26Z
14089,14,2026-08-04T11:26:27Z
14090,14,2026-08-04T11:26:29Z
14091,16,2026-08-04T11:26:31Z
14092,13,2026-08-04T11:26:33Z
14093,14,2026-08-04T11:26:34Z
14094,14,2026-08-04T11:26:36Z
14095,16,2026-08-04T11:26:38Z
14096,17,2026-08-04T11:26:40Z
14097,15,2026-08-04T11:26:41Z
14098,17,2026-08-04T11:26:43Z
14099,15,2026-08-04T11:26:45Z
14100,16,2026-08-04T11:26:47Z
14101,15,2026-08-04T11:26:48Z
14102,17,2026-08-04T11:26:50Z
14103,17,2026-08-04T11:26:52Z
14104,17,2026-08-04T11:26:54Z
14105,19,2026-08-04T11:26:55Z
14106,20,2026-08-04T11:26:57Z
14107,21,2026-08-04T11:26:59Z
14108,22,2026-08-04T11:27:01Z
14109,22,2026-08-04T11:27:03Z
14110,21,2026-08-04T11:27:06Z
14111,21,2026-08-04T11:27:08Z
14112,22,2026-08-04T11:27:10Z
14113,24,2026-08-04T11:27:13Z
14114,26,2026-08-04T11:27:15Z
14115,27,2026-08-04T11:27:18Z
14116,26,2026-08-04T11:27:20Z
14117,24,2026-08-04T11:27:22Z
14118,25,2026-08-04T11:27:24Z
14119,23,2026-08-04T11:27:25Z
14120,24,2026-08-04T11:27:28Z
14121,24,2026-08-04T11:27:30Z
14122,26,2026-08-04T11:27:32Z
14123,25,2026-08-04T11:27:35Z
14124,23,2026-08-04T11:27:38Z
14125,25,2026-08-04T11:27:41Z
14126,24,2026-08-04T11:27:42Z
14127,23,2026-08-04T11:27:44Z
14128,24,2026-08-04T11:27:46Z
14129,24,2026-08-04T11:27:48Z
14130,20,2026-08-04T11:27:50Z
14131,19,2026-08-04T11:27:52Z
14132,18,2026-08-04T11:27:54Z
14133,19,2026-08-04T11:27:56Z
14134,21,2026-08-04T11:27:58Z
14135,18,2026-08-04T11:28:00Z
14136,21,2026-08-04T11:28:02Z
14137,18,2026-08-04T11:28:04Z
14138,19,2026-08-04T11:28:06Z
14139,19,2026-08-04T11:28:08Z
14140,16,2026-08-04T11:28:10Z
14141,18,2026-08-04T11:28:12Z
14142,17,2026-08-04T11:28:13Z
14143,18,2026-08-04T11:28:15Z
14144,18,2026-08-04T11:28:17Z
14145,21,2026-08-04T11:28:19Z
14146,21,2026-08-04T11:28:21Z
14147,20,2026-08-04T11:28:23Z
14148,20,2026-08-04T11:28:25Z
14149,21,2026-08-04T11:28:27Z
14150,19,2026-08-04T11:28:29Z
14151,20,2026-08-04T11:28:31Z
14152,21,2026-08-04T11:28:33Z
14153,24,2026-08-04T11:28:35Z
14154,21,2026-08-04T11:28:37Z
14155,23,2026-08-04T11:28:39Z
14156,24,2026-08-04T11:28:41Z
14157,22,2026-08-04T11:28:43Z
14158,23,2026-08-04T11:28:45Z
14159,24,2026-08-04T11:28:48Z
14160,25,2026-08-04T11:28:50Z
14161,22,2026-08-04T11:28:52Z
14162,23,2026-08-04T11:28:54Z
14163,24,2026-08-04T11:28:56Z
14164,21,2026-08-04T11:28:59Z
14165,24,2026-08-04T11:29:01Z
14166,24,2026-08-04T11:29:03Z
14167,25,2026-08-04T11:29:06Z
14168,23,2026-08-04T11:29:08Z
14169,23,2026-08-04T11:29:10Z
14170,22,2026-08-04T11:29:12Z
14171,18,2026-08-04T11:29:14Z
14172,20,2026-08-04T11:29:16Z
14173,19,2026-08-04T11:29:17Z
14174,17,2026-08-04T11:29:20Z
14175,18,2026-08-04T11:29:21Z
14176,18,2026-08-04T11:29:23Z
14177,19,2026-08-04T11:29:25Z
14178,18,2026-08-04T11:29:26Z
14179,18,2026-08-04T11:29:28Z
14180,17,2026-08-04T11:29:30Z
14181,16,2026-08-04T11:29:31Z
14182,16,2026-08-04T11:29:33Z
14183,15,2026-08-04T11:29:34Z
14184,14,2026-08-04T11:29:36Z
14185,13,2026-08-04T11:29:38Z
14186,16,2026-08-04T11:29:39Z
14187,15,2026-08-04T11:29:41Z
14188,14,2026-08-04T11:29:42Z
14189,15,2026-08-04T11:29:44Z
14190,15,2026-08-04T11:29:46Z
14191,15,2026-08-04T11:29:47Z
14192,17,2026-08-04T11:29:49Z
14193,19,2026-08-04T11:29:50Z
14194,18,2026-08-04T11:29:52Z
14195,19,2026-08-04T11:29:54Z
14196,18,2026-08-04T11:29:55Z
14197,19,2026-08-04T11:29:57Z
14198,17,2026-08-04T11:29:59Z
14199,18,2026-08-04T11:30:01Z
14200,18,2026-08-04T11:30:03Z
14201,18,2026-08-04T11:30:06Z
14202,21,2026-08-04T11:30:08Z
14203,22,2026-08-04T11:30:10Z
14204,20,2026-08-04T11:30:12Z
14205,21,2026-08-04T11:30:14Z
14206,22,2026-08-04T11:30:16Z
14207,20,2026-08-04T11:30:18Z
14208,19,2026-08-04T11:30:21Z
14209,17,2026-08-04T11:30:23Z
14210,19,2026-08-04T11:30:25Z
14211,20,2026-08-04T11:30:27Z
14212,21,2026-08-04T11:30:29Z
14213,21,2026-08-04T11:30:31Z
14214,20,2026-08-04T11:30:33Z
14215,17,2026-08-04T11:30:35Z
14216,18,2026-08-04T11:30:37Z
14217,19,2026-08-04T11:30:39Z
14218,20,2026-08-04T11:30:42Z
14219,21,2026-08-04T11:30:44Z
14220,23,2026-08-04T11:30:46Z
14221,21,2026-08-04T11:30:48Z
14222,25,2026-08-04T11:30:50Z
14223,25,2026-08-04T11:30:52Z
14224,28,2026-08-04T11:30:54Z
14225,28,2026-08-04T11:30:56Z
14226,28,2026-08-04T11:30:58Z
14227,29,2026-08-04T11:31:01Z
14228,29,2026-08-04T11:31:03Z
14229,27,2026-08-04T11:31:05Z
14230,29,2026-08-04T11:31:07Z
14231,28,2026-08-04T11:31:09Z
14232,29,2026-08-04T11:31:11Z
14233,29,2026-08-04T11:31:13Z
14234,29,2026-08-04T11:31:16Z
14235,29,2026-08-04T11:31:18Z
14236,33,2026-08-04T11:31:20Z
14237,28,2026-08-04T11:31:22Z
14238,26,2026-08-04T11:31:24Z
14239,26,2026-08-04T11:31:26Z
14240,24,2026-08-04T11:31:28Z
14241,21,2026-08-04T11:31:30Z
14242,21,2026-08-04T11:31:32Z
14243,19,2026-08-04T11:31:34Z
14244,19,2026-08-04T11:31:35Z
14245,14,2026-08-04T11:31:37Z
14246,14,2026-08-04T11:31:39Z
14247,16,2026-08-04T11:31:40Z
14248,17,2026-08-04T11:31:42Z
14249,17,2026-08-04T11:31:44Z
14250,20,2026-08-04T11:31:46Z
14251,18,2026-08-04T11:31:48Z
14252,16,2026-08-04T11:31:49Z
14253,16,2026-08-04T11:31:51Z
14254,17,2026-08-04T11:31:53Z
14255,16,2026-08-04T11:31:55Z
14256,14,2026-08-04T11:31:56Z
14257,18,2026-08-04T11:31:58Z
14258,18,2026-08-04T11:32:00Z
14259,16,2026-08-04T11:32:01Z
14260,17,2026-08-04T11:32:03Z
14261,14,2026-08-04T11:32:05Z
14262,13,2026-08-04T11:32:07Z
14263,13,2026-08-04T11:32:08Z
14264,14,2026-08-04T11:32:10Z
14265,16,2026-08-04T11:32:12Z
14266,17,2026-08-04T11:32:14Z
14267,18,2026-08-04T11:32:15Z
14268,20,2026-08-04T11:32:17Z
14269,18,2026-08-04T11:32:19Z
14270,19,2026-08-04T11:32:20Z
14271,20,2026-08-04T11:32:22Z
14272,19,2026-08-04T11:32:24Z
14273,15,2026-08-04T11:32:26Z
14274,15,2026-08-04T11:32:27Z
14275,19,2026-08-04T11:32:29Z
14276,17,2026-08-04T11:32:31Z
14277,18,2026-08-04T11:32:32Z
14278,19,2026-08-04T11:32:34Z
14279,20,2026-08-04T11:32:36Z
14280,23,2026-08-04T11:32:38Z
14281,21,2026-08-04T11:32:39Z
14282,21,2026-08-04T11:32:41Z
14283,19,2026-08-04T11:32:43Z
14284,20,2026-08-04T11:32:45Z
14285,21,2026-08-04T11:32:47Z
14286,19,2026-08-04T11:32:49Z
14287,20,2026-08-04T11:32:51Z
14288,21,2026-08-04T11:32:53Z
14289,21,2026-08-04T11:32:55Z
14290,21,2026-08-04T11:32:57Z
14291,21,2026-08-04T11:32:59Z
14292,24,2026-08-04T11:33:01Z
14293,22,2026-08-04T11:33:03Z
14294,22,2026-08-04T11:33:05Z
14295,22,2026-08-04T11:33:07Z
14296,19,2026-08-04T11:33:09Z
14297,17,2026-08-04T11:33:11Z
14298,18,2026-08-04T11:33:13Z
14299,19,2026-08-04T11:33:14Z
14300,19,2026-08-04T11:33:16Z
14301,17,2026-08-04T11:33:18Z
14302,18,2026-08-04T11:33:20Z
14303,19,2026-08-04T11:33:22Z
14304,17,2026-08-04T11:33:24Z
14305,18,2026-08-04T11:33:26Z
14306,21,2026-08-04T11:33:28Z
14307,18,2026-08-04T11:33:30Z
14308,19,2026-08-04T11:33:32Z
14309,20,2026-08-04T11:33:34Z
14310,18,2026-08-04T11:33:36Z
14311,17,2026-08-04T11:33:36Z
14312,16,2026-08-04T11:33:38Z
14313,15,2026-08-04T11:33:40Z
14314,14,2026-08-04T11:33:42Z
14315,14,2026-08-04T11:33:44Z
14316,14,2026-08-04T11:33:45Z
14317,15,2026-08-04T11:33:47Z
14318,14,2026-08-04T11:33:49Z
14319,15,2026-08-04T11:33:51Z
14320,16,2026-08-04T11:33:53Z
14321,19,2026-08-04T11:33:55Z
14322,13,2026-08-04T11:33:56Z
14323,16,2026-08-04T11:33:58Z
14324,16,2026-08-04T11:34:00Z
14325,15,2026-08-04T11:34:02Z
14326,16,2026-08-04T11:34:04Z
14327,15,2026-08-04T11:34:06Z
14328,16,2026-08-04T11:34:08Z
14329,15,2026-08-04T11:34:10Z
14330,17,2026-08-04T11:34:12Z
14331,16,2026-08-04T11:34:14Z
14332,17,2026-08-04T11:34:16Z
14333,19,2026-08-04T11:34:18Z
14334,19,2026-08-04T11:34:21Z
14335,19,2026-08-04T11:34:23Z
14336,17,2026-08-04T11:34:26Z
14337,18,2026-08-04T11:34:28Z
14338,19,2026-08-04T11:34:30Z
14339,21,2026-08-04T11:34:33Z
14340,22,2026-08-04T11:34:35Z
14341,23,2026-08-04T11:34:38Z
14342,24,2026-08-04T11:34:40Z
14343,27,2026-08-04T11:34:42Z
14344,27,2026-08-04T11:34:45Z
14345,26,2026-08-04T11:34:47Z
14346,25,2026-08-04T11:34:51Z
14347,24,2026-08-04T11:34:54Z
14348,24,2026-08-04T11:34:56Z
14349,23,2026-08-04T11:34:58Z
14350,24,2026-08-04T11:35:00Z
14351,24,2026-08-04T11:35:02Z
14352,25,2026-08-04T11:35:04Z
14353,24,2026-08-04T11:35:06Z
14354,21,2026-08-04T11:35:08Z
14355,22,2026-08-04T11:35:10Z
14356,18,2026-08-04T11:35:12Z
14357,18,2026-08-04T11:35:14Z
14358,18,2026-08-04T11:35:16Z
14359,17,2026-08-04T11:35:17Z
14360,16,2026-08-04T11:35:19Z
14361,16,2026-08-04T11:35:21Z
14362,16,2026-08-04T11:35:23Z
14363,14,2026-08-04T11:35:25Z
14364,15,2026-08-04T11:35:27Z
14365,19,2026-08-04T11:35:29Z
14366,18,2026-08-04T11:35:31Z
14367,19,2026-08-04T11:35:33Z
14368,22,2026-08-04T11:35:35Z
14369,21,2026-08-04T11:35:37Z
14370,22,2026-08-04T11:35:39Z
14371,22,2026-08-04T11:35:41Z
14372,21,2026-08-04T11:35:43Z
14373,21,2026-08-04T11:35:44Z
14374,22,2026-08-04T11:35:46Z
14375,17,2026-08-04T11:35:48Z
14376,18,2026-08-04T11:35:50Z
14377,17,2026-08-04T11:35:52Z
14378,17,2026-08-04T11:35:54Z
14379,16,2026-08-04T11:35:56Z
14380,18,2026-08-04T11:35:58Z
14381,18,2026-08-04T11:36:00Z
14382,15,2026-08-04T11:36:02Z
14383,16,2026-08-04T11:36:04Z
14384,15,2026-08-04T11:36:06Z
14385,14,2026-08-04T11:36:08Z
14386,16,2026-08-04T11:36:10Z
14387,17,2026-08-04T11:36:12Z
14388,17,2026-08-04T11:36:15Z
14389,19,2026-08-04T11:36:17Z
14390,17,2026-08-04T11:36:19Z
14391,16,2026-08-04T11:36:21Z
14392,17,2026-08-04T11:36:23Z
14393,19,2026-08-04T11:36:25Z
14394,19,2026-08-04T11:36:27Z
14395,24,2026-08-04T11:36:29Z
14396,21,2026-08-04T11:36:31Z
14397,21,2026-08-04T11:36:33Z
14398,26,2026-08-04T11:36:35Z
14399,24,2026-08-04T11:36:37Z
14400,23,2026-08-04T11:36:39Z
14401,24,2026-08-04T11:36:42Z
14402,22,2026-08-04T11:36:44Z
14403,22,2026-08-04T11:36:46Z
14404,21,2026-08-04T11:36:48Z
14405,22,2026-08-04T11:36:51Z
14406,22,2026-08-04T11:36:53Z
14407,19,2026-08-04T11:36:55Z
14408,19,2026-08-04T11:36:57Z
14409,20,2026-08-04T11:37:00Z
14410,21,2026-08-04T11:37:02Z
14411,20,2026-08-04T11:37:04Z
14412,22,2026-08-04T11:37:06Z
14413,19,2026-08-04T11:37:08Z
14414,20,2026-08-04T11:37:10Z
14415,19,2026-08-04T11:37:12Z
14416,20,2026-08-04T11:37:14Z
14417,19,2026-08-04T11:37:16Z
14418,20,2026-08-04T11:37:17Z
14419,20,2026-08-04T11:37:19Z
14420,21,2026-08-04T11:37:21Z
14421,21,2026-08-04T11:37:22Z
14422,19,2026-08-04T11:37:24Z
14423,21,2026-08-04T11:37:26Z
14424,19,2026-08-04T11:37:28Z
14425,18,2026-08-04T11:37:30Z
14426,20,2026-08-04T11:37:32Z
14427,19,2026-08-04T11:37:33Z
14428,19,2026-08-04T11:37:35Z
14429,19,2026-08-04T11:37:37Z
14430,21,2026-08-04T11:37:39Z
14431,21,2026-08-04T11:37:41Z
14432,23,2026-08-04T11:37:43Z
14433,23,2026-08-04T11:37:45Z
14434,21,2026-08-04T11:37:47Z
14435,22,2026-08-04T11:37:49Z
14436,24,2026-08-04T11:37:51Z
14437,21,2026-08-04T11:37:53Z
14438,22,2026-08-04T11:37:55Z
14439,21,2026-08-04T11:37:57Z
14440,20,2026-08-04T11:37:59Z
14441,20,2026-08-04T11:38:01Z
14442,22,2026-08-04T11:38:03Z
14443,23,2026-08-04T11:38:05Z
14444,23,2026-08-04T11:38:07Z
14445,21,2026-08-04T11:38:09Z
14446,23,2026-08-04T11:38:11Z
14447,20,2026-08-04T11:38:12Z
14448,20,2026-08-04T11:38:14Z
14449,20,2026-08-04T11:38:16Z
14450,19,2026-08-04T11:38:18Z
14451,19,2026-08-04T11:38:20Z
14452,20,2026-08-04T11:38:22Z
14453,16,2026-08-04T11:38:24Z
14454,19,2026-08-04T11:38:26Z
14455,16,2026-08-04T11:38:28Z
14456,15,2026-08-04T11:38:29Z
14457,17,2026-08-04T11:38:31Z
14458,15,2026-08-04T11:38:32Z
14459,14,2026-08-04T11:38:34Z
14460,17,2026-08-04T11:38:36Z
14461,14,2026-08-04T11:38:37Z
14462,13,2026-08-04T11:38:39Z
14463,16,2026-08-04T11:38:41Z
14464,15,2026-08-04T11:38:42Z
14465,15,2026-08-04T11:38:44Z
14466,18,2026-08-04T11:38:46Z
14467,17,2026-08-04T11:38:47Z
14468,15,2026-08-04T11:38:49Z
14469,15,2026-08-04T11:38:51Z
14470,13,2026-08-04T11:38:52Z
14471,14,2026-08-04T11:38:54Z
14472,18,2026-08-04T11:38:55Z
14473,19,2026-08-04T11:38:57Z
14474,20,2026-08-04T11:39:00Z
14475,19,2026-08-04T11:39:03Z
14476,17,2026-08-04T11:39:05Z
14477,19,2026-08-04T11:39:07Z
14478,17,2026-08-04T11:39:09Z
14479,19,2026-08-04T11:39:11Z
14480,22,2026-08-04T11:39:12Z
14481,19,2026-08-04T11:39:14Z
14482,21,2026-08-04T11:39:16Z
14483,21,2026-08-04T11:39:18Z
14484,19,2026-08-04T11:39:20Z
14485,18,2026-08-04T11:39:22Z
14486,19,2026-08-04T11:39:24Z
14487,21,2026-08-04T11:39:26Z
14488,20,2026-08-04T11:39:28Z
14489,19,2026-08-04T11:39:30Z
14490,21,2026-08-04T11:39:32Z
14491,20,2026-08-04T11:39:34Z
14492,17,2026-08-04T11:39:36Z
14493,18,2026-08-04T11:39:38Z
14494,18,2026-08-04T11:39:40Z
14495,18,2026-08-04T11:39:42Z
14496,18,2026-08-04T11:39:44Z
14497,18,2026-08-04T11:39:46Z
14498,19,2026-08-04T11:39:48Z
14499,20,2026-08-04T11:39:50Z
14500,21,2026-08-04T11:39:52Z
14501,24,2026-08-04T11:39:54Z
14502,24,2026-08-04T11:39:56Z
14503,23,2026-08-04T11:39:58Z
14504,25,2026-08-04T11:40:00Z
14505,25,2026-08-04T11:40:02Z
14506,25,2026-08-04T11:40:04Z
14507,25,2026-08-04T11:40:06Z
14508,22,2026-08-04T11:40:08Z
14509,21,2026-08-04T11:40:10Z
14510,21,2026-08-04T11:40:12Z
14511,27,2026-08-04T11:40:14Z
14512,20,2026-08-04T11:40:16Z
14513,22,2026-08-04T11:40:18Z
14514,21,2026-08-04T11:40:20Z
14515,18,2026-08-04T11:40:22Z
14516,22,2026-08-04T11:40:24Z
14517,16,2026-08-04T11:40:26Z
14518,15,2026-08-04T11:40:28Z
14519,14,2026-08-04T11:40:30Z
14520,17,2026-08-04T11:40:32Z
14521,14,2026-08-04T11:40:34Z
14522,15,2026-08-04T11:40:36Z
14523,13,2026-08-04T11:40:38Z
14524,16,2026-08-04T11:40:40Z
14525,16,2026-08-04T11:40:42Z
14526,16,2026-08-04T11:40:44Z
14527,17,2026-08-04T11:40:45Z
14528,17,2026-08-04T11:40:46Z
14529,16,2026-08-04T11:40:48Z
14530,16,2026-08-04T11:40:49Z
14531,17,2026-08-04T11:40:51Z
14532,15,2026-08-04T11:40:53Z
14533,17,2026-08-04T11:40:55Z
14534,16,2026-08-04T11:40:58Z
14535,15,2026-08-04T11:41:00Z
14536,16,2026-08-04T11:41:02Z
14537,14,2026-08-04T11:41:04Z
14538,15,2026-08-04T11:41:06Z
14539,18,2026-08-04T11:41:08Z
14540,20,2026-08-04T11:41:10Z
14541,23,2026-08-04T11:41:12Z
14542,24,2026-08-04T11:41:14Z
14543,23,2026-08-04T11:41:16Z
14544,22,2026-08-04T11:41:19Z
14545,25,2026-08-04T11:41:21Z
14546,24,2026-08-04T11:41:23Z
14547,23,2026-08-04T11:41:26Z
14548,25,2026-08-04T11:41:28Z
14549,23,2026-08-04T11:41:31Z
14550,24,2026-08-04T11:41:33Z
14551,27,2026-08-04T11:41:36Z
14552,26,2026-08-04T11:41:38Z
14553,25,2026-08-04T11:41:40Z
14554,22,2026-08-04T11:41:43Z
14555,22,2026-08-04T11:41:45Z
14556,24,2026-08-04T11:41:48Z
14557,20,2026-08-04T11:41:50Z
14558,22,2026-08-04T11:41:52Z
14559,18,2026-08-04T11:41:54Z
14560,21,2026-08-04T11:41:56Z
14561,21,2026-08-04T11:41:57Z
14562,19,2026-08-04T11:41:59Z
14563,20,2026-08-04T11:42:01Z
14564,20,2026-08-04T11:42:03Z
14565,19,2026-08-04T11:42:05Z
14566,19,2026-08-04T11:42:07Z
14567,17,2026-08-04T11:42:09Z
14568,15,2026-08-04T11:42:11Z
14569,18,2026-08-04T11:42:13Z
14570,16,2026-08-04T11:42:15Z
14571,16,2026-08-04T11:42:17Z
14572,15,2026-08-04T11:42:19Z
14573,16,2026-08-04T11:42:21Z
14574,17,2026-08-04T11:42:23Z
14575,15,2026-08-04T11:42:25Z
14576,14,2026-08-04T11:42:27Z
14577,10,2026-08-04T11:42:29Z
14578,10,2026-08-04T11:42:31Z
14579,10,2026-08-04T11:42:33Z
14580,13,2026-08-04T11:42:35Z
14581,14,2026-08-04T11:42:37Z
14582,16,2026-08-04T11:42:39Z
14583,17,2026-08-04T11:42:41Z
14584,16,2026-08-04T11:42:43Z
14585,17,2026-08-04T11:42:45Z
14586,17,2026-08-04T11:42:47Z
14587,20,2026-08-04T11:42:48Z
14588,21,2026-08-04T11:42:50Z
14589,19,2026-08-04T11:42:52Z
14590,23,2026-08-04T11:42:54Z
14591,23,2026-08-04T11:42:56Z
14592,24,2026-08-04T11:42:58Z
14593,20,2026-08-04T11:43:00Z
14594,24,2026-08-04T11:43:02Z
14595,24,2026-08-04T11:43:04Z
14596,26,2026-08-04T11:43:06Z
14597,26,2026-08-04T11:43:09Z
14598,23,2026-08-04T11:43:13Z
14599,24,2026-08-04T11:43:16Z
14600,21,2026-08-04T11:43:18Z
14601,19,2026-08-04T11:43:20Z
14602,18,2026-08-04T11:43:22Z
14603,19,2026-08-04T11:43:25Z
14604,19,2026-08-04T11:43:27Z
14605,23,2026-08-04T11:43:29Z
14606,20,2026-08-04T11:43:31Z
14607,22,2026-08-04T11:43:33Z
14608,20,2026-08-04T11:43:35Z
14609,17,2026-08-04T11:43:37Z
14610,20,2026-08-04T11:43:39Z
14611,22,2026-08-04T11:43:41Z
14612,20,2026-08-04T11:43:43Z
14613,22,2026-08-04T11:43:45Z
14614,19,2026-08-04T11:43:47Z
14615,19,2026-08-04T11:43:49Z
14616,19,2026-08-04T11:43:51Z
14617,20,2026-08-04T11:43:53Z
14618,20,2026-08-04T11:43:55Z
14619,23,2026-08-04T11:43:57Z
14620,23,2026-08-04T11:43:59Z
14621,23,2026-08-04T11:44:01Z
14622,23,2026-08-04T11:44:03Z
14623,20,2026-08-04T11:44:05Z
14624,22,2026-08-04T11:44:07Z
14625,20,2026-08-04T11:44:10Z
14626,20,2026-08-04T11:44:12Z
14627,24,2026-08-04T11:44:14Z
14628,23,2026-08-04T11:44:17Z
14629,21,2026-08-04T11:44:19Z
14630,21,2026-08-04T11:44:21Z
14631,18,2026-08-04T11:44:23Z
14632,17,2026-08-04T11:44:25Z
14633,16,2026-08-04T11:44:27Z
14634,14,2026-08-04T11:44:28Z
14635,14,2026-08-04T11:44:30Z
14636,18,2026-08-04T11:44:32Z
14637,13,2026-08-04T11:44:34Z
14638,13,2026-08-04T11:44:36Z
14639,14,2026-08-04T11:44:37Z
14640,16,2026-08-04T11:44:39Z
14641,15,2026-08-04T11:44:41Z
14642,16,2026-08-04T11:44:43Z
14643,15,2026-08-04T11:44:45Z
14644,17,2026-08-04T11:44:47Z
14645,19,2026-08-04T11:44:49Z
14646,19,2026-08-04T11:44:51Z
14647,15,2026-08-04T11:44:53Z
14648,16,2026-08-04T11:44:54Z
14649,15,2026-08-04T11:44:56Z
14650,14,2026-08-04T11:44:58Z
14651,15,2026-08-04T11:45:00Z
14652,17,2026-08-04T11:45:02Z
14653,14,2026-08-04T11:45:03Z
14654,14,2026-08-04T11:45:05Z
14655,14,2026-08-04T11:45:07Z
14656,13,2026-08-04T11:45:09Z
14657,14,2026-08-04T11:45:11Z
14658,14,2026-08-04T11:45:13Z
14659,10,2026-08-04T11:45:15Z
14660,11,2026-08-04T11:45:17Z
14661,12,2026-08-04T11:45:19Z
14662,14,2026-08-04T11:45:21Z
14663,14,2026-08-04T11:45:23Z
14664,15,2026-08-04T11:45:24Z
14665,15,2026-08-04T11:45:26Z
14666,17,2026-08-04T11:45:28Z
14667,16,2026-08-04T11:45:30Z
14668,17,2026-08-04T11:45:32Z
14669,19,2026-08-04T11:45:34Z
14670,17,2026-08-04T11:45:36Z
14671,18,2026-08-04T11:45:38Z
14672,17,2026-08-04T11:45:40Z
14673,19,2026-08-04T11:45:42Z
14674,19,2026-08-04T11:45:44Z
14675,21,2026-08-04T11:45:46Z
14676,21,2026-08-04T11:45:48Z
14677,20,2026-08-04T11:45:50Z
14678,24,2026-08-04T11:45:52Z
14679,22,2026-08-04T11:45:54Z
14680,19,2026-08-04T11:45:56Z
14681,23,2026-08-04T11:45:58Z
14682,22,2026-08-04T11:46:01Z
14683,20,2026-08-04T11:46:03Z
14684,22,2026-08-04T11:46:05Z
14685,21,2026-08-04T11:46:08Z
14686,22,2026-08-04T11:46:10Z
14687,24,2026-08-04T11:46:13Z
14688,20,2026-08-04T11:46:15Z
14689,21,2026-08-04T11:46:18Z
14690,26,2026-08-04T11:46:21Z
14691,22,2026-08-04T11:46:23Z
14692,17,2026-08-04T11:46:25Z
14693,18,2026-08-04T11:46:28Z
14694,17,2026-08-04T11:46:30Z
14695,17,2026-08-04T11:46:32Z
14696,19,2026-08-04T11:46:34Z
14697,18,2026-08-04T11:46:36Z
14698,17,2026-08-04T11:46:38Z
14699,16,2026-08-04T11:46:40Z
14700,20,2026-08-04T11:46:42Z
14701,21,2026-08-04T11:46:44Z
14702,18,2026-08-04T11:46:46Z
14703,22,2026-08-04T11:46:48Z
14704,20,2026-08-04T11:46:50Z
14705,20,2026-08-04T11:46:52Z
14706,19,2026-08-04T11:46:54Z
14707,20,2026-08-04T11:46:56Z
14708,20,2026-08-04T11:46:58Z
14709,21,2026-08-04T11:47:00Z
14710,20,2026-08-04T11:47:02Z
14711,22,2026-08-04T11:47:04Z
14712,21,2026-08-04T11:47:06Z
14713,21,2026-08-04T11:47:08Z
14714,23,2026-08-04T11:47:10Z
14715,22,2026-08-04T11:47:13Z
14716,24,2026-08-04T11:47:15Z
14717,28,2026-08-04T11:47:17Z
14718,26,2026-08-04T11:47:20Z
14719,25,2026-08-04T11:47:22Z
14720,29,2026-08-04T11:47:24Z
14721,24,2026-08-04T11:47:27Z
14722,27,2026-08-04T11:47:29Z
14723,28,2026-08-04T11:47:31Z
14724,26,2026-08-04T11:47:34Z
14725,24,2026-08-04T11:47:36Z
14726,26,2026-08-04T11:47:38Z
14727,24,2026-08-04T11:47:41Z
14728,23,2026-08-04T11:47:43Z
14729,24,2026-08-04T11:47:45Z
14730,25,2026-08-04T11:47:47Z
14731,24,2026-08-04T11:47:50Z
14732,28,2026-08-04T11:47:53Z
14733,25,2026-08-04T11:47:54Z
14734,21,2026-08-04T11:47:56Z
14735,22,2026-08-04T11:47:58Z
14736,25,2026-08-04T11:48:00Z
14737,21,2026-08-04T11:48:02Z
14738,18,2026-08-04T11:48:05Z
14739,17,2026-08-04T11:48:07Z
14740,21,2026-08-04T11:48:09Z
14741,23,2026-08-04T11:48:11Z
14742,19,2026-08-04T11:48:13Z
14743,21,2026-08-04T11:48:15Z
14744,22,2026-08-04T11:48:17Z
14745,22,2026-08-04T11:48:19Z
14746,20,2026-08-04T11:48:21Z
14747,22,2026-08-04T11:48:23Z
14748,20,2026-08-04T11:48:26Z
14749,21,2026-08-04T11:48:26Z
14750,21,2026-08-04T11:48:28Z
14751,18,2026-08-04T11:48:29Z
14752,16,2026-08-04T11:48:31Z
14753,14,2026-08-04T11:48:32Z
14754,16,2026-08-04T11:48:34Z
14755,15,2026-08-04T11:48:35Z
14756,13,2026-08-04T11:48:37Z
14757,13,2026-08-04T11:48:38Z
14758,13,2026-08-04T11:48:40Z
14759,13,2026-08-04T11:48:42Z
14760,15,2026-08-04T11:48:43Z
14761,16,2026-08-04T11:48:45Z
14762,15,2026-08-04T11:48:47Z
14763,19,2026-08-04T11:48:49Z
14764,15,2026-08-04T11:48:51Z
14765,16,2026-08-04T11:48:53Z
14766,17,2026-08-04T11:48:55Z
14767,16,2026-08-04T11:48:57Z
14768,15,2026-08-04T11:48:59Z
14769,13,2026-08-04T11:49:00Z
14770,11,2026-08-04T11:49:02Z
14771,12,2026-08-04T11:49:04Z
14772,12,2026-08-04T11:49:06Z
14773,16,2026-08-04T11:49:08Z
14774,17,2026-08-04T11:49:10Z
14775,18,2026-08-04T11:49:12Z
14776,18,2026-08-04T11:49:14Z
14777,21,2026-08-04T11:49:16Z
14778,21,2026-08-04T11:49:17Z
14779,22,2026-08-04T11:49:20Z
14780,29,2026-08-04T11:49:23Z
14781,28,2026-08-04T11:49:25Z
14782,25,2026-08-04T11:49:28Z
14783,27,2026-08-04T11:49:30Z
14784,28,2026-08-04T11:49:33Z
14785,27,2026-08-04T11:49:35Z
14786,26,2026-08-04T11:49:38Z
14787,23,2026-08-04T11:49:41Z
14788,20,2026-08-04T11:49:43Z
14789,22,2026-08-04T11:49:46Z
14790,25,2026-08-04T11:49:56Z
14791,22,2026-08-04T11:50:06Z
14792,22,2026-08-04T11:50:16Z
14793,21,2026-08-04T11:50:27Z
14794,18,2026-08-04T11:50:37Z
14795,19,2026-08-04T11:50:38Z
14796,18,2026-08-04T11:50:40Z
14797,17,2026-08-04T11:50:41Z
14798,16,2026-08-04T11:50:43Z
14799,14,2026-08-04T11:50:45Z
14800,17,2026-08-04T11:50:46Z
14801,16,2026-08-04T11:50:48Z
14802,14,2026-08-04T11:50:50Z
14803,16,2026-08-04T11:50:52Z
14804,16,2026-08-04T11:50:54Z
14805,17,2026-08-04T11:50:56Z
14806,18,2026-08-04T11:50:57Z
14807,19,2026-08-04T11:50:59Z
14808,18,2026-08-04T11:51:01Z
14809,16,2026-08-04T11:51:03Z
14810,19,2026-08-04T11:51:05Z
14811,18,2026-08-04T11:51:06Z
14812,18,2026-08-04T11:51:08Z
14813,19,2026-08-04T11:51:10Z
14814,18,2026-08-04T11:51:12Z
14815,18,2026-08-04T11:51:14Z
14816,18,2026-08-04T11:51:16Z
14817,19,2026-08-04T11:51:18Z
14818,22,2026-08-04T11:51:20Z
14819,21,2026-08-04T11:51:22Z
14820,21,2026-08-04T11:51:24Z
14821,23,2026-08-04T11:51:26Z
14822,23,2026-08-04T11:51:28Z
14823,23,2026-08-04T11:51:30Z
14824,21,2026-08-04T11:51:33Z
14825,21,2026-08-04T11:51:35Z
14826,21,2026-08-04T11:51:38Z
14827,22,2026-08-04T11:51:40Z
14828,21,2026-08-04T11:51:43Z
14829,27,2026-08-04T11:51:45Z
14830,28,2026-08-04T11:51:48Z
14831,26,2026-08-04T11:51:50Z
14832,24,2026-08-04T11:51:53Z
14833,24,2026-08-04T11:51:55Z
14834,21,2026-08-04T11:51:58Z
14835,19,2026-08-04T11:51:59Z
14836,17,2026-08-04T11:52:00Z
14837,15,2026-08-04T11:52:02Z
14838,17,2026-08-04T11:52:05Z
14839,19,2026-08-04T11:52:07Z
14840,15,2026-08-04T11:52:09Z
14841,16,2026-08-04T11:52:11Z
14842,16,2026-08-04T11:52:14Z
14843,16,2026-08-04T11:52:17Z
14844,17,2026-08-04T11:52:19Z
14845,20,2026-08-04T11:52:22Z
14846,20,2026-08-04T11:52:25Z
14847,21,2026-08-04T11:52:28Z
14848,20,2026-08-04T11:52:30Z
14849,18,2026-08-04T11:52:33Z
14850,18,2026-08-04T11:52:36Z
14851,22,2026-08-04T11:52:39Z
14852,21,2026-08-04T11:52:41Z
14853,19,2026-08-04T11:52:44Z
14854,23,2026-08-04T11:52:47Z
14855,20,2026-08-04T11:52:50Z
14856,22,2026-08-04T11:52:52Z
14857,25,2026-08-04T11:52:55Z
14858,25,2026-08-04T11:52:58Z
14859,26,2026-08-04T11:53:00Z
14860,26,2026-08-04T11:53:03Z
14861,26,2026-08-04T11:53:06Z
14862,25,2026-08-04T11:53:09Z
14863,24,2026-08-04T11:53:11Z
14864,24,2026-08-04T11:53:14Z
14865,24,2026-08-04T11:53:17Z
14866,27,2026-08-04T11:53:20Z
14867,27,2026-08-04T11:53:23Z
14868,26,2026-08-04T11:53:26Z
14869,26,2026-08-04T11:53:29Z
14870,26,2026-08-04T11:53:32Z
14871,27,2026-08-04T11:53:35Z
14872,23,2026-08-04T11:53:37Z
14873,27,2026-08-04T11:53:40Z
14874,25,2026-08-04T11:53:43Z
14875,23,2026-08-04T11:53:45Z
14876,23,2026-08-04T11:53:47Z
14877,24,2026-08-04T11:53:50Z
14878,18,2026-08-04T11:53:52Z
14879,16,2026-08-04T11:53:55Z
14880,17,2026-08-04T11:53:57Z
14881,16,2026-08-04T11:54:00Z
14882,13,2026-08-04T11:54:03Z
14883,16,2026-08-04T11:54:05Z
14884,14,2026-08-04T11:54:08Z
14885,16,2026-08-04T11:54:10Z
14886,16,2026-08-04T11:54:13Z
14887,18,2026-08-04T11:54:16Z
14888,18,2026-08-04T11:54:18Z
14889,19,2026-08-04T11:54:21Z
14890,21,2026-08-04T11:54:24Z
14891,19,2026-08-04T11:54:27Z
14892,17,2026-08-04T11:54:30Z
14893,18,2026-08-04T11:54:33Z
14894,21,2026-08-04T11:54:36Z
14895,22,2026-08-04T11:54:39Z
14896,20,2026-08-04T11:54:42Z
14897,22,2026-08-04T11:54:45Z
14898,23,2026-08-04T11:54:48Z
14899,20,2026-08-04T11:54:51Z
14900,18,2026-08-04T11:54:54Z
14901,21,2026-08-04T11:54:56Z
14902,18,2026-08-04T11:54:59Z
14903,19,2026-08-04T11:55:01Z
14904,20,2026-08-04T11:55:04Z
14905,18,2026-08-04T11:55:07Z
14906,18,2026-08-04T11:55:10Z
14907,18,2026-08-04T11:55:12Z
14908,22,2026-08-04T11:55:15Z
14909,22,2026-08-04T11:55:18Z
14910,19,2026-08-04T11:55:21Z
14911,19,2026-08-04T11:55:24Z
14912,18,2026-08-04T11:55:27Z
14913,17,2026-08-04T11:55:29Z
14914,19,2026-08-04T11:55:32Z
14915,21,2026-08-04T11:55:35Z
14916,24,2026-08-04T11:55:38Z
14917,20,2026-08-04T11:55:41Z
14918,22,2026-08-04T11:55:44Z
14919,23,2026-08-04T11:55:46Z
14920,20,2026-08-04T11:55:49Z
14921,21,2026-08-04T11:55:52Z
14922,24,2026-08-04T11:55:55Z
14923,24,2026-08-04T11:55:58Z
14924,24,2026-08-04T11:56:01Z
14925,23,2026-08-04T11:56:03Z
14926,28,2026-08-04T11:56:06Z
14927,25,2026-08-04T11:56:09Z
14928,31,2026-08-04T11:56:12Z
14929,34,2026-08-04T11:56:15Z
14930,34,2026-08-04T11:56:18Z
14931,34,2026-08-04T11:56:20Z
14932,32,2026-08-04T11:56:23Z
14933,35,2026-08-04T11:56:26Z
14934,35,2026-08-04T11:56:29Z
14935,34,2026-08-04T11:56:32Z
14936,33,2026-08-04T11:56:35Z
14937,27,2026-08-04T11:56:38Z
14938,30,2026-08-04T11:56:41Z
14939,30,2026-08-04T11:56:44Z
14940,33,2026-08-04T11:56:47Z
14941,31,2026-08-04T11:56:50Z
14942,33,2026-08-04T11:56:53Z
14943,33,2026-08-04T11:56:55Z
14944,28,2026-08-04T11:56:58Z
14945,31,2026-08-04T11:57:01Z
14946,27,2026-08-04T11:57:04Z
14947,28,2026-08-04T11:57:07Z
14948,28,2026-08-04T11:57:10Z
14949,25,2026-08-04T11:57:13Z
14950,25,2026-08-04T11:57:16Z
14951,23,2026-08-04T11:57:18Z
14952,24,2026-08-04T11:57:21Z
14953,19,2026-08-04T11:57:23Z
14954,20,2026-08-04T11:57:25Z
14955,17,2026-08-04T11:57:28Z
14956,18,2026-08-04T11:57:30Z
14957,22,2026-08-04T11:57:32Z
14958,19,2026-08-04T11:57:34Z
14959,21,2026-08-04T11:57:37Z
14960,26,2026-08-04T11:57:39Z
14961,21,2026-08-04T11:57:41Z
14962,19,2026-08-04T11:57:44Z
14963,18,2026-08-04T11:57:46Z
14964,16,2026-08-04T11:57:48Z
14965,15,2026-08-04T11:57:51Z
14966,16,2026-08-04T11:57:53Z
14967,16,2026-08-04T11:57:55Z
14968,16,2026-08-04T11:57:57Z
14969,15,2026-08-04T11:58:00Z
14970,18,2026-08-04T11:58:03Z
14971,17,2026-08-04T11:58:06Z
14972,22,2026-08-04T11:58:09Z
14973,24,2026-08-04T11:58:12Z
14974,23,2026-08-04T11:58:15Z
14975,23,2026-08-04T11:58:18Z
14976,27,2026-08-04T11:58:21Z
14977,26,2026-08-04T11:58:24Z
14978,31,2026-08-04T11:58:27Z
14979,25,2026-08-04T11:58:30Z
14980,27,2026-08-04T11:58:33Z
14981,29,2026-08-04T11:58:36Z
14982,30,2026-08-04T11:58:39Z
14983,31,2026-08-04T11:58:42Z
14984,29,2026-08-04T11:58:46Z
14985,24,2026-08-04T11:58:49Z
14986,24,2026-08-04T11:58:52Z
14987,29,2026-08-04T11:58:55Z
14988,25,2026-08-04T11:58:58Z
14989,25,2026-08-04T11:59:02Z
14990,24,2026-08-04T11:59:05Z
14991,19,2026-08-04T11:59:07Z
14992,17,2026-08-04T11:59:10Z
14993,19,2026-08-04T11:59:12Z
14994,20,2026-08-04T11:59:15Z
14995,20,2026-08-04T11:59:17Z
14996,20,2026-08-04T11:59:20Z
14997,24,2026-08-04T11:59:22Z
14998,20,2026-08-04T11:59:25Z
14999,22,2026-08-04T11:59:28Z
15000,22,2026-08-04T11:59:31Z
15001,25,2026-08-04T11:59:33Z
15002,28,2026-08-04T11:59:36Z
15003,26,2026-08-04T11:59:38Z
15004,29,2026-08-04T11:59:42Z
15005,24,2026-08-04T11:59:45Z
15006,25,2026-08-04T11:59:48Z
15007,24,2026-08-04T11:59:51Z
15008,22,2026-08-04T11:59:55Z
15009,21,2026-08-04T11:59:58Z
15010,24,2026-08-04T12:00:01Z
15011,27,2026-08-04T12:00:04Z
15012,30,2026-08-04T12:00:07Z
15013,22,2026-08-04T12:00:10Z
15014,24,2026-08-04T12:00:12Z
15015,22,2026-08-04T12:00:15Z
15016,17,2026-08-04T12:00:17Z
15017,17,2026-08-04T12:00:20Z
15018,20,2026-08-04T12:00:22Z
15019,18,2026-08-04T12:00:25Z
15020,19,2026-08-04T12:00:27Z
15021,22,2026-08-04T12:00:30Z
15022,22,2026-08-04T12:00:32Z
15023,20,2026-08-04T12:00:36Z
15024,21,2026-08-04T12:00:40Z
15025,17,2026-08-04T12:00:43Z
15026,20,2026-08-04T12:00:45Z
15027,23,2026-08-04T12:00:47Z
15028,24,2026-08-04T12:00:49Z
15029,28,2026-08-04T12:00:52Z
15030,28,2026-08-04T12:00:55Z
15031,28,2026-08-04T12:00:58Z
15032,26,2026-08-04T12:01:02Z
15033,26,2026-08-04T12:01:05Z
15034,28,2026-08-04T12:01:08Z
15035,21,2026-08-04T12:01:12Z
15036,23,2026-08-04T12:01:15Z
15037,23,2026-08-04T12:01:19Z
15038,21,2026-08-04T12:01:22Z
15039,23,2026-08-04T12:01:25Z
15040,25,2026-08-04T12:01:27Z
15041,22,2026-08-04T12:01:30Z
15042,16,2026-08-04T12:01:33Z
15043,19,2026-08-04T12:01:35Z
15044,20,2026-08-04T12:01:38Z
15045,19,2026-08-04T12:01:41Z
15046,21,2026-08-04T12:01:44Z
15047,20,2026-08-04T12:01:47Z
15048,23,2026-08-04T12:01:49Z
15049,26,2026-08-04T12:01:52Z
15050,25,2026-08-04T12:01:55Z
15051,24,2026-08-04T12:01:58Z
15052,22,2026-08-04T12:02:00Z
15053,27,2026-08-04T12:02:03Z
15054,23,2026-08-04T12:02:06Z
15055,24,2026-08-04T12:02:08Z
15056,24,2026-08-04T12:02:11Z
15057,19,2026-08-04T12:02:13Z
15058,20,2026-08-04T12:02:16Z
15059,17,2026-08-04T12:02:18Z
15060,15,2026-08-04T12:02:20Z
15061,14,2026-08-04T12:02:23Z
15062,17,2026-08-04T12:02:25Z
15063,20,2026-08-04T12:02:28Z
15064,23,2026-08-04T12:02:30Z
15065,21,2026-08-04T12:02:32Z
15066,21,2026-08-04T12:02:35Z
15067,20,2026-08-04T12:02:37Z
15068,21,2026-08-04T12:02:40Z
15069,21,2026-08-04T12:02:42Z
15070,20,2026-08-04T12:02:44Z
15071,23,2026-08-04T12:02:47Z
15072,21,2026-08-04T12:02:49Z
15073,23,2026-08-04T12:02:52Z
15074,24,2026-08-04T12:02:54Z
15075,22,2026-08-04T12:02:57Z
15076,22,2026-08-04T12:03:00Z
15077,30,2026-08-04T12:03:04Z
15078,35,2026-08-04T12:03:07Z
15079,33,2026-08-04T12:03:10Z
15080,34,2026-08-04T12:03:13Z
15081,33,2026-08-04T12:03:18Z
15082,30,2026-08-04T12:03:23Z
15083,32,2026-08-04T12:03:28Z
15084,34,2026-08-04T12:03:33Z
15085,27,2026-08-04T12:03:38Z
15086,32,2026-08-04T12:03:43Z
15087,31,2026-08-04T12:03:45Z
15088,29,2026-08-04T12:03:49Z
15089,26,2026-08-04T12:03:52Z
15090,26,2026-08-04T12:03:55Z
15091,24,2026-08-04T12:03:59Z
15092,24,2026-08-04T12:04:02Z
15093,25,2026-08-04T12:04:05Z
15094,25,2026-08-04T12:04:08Z
15095,23,2026-08-04T12:04:11Z
15096,18,2026-08-04T12:04:15Z
15097,20,2026-08-04T12:04:18Z
15098,18,2026-08-04T12:04:21Z
15099,21,2026-08-04T12:04:24Z
15100,19,2026-08-04T12:04:27Z
15101,24,2026-08-04T12:04:30Z
15102,22,2026-08-04T12:04:33Z
15103,21,2026-08-04T12:04:36Z
15104,20,2026-08-04T12:04:39Z
15105,19,2026-08-04T12:04:42Z
15106,21,2026-08-04T12:04:45Z
15107,21,2026-08-04T12:04:48Z
15108,20,2026-08-04T12:04:51Z
15109,19,2026-08-04T12:04:54Z
15110,18,2026-08-04T12:04:57Z
15111,18,2026-08-04T12:04:58Z
15112,18,2026-08-04T12:05:01Z
15113,20,2026-08-04T12:05:04Z
15114,21,2026-08-04T12:05:07Z
15115,18,2026-08-04T12:05:09Z
15116,22,2026-08-04T12:05:12Z
15117,24,2026-08-04T12:05:15Z
15118,22,2026-08-04T12:05:18Z
15119,22,2026-08-04T12:05:20Z
15120,22,2026-08-04T12:05:23Z
15121,22,2026-08-04T12:05:26Z
15122,27,2026-08-04T12:05:29Z
15123,26,2026-08-04T12:05:31Z
15124,26,2026-08-04T12:05:34Z
15125,27,2026-08-04T12:05:36Z
15126,26,2026-08-04T12:05:37Z
15127,29,2026-08-04T12:05:41Z
15128,31,2026-08-04T12:05:44Z
15129,31,2026-08-04T12:05:47Z
15130,29,2026-08-04T12:05:50Z
15131,26,2026-08-04T12:05:53Z
15132,27,2026-08-04T12:05:56Z
15133,32,2026-08-04T12:05:59Z
15134,28,2026-08-04T12:06:02Z
15135,29,2026-08-04T12:06:05Z
15136,28,2026-08-04T12:06:08Z
15137,24,2026-08-04T12:06:11Z
15138,28,2026-08-04T12:06:14Z
15139,26,2026-08-04T12:06:17Z
15140,25,2026-08-04T12:06:20Z
15141,24,2026-08-04T12:06:23Z
15142,21,2026-08-04T12:06:26Z
15143,21,2026-08-04T12:06:29Z
15144,21,2026-08-04T12:06:32Z
15145,24,2026-08-04T12:06:35Z
15146,22,2026-08-04T12:06:37Z
15147,22,2026-08-04T12:06:40Z
15148,20,2026-08-04T12:06:42Z
15149,23,2026-08-04T12:06:45Z
15150,22,2026-08-04T12:06:47Z
15151,22,2026-08-04T12:06:50Z
15152,20,2026-08-04T12:06:52Z
15153,20,2026-08-04T12:06:55Z
15154,25,2026-08-04T12:06:57Z
15155,27,2026-08-04T12:07:00Z
15156,23,2026-08-04T12:07:03Z
15157,20,2026-08-04T12:07:05Z
15158,22,2026-08-04T12:07:08Z
15159,20,2026-08-04T12:07:10Z
15160,20,2026-08-04T12:07:13Z
15161,21,2026-08-04T12:07:15Z
15162,20,2026-08-04T12:07:18Z
15163,21,2026-08-04T12:07:20Z
15164,19,2026-08-04T12:07:23Z
15165,21,2026-08-04T12:07:26Z
15166,22,2026-08-04T12:07:29Z
15167,21,2026-08-04T12:07:32Z
15168,23,2026-08-04T12:07:35Z
15169,23,2026-08-04T12:07:37Z
15170,19,2026-08-04T12:07:40Z
15171,19,2026-08-04T12:07:43Z
15172,21,2026-08-04T12:07:46Z
15173,18,2026-08-04T12:07:48Z
15174,22,2026-08-04T12:07:51Z
15175,23,2026-08-04T12:07:53Z
15176,23,2026-08-04T12:07:55Z
15177,21,2026-08-04T12:07:57Z
15178,22,2026-08-04T12:08:00Z
15179,21,2026-08-04T12:08:02Z
15180,20,2026-08-04T12:08:04Z
15181,21,2026-08-04T12:08:07Z
15182,21,2026-08-04T12:08:09Z
15183,22,2026-08-04T12:08:12Z
15184,22,2026-08-04T12:08:14Z
15185,25,2026-08-04T12:08:17Z
15186,23,2026-08-04T12:08:20Z
15187,18,2026-08-04T12:08:22Z
15188,20,2026-08-04T12:08:24Z
15189,22,2026-08-04T12:08:27Z
15190,20,2026-08-04T12:08:29Z
15191,21,2026-08-04T12:08:31Z
15192,21,2026-08-04T12:08:34Z
15193,25,2026-08-04T12:08:36Z
15194,25,2026-08-04T12:08:40Z
15195,32,2026-08-04T12:08:43Z
15196,25,2026-08-04T12:08:47Z
15197,30,2026-08-04T12:08:50Z
15198,34,2026-08-04T12:08:54Z
15199,30,2026-08-04T12:08:57Z
15200,35,2026-08-04T12:09:01Z
15201,32,2026-08-04T12:09:04Z
15202,37,2026-08-04T12:09:08Z
15203,32,2026-08-04T12:09:11Z
15204,33,2026-08-04T12:09:15Z
15205,33,2026-08-04T12:09:18Z
15206,30,2026-08-04T12:09:22Z
15207,26,2026-08-04T12:09:25Z
15208,26,2026-08-04T12:09:26Z
15209,27,2026-08-04T12:09:29Z
15210,30,2026-08-04T12:09:35Z
15211,25,2026-08-04T12:09:37Z
15212,24,2026-08-04T12:09:39Z
15213,25,2026-08-04T12:09:42Z
15214,26,2026-08-04T12:09:44Z
15215,25,2026-08-04T12:09:46Z
15216,27,2026-08-04T12:09:49Z
15217,25,2026-08-04T12:09:52Z
15218,26,2026-08-04T12:09:55Z
15219,24,2026-08-04T12:09:57Z
15220,26,2026-08-04T12:10:00Z
15221,22,2026-08-04T12:10:03Z
15222,21,2026-08-04T12:10:06Z
15223,20,2026-08-04T12:10:09Z
15224,18,2026-08-04T12:10:12Z
15225,21,2026-08-04T12:10:14Z
15226,19,2026-08-04T12:10:17Z
15227,20,2026-08-04T12:10:19Z
15228,16,2026-08-04T12:10:21Z
15229,18,2026-08-04T12:10:23Z
15230,17,2026-08-04T12:10:26Z
15231,18,2026-08-04T12:10:28Z
15232,21,2026-08-04T12:10:30Z
15233,20,2026-08-04T12:10:32Z
15234,20,2026-08-04T12:10:34Z
15235,16,2026-08-04T12:10:37Z
15236,15,2026-08-04T12:10:39Z
15237,14,2026-08-04T12:10:41Z
15238,15,2026-08-04T12:10:43Z
15239,13,2026-08-04T12:10:45Z
15240,15,2026-08-04T12:10:48Z
15241,17,2026-08-04T12:10:50Z
15242,19,2026-08-04T12:10:52Z
15243,24,2026-08-04T12:10:54Z
15244,24,2026-08-04T12:10:57Z
15245,25,2026-08-04T12:11:00Z
15246,23,2026-08-04T12:11:04Z
15247,24,2026-08-04T12:11:08Z
15248,23,2026-08-04T12:11:11Z
15249,25,2026-08-04T12:11:15Z
15250,24,2026-08-04T12:11:19Z
15251,23,2026-08-04T12:11:22Z
15252,21,2026-08-04T12:11:24Z
15253,23,2026-08-04T12:11:27Z
15254,25,2026-08-04T12:11:30Z
15255,25,2026-08-04T12:11:33Z
15256,21,2026-08-04T12:11:36Z
15257,21,2026-08-04T12:11:39Z
15258,22,2026-08-04T12:11:41Z
15259,22,2026-08-04T12:11:44Z
15260,24,2026-08-04T12:11:47Z
15261,26,2026-08-04T12:11:50Z
15262,28,2026-08-04T12:11:53Z
15263,33,2026-08-04T12:11:57Z
15264,31,2026-08-04T12:12:00Z
15265,28,2026-08-04T12:12:03Z
15266,27,2026-08-04T12:12:06Z
15267,27,2026-08-04T12:12:09Z
15268,28,2026-08-04T12:12:12Z
15269,25,2026-08-04T12:12:14Z
15270,26,2026-08-04T12:12:17Z
15271,20,2026-08-04T12:12:20Z
15272,22,2026-08-04T12:12:23Z
15273,23,2026-08-04T12:12:25Z
15274,21,2026-08-04T12:12:28Z
15275,24,2026-08-04T12:12:31Z
15276,22,2026-08-04T12:12:34Z
15277,25,2026-08-04T12:12:36Z
15278,22,2026-08-04T12:12:39Z
15279,24,2026-08-04T12:12:42Z
15280,25,2026-08-04T12:12:44Z
15281,30,2026-08-04T12:12:47Z
15282,21,2026-08-04T12:12:50Z
15283,24,2026-08-04T12:12:53Z
15284,23,2026-08-04T12:12:55Z
15285,25,2026-08-04T12:12:58Z
15286,23,2026-08-04T12:13:01Z
15287,20,2026-08-04T12:13:03Z
15288,23,2026-08-04T12:13:06Z
15289,20,2026-08-04T12:13:09Z
15290,23,2026-08-04T12:13:11Z
15291,18,2026-08-04T12:13:14Z
15292,20,2026-08-04T12:13:17Z
15293,18,2026-08-04T12:13:20Z
15294,19,2026-08-04T12:13:22Z
15295,22,2026-08-04T12:13:25Z
15296,20,2026-08-04T12:13:28Z
15297,23,2026-08-04T12:13:30Z
15298,24,2026-08-04T12:13:33Z
15299,26,2026-08-04T12:13:36Z
15300,28,2026-08-04T12:13:38Z
15301,23,2026-08-04T12:13:41Z
15302,22,2026-08-04T12:13:45Z
15303,24,2026-08-04T12:13:49Z
15304,22,2026-08-04T12:13:53Z
15305,29,2026-08-04T12:13:57Z
15306,30,2026-08-04T12:13:58Z
15307,29,2026-08-04T12:14:02Z
15308,32,2026-08-04T12:14:07Z
15309,29,2026-08-04T12:14:10Z
15310,29,2026-08-04T12:14:14Z
15311,26,2026-08-04T12:14:17Z
15312,37,2026-08-04T12:14:21Z
15313,32,2026-08-04T12:14:24Z
15314,35,2026-08-04T12:14:28Z
15315,31,2026-08-04T12:14:32Z
15316,32,2026-08-04T12:14:35Z
15317,24,2026-08-04T12:14:39Z
15318,27,2026-08-04T12:14:42Z
15319,25,2026-08-04T12:14:46Z
15320,25,2026-08-04T12:14:49Z
15321,28,2026-08-04T12:14:52Z
15322,25,2026-08-04T12:14:55Z
15323,26,2026-08-04T12:14:58Z
15324,25,2026-08-04T12:15:01Z
15325,25,2026-08-04T12:15:05Z
15326,25,2026-08-04T12:15:07Z
15327,24,2026-08-04T12:15:10Z
15328,30,2026-08-04T12:15:13Z
15329,26,2026-08-04T12:15:16Z
15330,28,2026-08-04T12:15:19Z
15331,25,2026-08-04T12:15:23Z
15332,30,2026-08-04T12:15:26Z
15333,27,2026-08-04T12:15:29Z
15334,30,2026-08-04T12:15:33Z
15335,32,2026-08-04T12:15:37Z
15336,32,2026-08-04T12:15:40Z
15337,31,2026-08-04T12:15:44Z
15338,32,2026-08-04T12:15:47Z
15339,28,2026-08-04T12:15:51Z
15340,30,2026-08-04T12:15:55Z
15341,30,2026-08-04T12:15:58Z
15342,24,2026-08-04T12:16:01Z
15343,26,2026-08-04T12:16:04Z
15344,26,2026-08-04T12:16:07Z
15345,28,2026-08-04T12:16:10Z
15346,21,2026-08-04T12:16:13Z
15347,25,2026-08-04T12:16:16Z
15348,27,2026-08-04T12:16:19Z
15349,25,2026-08-04T12:16:22Z
15350,24,2026-08-04T12:16:26Z
15351,23,2026-08-04T12:16:29Z
15352,29,2026-08-04T12:16:33Z
15353,30,2026-08-04T12:16:36Z
15354,26,2026-08-04T12:16:40Z
15355,26,2026-08-04T12:16:43Z
15356,25,2026-08-04T12:16:47Z
15357,27,2026-08-04T12:16:51Z
15358,26,2026-08-04T12:16:54Z
15359,30,2026-08-04T12:16:58Z
15360,26,2026-08-04T12:17:01Z
15361,29,2026-08-04T12:17:05Z
15362,30,2026-08-04T12:17:09Z
15363,30,2026-08-04T12:17:12Z
15364,29,2026-08-04T12:17:16Z
15365,29,2026-08-04T12:17:19Z
15366,29,2026-08-04T12:17:23Z
15367,29,2026-08-04T12:17:26Z
15368,28,2026-08-04T12:17:29Z
15369,25,2026-08-04T12:17:31Z
15370,25,2026-08-04T12:17:34Z
15371,21,2026-08-04T12:17:36Z
15372,28,2026-08-04T12:17:39Z
15373,25,2026-08-04T12:17:42Z
15374,27,2026-08-04T12:17:45Z
15375,29,2026-08-04T12:17:48Z
15376,23,2026-08-04T12:17:51Z
15377,24,2026-08-04T12:17:54Z
15378,19,2026-08-04T12:17:57Z
15379,22,2026-08-04T12:18:00Z
15380,18,2026-08-04T12:18:02Z
15381,20,2026-08-04T12:18:04Z
15382,25,2026-08-04T12:18:06Z
15383,25,2026-08-04T12:18:09Z
15384,22,2026-08-04T12:18:12Z
15385,24,2026-08-04T12:18:14Z
15386,20,2026-08-04T12:18:17Z
15387,17,2026-08-04T12:18:19Z
15388,18,2026-08-04T12:18:21Z
15389,17,2026-08-04T12:18:24Z
15390,19,2026-08-04T12:18:26Z
15391,17,2026-08-04T12:18:28Z
15392,16,2026-08-04T12:18:31Z
15393,15,2026-08-04T12:18:33Z
15394,15,2026-08-04T12:18:36Z
15395,16,2026-08-04T12:18:38Z
15396,18,2026-08-04T12:18:40Z
15397,22,2026-08-04T12:18:43Z
15398,21,2026-08-04T12:18:45Z
15399,20,2026-08-04T12:18:47Z
15400,20,2026-08-04T12:18:50Z
15401,19,2026-08-04T12:18:52Z
15402,20,2026-08-04T12:18:54Z
15403,19,2026-08-04T12:18:57Z
15404,19,2026-08-04T12:18:59Z
15405,19,2026-08-04T12:19:01Z
15406,19,2026-08-04T12:19:03Z
15407,16,2026-08-04T12:19:06Z
15408,14,2026-08-04T12:19:09Z
15409,15,2026-08-04T12:19:11Z
15410,18,2026-08-04T12:19:14Z
15411,26,2026-08-04T12:19:17Z
15412,22,2026-08-04T12:19:19Z
15413,24,2026-08-04T12:19:22Z
15414,27,2026-08-04T12:19:25Z
15415,27,2026-08-04T12:19:28Z
15416,25,2026-08-04T12:19:31Z
15417,28,2026-08-04T12:19:35Z
15418,30,2026-08-04T12:19:37Z
15419,28,2026-08-04T12:19:40Z
15420,32,2026-08-04T12:19:43Z
15421,27,2026-08-04T12:19:46Z
15422,25,2026-08-04T12:19:49Z
15423,24,2026-08-04T12:19:52Z
15424,24,2026-08-04T12:19:55Z
15425,19,2026-08-04T12:19:57Z
15426,24,2026-08-04T12:20:00Z
15427,20,2026-08-04T12:20:03Z
15428,19,2026-08-04T12:20:06Z
15429,17,2026-08-04T12:20:08Z
15430,17,2026-08-04T12:20:11Z
15431,24,2026-08-04T12:20:13Z
15432,24,2026-08-04T12:20:16Z
15433,25,2026-08-04T12:20:21Z
15434,25,2026-08-04T12:20:24Z
15435,28,2026-08-04T12:20:26Z
15436,26,2026-08-04T12:20:29Z
15437,24,2026-08-04T12:20:31Z
15438,26,2026-08-04T12:20:34Z
15439,21,2026-08-04T12:20:37Z
15440,23,2026-08-04T12:20:39Z
15441,21,2026-08-04T12:20:41Z
15442,21,2026-08-04T12:20:44Z
15443,19,2026-08-04T12:20:47Z
15444,23,2026-08-04T12:20:50Z
15445,21,2026-08-04T12:20:53Z
15446,22,2026-08-04T12:20:55Z
15447,21,2026-08-04T12:20:58Z
15448,22,2026-08-04T12:21:01Z
15449,23,2026-08-04T12:21:04Z
15450,20,2026-08-04T12:21:06Z
15451,22,2026-08-04T12:21:08Z
15452,20,2026-08-04T12:21:11Z
15453,20,2026-08-04T12:21:13Z
15454,18,2026-08-04T12:21:15Z
15455,20,2026-08-04T12:21:18Z
15456,19,2026-08-04T12:21:19Z
15457,19,2026-08-04T12:21:23Z
15458,19,2026-08-04T12:21:26Z
15459,20,2026-08-04T12:21:29Z
15460,23,2026-08-04T12:21:32Z
15461,28,2026-08-04T12:21:35Z
15462,25,2026-08-04T12:21:38Z
15463,32,2026-08-04T12:21:41Z
15464,29,2026-08-04T12:21:45Z
15465,33,2026-08-04T12:21:48Z
15466,32,2026-08-04T12:21:51Z
15467,38,2026-08-04T12:21:54Z
15468,35,2026-08-04T12:21:57Z
15469,35,2026-08-04T12:22:00Z
15470,37,2026-08-04T12:22:04Z
15471,35,2026-08-04T12:22:08Z
15472,32,2026-08-04T12:22:12Z
15473,35,2026-08-04T12:22:16Z
15474,35,2026-08-04T12:22:19Z
15475,29,2026-08-04T12:22:22Z
15476,27,2026-08-04T12:22:25Z
15477,24,2026-08-04T12:22:28Z
15478,27,2026-08-04T12:22:31Z
15479,28,2026-08-04T12:22:34Z
15480,24,2026-08-04T12:22:37Z
15481,31,2026-08-04T12:22:40Z
15482,28,2026-08-04T12:22:43Z
15483,32,2026-08-04T12:22:46Z
15484,28,2026-08-04T12:22:49Z
15485,27,2026-08-04T12:22:51Z
15486,25,2026-08-04T12:22:54Z
15487,24,2026-08-04T12:22:57Z
15488,25,2026-08-04T12:22:59Z
15489,24,2026-08-04T12:23:02Z
15490,22,2026-08-04T12:23:04Z
15491,20,2026-08-04T12:23:07Z
15492,23,2026-08-04T12:23:10Z
15493,22,2026-08-04T12:23:12Z
15494,26,2026-08-04T12:23:15Z
15495,26,2026-08-04T12:23:17Z
15496,25,2026-08-04T12:23:20Z
15497,23,2026-08-04T12:23:23Z
15498,28,2026-08-04T12:23:26Z
15499,25,2026-08-04T12:23:29Z
15500,26,2026-08-04T12:23:32Z
15501,24,2026-08-04T12:23:35Z
15502,29,2026-08-04T12:23:38Z
15503,27,2026-08-04T12:23:41Z
15504,27,2026-08-04T12:23:44Z
15505,29,2026-08-04T12:23:47Z
15506,28,2026-08-04T12:23:50Z
15507,29,2026-08-04T12:23:54Z
15508,35,2026-08-04T12:23:57Z
15509,31,2026-08-04T12:24:00Z
15510,35,2026-08-04T12:24:03Z
15511,28,2026-08-04T12:24:06Z
15512,34,2026-08-04T12:24:09Z
15513,34,2026-08-04T12:24:12Z
15514,34,2026-08-04T12:24:15Z
15515,32,2026-08-04T12:24:18Z
15516,32,2026-08-04T12:24:21Z
15517,31,2026-08-04T12:24:24Z
15518,29,2026-08-04T12:24:27Z
15519,30,2026-08-04T12:24:30Z
15520,27,2026-08-04T12:24:33Z
15521,28,2026-08-04T12:24:36Z
15522,27,2026-08-04T12:24:38Z
15523,29,2026-08-04T12:24:41Z
15524,23,2026-08-04T12:24:44Z
15525,32,2026-08-04T12:24:46Z
15526,31,2026-08-04T12:24:49Z
15527,34,2026-08-04T12:24:52Z
15528,27,2026-08-04T12:24:54Z
15529,34,2026-08-04T12:24:57Z
15530,22,2026-08-04T12:25:00Z
15531,29,2026-08-04T12:25:03Z
15532,26,2026-08-04T12:25:06Z
15533,31,2026-08-04T12:25:09Z
15534,30,2026-08-04T12:25:12Z
15535,36,2026-08-04T12:25:14Z
15536,32,2026-08-04T12:25:17Z
15537,29,2026-08-04T12:25:20Z
15538,27,2026-08-04T12:25:23Z
15539,30,2026-08-04T12:25:26Z
15540,25,2026-08-04T12:25:29Z
15541,28,2026-08-04T12:25:32Z
15542,26,2026-08-04T12:25:35Z
15543,28,2026-08-04T12:25:38Z
15544,21,2026-08-04T12:25:41Z
15545,22,2026-08-04T12:25:44Z
15546,18,2026-08-04T12:25:46Z
15547,18,2026-08-04T12:25:49Z
15548,18,2026-08-04T12:25:51Z
15549,16,2026-08-04T12:25:54Z
15550,16,2026-08-04T12:25:56Z
15551,18,2026-08-04T12:25:58Z
15552,18,2026-08-04T12:26:01Z
15553,20,2026-08-04T12:26:03Z
15554,21,2026-08-04T12:26:06Z
15555,24,2026-08-04T12:26:08Z
15556,23,2026-08-04T12:26:11Z
15557,21,2026-08-04T12:26:13Z
15558,22,2026-08-04T12:26:15Z
15559,25,2026-08-04T12:26:18Z
15560,27,2026-08-04T12:26:20Z
15561,26,2026-08-04T12:26:21Z
15562,22,2026-08-04T12:26:24Z
15563,20,2026-08-04T12:26:27Z
15564,23,2026-08-04T12:26:30Z
15565,23,2026-08-04T12:26:32Z
15566,22,2026-08-04T12:26:35Z
15567,23,2026-08-04T12:26:38Z
15568,25,2026-08-04T12:26:40Z
15569,23,2026-08-04T12:26:43Z
15570,22,2026-08-04T12:26:46Z
15571,26,2026-08-04T12:26:49Z
15572,23,2026-08-04T12:26:51Z
15573,24,2026-08-04T12:26:54Z
15574,22,2026-08-04T12:26:56Z
15575,20,2026-08-04T12:26:59Z
15576,20,2026-08-04T12:27:01Z
15577,24,2026-08-04T12:27:04Z
15578,20,2026-08-04T12:27:06Z
15579,21,2026-08-04T12:27:09Z
15580,24,2026-08-04T12:27:11Z
15581,20,2026-08-04T12:27:14Z
15582,20,2026-08-04T12:27:16Z
15583,21,2026-08-04T12:27:19Z
15584,21,2026-08-04T12:27:21Z
15585,23,2026-08-04T12:27:24Z
15586,22,2026-08-04T12:27:26Z
15587,22,2026-08-04T12:27:28Z
15588,24,2026-08-04T12:27:31Z
15589,24,2026-08-04T12:27:33Z
15590,22,2026-08-04T12:27:36Z
15591,22,2026-08-04T12:27:38Z
15592,23,2026-08-04T12:27:41Z
15593,27,2026-08-04T12:27:43Z
15594,29,2026-08-04T12:27:46Z
15595,25,2026-08-04T12:27:48Z
15596,22,2026-08-04T12:27:51Z
15597,22,2026-08-04T12:27:54Z
15598,26,2026-08-04T12:27:57Z
15599,23,2026-08-04T12:28:01Z
15600,30,2026-08-04T12:28:03Z
15601,25,2026-08-04T12:28:06Z
15602,25,2026-08-04T12:28:08Z
15603,22,2026-08-04T12:28:11Z
15604,25,2026-08-04T12:28:13Z
15605,22,2026-08-04T12:28:15Z
15606,27,2026-08-04T12:28:18Z
15607,21,2026-08-04T12:28:20Z
15608,24,2026-08-04T12:28:23Z
15609,21,2026-08-04T12:28:25Z
15610,21,2026-08-04T12:28:28Z
15611,21,2026-08-04T12:28:30Z
15612,25,2026-08-04T12:28:33Z
15613,22,2026-08-04T12:28:35Z
15614,25,2026-08-04T12:28:38Z
15615,29,2026-08-04T12:28:40Z
15616,28,2026-08-04T12:28:43Z
15617,26,2026-08-04T12:28:45Z
15618,26,2026-08-04T12:28:48Z
15619,22,2026-08-04T12:28:51Z
15620,22,2026-08-04T12:28:53Z
15621,21,2026-08-04T12:28:56Z
15622,23,2026-08-04T12:28:58Z
15623,22,2026-08-04T12:29:01Z
15624,19,2026-08-04T12:29:03Z
15625,21,2026-08-04T12:29:06Z
15626,20,2026-08-04T12:29:09Z
15627,21,2026-08-04T12:29:11Z
15628,23,2026-08-04T12:29:14Z
15629,21,2026-08-04T12:29:16Z
15630,22,2026-08-04T12:29:19Z
15631,19,2026-08-04T12:29:21Z
15632,19,2026-08-04T12:29:23Z
15633,19,2026-08-04T12:29:26Z
15634,20,2026-08-04T12:29:28Z
15635,21,2026-08-04T12:29:30Z
15636,24,2026-08-04T12:29:32Z
15637,24,2026-08-04T12:29:35Z
15638,23,2026-08-04T12:29:37Z
15639,22,2026-08-04T12:29:39Z
15640,22,2026-08-04T12:29:42Z
15641,26,2026-08-04T12:29:44Z
15642,25,2026-08-04T12:29:46Z
15643,24,2026-08-04T12:29:48Z
15644,23,2026-08-04T12:29:51Z
15645,24,2026-08-04T12:29:53Z
15646,23,2026-08-04T12:29:55Z
15647,20,2026-08-04T12:29:58Z
15648,20,2026-08-04T12:30:00Z
15649,22,2026-08-04T12:30:02Z
15650,18,2026-08-04T12:30:04Z
15651,21,2026-08-04T12:30:07Z
15652,20,2026-08-04T12:30:09Z
15653,25,2026-08-04T12:30:11Z
15654,22,2026-08-04T12:30:13Z
15655,25,2026-08-04T12:30:16Z
15656,24,2026-08-04T12:30:18Z
15657,23,2026-08-04T12:30:20Z
15658,22,2026-08-04T12:30:22Z
15659,24,2026-08-04T12:30:24Z
15660,16,2026-08-04T12:30:27Z
15661,16,2026-08-04T12:30:29Z
15662,13,2026-08-04T12:30:31Z
15663,16,2026-08-04T12:30:33Z
15664,16,2026-08-04T12:30:35Z
15665,21,2026-08-04T12:30:37Z
15666,22,2026-08-04T12:30:39Z
15667,22,2026-08-04T12:30:41Z
15668,20,2026-08-04T12:30:43Z
15669,17,2026-08-04T12:30:45Z
15670,19,2026-08-04T12:30:48Z
15671,15,2026-08-04T12:30:50Z
15672,18,2026-08-04T12:30:52Z
15673,16,2026-08-04T12:30:55Z
15674,14,2026-08-04T12:30:57Z
15675,14,2026-08-04T12:30:59Z
15676,13,2026-08-04T12:31:00Z
15677,15,2026-08-04T12:31:02Z
15678,15,2026-08-04T12:31:04Z
15679,18,2026-08-04T12:31:06Z
15680,22,2026-08-04T12:31:08Z
15681,26,2026-08-04T12:31:10Z
15682,22,2026-08-04T12:31:12Z
15683,23,2026-08-04T12:31:15Z
15684,24,2026-08-04T12:31:18Z
15685,21,2026-08-04T12:31:20Z
15686,21,2026-08-04T12:31:23Z
15687,22,2026-08-04T12:31:26Z
15688,20,2026-08-04T12:31:28Z
15689,25,2026-08-04T12:31:30Z
15690,26,2026-08-04T12:31:31Z
15691,24,2026-08-04T12:31:34Z
15692,26,2026-08-04T12:31:36Z
15693,20,2026-08-04T12:31:39Z
15694,20,2026-08-04T12:31:41Z
15695,17,2026-08-04T12:31:44Z
15696,17,2026-08-04T12:31:46Z
15697,20,2026-08-04T12:31:49Z
15698,19,2026-08-04T12:31:51Z
15699,20,2026-08-04T12:31:54Z
15700,20,2026-08-04T12:31:56Z
15701,20,2026-08-04T12:31:59Z
15702,16,2026-08-04T12:32:01Z
15703,16,2026-08-04T12:32:03Z
15704,17,2026-08-04T12:32:06Z
15705,19,2026-08-04T12:32:08Z
15706,19,2026-08-04T12:32:11Z
15707,17,2026-08-04T12:32:13Z
15708,17,2026-08-04T12:32:16Z
15709,20,2026-08-04T12:32:18Z
15710,22,2026-08-04T12:32:21Z
15711,20,2026-08-04T12:32:23Z
15712,20,2026-08-04T12:32:26Z
15713,21,2026-08-04T12:32:29Z
15714,26,2026-08-04T12:32:32Z
15715,26,2026-08-04T12:32:36Z
15716,23,2026-08-04T12:32:39Z
15717,21,2026-08-04T12:32:42Z
15718,21,2026-08-04T12:32:45Z
15719,19,2026-08-04T12:32:48Z
15720,23,2026-08-04T12:32:51Z
15721,23,2026-08-04T12:32:53Z
15722,24,2026-08-04T12:32:56Z
15723,28,2026-08-04T12:32:59Z
15724,26,2026-08-04T12:33:02Z
15725,25,2026-08-04T12:33:05Z
15726,25,2026-08-04T12:33:08Z
15727,24,2026-08-04T12:33:11Z
15728,23,2026-08-04T12:33:13Z
15729,25,2026-08-04T12:33:16Z
15730,24,2026-08-04T12:33:19Z
15731,25,2026-08-04T12:33:22Z
15732,27,2026-08-04T12:33:25Z
15733,28,2026-08-04T12:33:28Z
15734,29,2026-08-04T12:33:31Z
15735,25,2026-08-04T12:33:33Z
15736,27,2026-08-04T12:33:36Z
15737,27,2026-08-04T12:33:39Z
15738,26,2026-08-04T12:33:42Z
15739,22,2026-08-04T12:33:45Z
15740,23,2026-08-04T12:33:48Z
15741,23,2026-08-04T12:33:51Z
15742,23,2026-08-04T12:33:53Z
15743,20,2026-08-04T12:33:56Z
15744,21,2026-08-04T12:33:59Z
15745,20,2026-08-04T12:34:02Z
15746,22,2026-08-04T12:34:05Z
15747,23,2026-08-04T12:34:08Z
15748,24,2026-08-04T12:34:11Z
15749,21,2026-08-04T12:34:13Z
15750,24,2026-08-04T12:34:16Z
15751,26,2026-08-04T12:34:19Z
15752,21,2026-08-04T12:34:22Z
15753,20,2026-08-04T12:34:25Z
15754,17,2026-08-04T12:34:28Z
15755,17,2026-08-04T12:34:30Z
15756,19,2026-08-04T12:34:33Z
15757,18,2026-08-04T12:34:36Z
15758,16,2026-08-04T12:34:39Z
15759,17,2026-08-04T12:34:42Z
15760,19,2026-08-04T12:34:45Z
15761,18,2026-08-04T12:34:48Z
15762,23,2026-08-04T12:34:51Z
15763,27,2026-08-04T12:34:53Z
15764,28,2026-08-04T12:34:56Z
15765,23,2026-08-04T12:34:59Z
15766,22,2026-08-04T12:35:02Z
15767,27,2026-08-04T12:35:05Z
15768,27,2026-08-04T12:35:08Z
15769,27,2026-08-04T12:35:11Z
15770,30,2026-08-04T12:35:14Z
15771,27,2026-08-04T12:35:17Z
15772,27,2026-08-04T12:35:20Z
15773,29,2026-08-04T12:35:23Z
15774,29,2026-08-04T12:35:26Z
15775,27,2026-08-04T12:35:29Z
15776,28,2026-08-04T12:35:32Z
15777,27,2026-08-04T12:35:35Z
15778,27,2026-08-04T12:35:38Z
15779,26,2026-08-04T12:35:41Z
15780,24,2026-08-04T12:35:44Z
15781,26,2026-08-04T12:35:47Z
15782,30,2026-08-04T12:35:50Z
15783,29,2026-08-04T12:35:53Z
15784,24,2026-08-04T12:35:56Z
15785,29,2026-08-04T12:35:59Z
15786,30,2026-08-04T12:36:01Z
15787,26,2026-08-04T12:36:04Z
15788,26,2026-08-04T12:36:07Z
15789,26,2026-08-04T12:36:10Z
15790,24,2026-08-04T12:36:13Z
15791,25,2026-08-04T12:36:16Z
15792,23,2026-08-04T12:36:19Z
15793,22,2026-08-04T12:36:22Z
15794,24,2026-08-04T12:36:24Z
15795,23,2026-08-04T12:36:27Z
15796,23,2026-08-04T12:36:30Z
15797,24,2026-08-04T12:36:33Z
15798,23,2026-08-04T12:36:35Z
15799,22,2026-08-04T12:36:38Z
15800,22,2026-08-04T12:36:41Z
15801,24,2026-08-04T12:36:43Z
15802,20,2026-08-04T12:36:46Z
15803,19,2026-08-04T12:36:49Z
15804,18,2026-08-04T12:36:52Z
15805,19,2026-08-04T12:36:55Z
15806,21,2026-08-04T12:36:58Z
15807,20,2026-08-04T12:37:01Z
15808,24,2026-08-04T12:37:04Z
15809,26,2026-08-04T12:37:07Z
15810,19,2026-08-04T12:37:10Z
15811,21,2026-08-04T12:37:13Z
15812,22,2026-08-04T12:37:16Z
15813,24,2026-08-04T12:37:18Z
15814,21,2026-08-04T12:37:21Z
15815,27,2026-08-04T12:37:24Z
15816,24,2026-08-04T12:37:28Z
15817,26,2026-08-04T12:37:31Z
15818,23,2026-08-04T12:37:35Z
15819,21,2026-08-04T12:37:38Z
15820,20,2026-08-04T12:37:41Z
15821,19,2026-08-04T12:37:44Z
15822,23,2026-08-04T12:37:47Z
15823,25,2026-08-04T12:37:50Z
15824,29,2026-08-04T12:37:53Z
15825,24,2026-08-04T12:37:56Z
15826,26,2026-08-04T12:37:58Z
15827,24,2026-08-04T12:38:01Z
15828,26,2026-08-04T12:38:04Z
15829,27,2026-08-04T12:38:07Z
15830,25,2026-08-04T12:38:10Z
15831,28,2026-08-04T12:38:13Z
15832,27,2026-08-04T12:38:16Z
15833,26,2026-08-04T12:38:18Z
15834,28,2026-08-04T12:38:21Z
15835,27,2026-08-04T12:38:23Z
15836,29,2026-08-04T12:38:26Z
15837,28,2026-08-04T12:38:28Z
15838,26,2026-08-04T12:38:31Z
15839,23,2026-08-04T12:38:34Z
15840,21,2026-08-04T12:38:36Z
15841,21,2026-08-04T12:38:39Z
15842,23,2026-08-04T12:38:42Z
15843,23,2026-08-04T12:38:44Z
15844,19,2026-08-04T12:38:46Z
15845,20,2026-08-04T12:38:48Z
15846,20,2026-08-04T12:38:50Z
15847,19,2026-08-04T12:38:54Z
15848,23,2026-08-04T12:38:57Z
15849,22,2026-08-04T12:39:00Z
15850,23,2026-08-04T12:39:03Z
15851,26,2026-08-04T12:39:07Z
15852,26,2026-08-04T12:39:10Z
15853,35,2026-08-04T12:39:13Z
15854,29,2026-08-04T12:39:17Z
15855,31,2026-08-04T12:39:19Z
15856,30,2026-08-04T12:39:21Z
15857,27,2026-08-04T12:39:24Z
15858,27,2026-08-04T12:39:27Z
15859,28,2026-08-04T12:39:30Z
15860,31,2026-08-04T12:39:33Z
15861,26,2026-08-04T12:39:38Z
15862,27,2026-08-04T12:39:42Z
15863,29,2026-08-04T12:39:44Z
15864,33,2026-08-04T12:39:47Z
15865,28,2026-08-04T12:39:49Z
15866,33,2026-08-04T12:39:53Z
15867,31,2026-08-04T12:39:56Z
15868,30,2026-08-04T12:40:00Z
15869,33,2026-08-04T12:40:03Z
15870,28,2026-08-04T12:40:05Z
15871,29,2026-08-04T12:40:09Z
15872,27,2026-08-04T12:40:13Z
15873,28,2026-08-04T12:40:17Z
15874,29,2026-08-04T12:40:20Z
15875,30,2026-08-04T12:40:24Z
15876,31,2026-08-04T12:40:28Z
15877,30,2026-08-04T12:40:32Z
15878,28,2026-08-04T12:40:36Z
15879,27,2026-08-04T12:40:38Z
15880,24,2026-08-04T12:40:42Z
15881,30,2026-08-04T12:40:45Z
15882,27,2026-08-04T12:40:48Z
15883,24,2026-08-04T12:40:52Z
15884,24,2026-08-04T12:40:55Z
15885,24,2026-08-04T12:40:58Z
15886,23,2026-08-04T12:41:01Z
15887,25,2026-08-04T12:41:03Z
15888,23,2026-08-04T12:41:06Z
15889,21,2026-08-04T12:41:09Z
15890,23,2026-08-04T12:41:12Z
15891,24,2026-08-04T12:41:15Z
15892,23,2026-08-04T12:41:19Z
15893,23,2026-08-04T12:41:22Z
15894,26,2026-08-04T12:41:24Z
15895,26,2026-08-04T12:41:26Z
15896,26,2026-08-04T12:41:29Z
15897,28,2026-08-04T12:41:31Z
15898,33,2026-08-04T12:41:35Z
15899,28,2026-08-04T12:41:38Z
15900,30,2026-08-04T12:41:41Z
15901,29,2026-08-04T12:41:45Z
15902,28,2026-08-04T12:41:49Z
15903,27,2026-08-04T12:41:53Z
15904,29,2026-08-04T12:41:57Z
15905,29,2026-08-04T12:42:00Z
15906,29,2026-08-04T12:42:04Z
15907,28,2026-08-04T12:42:07Z
15908,30,2026-08-04T12:42:10Z
15909,27,2026-08-04T12:42:14Z
15910,26,2026-08-04T12:42:17Z
15911,27,2026-08-04T12:42:22Z
15912,28,2026-08-04T12:42:25Z
15913,26,2026-08-04T12:42:27Z
15914,25,2026-08-04T12:42:30Z
15915,25,2026-08-04T12:42:32Z
15916,24,2026-08-04T12:42:35Z
15917,25,2026-08-04T12:42:38Z
15918,26,2026-08-04T12:42:41Z
15919,23,2026-08-04T12:42:44Z
15920,23,2026-08-04T12:42:47Z
15921,25,2026-08-04T12:42:50Z
15922,24,2026-08-04T12:42:52Z
15923,26,2026-08-04T12:42:55Z
15924,24,2026-08-04T12:42:58Z
15925,26,2026-08-04T12:43:01Z
15926,30,2026-08-04T12:43:04Z
15927,31,2026-08-04T12:43:07Z
15928,30,2026-08-04T12:43:09Z
15929,26,2026-08-04T12:43:14Z
15930,24,2026-08-04T12:43:17Z
15931,25,2026-08-04T12:43:20Z
15932,23,2026-08-04T12:43:23Z
15933,25,2026-08-04T12:43:26Z
15934,28,2026-08-04T12:43:29Z
15935,26,2026-08-04T12:43:32Z
15936,27,2026-08-04T12:43:35Z
15937,29,2026-08-04T12:43:38Z
15938,31,2026-08-04T12:43:41Z
15939,28,2026-08-04T12:43:44Z
15940,29,2026-08-04T12:43:47Z
15941,29,2026-08-04T12:43:50Z
15942,25,2026-08-04T12:43:53Z
15943,29,2026-08-04T12:43:56Z
15944,29,2026-08-04T12:43:59Z
15945,33,2026-08-04T12:44:01Z
15946,31,2026-08-04T12:44:04Z
15947,27,2026-08-04T12:44:07Z
15948,31,2026-08-04T12:44:10Z
15949,27,2026-08-04T12:44:14Z
15950,27,2026-08-04T12:44:17Z
15951,24,2026-08-04T12:44:21Z
15952,25,2026-08-04T12:44:24Z
15953,23,2026-08-04T12:44:28Z
15954,27,2026-08-04T12:44:31Z
15955,24,2026-08-04T12:44:35Z
15956,27,2026-08-04T12:44:37Z
15957,26,2026-08-04T12:44:41Z
15958,26,2026-08-04T12:44:45Z
15959,27,2026-08-04T12:44:49Z
15960,27,2026-08-04T12:44:53Z
15961,29,2026-08-04T12:44:57Z
15962,28,2026-08-04T12:45:01Z
15963,22,2026-08-04T12:45:05Z
15964,26,2026-08-04T12:45:07Z
15965,25,2026-08-04T12:45:09Z
15966,24,2026-08-04T12:45:11Z
15967,25,2026-08-04T12:45:14Z
15968,26,2026-08-04T12:45:20Z
15969,27,2026-08-04T12:45:22Z
15970,28,2026-08-04T12:45:25Z
15971,28,2026-08-04T12:45:27Z
15972,28,2026-08-04T12:45:29Z
15973,30,2026-08-04T12:45:32Z
15974,29,2026-08-04T12:45:34Z
15975,30,2026-08-04T12:45:36Z
15976,30,2026-08-04T12:45:39Z
15977,31,2026-08-04T12:45:43Z
15978,30,2026-08-04T12:45:47Z
15979,30,2026-08-04T12:45:50Z
15980,27,2026-08-04T12:45:52Z
15981,31,2026-08-04T12:45:54Z
15982,32,2026-08-04T12:45:57Z
15983,27,2026-08-04T12:46:00Z
15984,26,2026-08-04T12:46:04Z
15985,27,2026-08-04T12:46:07Z
15986,26,2026-08-04T12:46:10Z
15987,28,2026-08-04T12:46:13Z
15988,29,2026-08-04T12:46:17Z
15989,30,2026-08-04T12:46:20Z
15990,32,2026-08-04T12:46:23Z
15991,30,2026-08-04T12:46:26Z
15992,31,2026-08-04T12:46:31Z
15993,32,2026-08-04T12:46:35Z
15994,34,2026-08-04T12:46:39Z
15995,30,2026-08-04T12:46:43Z
15996,32,2026-08-04T12:46:47Z
15997,30,2026-08-04T12:46:49Z
15998,31,2026-08-04T12:46:53Z
15999,34,2026-08-04T12:46:58Z
16000,28,2026-08-04T12:47:02Z
16001,30,2026-08-04T12:47:06Z
16002,29,2026-08-04T12:47:10Z
16003,28,2026-08-04T12:47:15Z
16004,30,2026-08-04T12:47:20Z
16005,29,2026-08-04T12:47:24Z
16006,31,2026-08-04T12:47:29Z
16007,34,2026-08-04T12:47:34Z
16008,33,2026-08-04T12:47:39Z
16009,36,2026-08-04T12:47:43Z
16010,39,2026-08-04T12:47:48Z
16011,41,2026-08-04T12:47:53Z
16012,37,2026-08-04T12:47:58Z
16013,33,2026-08-04T12:48:02Z
16014,35,2026-08-04T12:48:07Z
16015,33,2026-08-04T12:48:12Z
16016,29,2026-08-04T12:48:17Z
16017,29,2026-08-04T12:48:22Z
16018,29,2026-08-04T12:48:28Z
16019,26,2026-08-04T12:48:31Z
16020,30,2026-08-04T12:48:34Z
16021,27,2026-08-04T12:48:37Z
16022,27,2026-08-04T12:48:40Z
16023,28,2026-08-04T12:48:43Z
16024,29,2026-08-04T12:48:46Z
16025,26,2026-08-04T12:48:49Z
16026,28,2026-08-04T12:48:52Z
16027,26,2026-08-04T12:48:55Z
16028,24,2026-08-04T12:48:58Z
16029,25,2026-08-04T12:49:00Z
16030,29,2026-08-04T12:49:02Z
16031,27,2026-08-04T12:49:05Z
16032,27,2026-08-04T12:49:08Z
16033,27,2026-08-04T12:49:11Z
16034,27,2026-08-04T12:49:14Z
16035,28,2026-08-04T12:49:18Z
16036,29,2026-08-04T12:49:22Z
16037,31,2026-08-04T12:49:25Z
16038,36,2026-08-04T12:49:29Z
16039,31,2026-08-04T12:49:34Z
16040,28,2026-08-04T12:49:39Z
16041,29,2026-08-04T12:49:41Z
16042,31,2026-08-04T12:49:45Z
16043,31,2026-08-04T12:49:49Z
16044,26,2026-08-04T12:49:53Z
16045,27,2026-08-04T12:49:57Z
16046,31,2026-08-04T12:50:01Z
16047,32,2026-08-04T12:50:05Z
16048,30,2026-08-04T12:50:09Z
16049,27,2026-08-04T12:50:12Z
16050,27,2026-08-04T12:50:15Z
16051,26,2026-08-04T12:50:19Z
16052,27,2026-08-04T12:50:22Z
16053,26,2026-08-04T12:50:25Z
16054,23,2026-08-04T12:50:28Z
16055,24,2026-08-04T12:50:31Z
16056,22,2026-08-04T12:50:34Z
16057,24,2026-08-04T12:50:37Z
16058,26,2026-08-04T12:50:40Z
16059,24,2026-08-04T12:50:43Z
16060,23,2026-08-04T12:50:46Z
16061,22,2026-08-04T12:50:49Z
16062,26,2026-08-04T12:50:51Z
16063,26,2026-08-04T12:50:54Z
16064,24,2026-08-04T12:50:57Z
16065,25,2026-08-04T12:51:01Z
16066,25,2026-08-04T12:51:05Z
16067,27,2026-08-04T12:51:09Z
16068,31,2026-08-04T12:51:13Z
16069,33,2026-08-04T12:51:17Z
16070,29,2026-08-04T12:51:20Z
16071,31,2026-08-04T12:51:22Z
16072,26,2026-08-04T12:51:25Z
16073,28,2026-08-04T12:51:28Z
16074,30,2026-08-04T12:51:31Z
16075,29,2026-08-04T12:51:35Z
16076,28,2026-08-04T12:51:37Z
16077,27,2026-08-04T12:51:41Z
16078,27,2026-08-04T12:51:45Z
16079,28,2026-08-04T12:51:48Z
16080,34,2026-08-04T12:51:52Z
16081,34,2026-08-04T12:51:56Z
16082,27,2026-08-04T12:51:59Z
16083,27,2026-08-04T12:52:02Z
16084,30,2026-08-04T12:52:07Z
16085,33,2026-08-04T12:52:11Z
16086,33,2026-08-04T12:52:15Z
16087,34,2026-08-04T12:52:20Z
16088,34,2026-08-04T12:52:24Z
16089,36,2026-08-04T12:52:28Z
16090,36,2026-08-04T12:52:32Z
16091,40,2026-08-04T12:52:37Z
16092,40,2026-08-04T12:52:41Z
16093,38,2026-08-04T12:52:45Z
16094,33,2026-08-04T12:52:50Z
16095,38,2026-08-04T12:52:54Z
16096,30,2026-08-04T12:52:58Z
16097,28,2026-08-04T12:53:03Z
16098,30,2026-08-04T12:53:07Z
16099,25,2026-08-04T12:53:11Z
16100,27,2026-08-04T12:53:16Z
16101,25,2026-08-04T12:53:19Z
16102,27,2026-08-04T12:53:22Z
16103,24,2026-08-04T12:53:25Z
16104,26,2026-08-04T12:53:28Z
16105,27,2026-08-04T12:53:31Z
16106,27,2026-08-04T12:53:34Z
16107,30,2026-08-04T12:53:37Z
16108,30,2026-08-04T12:53:41Z
16109,29,2026-08-04T12:53:45Z
16110,30,2026-08-04T12:53:49Z
16111,31,2026-08-04T12:53:52Z
16112,32,2026-08-04T12:53:57Z
16113,33,2026-08-04T12:54:01Z
16114,33,2026-08-04T12:54:04Z
16115,36,2026-08-04T12:54:07Z
16116,35,2026-08-04T12:54:13Z
16117,32,2026-08-04T12:54:19Z
16118,33,2026-08-04T12:54:22Z
16119,33,2026-08-04T12:54:25Z
16120,33,2026-08-04T12:54:29Z
16121,33,2026-08-04T12:54:33Z
16122,30,2026-08-04T12:54:37Z
16123,27,2026-08-04T12:54:42Z
16124,28,2026-08-04T12:54:44Z
16125,27,2026-08-04T12:54:46Z
16126,28,2026-08-04T12:54:50Z
16127,30,2026-08-04T12:54:54Z
16128,28,2026-08-04T12:54:58Z
16129,34,2026-08-04T12:55:01Z
16130,32,2026-08-04T12:55:06Z
16131,30,2026-08-04T12:55:10Z
16132,35,2026-08-04T12:55:15Z
16133,39,2026-08-04T12:55:17Z
16134,39,2026-08-04T12:55:22Z
16135,32,2026-08-04T12:55:26Z
16136,34,2026-08-04T12:55:30Z
16137,37,2026-08-04T12:55:34Z
16138,39,2026-08-04T12:55:38Z
16139,32,2026-08-04T12:55:42Z
16140,32,2026-08-04T12:55:46Z
16141,37,2026-08-04T12:55:50Z
16142,32,2026-08-04T12:55:55Z
16143,33,2026-08-04T12:55:59Z
16144,33,2026-08-04T12:56:03Z
16145,33,2026-08-04T12:56:07Z
16146,34,2026-08-04T12:56:09Z
16147,36,2026-08-04T12:56:16Z
16148,37,2026-08-04T12:56:20Z
16149,38,2026-08-04T12:56:24Z
16150,34,2026-08-04T12:56:30Z
16151,31,2026-08-04T12:56:32Z
16152,34,2026-08-04T12:56:37Z
16153,32,2026-08-04T12:56:40Z
16154,27,2026-08-04T12:56:44Z
16155,32,2026-08-04T12:56:48Z
16156,38,2026-08-04T12:56:51Z
16157,34,2026-08-04T12:56:55Z
16158,30,2026-08-04T12:56:59Z
16159,36,2026-08-04T12:57:03Z
16160,31,2026-08-04T12:57:06Z
16161,35,2026-08-04T12:57:09Z
16162,35,2026-08-04T12:57:14Z
16163,30,2026-08-04T12:57:18Z
16164,31,2026-08-04T12:57:21Z
16165,29,2026-08-04T12:57:25Z
16166,29,2026-08-04T12:57:28Z
16167,33,2026-08-04T12:57:32Z
16168,33,2026-08-04T12:57:35Z
16169,32,2026-08-04T12:57:38Z
16170,29,2026-08-04T12:57:42Z
16171,29,2026-08-04T12:57:45Z
16172,27,2026-08-04T12:57:49Z
16173,28,2026-08-04T12:57:51Z
16174,27,2026-08-04T12:57:56Z
16175,29,2026-08-04T12:57:59Z
16176,32,2026-08-04T12:58:02Z
16177,29,2026-08-04T12:58:05Z
16178,30,2026-08-04T12:58:08Z
16179,33,2026-08-04T12:58:11Z
16180,35,2026-08-04T12:58:13Z
16181,30,2026-08-04T12:58:17Z
16182,28,2026-08-04T12:58:21Z
16183,27,2026-08-04T12:58:24Z
16184,27,2026-08-04T12:58:28Z
16185,26,2026-08-04T12:58:32Z
16186,26,2026-08-04T12:58:34Z
16187,27,2026-08-04T12:58:36Z
16188,28,2026-08-04T12:58:38Z
16189,30,2026-08-04T12:58:41Z
16190,29,2026-08-04T12:58:44Z
16191,30,2026-08-04T12:58:48Z
16192,33,2026-08-04T12:58:54Z
16193,32,2026-08-04T12:58:58Z
16194,32,2026-08-04T12:59:02Z
16195,33,2026-08-04T12:59:06Z
16196,32,2026-08-04T12:59:09Z
16197,33,2026-08-04T12:59:13Z
16198,30,2026-08-04T12:59:16Z
16199,33,2026-08-04T12:59:20Z
16200,30,2026-08-04T12:59:23Z
16201,27,2026-08-04T12:59:26Z
16202,29,2026-08-04T12:59:29Z
16203,34,2026-08-04T12:59:32Z
16204,30,2026-08-04T12:59:35Z
16205,27,2026-08-04T12:59:38Z
16206,27,2026-08-04T12:59:41Z
16207,33,2026-08-04T12:59:44Z
16208,30,2026-08-04T12:59:47Z
16209,30,2026-08-04T12:59:50Z
16210,31,2026-08-04T12:59:57Z
16211,30,2026-08-04T13:00:00Z
16212,28,2026-08-04T13:00:03Z
16213,29,2026-08-04T13:00:06Z
16214,30,2026-08-04T13:00:09Z
16215,31,2026-08-04T13:00:12Z
16216,32,2026-08-04T13:00:15Z
16217,32,2026-08-04T13:00:20Z
16218,30,2026-08-04T13:00:25Z
16219,29,2026-08-04T13:00:28Z
16220,25,2026-08-04T13:00:31Z
16221,25,2026-08-04T13:00:32Z
16222,25,2026-08-04T13:00:34Z
16223,27,2026-08-04T13:00:37Z
16224,27,2026-08-04T13:00:40Z
16225,25,2026-08-04T13:00:41Z
16226,26,2026-08-04T13:00:44Z
16227,25,2026-08-04T13:00:47Z
16228,28,2026-08-04T13:00:50Z
16229,30,2026-08-04T13:00:53Z
16230,27,2026-08-04T13:00:56Z
16231,29,2026-08-04T13:00:59Z
16232,28,2026-08-04T13:01:02Z
16233,27,2026-08-04T13:01:05Z
16234,28,2026-08-04T13:01:08Z
16235,29,2026-08-04T13:01:11Z
16236,29,2026-08-04T13:01:14Z
16237,29,2026-08-04T13:01:17Z
16238,29,2026-08-04T13:01:20Z
16239,31,2026-08-04T13:01:23Z
16240,29,2026-08-04T13:01:27Z
16241,29,2026-08-04T13:01:30Z
16242,28,2026-08-04T13:01:34Z
16243,27,2026-08-04T13:01:37Z
16244,33,2026-08-04T13:01:40Z
16245,31,2026-08-04T13:01:44Z
16246,32,2026-08-04T13:01:48Z
16247,33,2026-08-04T13:01:53Z
16248,29,2026-08-04T13:01:58Z
16249,32,2026-08-04T13:02:02Z
16250,32,2026-08-04T13:02:05Z
16251,32,2026-08-04T13:02:08Z
16252,30,2026-08-04T13:02:13Z
16253,30,2026-08-04T13:02:15Z
16254,31,2026-08-04T13:02:19Z
16255,31,2026-08-04T13:02:23Z
16256,28,2026-08-04T13:02:27Z
16257,27,2026-08-04T13:02:31Z
16258,28,2026-08-04T13:02:35Z
16259,28,2026-08-04T13:02:36Z
16260,28,2026-08-04T13:02:41Z
16261,33,2026-08-04T13:02:46Z
16262,36,2026-08-04T13:02:48Z
16263,35,2026-08-04T13:02:51Z
16264,30,2026-08-04T13:02:54Z
16265,29,2026-08-04T13:02:58Z
16266,28,2026-08-04T13:03:02Z
16267,38,2026-08-04T13:03:06Z
16268,29,2026-08-04T13:03:11Z
16269,31,2026-08-04T13:03:15Z
16270,32,2026-08-04T13:03:19Z
16271,33,2026-08-04T13:03:22Z
16272,31,2026-08-04T13:03:25Z
16273,31,2026-08-04T13:03:30Z
16274,27,2026-08-04T13:03:35Z
16275,28,2026-08-04T13:03:39Z
16276,30,2026-08-04T13:03:44Z
16277,28,2026-08-04T13:03:48Z
16278,30,2026-08-04T13:03:52Z
16279,36,2026-08-04T13:03:57Z
16280,32,2026-08-04T13:04:02Z
16281,34,2026-08-04T13:04:06Z
16282,35,2026-08-04T13:04:11Z
16283,33,2026-08-04T13:04:16Z
16284,36,2026-08-04T13:04:18Z
16285,36,2026-08-04T13:04:22Z
16286,30,2026-08-04T13:04:25Z
16287,33,2026-08-04T13:04:29Z
16288,31,2026-08-04T13:04:32Z
16289,27,2026-08-04T13:04:36Z
16290,31,2026-08-04T13:04:40Z
16291,27,2026-08-04T13:04:43Z
16292,25,2026-08-04T13:04:47Z
16293,26,2026-08-04T13:04:52Z
16294,27,2026-08-04T13:04:57Z
16295,27,2026-08-04T13:05:01Z
16296,27,2026-08-04T13:05:04Z
16297,31,2026-08-04T13:05:08Z
16298,30,2026-08-04T13:05:12Z
16299,31,2026-08-04T13:05:16Z
16300,35,2026-08-04T13:05:20Z
16301,35,2026-08-04T13:05:24Z
16302,32,2026-08-04T13:05:26Z
16303,33,2026-08-04T13:05:29Z
16304,30,2026-08-04T13:05:33Z
16305,28,2026-08-04T13:05:38Z
16306,31,2026-08-04T13:05:43Z
16307,29,2026-08-04T13:05:47Z
16308,32,2026-08-04T13:05:52Z
16309,28,2026-08-04T13:05:55Z
16310,30,2026-08-04T13:06:00Z
16311,33,2026-08-04T13:06:05Z
16312,33,2026-08-04T13:06:10Z
16313,30,2026-08-04T13:06:14Z
16314,37,2026-08-04T13:06:19Z
16315,32,2026-08-04T13:06:23Z
16316,34,2026-08-04T13:06:27Z
16317,39,2026-08-04T13:06:31Z
16318,38,2026-08-04T13:06:36Z
16319,35,2026-08-04T13:06:40Z
16320,36,2026-08-04T13:06:44Z
16321,36,2026-08-04T13:06:46Z
16322,34,2026-08-04T13:06:52Z
16323,35,2026-08-04T13:06:56Z
16324,26,2026-08-04T13:07:00Z
16325,27,2026-08-04T13:07:03Z
16326,26,2026-08-04T13:07:07Z
16327,26,2026-08-04T13:07:11Z
16328,27,2026-08-04T13:07:14Z
16329,29,2026-08-04T13:07:18Z
16330,26,2026-08-04T13:07:22Z
16331,27,2026-08-04T13:07:26Z
16332,29,2026-08-04T13:07:28Z
16333,29,2026-08-04T13:07:30Z
16334,26,2026-08-04T13:07:33Z
16335,23,2026-08-04T13:07:36Z
16336,24,2026-08-04T13:07:39Z
16337,27,2026-08-04T13:07:43Z
16338,25,2026-08-04T13:07:46Z
16339,30,2026-08-04T13:07:49Z
16340,25,2026-08-04T13:07:52Z
16341,28,2026-08-04T13:07:56Z
16342,25,2026-08-04T13:07:59Z
16343,27,2026-08-04T13:08:02Z
16344,29,2026-08-04T13:08:05Z
16345,24,2026-08-04T13:08:09Z
16346,23,2026-08-04T13:08:13Z
16347,30,2026-08-04T13:08:18Z
16348,26,2026-08-04T13:08:21Z
16349,23,2026-08-04T13:08:25Z
16350,23,2026-08-04T13:08:28Z
16351,27,2026-08-04T13:08:32Z
16352,23,2026-08-04T13:08:36Z
16353,22,2026-08-04T13:08:39Z
16354,24,2026-08-04T13:08:42Z
16355,27,2026-08-04T13:08:46Z
16356,26,2026-08-04T13:08:49Z
16357,31,2026-08-04T13:08:53Z
16358,34,2026-08-04T13:08:56Z
16359,28,2026-08-04T13:08:59Z
16360,24,2026-08-04T13:09:03Z
16361,23,2026-08-04T13:09:07Z
16362,24,2026-08-04T13:09:10Z
16363,26,2026-08-04T13:09:14Z
16364,28,2026-08-04T13:09:17Z
16365,27,2026-08-04T13:09:21Z
16366,31,2026-08-04T13:09:24Z
16367,29,2026-08-04T13:09:27Z
16368,26,2026-08-04T13:09:31Z
16369,28,2026-08-04T13:09:34Z
16370,32,2026-08-04T13:09:40Z
16371,34,2026-08-04T13:09:44Z
16372,28,2026-08-04T13:09:48Z
16373,29,2026-08-04T13:09:53Z
16374,35,2026-08-04T13:09:57Z
16375,29,2026-08-04T13:10:00Z
16376,33,2026-08-04T13:10:03Z
16377,34,2026-08-04T13:10:06Z
16378,33,2026-08-04T13:10:10Z
16379,33,2026-08-04T13:10:18Z
16380,32,2026-08-04T13:10:22Z
16381,31,2026-08-04T13:10:27Z
16382,33,2026-08-04T13:10:31Z
16383,30,2026-08-04T13:10:32Z
16384,30,2026-08-04T13:10:37Z
16385,31,2026-08-04T13:10:41Z
16386,34,2026-08-04T13:10:44Z
16387,37,2026-08-04T13:10:47Z
16388,37,2026-08-04T13:10:51Z
16389,29,2026-08-04T13:10:56Z
16390,36,2026-08-04T13:11:00Z
16391,31,2026-08-04T13:11:04Z
16392,33,2026-08-04T13:11:08Z
16393,36,2026-08-04T13:11:13Z
16394,33,2026-08-04T13:11:17Z
16395,33,2026-08-04T13:11:21Z
16396,39,2026-08-04T13:11:25Z
16397,40,2026-08-04T13:11:31Z
16398,40,2026-08-04T13:11:38Z
16399,35,2026-08-04T13:11:41Z
16400,36,2026-08-04T13:11:45Z
16401,34,2026-08-04T13:11:48Z
16402,33,2026-08-04T13:11:54Z
16403,31,2026-08-04T13:12:00Z
16404,30,2026-08-04T13:12:03Z
16405,31,2026-08-04T13:12:07Z
16406,30,2026-08-04T13:12:10Z
16407,30,2026-08-04T13:12:14Z
16408,29,2026-08-04T13:12:17Z
16409,30,2026-08-04T13:12:20Z
16410,27,2026-08-04T13:12:24Z
16411,28,2026-08-04T13:12:28Z
16412,32,2026-08-04T13:12:32Z
16413,31,2026-08-04T13:12:35Z
16414,30,2026-08-04T13:12:38Z
16415,27,2026-08-04T13:12:42Z
16416,25,2026-08-04T13:12:44Z
16417,28,2026-08-04T13:12:48Z
16418,31,2026-08-04T13:12:52Z
16419,31,2026-08-04T13:12:56Z
16420,28,2026-08-04T13:12:59Z
16421,31,2026-08-04T13:13:03Z
16422,31,2026-08-04T13:13:07Z
16423,34,2026-08-04T13:13:11Z
16424,35,2026-08-04T13:13:16Z
16425,33,2026-08-04T13:13:20Z
16426,34,2026-08-04T13:13:23Z
16427,32,2026-08-04T13:13:27Z
16428,32,2026-08-04T13:13:33Z
16429,39,2026-08-04T13:13:38Z
16430,37,2026-08-04T13:13:41Z
16431,36,2026-08-04T13:13:45Z
16432,32,2026-08-04T13:13:49Z
16433,32,2026-08-04T13:13:54Z
16434,31,2026-08-04T13:13:58Z
16435,32,2026-08-04T13:14:03Z
16436,34,2026-08-04T13:14:07Z
16437,35,2026-08-04T13:14:12Z
16438,36,2026-08-04T13:14:15Z
16439,37,2026-08-04T13:14:18Z
16440,36,2026-08-04T13:14:22Z
16441,32,2026-08-04T13:14:25Z
16442,35,2026-08-04T13:14:28Z
16443,36,2026-08-04T13:14:32Z
16444,33,2026-08-04T13:14:35Z
16445,35,2026-08-04T13:14:38Z
16446,32,2026-08-04T13:14:44Z
16447,30,2026-08-04T13:14:46Z
16448,29,2026-08-04T13:14:49Z
16449,30,2026-08-04T13:14:53Z
16450,34,2026-08-04T13:14:54Z
16451,27,2026-08-04T13:14:56Z
16452,26,2026-08-04T13:14:59Z
16453,27,2026-08-04T13:15:02Z
16454,28,2026-08-04T13:15:05Z
16455,33,2026-08-04T13:15:08Z
16456,35,2026-08-04T13:15:11Z
16457,32,2026-08-04T13:15:14Z
16458,36,2026-08-04T13:15:17Z
16459,32,2026-08-04T13:15:20Z
16460,32,2026-08-04T13:15:23Z
16461,27,2026-08-04T13:15:26Z
16462,28,2026-08-04T13:15:30Z
16463,30,2026-08-04T13:15:33Z
16464,32,2026-08-04T13:15:37Z
16465,32,2026-08-04T13:15:40Z
16466,33,2026-08-04T13:15:44Z
16467,29,2026-08-04T13:15:49Z
16468,33,2026-08-04T13:15:52Z
16469,34,2026-08-04T13:15:55Z
16470,38,2026-08-04T13:15:58Z
16471,35,2026-08-04T13:16:03Z
16472,32,2026-08-04T13:16:06Z
16473,36,2026-08-04T13:16:10Z
16474,35,2026-08-04T13:16:14Z
16475,40,2026-08-04T13:16:17Z
16476,38,2026-08-04T13:16:21Z
16477,38,2026-08-04T13:16:25Z
16478,33,2026-08-04T13:16:29Z
16479,32,2026-08-04T13:16:34Z
16480,35,2026-08-04T13:16:37Z
16481,33,2026-08-04T13:16:40Z
16482,35,2026-08-04T13:16:41Z
16483,33,2026-08-04T13:16:46Z
16484,32,2026-08-04T13:16:49Z
16485,31,2026-08-04T13:16:52Z
16486,29,2026-08-04T13:16:56Z
16487,31,2026-08-04T13:16:59Z
16488,35,2026-08-04T13:17:02Z
16489,38,2026-08-04T13:17:07Z
16490,35,2026-08-04T13:17:11Z
16491,34,2026-08-04T13:17:15Z
16492,33,2026-08-04T13:17:18Z
16493,34,2026-08-04T13:17:22Z
16494,36,2026-08-04T13:17:26Z
16495,34,2026-08-04T13:17:30Z
16496,35,2026-08-04T13:17:33Z
16497,33,2026-08-04T13:17:37Z
16498,31,2026-08-04T13:17:41Z
16499,32,2026-08-04T13:17:44Z
16500,31,2026-08-04T13:17:48Z
16501,31,2026-08-04T13:17:51Z
16502,36,2026-08-04T13:17:55Z
16503,37,2026-08-04T13:17:58Z
16504,37,2026-08-04T13:18:02Z
16505,33,2026-08-04T13:18:06Z
16506,37,2026-08-04T13:18:09Z
16507,36,2026-08-04T13:18:13Z
16508,32,2026-08-04T13:18:16Z
16509,33,2026-08-04T13:18:20Z
16510,33,2026-08-04T13:18:23Z
16511,36,2026-08-04T13:18:26Z
16512,35,2026-08-04T13:18:30Z
16513,35,2026-08-04T13:18:33Z
16514,37,2026-08-04T13:18:36Z
16515,31,2026-08-04T13:18:40Z
16516,37,2026-08-04T13:18:43Z
16517,34,2026-08-04T13:18:47Z
16518,33,2026-08-04T13:18:50Z
16519,33,2026-08-04T13:18:54Z
16520,31,2026-08-04T13:18:59Z
16521,31,2026-08-04T13:19:03Z
16522,34,2026-08-04T13:19:04Z
16523,31,2026-08-04T13:19:11Z
16524,30,2026-08-04T13:19:14Z
16525,29,2026-08-04T13:19:15Z
16526,27,2026-08-04T13:19:19Z
16527,25,2026-08-04T13:19:21Z
16528,26,2026-08-04T13:19:24Z
16529,27,2026-08-04T13:19:27Z
16530,25,2026-08-04T13:19:30Z
16531,25,2026-08-04T13:19:33Z
16532,25,2026-08-04T13:19:35Z
16533,26,2026-08-04T13:19:38Z
16534,25,2026-08-04T13:19:41Z
16535,24,2026-08-04T13:19:43Z
16536,25,2026-08-04T13:19:46Z
16537,25,2026-08-04T13:19:48Z
16538,26,2026-08-04T13:19:51Z
16539,26,2026-08-04T13:19:54Z
16540,27,2026-08-04T13:19:56Z
16541,25,2026-08-04T13:19:59Z
16542,24,2026-08-04T13:20:01Z
16543,29,2026-08-04T13:20:03Z
16544,31,2026-08-04T13:20:06Z
16545,26,2026-08-04T13:20:09Z
16546,25,2026-08-04T13:20:13Z
16547,24,2026-08-04T13:20:16Z
16548,27,2026-08-04T13:20:20Z
16549,24,2026-08-04T13:20:21Z
16550,25,2026-08-04T13:20:23Z
16551,25,2026-08-04T13:20:28Z
16552,27,2026-08-04T13:20:28Z
16553,24,2026-08-04T13:20:31Z
16554,24,2026-08-04T13:20:34Z
16555,26,2026-08-04T13:20:37Z
16556,27,2026-08-04T13:20:40Z
16557,28,2026-08-04T13:20:43Z
16558,31,2026-08-04T13:20:46Z
16559,27,2026-08-04T13:20:49Z
16560,26,2026-08-04T13:20:52Z
16561,30,2026-08-04T13:20:54Z
16562,28,2026-08-04T13:20:59Z
16563,26,2026-08-04T13:21:05Z
16564,28,2026-08-04T13:21:10Z
16565,30,2026-08-04T13:21:15Z
16566,30,2026-08-04T13:21:21Z
16567,33,2026-08-04T13:21:26Z
16568,28,2026-08-04T13:21:32Z
16569,27,2026-08-04T13:21:36Z
16570,30,2026-08-04T13:21:39Z
16571,28,2026-08-04T13:21:43Z
16572,26,2026-08-04T13:21:46Z
16573,27,2026-08-04T13:21:49Z
16574,28,2026-08-04T13:21:52Z
16575,30,2026-08-04T13:21:55Z
16576,28,2026-08-04T13:21:59Z
16577,33,2026-08-04T13:22:02Z
16578,29,2026-08-04T13:22:05Z
16579,29,2026-08-04T13:22:08Z
16580,28,2026-08-04T13:22:11Z
16581,29,2026-08-04T13:22:16Z
16582,29,2026-08-04T13:22:20Z
16583,28,2026-08-04T13:22:23Z
16584,27,2026-08-04T13:22:25Z
16585,31,2026-08-04T13:22:28Z
16586,29,2026-08-04T13:22:30Z
16587,26,2026-08-04T13:22:33Z
16588,25,2026-08-04T13:22:36Z
16589,26,2026-08-04T13:22:39Z
16590,28,2026-08-04T13:22:43Z
16591,30,2026-08-04T13:22:46Z
16592,30,2026-08-04T13:22:49Z
16593,28,2026-08-04T13:22:52Z
16594,28,2026-08-04T13:22:56Z
16595,27,2026-08-04T13:23:00Z
16596,30,2026-08-04T13:23:04Z
16597,30,2026-08-04T13:23:08Z
16598,27,2026-08-04T13:23:12Z
16599,32,2026-08-04T13:23:16Z
16600,32,2026-08-04T13:23:21Z
16601,32,2026-08-04T13:23:26Z
16602,33,2026-08-04T13:23:30Z
16603,32,2026-08-04T13:23:33Z
16604,35,2026-08-04T13:23:36Z
16605,34,2026-08-04T13:23:40Z
16606,35,2026-08-04T13:23:44Z
16607,32,2026-08-04T13:23:48Z
16608,32,2026-08-04T13:23:51Z
16609,34,2026-08-04T13:23:54Z
16610,30,2026-08-04T13:24:00Z
16611,27,2026-08-04T13:24:04Z
16612,27,2026-08-04T13:24:09Z
16613,30,2026-08-04T13:24:13Z
16614,30,2026-08-04T13:24:15Z
16615,29,2026-08-04T13:24:18Z
16616,29,2026-08-04T13:24:24Z
16617,32,2026-08-04T13:24:26Z
16618,30,2026-08-04T13:24:29Z
16619,26,2026-08-04T13:24:32Z
16620,26,2026-08-04T13:24:35Z
16621,31,2026-08-04T13:24:38Z
16622,27,2026-08-04T13:24:40Z
16623,23,2026-08-04T13:24:41Z
16624,26,2026-08-04T13:24:45Z
16625,27,2026-08-04T13:24:50Z
16626,26,2026-08-04T13:24:54Z
16627,30,2026-08-04T13:24:58Z
16628,23,2026-08-04T13:25:02Z
16629,25,2026-08-04T13:25:06Z
16630,28,2026-08-04T13:25:09Z
16631,29,2026-08-04T13:25:13Z
16632,30,2026-08-04T13:25:15Z
16633,26,2026-08-04T13:25:20Z
16634,24,2026-08-04T13:25:23Z
16635,28,2026-08-04T13:25:26Z
16636,31,2026-08-04T13:25:30Z
16637,28,2026-08-04T13:25:34Z
16638,28,2026-08-04T13:25:37Z
16639,30,2026-08-04T13:25:42Z
16640,29,2026-08-04T13:25:44Z
16641,26,2026-08-04T13:25:49Z
16642,27,2026-08-04T13:25:52Z
16643,29,2026-08-04T13:25:55Z
16644,26,2026-08-04T13:26:01Z
16645,28,2026-08-04T13:26:06Z
16646,27,2026-08-04T13:26:12Z
16647,30,2026-08-04T13:26:16Z
16648,29,2026-08-04T13:26:20Z
16649,28,2026-08-04T13:26:24Z
16650,30,2026-08-04T13:26:28Z
16651,30,2026-08-04T13:26:33Z
16652,28,2026-08-04T13:26:37Z
16653,31,2026-08-04T13:26:42Z
16654,28,2026-08-04T13:26:47Z
16655,28,2026-08-04T13:26:50Z
16656,27,2026-08-04T13:26:52Z
16657,28,2026-08-04T13:26:55Z
16658,27,2026-08-04T13:26:58Z
16659,22,2026-08-04T13:27:01Z
16660,25,2026-08-04T13:27:04Z
16661,29,2026-08-04T13:27:08Z
16662,31,2026-08-04T13:27:11Z
16663,27,2026-08-04T13:27:15Z
16664,31,2026-08-04T13:27:19Z
16665,35,2026-08-04T13:27:23Z
16666,30,2026-08-04T13:27:28Z
16667,30,2026-08-04T13:27:32Z
16668,31,2026-08-04T13:27:35Z
16669,29,2026-08-04T13:27:39Z
16670,26,2026-08-04T13:27:42Z
16671,27,2026-08-04T13:27:46Z
16672,28,2026-08-04T13:27:49Z
16673,32,2026-08-04T13:27:53Z
16674,32,2026-08-04T13:27:56Z
16675,30,2026-08-04T13:27:58Z
16676,33,2026-08-04T13:28:01Z
16677,27,2026-08-04T13:28:05Z
16678,30,2026-08-04T13:28:08Z
16679,30,2026-08-04T13:28:12Z
16680,31,2026-08-04T13:28:15Z
16681,31,2026-08-04T13:28:18Z
16682,28,2026-08-04T13:28:20Z
16683,29,2026-08-04T13:28:23Z
16684,29,2026-08-04T13:28:26Z
16685,25,2026-08-04T13:28:26Z
16686,25,2026-08-04T13:28:30Z
16687,24,2026-08-04T13:28:32Z
16688,26,2026-08-04T13:28:35Z
16689,24,2026-08-04T13:28:37Z
16690,26,2026-08-04T13:28:39Z
16691,27,2026-08-04T13:28:42Z
16692,30,2026-08-04T13:28:44Z
16693,32,2026-08-04T13:28:47Z
16694,33,2026-08-04T13:28:50Z
16695,30,2026-08-04T13:28:53Z
16696,29,2026-08-04T13:28:56Z
16697,28,2026-08-04T13:28:59Z
16698,30,2026-08-04T13:29:02Z
16699,31,2026-08-04T13:29:04Z
16700,29,2026-08-04T13:29:07Z
16701,29,2026-08-04T13:29:11Z
16702,32,2026-08-04T13:29:15Z
16703,28,2026-08-04T13:29:18Z
16704,29,2026-08-04T13:29:20Z
16705,30,2026-08-04T13:29:23Z
16706,25,2026-08-04T13:29:25Z
16707,25,2026-08-04T13:29:26Z
16708,26,2026-08-04T13:29:31Z
16709,21,2026-08-04T13:29:33Z
16710,25,2026-08-04T13:29:35Z
16711,21,2026-08-04T13:29:38Z
16712,22,2026-08-04T13:29:41Z
16713,23,2026-08-04T13:29:43Z
16714,23,2026-08-04T13:29:46Z
16715,21,2026-08-04T13:29:49Z
16716,22,2026-08-04T13:29:52Z
16717,25,2026-08-04T13:29:56Z
16718,23,2026-08-04T13:30:00Z
16719,25,2026-08-04T13:30:04Z
16720,31,2026-08-04T13:30:08Z
16721,32,2026-08-04T13:30:12Z
16722,23,2026-08-04T13:30:15Z
16723,25,2026-08-04T13:30:18Z
16724,31,2026-08-04T13:30:22Z
16725,33,2026-08-04T13:30:25Z
16726,30,2026-08-04T13:30:28Z
16727,31,2026-08-04T13:30:32Z
16728,30,2026-08-04T13:30:36Z
16729,28,2026-08-04T13:30:39Z
16730,27,2026-08-04T13:30:43Z
16731,28,2026-08-04T13:30:47Z
16732,31,2026-08-04T13:30:50Z
16733,30,2026-08-04T13:30:53Z
16734,25,2026-08-04T13:30:57Z
16735,26,2026-08-04T13:30:59Z
16736,27,2026-08-04T13:31:00Z
16737,25,2026-08-04T13:31:04Z
16738,26,2026-08-04T13:31:07Z
16739,27,2026-08-04T13:31:11Z
16740,27,2026-08-04T13:31:14Z
16741,28,2026-08-04T13:31:18Z
16742,29,2026-08-04T13:31:22Z
16743,28,2026-08-04T13:31:25Z
16744,30,2026-08-04T13:31:28Z
16745,30,2026-08-04T13:31:32Z
16746,33,2026-08-04T13:31:35Z
16747,34,2026-08-04T13:31:39Z
16748,35,2026-08-04T13:31:43Z
16749,38,2026-08-04T13:31:47Z
16750,33,2026-08-04T13:31:51Z
16751,31,2026-08-04T13:31:55Z
16752,32,2026-08-04T13:32:02Z
16753,32,2026-08-04T13:32:04Z
16754,33,2026-08-04T13:32:07Z
16755,33,2026-08-04T13:32:14Z
16756,27,2026-08-04T13:32:16Z
16757,29,2026-08-04T13:32:19Z
16758,29,2026-08-04T13:32:23Z
16759,30,2026-08-04T13:32:26Z
16760,28,2026-08-04T13:32:30Z
16761,33,2026-08-04T13:32:33Z
16762,31,2026-08-04T13:32:37Z
16763,31,2026-08-04T13:32:41Z
16764,32,2026-08-04T13:32:45Z
16765,33,2026-08-04T13:32:49Z
16766,28,2026-08-04T13:32:52Z
16767,26,2026-08-04T13:32:55Z
16768,28,2026-08-04T13:32:58Z
16769,29,2026-08-04T13:33:00Z
16770,29,2026-08-04T13:33:03Z
16771,27,2026-08-04T13:33:06Z
16772,26,2026-08-04T13:33:09Z
16773,28,2026-08-04T13:33:12Z
16774,27,2026-08-04T13:33:16Z
16775,31,2026-08-04T13:33:19Z
16776,28,2026-08-04T13:33:22Z
16777,31,2026-08-04T13:33:26Z
16778,29,2026-08-04T13:33:29Z
16779,31,2026-08-04T13:33:32Z
16780,30,2026-08-04T13:33:35Z
16781,27,2026-08-04T13:33:38Z
16782,28,2026-08-04T13:33:41Z
16783,28,2026-08-04T13:33:44Z
16784,29,2026-08-04T13:33:48Z
16785,34,2026-08-04T13:33:51Z
16786,29,2026-08-04T13:33:55Z
16787,29,2026-08-04T13:33:59Z
16788,30,2026-08-04T13:34:03Z
16789,35,2026-08-04T13:34:06Z
16790,39,2026-08-04T13:34:10Z
16791,32,2026-08-04T13:34:14Z
16792,33,2026-08-04T13:34:18Z
16793,34,2026-08-04T13:34:21Z
16794,31,2026-08-04T13:34:25Z
16795,33,2026-08-04T13:34:29Z
16796,34,2026-08-04T13:34:32Z
16797,32,2026-08-04T13:34:36Z
16798,33,2026-08-04T13:34:38Z
16799,32,2026-08-04T13:34:40Z
16800,33,2026-08-04T13:34:43Z
16801,31,2026-08-04T13:34:46Z
16802,30,2026-08-04T13:34:50Z
16803,31,2026-08-04T13:34:53Z
16804,29,2026-08-04T13:34:57Z
16805,28,2026-08-04T13:34:59Z
16806,28,2026-08-04T13:35:02Z
16807,27,2026-08-04T13:35:05Z
16808,26,2026-08-04T13:35:08Z
16809,25,2026-08-04T13:35:10Z
16810,26,2026-08-04T13:35:14Z
16811,26,2026-08-04T13:35:17Z
16812,27,2026-08-04T13:35:18Z
16813,26,2026-08-04T13:35:22Z
16814,25,2026-08-04T13:35:25Z
16815,26,2026-08-04T13:35:27Z
16816,25,2026-08-04T13:35:30Z
16817,23,2026-08-04T13:35:32Z
16818,22,2026-08-04T13:35:35Z
16819,23,2026-08-04T13:35:37Z
16820,23,2026-08-04T13:35:39Z
16821,23,2026-08-04T13:35:42Z
16822,24,2026-08-04T13:35:44Z
16823,24,2026-08-04T13:35:46Z
16824,25,2026-08-04T13:35:51Z
16825,26,2026-08-04T13:35:55Z
16826,28,2026-08-04T13:35:57Z
16827,29,2026-08-04T13:35:59Z
16828,29,2026-08-04T13:36:01Z
16829,29,2026-08-04T13:36:03Z
16830,27,2026-08-04T13:36:07Z
16831,30,2026-08-04T13:36:08Z
16832,31,2026-08-04T13:36:11Z
16833,26,2026-08-04T13:36:14Z
16834,24,2026-08-04T13:36:17Z
16835,25,2026-08-04T13:36:20Z
16836,24,2026-08-04T13:36:23Z
16837,23,2026-08-04T13:36:26Z
16838,24,2026-08-04T13:36:29Z
16839,26,2026-08-04T13:36:31Z
16840,27,2026-08-04T13:36:34Z
16841,24,2026-08-04T13:36:36Z
16842,24,2026-08-04T13:36:38Z
16843,25,2026-08-04T13:36:40Z
16844,24,2026-08-04T13:36:43Z
16845,24,2026-08-04T13:36:46Z
16846,28,2026-08-04T13:36:49Z
16847,24,2026-08-04T13:36:52Z
16848,24,2026-08-04T13:36:54Z
16849,25,2026-08-04T13:36:57Z
16850,28,2026-08-04T13:37:00Z
16851,27,2026-08-04T13:37:02Z
16852,26,2026-08-04T13:37:04Z
16853,30,2026-08-04T13:37:07Z
16854,30,2026-08-04T13:37:10Z
16855,28,2026-08-04T13:37:13Z
16856,28,2026-08-04T13:37:16Z
16857,29,2026-08-04T13:37:20Z
16858,27,2026-08-04T13:37:24Z
16859,28,2026-08-04T13:37:27Z
16860,31,2026-08-04T13:37:30Z
16861,28,2026-08-04T13:37:32Z
16862,25,2026-08-04T13:37:34Z
16863,23,2026-08-04T13:37:36Z
16864,24,2026-08-04T13:37:39Z
16865,25,2026-08-04T13:37:41Z
16866,24,2026-08-04T13:37:43Z
16867,23,2026-08-04T13:37:47Z
16868,26,2026-08-04T13:37:51Z
16869,26,2026-08-04T13:37:54Z
16870,25,2026-08-04T13:37:57Z
16871,30,2026-08-04T13:38:00Z
16872,27,2026-08-04T13:38:03Z
16873,27,2026-08-04T13:38:06Z
16874,26,2026-08-04T13:38:08Z
16875,28,2026-08-04T13:38:11Z
16876,31,2026-08-04T13:38:14Z
16877,33,2026-08-04T13:38:17Z
16878,37,2026-08-04T13:38:21Z
16879,35,2026-08-04T13:38:24Z
16880,32,2026-08-04T13:38:27Z
16881,29,2026-08-04T13:38:30Z
16882,35,2026-08-04T13:38:34Z
16883,31,2026-08-04T13:38:37Z
16884,33,2026-08-04T13:38:40Z
16885,29,2026-08-04T13:38:43Z
16886,31,2026-08-04T13:38:47Z
16887,32,2026-08-04T13:38:50Z
16888,35,2026-08-04T13:38:53Z
16889,34,2026-08-04T13:38:56Z
16890,31,2026-08-04T13:38:59Z
16891,28,2026-08-04T13:39:02Z
16892,29,2026-08-04T13:39:05Z
16893,28,2026-08-04T13:39:08Z
16894,25,2026-08-04T13:39:11Z
16895,26,2026-08-04T13:39:13Z
16896,27,2026-08-04T13:39:15Z
16897,26,2026-08-04T13:39:17Z
16898,23,2026-08-04T13:39:20Z
16899,25,2026-08-04T13:39:23Z
16900,28,2026-08-04T13:39:25Z
16901,26,2026-08-04T13:39:28Z
16902,24,2026-08-04T13:39:30Z
16903,25,2026-08-04T13:39:32Z
16904,25,2026-08-04T13:39:35Z
16905,24,2026-08-04T13:39:38Z
16906,24,2026-08-04T13:39:40Z
16907,27,2026-08-04T13:39:44Z
16908,27,2026-08-04T13:39:46Z
16909,26,2026-08-04T13:39:49Z
16910,26,2026-08-04T13:39:52Z
16911,28,2026-08-04T13:39:55Z
16912,29,2026-08-04T13:39:58Z
16913,29,2026-08-04T13:40:00Z
16914,28,2026-08-04T13:40:04Z
16915,28,2026-08-04T13:40:06Z
16916,24,2026-08-04T13:40:09Z
16917,25,2026-08-04T13:40:11Z
16918,24,2026-08-04T13:40:14Z
16919,22,2026-08-04T13:40:16Z
16920,22,2026-08-04T13:40:18Z
16921,24,2026-08-04T13:40:20Z
16922,26,2026-08-04T13:40:23Z
16923,23,2026-08-04T13:40:25Z
16924,23,2026-08-04T13:40:27Z
16925,22,2026-08-04T13:40:30Z
16926,21,2026-08-04T13:40:32Z
16927,21,2026-08-04T13:40:36Z
16928,24,2026-08-04T13:40:39Z
16929,25,2026-08-04T13:40:42Z
16930,26,2026-08-04T13:40:43Z
16931,26,2026-08-04T13:40:45Z
16932,28,2026-08-04T13:40:48Z
16933,28,2026-08-04T13:40:52Z
16934,28,2026-08-04T13:40:55Z
16935,27,2026-08-04T13:40:58Z
16936,29,2026-08-04T13:41:00Z
16937,31,2026-08-04T13:41:03Z
16938,27,2026-08-04T13:41:07Z
16939,24,2026-08-04T13:41:11Z
16940,26,2026-08-04T13:41:15Z
16941,23,2026-08-04T13:41:17Z
16942,23,2026-08-04T13:41:21Z
16943,26,2026-08-04T13:41:24Z
16944,29,2026-08-04T13:41:24Z
16945,29,2026-08-04T13:41:27Z
16946,31,2026-08-04T13:41:31Z
16947,30,2026-08-04T13:41:35Z
16948,34,2026-08-04T13:41:40Z
16949,31,2026-08-04T13:41:44Z
16950,31,2026-08-04T13:41:49Z
16951,28,2026-08-04T13:41:51Z
16952,31,2026-08-04T13:41:54Z
16953,31,2026-08-04T13:41:56Z
16954,33,2026-08-04T13:42:00Z
16955,32,2026-08-04T13:42:04Z
16956,35,2026-08-04T13:42:07Z
16957,36,2026-08-04T13:42:11Z
16958,36,2026-08-04T13:42:13Z
16959,37,2026-08-04T13:42:18Z
16960,35,2026-08-04T13:42:20Z
16961,36,2026-08-04T13:42:24Z
16962,33,2026-08-04T13:42:28Z
16963,32,2026-08-04T13:42:30Z
16964,33,2026-08-04T13:42:34Z
16965,35,2026-08-04T13:42:37Z
16966,33,2026-08-04T13:42:40Z
16967,32,2026-08-04T13:42:43Z
16968,34,2026-08-04T13:42:46Z
16969,31,2026-08-04T13:42:51Z
16970,30,2026-08-04T13:42:53Z
16971,27,2026-08-04T13:42:56Z
16972,29,2026-08-04T13:42:58Z
16973,31,2026-08-04T13:43:01Z
16974,27,2026-08-04T13:43:04Z
16975,28,2026-08-04T13:43:06Z
16976,32,2026-08-04T13:43:09Z
16977,32,2026-08-04T13:43:12Z
16978,29,2026-08-04T13:43:15Z
16979,29,2026-08-04T13:43:18Z
16980,26,2026-08-04T13:43:19Z
16981,25,2026-08-04T13:43:21Z
16982,22,2026-08-04T13:43:24Z
16983,23,2026-08-04T13:43:26Z
16984,22,2026-08-04T13:43:29Z
16985,23,2026-08-04T13:43:31Z
16986,20,2026-08-04T13:43:34Z
16987,17,2026-08-04T13:43:35Z
16988,17,2026-08-04T13:43:37Z
16989,19,2026-08-04T13:43:39Z
16990,18,2026-08-04T13:43:41Z
16991,17,2026-08-04T13:43:43Z
16992,17,2026-08-04T13:43:45Z
16993,20,2026-08-04T13:43:48Z
16994,19,2026-08-04T13:43:50Z
16995,19,2026-08-04T13:43:52Z
16996,19,2026-08-04T13:43:54Z
16997,18,2026-08-04T13:43:56Z
16998,18,2026-08-04T13:43:58Z
16999,19,2026-08-04T13:44:01Z
17000,18,2026-08-04T13:44:03Z
17001,18,2026-08-04T13:44:05Z
17002,20,2026-08-04T13:44:07Z
17003,20,2026-08-04T13:44:09Z
17004,16,2026-08-04T13:44:12Z
17005,15,2026-08-04T13:44:15Z
17006,16,2026-08-04T13:44:17Z
17007,15,2026-08-04T13:44:19Z
17008,17,2026-08-04T13:44:21Z
17009,19,2026-08-04T13:44:22Z
17010,18,2026-08-04T13:44:24Z
17011,19,2026-08-04T13:44:26Z
17012,15,2026-08-04T13:44:28Z
17013,16,2026-08-04T13:44:30Z
17014,16,2026-08-04T13:44:32Z
17015,17,2026-08-04T13:44:34Z
17016,17,2026-08-04T13:44:35Z
17017,17,2026-08-04T13:44:38Z
17018,16,2026-08-04T13:44:40Z
17019,18,2026-08-04T13:44:43Z
17020,17,2026-08-04T13:44:46Z
17021,17,2026-08-04T13:44:49Z
17022,19,2026-08-04T13:44:51Z
17023,19,2026-08-04T13:44:54Z
17024,22,2026-08-04T13:44:57Z
17025,24,2026-08-04T13:44:59Z
17026,26,2026-08-04T13:45:02Z
17027,22,2026-08-04T13:45:04Z
17028,22,2026-08-04T13:45:07Z
17029,24,2026-08-04T13:45:09Z
17030,23,2026-08-04T13:45:12Z
17031,22,2026-08-04T13:45:16Z
17032,24,2026-08-04T13:45:20Z
17033,26,2026-08-04T13:45:23Z
17034,26,2026-08-04T13:45:26Z
17035,24,2026-08-04T13:45:28Z
17036,22,2026-08-04T13:45:31Z
17037,23,2026-08-04T13:45:34Z
17038,24,2026-08-04T13:45:35Z
17039,24,2026-08-04T13:45:38Z
17040,26,2026-08-04T13:45:41Z
17041,26,2026-08-04T13:45:43Z
17042,24,2026-08-04T13:45:46Z
17043,26,2026-08-04T13:45:49Z
17044,28,2026-08-04T13:45:52Z
17045,25,2026-08-04T13:45:56Z
17046,24,2026-08-04T13:45:59Z
17047,24,2026-08-04T13:46:00Z
17048,29,2026-08-04T13:46:03Z
17049,25,2026-08-04T13:46:05Z
17050,26,2026-08-04T13:46:08Z
17051,30,2026-08-04T13:46:11Z
17052,31,2026-08-04T13:46:13Z
17053,28,2026-08-04T13:46:15Z
17054,29,2026-08-04T13:46:23Z
17055,31,2026-08-04T13:46:26Z
17056,28,2026-08-04T13:46:29Z
17057,25,2026-08-04T13:46:31Z
17058,27,2026-08-04T13:46:34Z
17059,26,2026-08-04T13:46:37Z
17060,27,2026-08-04T13:46:39Z
17061,25,2026-08-04T13:46:42Z
17062,23,2026-08-04T13:46:45Z
17063,24,2026-08-04T13:46:49Z
17064,26,2026-08-04T13:46:53Z
17065,23,2026-08-04T13:46:56Z
17066,23,2026-08-04T13:46:59Z
17067,24,2026-08-04T13:47:02Z
17068,23,2026-08-04T13:47:05Z
17069,21,2026-08-04T13:47:09Z
17070,23,2026-08-04T13:47:11Z
17071,22,2026-08-04T13:47:14Z
17072,24,2026-08-04T13:47:17Z
17073,26,2026-08-04T13:47:20Z
17074,25,2026-08-04T13:47:25Z
17075,30,2026-08-04T13:47:30Z
17076,30,2026-08-04T13:47:35Z
17077,28,2026-08-04T13:47:37Z
17078,25,2026-08-04T13:47:41Z
17079,26,2026-08-04T13:47:45Z
17080,23,2026-08-04T13:47:45Z
17081,27,2026-08-04T13:47:48Z
17082,24,2026-08-04T13:47:55Z
17083,24,2026-08-04T13:47:57Z
17084,26,2026-08-04T13:48:00Z
17085,25,2026-08-04T13:48:02Z
17086,21,2026-08-04T13:48:04Z
17087,26,2026-08-04T13:48:09Z
17088,23,2026-08-04T13:48:13Z
17089,22,2026-08-04T13:48:16Z
17090,24,2026-08-04T13:48:21Z
17091,21,2026-08-04T13:48:24Z
17092,22,2026-08-04T13:48:27Z
17093,24,2026-08-04T13:48:29Z
17094,23,2026-08-04T13:48:31Z
17095,24,2026-08-04T13:48:33Z
17096,25,2026-08-04T13:48:37Z
17097,24,2026-08-04T13:48:40Z
17098,22,2026-08-04T13:48:43Z
17099,25,2026-08-04T13:48:46Z
17100,21,2026-08-04T13:48:49Z
17101,19,2026-08-04T13:48:51Z
17102,19,2026-08-04T13:48:54Z
17103,18,2026-08-04T13:48:57Z
17104,20,2026-08-04T13:48:59Z
17105,23,2026-08-04T13:49:01Z
17106,22,2026-08-04T13:49:02Z
17107,21,2026-08-04T13:49:05Z
17108,23,2026-08-04T13:49:08Z
17109,20,2026-08-04T13:49:11Z
17110,22,2026-08-04T13:49:14Z
17111,22,2026-08-04T13:49:15Z
17112,26,2026-08-04T13:49:17Z
17113,26,2026-08-04T13:49:19Z
17114,25,2026-08-04T13:49:24Z
17115,22,2026-08-04T13:49:28Z
17116,24,2026-08-04T13:49:29Z
17117,25,2026-08-04T13:49:34Z
17118,25,2026-08-04T13:49:36Z
17119,24,2026-08-04T13:49:39Z
17120,25,2026-08-04T13:49:43Z
17121,25,2026-08-04T13:49:46Z
17122,24,2026-08-04T13:49:48Z
17123,31,2026-08-04T13:49:51Z
17124,30,2026-08-04T13:49:53Z
17125,27,2026-08-04T13:49:57Z
17126,28,2026-08-04T13:50:01Z
17127,28,2026-08-04T13:50:07Z
17128,27,2026-08-04T13:50:09Z
17129,26,2026-08-04T13:50:12Z
17130,28,2026-08-04T13:50:14Z
17131,27,2026-08-04T13:50:17Z
17132,26,2026-08-04T13:50:20Z
17133,30,2026-08-04T13:50:21Z
17134,30,2026-08-04T13:50:25Z
17135,27,2026-08-04T13:50:29Z
17136,26,2026-08-04T13:50:33Z
17137,27,2026-08-04T13:50:35Z
17138,24,2026-08-04T13:50:37Z
17139,26,2026-08-04T13:50:39Z
17140,27,2026-08-04T13:50:43Z
17141,25,2026-08-04T13:50:47Z
17142,25,2026-08-04T13:50:50Z
17143,28,2026-08-04T13:50:53Z
17144,23,2026-08-04T13:50:55Z
17145,22,2026-08-04T13:50:57Z
17146,23,2026-08-04T13:51:01Z
17147,20,2026-08-04T13:51:04Z
17148,21,2026-08-04T13:51:07Z
17149,23,2026-08-04T13:51:10Z
17150,21,2026-08-04T13:51:12Z
17151,22,2026-08-04T13:51:14Z
17152,21,2026-08-04T13:51:18Z
17153,19,2026-08-04T13:51:21Z
17154,19,2026-08-04T13:51:22Z
17155,23,2026-08-04T13:51:24Z
17156,21,2026-08-04T13:51:26Z
17157,21,2026-08-04T13:51:29Z
17158,21,2026-08-04T13:51:32Z
17159,22,2026-08-04T13:51:36Z
17160,19,2026-08-04T13:51:36Z
17161,24,2026-08-04T13:51:39Z
17162,19,2026-08-04T13:51:42Z
17163,20,2026-08-04T13:51:45Z
17164,20,2026-08-04T13:51:47Z
17165,21,2026-08-04T13:51:50Z
17166,19,2026-08-04T13:51:52Z
17167,19,2026-08-04T13:51:55Z
17168,20,2026-08-04T13:51:58Z
17169,19,2026-08-04T13:52:01Z
17170,21,2026-08-04T13:52:04Z
17171,23,2026-08-04T13:52:06Z
17172,21,2026-08-04T13:52:09Z
17173,22,2026-08-04T13:52:12Z
17174,24,2026-08-04T13:52:14Z
17175,23,2026-08-04T13:52:15Z
17176,20,2026-08-04T13:52:17Z
17177,22,2026-08-04T13:52:21Z
17178,24,2026-08-04T13:52:22Z
17179,23,2026-08-04T13:52:24Z
17180,23,2026-08-04T13:52:28Z
17181,22,2026-08-04T13:52:29Z
17182,21,2026-08-04T13:52:32Z
17183,22,2026-08-04T13:52:36Z
17184,20,2026-08-04T13:52:39Z
17185,21,2026-08-04T13:52:41Z
17186,26,2026-08-04T13:52:43Z
17187,20,2026-08-04T13:52:46Z
17188,21,2026-08-04T13:52:49Z
17189,24,2026-08-04T13:52:51Z
17190,21,2026-08-04T13:52:54Z
17191,21,2026-08-04T13:52:56Z
17192,24,2026-08-04T13:52:58Z
17193,26,2026-08-04T13:53:01Z
17194,26,2026-08-04T13:53:05Z
17195,29,2026-08-04T13:53:09Z
17196,28,2026-08-04T13:53:12Z
17197,34,2026-08-04T13:53:16Z
17198,34,2026-08-04T13:53:19Z
17199,33,2026-08-04T13:53:22Z
17200,29,2026-08-04T13:53:25Z
17201,24,2026-08-04T13:53:29Z
17202,22,2026-08-04T13:53:30Z
17203,21,2026-08-04T13:53:33Z
17204,20,2026-08-04T13:53:35Z
17205,19,2026-08-04T13:53:38Z
17206,21,2026-08-04T13:53:41Z
17207,20,2026-08-04T13:53:43Z
17208,19,2026-08-04T13:53:46Z
17209,17,2026-08-04T13:53:49Z
17210,19,2026-08-04T13:53:51Z
17211,18,2026-08-04T13:53:54Z
17212,19,2026-08-04T13:53:57Z
17213,22,2026-08-04T13:54:00Z
17214,22,2026-08-04T13:54:02Z
17215,18,2026-08-04T13:54:05Z
17216,21,2026-08-04T13:54:08Z
17217,24,2026-08-04T13:54:11Z
17218,21,2026-08-04T13:54:14Z
17219,20,2026-08-04T13:54:16Z
17220,21,2026-08-04T13:54:19Z
17221,22,2026-08-04T13:54:22Z
17222,21,2026-08-04T13:54:25Z
17223,21,2026-08-04T13:54:28Z
17224,22,2026-08-04T13:54:30Z
17225,25,2026-08-04T13:54:33Z
17226,22,2026-08-04T13:54:37Z
17227,24,2026-08-04T13:54:40Z
17228,24,2026-08-04T13:54:44Z
17229,22,2026-08-04T13:54:48Z
17230,24,2026-08-04T13:54:51Z
17231,25,2026-08-04T13:54:54Z
17232,24,2026-08-04T13:54:57Z
17233,25,2026-08-04T13:55:00Z
17234,26,2026-08-04T13:55:03Z
17235,25,2026-08-04T13:55:06Z
17236,25,2026-08-04T13:55:09Z
17237,26,2026-08-04T13:55:09Z
17238,23,2026-08-04T13:55:14Z
17239,24,2026-08-04T13:55:16Z
17240,25,2026-08-04T13:55:18Z
17241,25,2026-08-04T13:55:20Z
17242,25,2026-08-04T13:55:22Z
17243,26,2026-08-04T13:55:24Z
17244,23,2026-08-04T13:55:27Z
17245,25,2026-08-04T13:55:29Z
17246,22,2026-08-04T13:55:32Z
17247,24,2026-08-04T13:55:35Z
17248,26,2026-08-04T13:55:38Z
17249,24,2026-08-04T13:55:40Z
17250,25,2026-08-04T13:55:43Z
17251,27,2026-08-04T13:55:46Z
17252,22,2026-08-04T13:55:49Z
17253,22,2026-08-04T13:55:51Z
17254,23,2026-08-04T13:55:53Z
17255,23,2026-08-04T13:55:56Z
17256,25,2026-08-04T13:55:58Z
17257,21,2026-08-04T13:56:00Z
17258,20,2026-08-04T13:56:02Z
17259,22,2026-08-04T13:56:04Z
17260,25,2026-08-04T13:56:06Z
17261,26,2026-08-04T13:56:10Z
17262,27,2026-08-04T13:56:13Z
17263,27,2026-08-04T13:56:18Z
17264,27,2026-08-04T13:56:18Z
17265,25,2026-08-04T13:56:21Z
17266,27,2026-08-04T13:56:23Z
17267,27,2026-08-04T13:56:26Z
17268,25,2026-08-04T13:56:28Z
17269,27,2026-08-04T13:56:31Z
17270,28,2026-08-04T13:56:34Z
17271,28,2026-08-04T13:56:37Z
17272,27,2026-08-04T13:56:40Z
17273,29,2026-08-04T13:56:43Z
17274,30,2026-08-04T13:56:46Z
17275,25,2026-08-04T13:56:50Z
17276,28,2026-08-04T13:56:53Z
17277,30,2026-08-04T13:56:57Z
17278,29,2026-08-04T13:56:59Z
17279,30,2026-08-04T13:57:02Z
17280,35,2026-08-04T13:57:05Z
17281,33,2026-08-04T13:57:08Z
17282,33,2026-08-04T13:57:12Z
17283,30,2026-08-04T13:57:14Z
17284,26,2026-08-04T13:57:17Z
17285,27,2026-08-04T13:57:24Z
17286,24,2026-08-04T13:57:26Z
17287,25,2026-08-04T13:57:28Z
17288,25,2026-08-04T13:57:31Z
17289,22,2026-08-04T13:57:33Z
17290,23,2026-08-04T13:57:35Z
17291,22,2026-08-04T13:57:38Z
17292,21,2026-08-04T13:57:41Z
17293,19,2026-08-04T13:57:44Z
17294,20,2026-08-04T13:57:47Z
17295,22,2026-08-04T13:57:49Z
17296,21,2026-08-04T13:57:52Z
17297,23,2026-08-04T13:57:55Z
17298,22,2026-08-04T13:57:57Z
17299,21,2026-08-04T13:58:00Z
17300,20,2026-08-04T13:58:03Z
17301,20,2026-08-04T13:58:05Z
17302,19,2026-08-04T13:58:08Z
17303,22,2026-08-04T13:58:10Z
17304,23,2026-08-04T13:58:13Z
17305,20,2026-08-04T13:58:16Z
17306,22,2026-08-04T13:58:19Z
17307,27,2026-08-04T13:58:22Z
17308,25,2026-08-04T13:58:25Z
17309,24,2026-08-04T13:58:28Z
17310,24,2026-08-04T13:58:31Z
17311,30,2026-08-04T13:58:33Z
17312,26,2026-08-04T13:58:36Z
17313,26,2026-08-04T13:58:38Z
17314,28,2026-08-04T13:58:41Z
17315,25,2026-08-04T13:58:43Z
17316,24,2026-08-04T13:58:46Z
17317,26,2026-08-04T13:58:50Z
17318,27,2026-08-04T13:58:54Z
17319,27,2026-08-04T13:58:56Z
17320,26,2026-08-04T13:58:59Z
17321,25,2026-08-04T13:59:01Z
17322,21,2026-08-04T13:59:04Z
17323,23,2026-08-04T13:59:08Z
17324,25,2026-08-04T13:59:12Z
17325,23,2026-08-04T13:59:15Z
17326,25,2026-08-04T13:59:17Z
17327,28,2026-08-04T13:59:19Z
17328,26,2026-08-04T13:59:21Z
17329,25,2026-08-04T13:59:25Z
17330,24,2026-08-04T13:59:29Z
17331,24,2026-08-04T13:59:32Z
17332,21,2026-08-04T13:59:36Z
17333,23,2026-08-04T13:59:36Z
17334,25,2026-08-04T13:59:39Z
17335,26,2026-08-04T13:59:41Z
17336,25,2026-08-04T13:59:45Z
17337,23,2026-08-04T13:59:45Z
17338,25,2026-08-04T13:59:48Z
17339,25,2026-08-04T13:59:51Z
17340,26,2026-08-04T13:59:54Z
17341,26,2026-08-04T13:59:56Z
17342,26,2026-08-04T13:59:59Z
17343,22,2026-08-04T14:00:02Z
17344,22,2026-08-04T14:00:02Z
17345,26,2026-08-04T14:00:05Z
17346,21,2026-08-04T14:00:08Z
17347,20,2026-08-04T14:00:09Z
17348,21,2026-08-04T14:00:12Z
17349,20,2026-08-04T14:00:14Z
17350,20,2026-08-04T14:00:16Z
17351,24,2026-08-04T14:00:19Z
17352,24,2026-08-04T14:00:21Z
17353,24,2026-08-04T14:00:24Z
17354,24,2026-08-04T14:00:27Z
17355,25,2026-08-04T14:00:30Z
17356,22,2026-08-04T14:00:33Z
17357,22,2026-08-04T14:00:35Z
17358,22,2026-08-04T14:00:38Z
17359,22,2026-08-04T14:00:40Z
17360,20,2026-08-04T14:00:43Z
17361,21,2026-08-04T14:00:45Z
17362,21,2026-08-04T14:00:48Z
17363,22,2026-08-04T14:00:51Z
17364,23,2026-08-04T14:00:53Z
17365,25,2026-08-04T14:00:56Z
17366,22,2026-08-04T14:01:02Z
17367,23,2026-08-04T14:01:04Z
17368,19,2026-08-04T14:01:07Z
17369,18,2026-08-04T14:01:09Z
17370,16,2026-08-04T14:01:12Z
17371,20,2026-08-04T14:01:14Z
17372,20,2026-08-04T14:01:16Z
17373,19,2026-08-04T14:01:19Z
17374,20,2026-08-04T14:01:21Z
17375,18,2026-08-04T14:01:23Z
17376,21,2026-08-04T14:01:25Z
17377,20,2026-08-04T14:01:27Z
17378,21,2026-08-04T14:01:32Z
17379,23,2026-08-04T14:01:35Z
17380,23,2026-08-04T14:01:38Z
17381,24,2026-08-04T14:01:40Z
17382,26,2026-08-04T14:01:43Z
17383,21,2026-08-04T14:01:46Z
17384,24,2026-08-04T14:01:49Z
17385,25,2026-08-04T14:01:52Z
17386,25,2026-08-04T14:01:55Z
17387,27,2026-08-04T14:01:59Z
17388,27,2026-08-04T14:02:04Z
17389,25,2026-08-04T14:02:06Z
17390,28,2026-08-04T14:02:08Z
17391,25,2026-08-04T14:02:11Z
17392,23,2026-08-04T14:02:13Z
17393,24,2026-08-04T14:02:16Z
17394,24,2026-08-04T14:02:21Z
17395,24,2026-08-04T14:02:25Z
17396,29,2026-08-04T14:02:28Z
17397,26,2026-08-04T14:02:31Z
17398,26,2026-08-04T14:02:35Z
17399,25,2026-08-04T14:02:38Z
17400,27,2026-08-04T14:02:42Z
17401,26,2026-08-04T14:02:44Z
17402,26,2026-08-04T14:02:46Z
17403,29,2026-08-04T14:02:49Z
17404,26,2026-08-04T14:02:51Z
17405,27,2026-08-04T14:02:54Z
17406,26,2026-08-04T14:02:59Z
17407,25,2026-08-04T14:03:00Z
17408,24,2026-08-04T14:03:03Z
17409,21,2026-08-04T14:03:09Z
17410,23,2026-08-04T14:03:11Z
17411,24,2026-08-04T14:03:12Z
17412,21,2026-08-04T14:03:15Z
17413,22,2026-08-04T14:03:17Z
17414,24,2026-08-04T14:03:19Z
17415,20,2026-08-04T14:03:21Z
17416,25,2026-08-04T14:03:24Z
17417,21,2026-08-04T14:03:27Z
17418,20,2026-08-04T14:03:29Z
17419,22,2026-08-04T14:03:31Z
17420,22,2026-08-04T14:03:34Z
17421,29,2026-08-04T14:03:37Z
17422,24,2026-08-04T14:03:40Z
17423,23,2026-08-04T14:03:42Z
17424,24,2026-08-04T14:03:45Z
17425,26,2026-08-04T14:03:48Z
17426,29,2026-08-04T14:03:53Z
17427,29,2026-08-04T14:03:57Z
17428,24,2026-08-04T14:03:59Z
17429,29,2026-08-04T14:04:01Z
17430,27,2026-08-04T14:04:05Z
17431,26,2026-08-04T14:04:08Z
17432,29,2026-08-04T14:04:12Z
17433,29,2026-08-04T14:04:14Z
17434,28,2026-08-04T14:04:17Z
17435,31,2026-08-04T14:04:20Z
17436,25,2026-08-04T14:04:23Z
17437,24,2026-08-04T14:04:25Z
17438,22,2026-08-04T14:04:28Z
17439,21,2026-08-04T14:04:30Z
17440,22,2026-08-04T14:04:32Z
17441,25,2026-08-04T14:04:35Z
17442,24,2026-08-04T14:04:38Z
17443,23,2026-08-04T14:04:41Z
17444,25,2026-08-04T14:04:44Z
17445,23,2026-08-04T14:04:46Z
17446,26,2026-08-04T14:04:49Z
17447,23,2026-08-04T14:04:51Z
17448,24,2026-08-04T14:04:53Z
17449,23,2026-08-04T14:04:56Z
17450,24,2026-08-04T14:04:59Z
17451,25,2026-08-04T14:05:01Z
17452,24,2026-08-04T14:05:04Z
17453,25,2026-08-04T14:05:07Z
17454,25,2026-08-04T14:05:12Z
17455,25,2026-08-04T14:05:18Z
17456,25,2026-08-04T14:05:20Z
17457,26,2026-08-04T14:05:23Z
17458,25,2026-08-04T14:05:26Z
17459,18,2026-08-04T14:05:28Z
17460,21,2026-08-04T14:05:31Z
17461,23,2026-08-04T14:05:33Z
17462,23,2026-08-04T14:05:36Z
17463,21,2026-08-04T14:05:38Z
17464,22,2026-08-04T14:05:42Z
17465,26,2026-08-04T14:05:45Z
17466,25,2026-08-04T14:05:49Z
17467,25,2026-08-04T14:05:54Z
17468,29,2026-08-04T14:05:57Z
17469,27,2026-08-04T14:06:00Z
17470,26,2026-08-04T14:06:03Z
17471,30,2026-08-04T14:06:05Z
17472,29,2026-08-04T14:06:10Z
17473,28,2026-08-04T14:06:14Z
17474,27,2026-08-04T14:06:16Z
17475,25,2026-08-04T14:06:19Z
17476,24,2026-08-04T14:06:23Z
17477,24,2026-08-04T14:06:26Z
17478,26,2026-08-04T14:06:28Z
17479,25,2026-08-04T14:06:31Z
17480,26,2026-08-04T14:06:33Z
17481,25,2026-08-04T14:06:36Z
17482,25,2026-08-04T14:06:38Z
17483,24,2026-08-04T14:06:41Z
17484,24,2026-08-04T14:06:43Z
17485,25,2026-08-04T14:06:46Z
17486,24,2026-08-04T14:06:49Z
17487,23,2026-08-04T14:06:52Z
17488,24,2026-08-04T14:06:56Z
17489,23,2026-08-04T14:06:59Z
17490,19,2026-08-04T14:07:01Z
17491,23,2026-08-04T14:07:04Z
17492,24,2026-08-04T14:07:06Z
17493,21,2026-08-04T14:07:09Z
17494,22,2026-08-04T14:07:13Z
17495,26,2026-08-04T14:07:16Z
17496,26,2026-08-04T14:07:19Z
17497,22,2026-08-04T14:07:23Z
17498,21,2026-08-04T14:07:27Z
17499,19,2026-08-04T14:07:29Z
17500,17,2026-08-04T14:07:32Z
17501,20,2026-08-04T14:07:36Z
17502,19,2026-08-04T14:07:39Z
17503,19,2026-08-04T14:07:43Z
17504,21,2026-08-04T14:07:44Z
17505,21,2026-08-04T14:07:49Z
17506,20,2026-08-04T14:07:51Z
17507,20,2026-08-04T14:07:54Z
17508,19,2026-08-04T14:07:57Z
17509,20,2026-08-04T14:07:59Z
17510,21,2026-08-04T14:08:02Z
17511,21,2026-08-04T14:08:04Z
17512,22,2026-08-04T14:08:08Z
17513,29,2026-08-04T14:08:12Z
17514,33,2026-08-04T14:08:15Z
17515,31,2026-08-04T14:08:19Z
17516,33,2026-08-04T14:08:23Z
17517,29,2026-08-04T14:08:26Z
17518,30,2026-08-04T14:08:29Z
17519,25,2026-08-04T14:08:32Z
17520,22,2026-08-04T14:08:35Z
17521,23,2026-08-04T14:08:38Z
17522,27,2026-08-04T14:08:41Z
17523,28,2026-08-04T14:08:44Z
17524,26,2026-08-04T14:08:47Z
17525,26,2026-08-04T14:08:52Z
17526,24,2026-08-04T14:08:55Z
17527,28,2026-08-04T14:08:57Z
17528,28,2026-08-04T14:09:00Z
17529,27,2026-08-04T14:09:02Z
17530,23,2026-08-04T14:09:05Z
17531,23,2026-08-04T14:09:08Z
17532,23,2026-08-04T14:09:11Z
17533,22,2026-08-04T14:09:14Z
17534,24,2026-08-04T14:09:16Z
17535,23,2026-08-04T14:09:19Z
17536,22,2026-08-04T14:09:22Z
17537,26,2026-08-04T14:09:25Z
17538,24,2026-08-04T14:09:27Z
17539,21,2026-08-04T14:09:30Z
17540,24,2026-08-04T14:09:32Z
17541,25,2026-08-04T14:09:35Z
17542,24,2026-08-04T14:09:38Z
17543,27,2026-08-04T14:09:41Z
17544,25,2026-08-04T14:09:44Z
17545,21,2026-08-04T14:09:47Z
17546,21,2026-08-04T14:09:51Z
17547,24,2026-08-04T14:09:54Z
17548,20,2026-08-04T14:09:57Z
17549,20,2026-08-04T14:10:00Z
17550,19,2026-08-04T14:10:01Z
17551,24,2026-08-04T14:10:05Z
17552,22,2026-08-04T14:10:07Z
17553,25,2026-08-04T14:10:09Z
17554,30,2026-08-04T14:10:11Z
17555,24,2026-08-04T14:10:15Z
17556,23,2026-08-04T14:10:19Z
17557,26,2026-08-04T14:10:21Z
17558,27,2026-08-04T14:10:24Z
17559,23,2026-08-04T14:10:28Z
17560,26,2026-08-04T14:10:31Z
17561,29,2026-08-04T14:10:34Z
17562,27,2026-08-04T14:10:37Z
17563,29,2026-08-04T14:10:39Z
17564,30,2026-08-04T14:10:41Z
17565,27,2026-08-04T14:10:45Z
17566,28,2026-08-04T14:10:48Z
17567,29,2026-08-04T14:10:51Z
17568,27,2026-08-04T14:10:54Z
17569,25,2026-08-04T14:10:57Z
17570,26,2026-08-04T14:11:00Z
17571,25,2026-08-04T14:11:03Z
17572,24,2026-08-04T14:11:05Z
17573,23,2026-08-04T14:11:08Z
17574,24,2026-08-04T14:11:10Z
17575,24,2026-08-04T14:11:13Z
17576,27,2026-08-04T14:11:15Z
17577,27,2026-08-04T14:11:17Z
17578,28,2026-08-04T14:11:19Z
17579,25,2026-08-04T14:11:21Z
17580,30,2026-08-04T14:11:24Z
17581,26,2026-08-04T14:11:26Z
17582,28,2026-08-04T14:11:29Z
17583,23,2026-08-04T14:11:32Z
17584,22,2026-08-04T14:11:35Z
17585,24,2026-08-04T14:11:37Z
17586,26,2026-08-04T14:11:40Z
17587,25,2026-08-04T14:11:43Z
17588,26,2026-08-04T14:11:44Z
17589,24,2026-08-04T14:11:46Z
17590,24,2026-08-04T14:11:49Z
17591,25,2026-08-04T14:11:51Z
17592,24,2026-08-04T14:11:53Z
17593,25,2026-08-04T14:11:55Z
17594,21,2026-08-04T14:11:58Z
17595,19,2026-08-04T14:12:01Z
17596,18,2026-08-04T14:12:04Z
17597,18,2026-08-04T14:12:07Z
17598,20,2026-08-04T14:12:07Z
17599,18,2026-08-04T14:12:13Z
17600,22,2026-08-04T14:12:14Z
17601,21,2026-08-04T14:12:16Z
17602,20,2026-08-04T14:12:18Z
17603,21,2026-08-04T14:12:21Z
17604,20,2026-08-04T14:12:23Z
17605,21,2026-08-04T14:12:26Z
17606,22,2026-08-04T14:12:29Z
17607,21,2026-08-04T14:12:31Z
17608,22,2026-08-04T14:12:34Z
17609,23,2026-08-04T14:12:36Z
17610,24,2026-08-04T14:12:39Z
17611,25,2026-08-04T14:12:42Z
17612,28,2026-08-04T14:12:45Z
17613,26,2026-08-04T14:12:48Z
17614,27,2026-08-04T14:12:51Z
17615,30,2026-08-04T14:12:55Z
17616,26,2026-08-04T14:12:58Z
17617,26,2026-08-04T14:13:01Z
17618,28,2026-08-04T14:13:05Z
17619,27,2026-08-04T14:13:07Z
17620,26,2026-08-04T14:13:09Z
17621,27,2026-08-04T14:13:09Z
