simMinute,population,wallClockUTC
1,17,2026-08-04T01:01:20Z
2,21,2026-08-04T01:01:20Z
3,16,2026-08-04T01:01:20Z
4,16,2026-08-04T01:01:20Z
5,17,2026-08-04T01:01:20Z
6,22,2026-08-04T01:01:20Z
7,17,2026-08-04T01:01:20Z
8,15,2026-08-04T01:01:20Z
9,14,2026-08-04T01:01:20Z
10,16,2026-08-04T01:01:20Z
11,17,2026-08-04T01:01:20Z
12,15,2026-08-04T01:01:20Z
13,14,2026-08-04T01:01:20Z
14,13,2026-08-04T01:01:20Z
15,18,2026-08-04T01:01:20Z
16,16,2026-08-04T01:01:20Z
17,15,2026-08-04T01:01:20Z
18,15,2026-08-04T01:01:20Z
19,19,2026-08-04T01:01:20Z
20,20,2026-08-04T01:01:20Z
21,15,2026-08-04T01:01:20Z
22,16,2026-08-04T01:01:20Z
23,16,2026-08-04T01:01:20Z
24,20,2026-08-04T01:01:20Z
25,20,2026-08-04T01:01:20Z
26,19,2026-08-04T01:01:20Z
27,22,2026-08-04T01:01:20Z
28,26,2026-08-04T01:01:20Z
29,22,2026-08-04T01:01:20Z
30,20,2026-08-04T01:01:20Z
31,17,2026-08-04T01:01:42Z
32,17,2026-08-04T01:02:04Z
33,21,2026-08-04T01:02:26Z
34,20,2026-08-04T01:02:48Z
35,18,2026-08-04T01:03:10Z
36,16,2026-08-04T01:03:29Z
37,22,2026-08-04T01:03:49Z
38,23,2026-08-04T01:04:08Z
39,24,2026-08-04T01:04:28Z
40,24,2026-08-04T01:04:48Z
41,24,2026-08-04T01:05:07Z
42,27,2026-08-04T01:05:27Z
43,22,2026-08-04T01:05:47Z
44,22,2026-08-04T01:06:08Z
45,22,2026-08-04T01:06:28Z
46,25,2026-08-04T01:06:46Z
47,25,2026-08-04T01:07:04Z
48,26,2026-08-04T01:07:23Z
49,24,2026-08-04T01:07:45Z
50,22,2026-08-04T01:08:09Z
51,26,2026-08-04T01:08:32Z
52,27,2026-08-04T01:08:56Z
53,27,2026-08-04T01:09:20Z
54,25,2026-08-04T01:09:39Z
55,29,2026-08-04T01:09:55Z
56,26,2026-08-04T01:10:11Z
57,29,2026-08-04T01:10:26Z
58,30,2026-08-04T01:10:42Z
59,26,2026-08-04T01:10:57Z
60,25,2026-08-04T01:11:11Z
61,23,2026-08-04T01:11:13Z
62,24,2026-08-04T01:11:15Z
63,22,2026-08-04T01:11:18Z
64,25,2026-08-04T01:11:19Z
65,26,2026-08-04T01:11:21Z
66,26,2026-08-04T01:11:24Z
67,24,2026-08-04T01:11:26Z
68,24,2026-08-04T01:11:29Z
69,28,2026-08-04T01:11:32Z
70,32,2026-08-04T01:11:35Z
71,29,2026-08-04T01:11:37Z
72,28,2026-08-04T01:11:40Z
73,29,2026-08-04T01:11:43Z
74,30,2026-08-04T01:11:45Z
75,33,2026-08-04T01:11:48Z
76,30,2026-08-04T01:11:51Z
77,31,2026-08-04T01:11:53Z
78,33,2026-08-04T01:11:58Z
79,35,2026-08-04T01:12:03Z
80,32,2026-08-04T01:12:07Z
81,30,2026-08-04T01:12:11Z
82,36,2026-08-04T01:12:14Z
83,39,2026-08-04T01:12:17Z
84,37,2026-08-04T01:12:20Z
85,36,2026-08-04T01:12:23Z
86,40,2026-08-04T01:12:28Z
87,43,2026-08-04T01:12:30Z
88,40,2026-08-04T01:12:38Z
89,34,2026-08-04T01:12:40Z
90,36,2026-08-04T01:12:43Z
91,37,2026-08-04T01:12:47Z
92,36,2026-08-04T01:12:49Z
93,33,2026-08-04T01:12:52Z
94,32,2026-08-04T01:12:55Z
95,33,2026-08-04T01:12:57Z
96,32,2026-08-04T01:13:00Z
97,38,2026-08-04T01:13:05Z
98,34,2026-08-04T01:13:09Z
99,36,2026-08-04T01:13:14Z
100,39,2026-08-04T01:13:17Z
101,38,2026-08-04T01:13:19Z
102,38,2026-08-04T01:13:22Z
103,35,2026-08-04T01:13:25Z
104,40,2026-08-04T01:13:27Z
105,34,2026-08-04T01:13:30Z
106,36,2026-08-04T01:13:33Z
107,35,2026-08-04T01:13:38Z
108,35,2026-08-04T01:13:42Z
109,36,2026-08-04T01:13:44Z
110,34,2026-08-04T01:13:47Z
111,36,2026-08-04T01:13:50Z
112,35,2026-08-04T01:13:52Z
113,33,2026-08-04T01:13:54Z
114,36,2026-08-04T01:13:57Z
115,35,2026-08-04T01:14:00Z
116,33,2026-08-04T01:14:03Z
117,37,2026-08-04T01:14:06Z
118,38,2026-08-04T01:14:10Z
119,37,2026-08-04T01:14:14Z
120,40,2026-08-04T01:14:17Z
121,39,2026-08-04T01:14:21Z
122,43,2026-08-04T01:14:25Z
123,43,2026-08-04T01:14:29Z
124,45,2026-08-04T01:14:34Z
125,46,2026-08-04T01:14:37Z
126,46,2026-08-04T01:14:40Z
127,51,2026-08-04T01:14:42Z
128,46,2026-08-04T01:14:48Z
129,44,2026-08-04T01:14:53Z
130,41,2026-08-04T01:14:56Z
131,42,2026-08-04T01:15:00Z
132,45,2026-08-04T01:15:04Z
133,39,2026-08-04T01:15:07Z
134,38,2026-08-04T01:15:09Z
135,42,2026-08-04T01:15:14Z
136,43,2026-08-04T01:15:18Z
137,41,2026-08-04T01:15:22Z
138,40,2026-08-04T01:15:25Z
139,33,2026-08-04T01:15:28Z
140,36,2026-08-04T01:15:31Z
141,36,2026-08-04T01:15:34Z
142,36,2026-08-04T01:15:36Z
143,34,2026-08-04T01:15:39Z
144,35,2026-08-04T01:15:41Z
145,36,2026-08-04T01:15:43Z
146,33,2026-08-04T01:15:46Z
147,33,2026-08-04T01:15:48Z
148,32,2026-08-04T01:15:56Z
149,29,2026-08-04T01:15:57Z
150,22,2026-08-04T01:15:59Z
151,26,2026-08-04T01:16:02Z
152,24,2026-08-04T01:16:04Z
153,25,2026-08-04T01:16:06Z
154,29,2026-08-04T01:16:08Z
155,30,2026-08-04T01:16:10Z
156,29,2026-08-04T01:16:12Z
157,33,2026-08-04T01:16:13Z
158,34,2026-08-04T01:16:16Z
159,34,2026-08-04T01:16:18Z
160,28,2026-08-04T01:16:21Z
161,28,2026-08-04T01:16:24Z
162,28,2026-08-04T01:16:27Z
163,29,2026-08-04T01:16:30Z
164,29,2026-08-04T01:16:33Z
165,28,2026-08-04T01:16:35Z
166,28,2026-08-04T01:16:37Z
167,31,2026-08-04T01:16:39Z
168,29,2026-08-04T01:16:41Z
169,29,2026-08-04T01:16:43Z
170,29,2026-08-04T01:16:46Z
171,28,2026-08-04T01:16:48Z
172,28,2026-08-04T01:16:50Z
173,27,2026-08-04T01:16:53Z
174,27,2026-08-04T01:16:56Z
175,27,2026-08-04T01:16:58Z
176,27,2026-08-04T01:17:01Z
177,25,2026-08-04T01:17:04Z
178,26,2026-08-04T01:17:06Z
179,26,2026-08-04T01:17:08Z
180,25,2026-08-04T01:17:10Z
181,28,2026-08-04T01:17:12Z
182,29,2026-08-04T01:17:15Z
183,32,2026-08-04T01:17:17Z
184,32,2026-08-04T01:17:20Z
185,29,2026-08-04T01:17:23Z
186,31,2026-08-04T01:17:26Z
187,29,2026-08-04T01:17:27Z
188,27,2026-08-04T01:17:30Z
189,26,2026-08-04T01:17:33Z
190,25,2026-08-04T01:17:37Z
191,24,2026-08-04T01:17:40Z
192,23,2026-08-04T01:17:43Z
193,26,2026-08-04T01:17:47Z
194,31,2026-08-04T01:17:50Z
195,30,2026-08-04T01:17:52Z
196,27,2026-08-04T01:17:55Z
197,27,2026-08-04T01:17:57Z
198,30,2026-08-04T01:18:00Z
199,30,2026-08-04T01:18:04Z
200,30,2026-08-04T01:18:08Z
201,28,2026-08-04T01:18:13Z
202,24,2026-08-04T01:18:14Z
203,27,2026-08-04T01:18:16Z
204,30,2026-08-04T01:18:18Z
205,33,2026-08-04T01:18:20Z
206,32,2026-08-04T01:18:22Z
207,33,2026-08-04T01:18:25Z
208,34,2026-08-04T01:18:28Z
209,35,2026-08-04T01:18:31Z
210,34,2026-08-04T01:18:35Z
211,32,2026-08-04T01:18:35Z
212,30,2026-08-04T01:18:39Z
213,31,2026-08-04T01:18:43Z
214,30,2026-08-04T01:18:48Z
215,25,2026-08-04T01:18:50Z
216,27,2026-08-04T01:18:52Z
217,30,2026-08-04T01:18:54Z
218,26,2026-08-04T01:18:56Z
219,25,2026-08-04T01:18:58Z
220,25,2026-08-04T01:19:00Z
221,29,2026-08-04T01:19:03Z
222,28,2026-08-04T01:19:06Z
223,26,2026-08-04T01:19:09Z
224,27,2026-08-04T01:19:12Z
225,26,2026-08-04T01:19:14Z
226,30,2026-08-04T01:19:17Z
227,30,2026-08-04T01:19:20Z
228,28,2026-08-04T01:19:23Z
229,28,2026-08-04T01:19:26Z
230,31,2026-08-04T01:19:29Z
231,31,2026-08-04T01:19:31Z
232,30,2026-08-04T01:19:34Z
233,30,2026-08-04T01:19:37Z
234,28,2026-08-04T01:19:40Z
235,30,2026-08-04T01:19:43Z
236,29,2026-08-04T01:19:46Z
237,31,2026-08-04T01:19:49Z
238,32,2026-08-04T01:19:52Z
239,30,2026-08-04T01:19:55Z
240,33,2026-08-04T01:19:58Z
241,35,2026-08-04T01:20:01Z
242,34,2026-08-04T01:20:04Z
243,35,2026-08-04T01:20:07Z
244,33,2026-08-04T01:20:10Z
245,33,2026-08-04T01:20:13Z
246,32,2026-08-04T01:20:16Z
247,33,2026-08-04T01:20:20Z
248,34,2026-08-04T01:20:23Z
249,34,2026-08-04T01:20:26Z
250,34,2026-08-04T01:20:30Z
251,34,2026-08-04T01:20:33Z
252,36,2026-08-04T01:20:36Z
253,35,2026-08-04T01:20:40Z
254,37,2026-08-04T01:20:43Z
255,35,2026-08-04T01:20:47Z
256,37,2026-08-04T01:20:50Z
257,38,2026-08-04T01:20:56Z
258,42,2026-08-04T01:21:01Z
259,40,2026-08-04T01:21:04Z
260,40,2026-08-04T01:21:07Z
261,40,2026-08-04T01:21:10Z
262,41,2026-08-04T01:21:13Z
263,42,2026-08-04T01:21:15Z
264,44,2026-08-04T01:21:19Z
265,38,2026-08-04T01:21:24Z
266,36,2026-08-04T01:21:28Z
267,38,2026-08-04T01:21:33Z
268,36,2026-08-04T01:21:36Z
269,36,2026-08-04T01:21:39Z
270,36,2026-08-04T01:21:43Z
271,37,2026-08-04T01:21:46Z
272,36,2026-08-04T01:21:49Z
273,37,2026-08-04T01:21:50Z
274,37,2026-08-04T01:21:54Z
275,37,2026-08-04T01:21:57Z
276,34,2026-08-04T01:22:01Z
277,36,2026-08-04T01:22:05Z
278,41,2026-08-04T01:22:09Z
279,39,2026-08-04T01:22:12Z
280,38,2026-08-04T01:22:15Z
281,32,2026-08-04T01:22:18Z
282,34,2026-08-04T01:22:21Z
283,34,2026-08-04T01:22:24Z
284,34,2026-08-04T01:22:27Z
285,29,2026-08-04T01:22:29Z
286,31,2026-08-04T01:22:32Z
287,28,2026-08-04T01:22:35Z
288,29,2026-08-04T01:22:38Z
289,31,2026-08-04T01:22:41Z
290,28,2026-08-04T01:22:43Z
291,29,2026-08-04T01:22:46Z
292,27,2026-08-04T01:22:49Z
293,29,2026-08-04T01:22:52Z
294,29,2026-08-04T01:22:54Z
295,27,2026-08-04T01:22:57Z
296,25,2026-08-04T01:22:59Z
297,23,2026-08-04T01:23:02Z
298,27,2026-08-04T01:23:05Z
299,27,2026-08-04T01:23:07Z
300,25,2026-08-04T01:23:10Z
301,23,2026-08-04T01:23:12Z
302,26,2026-08-04T01:23:15Z
303,28,2026-08-04T01:23:17Z
304,26,2026-08-04T01:23:20Z
305,27,2026-08-04T01:23:23Z
306,25,2026-08-04T01:23:25Z
307,28,2026-08-04T01:23:28Z
308,27,2026-08-04T01:23:30Z
309,27,2026-08-04T01:23:33Z
310,24,2026-08-04T01:23:36Z
311,25,2026-08-04T01:23:39Z
312,26,2026-08-04T01:23:42Z
313,27,2026-08-04T01:23:45Z
314,30,2026-08-04T01:23:48Z
315,27,2026-08-04T01:23:50Z
316,29,2026-08-04T01:23:53Z
317,29,2026-08-04T01:23:56Z
318,28,2026-08-04T01:23:58Z
319,25,2026-08-04T01:24:01Z
320,23,2026-08-04T01:24:04Z
321,25,2026-08-04T01:24:06Z
322,25,2026-08-04T01:24:08Z
323,24,2026-08-04T01:24:11Z
324,24,2026-08-04T01:24:13Z
325,24,2026-08-04T01:24:16Z
326,26,2026-08-04T01:24:18Z
327,28,2026-08-04T01:24:21Z
328,28,2026-08-04T01:24:23Z
329,27,2026-08-04T01:24:25Z
330,25,2026-08-04T01:24:28Z
331,31,2026-08-04T01:24:30Z
332,25,2026-08-04T01:24:32Z
333,24,2026-08-04T01:24:34Z
334,23,2026-08-04T01:24:37Z
335,22,2026-08-04T01:24:39Z
336,21,2026-08-04T01:24:42Z
337,21,2026-08-04T01:24:44Z
338,22,2026-08-04T01:24:46Z
339,22,2026-08-04T01:24:49Z
340,24,2026-08-04T01:24:51Z
341,26,2026-08-04T01:24:54Z
342,25,2026-08-04T01:24:56Z
343,24,2026-08-04T01:24:59Z
344,25,2026-08-04T01:25:01Z
345,25,2026-08-04T01:25:04Z
346,25,2026-08-04T01:25:07Z
347,25,2026-08-04T01:25:10Z
348,26,2026-08-04T01:25:13Z
349,29,2026-08-04T01:25:16Z
350,28,2026-08-04T01:25:18Z
351,28,2026-08-04T01:25:21Z
352,29,2026-08-04T01:25:24Z
353,33,2026-08-04T01:25:27Z
354,28,2026-08-04T01:25:31Z
355,31,2026-08-04T01:25:34Z
356,32,2026-08-04T01:25:38Z
357,32,2026-08-04T01:25:41Z
358,33,2026-08-04T01:25:45Z
359,32,2026-08-04T01:25:48Z
360,35,2026-08-04T01:25:52Z
361,35,2026-08-04T01:25:55Z
362,37,2026-08-04T01:25:59Z
363,38,2026-08-04T01:26:02Z
364,37,2026-08-04T01:26:06Z
365,46,2026-08-04T01:26:09Z
366,41,2026-08-04T01:26:13Z
367,41,2026-08-04T01:26:16Z
368,43,2026-08-04T01:26:20Z
369,44,2026-08-04T01:26:23Z
370,41,2026-08-04T01:26:34Z
371,36,2026-08-04T01:26:37Z
372,37,2026-08-04T01:26:40Z
373,37,2026-08-04T01:26:42Z
374,39,2026-08-04T01:26:45Z
375,34,2026-08-04T01:26:48Z
376,35,2026-08-04T01:26:50Z
377,35,2026-08-04T01:26:53Z
378,34,2026-08-04T01:26:58Z
379,31,2026-08-04T01:27:02Z
380,33,2026-08-04T01:27:06Z
381,36,2026-08-04T01:27:09Z
382,36,2026-08-04T01:27:12Z
383,37,2026-08-04T01:27:15Z
384,40,2026-08-04T01:27:19Z
385,39,2026-08-04T01:27:22Z
386,38,2026-08-04T01:27:25Z
387,38,2026-08-04T01:27:29Z
388,37,2026-08-04T01:27:32Z
389,38,2026-08-04T01:27:35Z
390,39,2026-08-04T01:27:38Z
391,38,2026-08-04T01:27:42Z
392,38,2026-08-04T01:27:45Z
393,38,2026-08-04T01:27:48Z
394,35,2026-08-04T01:27:52Z
395,34,2026-08-04T01:27:55Z
396,31,2026-08-04T01:27:59Z
397,29,2026-08-04T01:28:04Z
398,28,2026-08-04T01:28:08Z
399,33,2026-08-04T01:28:12Z
400,33,2026-08-04T01:28:16Z
401,30,2026-08-04T01:28:19Z
402,29,2026-08-04T01:28:22Z
403,27,2026-08-04T01:28:25Z
404,28,2026-08-04T01:28:28Z
405,24,2026-08-04T01:28:31Z
406,22,2026-08-04T01:28:34Z
407,23,2026-08-04T01:28:37Z
408,25,2026-08-04T01:28:40Z
409,28,2026-08-04T01:28:43Z
410,24,2026-08-04T01:28:46Z
411,23,2026-08-04T01:28:49Z
412,27,2026-08-04T01:28:55Z
413,28,2026-08-04T01:29:00Z
414,30,2026-08-04T01:29:06Z
415,24,2026-08-04T01:29:11Z
416,27,2026-08-04T01:29:16Z
417,32,2026-08-04T01:29:22Z
418,29,2026-08-04T01:29:27Z
419,26,2026-08-04T01:29:35Z
420,26,2026-08-04T01:29:42Z
421,26,2026-08-04T01:29:45Z
422,28,2026-08-04T01:29:48Z
423,26,2026-08-04T01:29:51Z
424,26,2026-08-04T01:29:54Z
425,29,2026-08-04T01:29:56Z
426,29,2026-08-04T01:29:59Z
427,29,2026-08-04T01:30:02Z
428,29,2026-08-04T01:30:04Z
429,32,2026-08-04T01:30:06Z
430,29,2026-08-04T01:30:09Z
431,30,2026-08-04T01:30:11Z
432,26,2026-08-04T01:30:14Z
433,27,2026-08-04T01:30:18Z
434,29,2026-08-04T01:30:21Z
435,33,2026-08-04T01:30:24Z
436,31,2026-08-04T01:30:27Z
437,28,2026-08-04T01:30:31Z
438,25,2026-08-04T01:30:33Z
439,29,2026-08-04T01:30:35Z
440,27,2026-08-04T01:30:37Z
441,24,2026-08-04T01:30:40Z
442,25,2026-08-04T01:30:43Z
443,27,2026-08-04T01:30:46Z
444,32,2026-08-04T01:30:48Z
445,32,2026-08-04T01:30:51Z
446,29,2026-08-04T01:30:54Z
447,25,2026-08-04T01:30:57Z
448,29,2026-08-04T01:31:00Z
449,26,2026-08-04T01:31:03Z
450,23,2026-08-04T01:31:06Z
451,26,2026-08-04T01:31:09Z
452,25,2026-08-04T01:31:12Z
453,30,2026-08-04T01:31:15Z
454,29,2026-08-04T01:31:18Z
455,25,2026-08-04T01:31:20Z
456,24,2026-08-04T01:31:22Z
457,25,2026-08-04T01:31:26Z
458,26,2026-08-04T01:31:30Z
459,25,2026-08-04T01:31:32Z
460,28,2026-08-04T01:31:34Z
461,25,2026-08-04T01:31:39Z
462,26,2026-08-04T01:31:44Z
463,26,2026-08-04T01:31:49Z
464,27,2026-08-04T01:31:53Z
465,26,2026-08-04T01:31:58Z
466,29,2026-08-04T01:32:03Z
467,27,2026-08-04T01:32:08Z
468,30,2026-08-04T01:32:13Z
469,30,2026-08-04T01:32:18Z
470,31,2026-08-04T01:32:23Z
471,29,2026-08-04T01:32:28Z
472,30,2026-08-04T01:32:33Z
473,31,2026-08-04T01:32:38Z
474,33,2026-08-04T01:32:42Z
475,29,2026-08-04T01:32:47Z
476,31,2026-08-04T01:32:51Z
477,30,2026-08-04T01:32:55Z
478,28,2026-08-04T01:32:59Z
479,30,2026-08-04T01:33:03Z
480,32,2026-08-04T01:33:08Z
481,31,2026-08-04T01:33:12Z
482,33,2026-08-04T01:33:15Z
483,32,2026-08-04T01:33:18Z
484,35,2026-08-04T01:33:22Z
485,33,2026-08-04T01:33:25Z
486,31,2026-08-04T01:33:28Z
487,30,2026-08-04T01:33:32Z
488,33,2026-08-04T01:33:35Z
489,39,2026-08-04T01:33:39Z
490,33,2026-08-04T01:33:42Z
491,34,2026-08-04T01:33:45Z
492,35,2026-08-04T01:33:49Z
493,37,2026-08-04T01:33:52Z
494,39,2026-08-04T01:33:55Z
495,35,2026-08-04T01:33:59Z
496,37,2026-08-04T01:34:02Z
497,35,2026-08-04T01:34:05Z
498,35,2026-08-04T01:34:09Z
499,35,2026-08-04T01:34:12Z
500,31,2026-08-04T01:34:15Z
501,29,2026-08-04T01:34:19Z
502,30,2026-08-04T01:34:22Z
503,36,2026-08-04T01:34:25Z
504,36,2026-08-04T01:34:29Z
505,34,2026-08-04T01:34:32Z
506,35,2026-08-04T01:34:35Z
507,33,2026-08-04T01:34:38Z
508,32,2026-08-04T01:34:40Z
509,31,2026-08-04T01:34:44Z
510,29,2026-08-04T01:34:47Z
511,29,2026-08-04T01:34:51Z
512,28,2026-08-04T01:34:54Z
513,26,2026-08-04T01:34:57Z
514,25,2026-08-04T01:34:59Z
515,24,2026-08-04T01:35:02Z
516,26,2026-08-04T01:35:04Z
517,29,2026-08-04T01:35:07Z
518,28,2026-08-04T01:35:10Z
519,27,2026-08-04T01:35:13Z
520,29,2026-08-04T01:35:16Z
521,29,2026-08-04T01:35:19Z
522,27,2026-08-04T01:35:22Z
523,27,2026-08-04T01:35:25Z
524,27,2026-08-04T01:35:28Z
525,29,2026-08-04T01:35:31Z
526,28,2026-08-04T01:35:34Z
527,30,2026-08-04T01:35:36Z
528,33,2026-08-04T01:35:39Z
529,30,2026-08-04T01:35:42Z
530,26,2026-08-04T01:35:45Z
531,27,2026-08-04T01:35:47Z
532,26,2026-08-04T01:35:50Z
533,26,2026-08-04T01:35:53Z
534,26,2026-08-04T01:35:56Z
535,25,2026-08-04T01:35:59Z
536,25,2026-08-04T01:36:01Z
537,28,2026-08-04T01:36:04Z
538,26,2026-08-04T01:36:07Z
539,24,2026-08-04T01:36:11Z
540,25,2026-08-04T01:36:14Z
541,27,2026-08-04T01:36:17Z
542,27,2026-08-04T01:36:20Z
543,26,2026-08-04T01:36:23Z
544,27,2026-08-04T01:36:26Z
545,27,2026-08-04T01:36:29Z
546,31,2026-08-04T01:36:32Z
547,28,2026-08-04T01:36:35Z
548,29,2026-08-04T01:36:38Z
549,33,2026-08-04T01:36:41Z
550,34,2026-08-04T01:36:44Z
551,32,2026-08-04T01:36:47Z
552,32,2026-08-04T01:36:50Z
553,29,2026-08-04T01:36:53Z
554,26,2026-08-04T01:36:56Z
555,26,2026-08-04T01:36:59Z
556,25,2026-08-04T01:37:02Z
557,28,2026-08-04T01:37:04Z
558,28,2026-08-04T01:37:07Z
559,30,2026-08-04T01:37:10Z
560,28,2026-08-04T01:37:13Z
561,30,2026-08-04T01:37:16Z
562,31,2026-08-04T01:37:19Z
563,28,2026-08-04T01:37:22Z
564,29,2026-08-04T01:37:25Z
565,31,2026-08-04T01:37:27Z
566,28,2026-08-04T01:37:29Z
567,25,2026-08-04T01:37:31Z
568,27,2026-08-04T01:37:34Z
569,26,2026-08-04T01:37:36Z
570,25,2026-08-04T01:37:39Z
571,29,2026-08-04T01:37:41Z
572,26,2026-08-04T01:37:44Z
573,26,2026-08-04T01:37:47Z
574,23,2026-08-04T01:37:49Z
575,23,2026-08-04T01:37:52Z
576,25,2026-08-04T01:37:54Z
577,26,2026-08-04T01:37:57Z
578,26,2026-08-04T01:37:59Z
579,22,2026-08-04T01:38:01Z
580,25,2026-08-04T01:38:03Z
581,24,2026-08-04T01:38:08Z
582,25,2026-08-04T01:38:11Z
583,24,2026-08-04T01:38:13Z
584,29,2026-08-04T01:38:16Z
585,29,2026-08-04T01:38:18Z
586,27,2026-08-04T01:38:20Z
587,27,2026-08-04T01:38:23Z
588,26,2026-08-04T01:38:26Z
589,29,2026-08-04T01:38:29Z
590,27,2026-08-04T01:38:33Z
591,25,2026-08-04T01:38:35Z
592,23,2026-08-04T01:38:38Z
593,26,2026-08-04T01:38:40Z
594,23,2026-08-04T01:38:43Z
595,23,2026-08-04T01:38:45Z
596,21,2026-08-04T01:38:48Z
597,22,2026-08-04T01:38:50Z
598,22,2026-08-04T01:38:53Z
599,22,2026-08-04T01:38:55Z
600,20,2026-08-04T01:38:58Z
601,21,2026-08-04T01:39:00Z
602,22,2026-08-04T01:39:03Z
603,19,2026-08-04T01:39:05Z
604,21,2026-08-04T01:39:08Z
605,19,2026-08-04T01:39:10Z
606,19,2026-08-04T01:39:13Z
607,21,2026-08-04T01:39:15Z
608,23,2026-08-04T01:39:18Z
609,22,2026-08-04T01:39:20Z
610,21,2026-08-04T01:39:21Z
611,20,2026-08-04T01:39:23Z
612,24,2026-08-04T01:39:26Z
613,23,2026-08-04T01:39:29Z
614,23,2026-08-04T01:39:32Z
615,20,2026-08-04T01:39:35Z
616,19,2026-08-04T01:39:37Z
617,20,2026-08-04T01:39:40Z
618,22,2026-08-04T01:39:43Z
619,22,2026-08-04T01:39:45Z
620,23,2026-08-04T01:39:48Z
621,24,2026-08-04T01:39:51Z
622,25,2026-08-04T01:39:53Z
623,25,2026-08-04T01:39:56Z
624,26,2026-08-04T01:39:58Z
625,24,2026-08-04T01:40:01Z
626,26,2026-08-04T01:40:04Z
627,28,2026-08-04T01:40:06Z
628,26,2026-08-04T01:40:09Z
629,27,2026-08-04T01:40:12Z
630,28,2026-08-04T01:40:14Z
631,27,2026-08-04T01:40:17Z
632,24,2026-08-04T01:40:20Z
633,23,2026-08-04T01:40:23Z
634,27,2026-08-04T01:40:26Z
635,26,2026-08-04T01:40:29Z
636,26,2026-08-04T01:40:32Z
637,27,2026-08-04T01:40:35Z
638,27,2026-08-04T01:40:38Z
639,29,2026-08-04T01:40:40Z
640,27,2026-08-04T01:40:43Z
641,25,2026-08-04T01:40:46Z
642,28,2026-08-04T01:40:49Z
643,30,2026-08-04T01:40:53Z
644,30,2026-08-04T01:40:56Z
645,26,2026-08-04T01:40:59Z
646,28,2026-08-04T01:41:02Z
647,29,2026-08-04T01:41:05Z
648,31,2026-08-04T01:41:08Z
649,33,2026-08-04T01:41:12Z
650,31,2026-08-04T01:41:15Z
651,30,2026-08-04T01:41:18Z
652,34,2026-08-04T01:41:21Z
653,33,2026-08-04T01:41:24Z
654,35,2026-08-04T01:41:27Z
655,34,2026-08-04T01:41:30Z
656,33,2026-08-04T01:41:33Z
657,33,2026-08-04T01:41:37Z
658,35,2026-08-04T01:41:41Z
659,30,2026-08-04T01:41:45Z
660,32,2026-08-04T01:41:48Z
661,31,2026-08-04T01:41:51Z
662,33,2026-08-04T01:41:54Z
663,32,2026-08-04T01:41:58Z
664,31,2026-08-04T01:42:01Z
665,34,2026-08-04T01:42:04Z
666,37,2026-08-04T01:42:08Z
667,39,2026-08-04T01:42:11Z
668,40,2026-08-04T01:42:14Z
669,35,2026-08-04T01:42:18Z
670,36,2026-08-04T01:42:21Z
671,36,2026-08-04T01:42:24Z
672,35,2026-08-04T01:42:28Z
673,34,2026-08-04T01:42:31Z
674,37,2026-08-04T01:42:34Z
675,36,2026-08-04T01:42:38Z
676,35,2026-08-04T01:42:41Z
677,35,2026-08-04T01:42:44Z
678,40,2026-08-04T01:42:48Z
679,33,2026-08-04T01:42:51Z
680,33,2026-08-04T01:42:54Z
681,37,2026-08-04T01:42:58Z
682,36,2026-08-04T01:43:01Z
683,38,2026-08-04T01:43:05Z
684,42,2026-08-04T01:43:08Z
685,39,2026-08-04T01:43:11Z
686,35,2026-08-04T01:43:15Z
687,33,2026-08-04T01:43:18Z
688,36,2026-08-04T01:43:22Z
689,34,2026-08-04T01:43:25Z
690,36,2026-08-04T01:43:29Z
691,36,2026-08-04T01:43:32Z
692,36,2026-08-04T01:43:35Z
693,32,2026-08-04T01:43:38Z
694,33,2026-08-04T01:43:41Z
695,37,2026-08-04T01:43:45Z
696,36,2026-08-04T01:43:48Z
697,31,2026-08-04T01:43:51Z
698,30,2026-08-04T01:43:55Z
699,29,2026-08-04T01:43:58Z
700,31,2026-08-04T01:44:01Z
701,32,2026-08-04T01:44:05Z
702,30,2026-08-04T01:44:07Z
703,25,2026-08-04T01:44:08Z
704,24,2026-08-04T01:44:10Z
705,22,2026-08-04T01:44:13Z
706,21,2026-08-04T01:44:16Z
707,21,2026-08-04T01:44:18Z
708,24,2026-08-04T01:44:21Z
709,25,2026-08-04T01:44:24Z
710,23,2026-08-04T01:44:26Z
711,25,2026-08-04T01:44:29Z
712,24,2026-08-04T01:44:31Z
713,24,2026-08-04T01:44:34Z
714,18,2026-08-04T01:44:36Z
715,19,2026-08-04T01:44:38Z
716,21,2026-08-04T01:44:41Z
717,21,2026-08-04T01:44:43Z
718,19,2026-08-04T01:44:46Z
719,18,2026-08-04T01:44:48Z
720,24,2026-08-04T01:44:50Z
721,22,2026-08-04T01:44:53Z
722,22,2026-08-04T01:44:55Z
723,20,2026-08-04T01:44:57Z
724,18,2026-08-04T01:44:59Z
725,18,2026-08-04T01:45:01Z
726,18,2026-08-04T01:45:03Z
727,20,2026-08-04T01:45:05Z
728,20,2026-08-04T01:45:07Z
729,20,2026-08-04T01:45:09Z
730,19,2026-08-04T01:45:12Z
731,22,2026-08-04T01:45:14Z
732,21,2026-08-04T01:45:17Z
733,20,2026-08-04T01:45:19Z
734,19,2026-08-04T01:45:22Z
735,20,2026-08-04T01:45:24Z
736,23,2026-08-04T01:45:27Z
737,21,2026-08-04T01:45:29Z
738,20,2026-08-04T01:45:32Z
739,17,2026-08-04T01:45:34Z
740,18,2026-08-04T01:45:37Z
741,22,2026-08-04T01:45:39Z
742,20,2026-08-04T01:45:42Z
743,19,2026-08-04T01:45:44Z
744,20,2026-08-04T01:45:47Z
745,23,2026-08-04T01:45:49Z
746,23,2026-08-04T01:45:52Z
747,24,2026-08-04T01:45:54Z
748,23,2026-08-04T01:45:57Z
749,27,2026-08-04T01:45:59Z
750,25,2026-08-04T01:46:02Z
751,24,2026-08-04T01:46:04Z
752,23,2026-08-04T01:46:07Z
753,25,2026-08-04T01:46:09Z
754,24,2026-08-04T01:46:12Z
755,23,2026-08-04T01:46:15Z
756,21,2026-08-04T01:46:18Z
757,22,2026-08-04T01:46:21Z
758,25,2026-08-04T01:46:24Z
759,26,2026-08-04T01:46:27Z
760,25,2026-08-04T01:46:30Z
761,26,2026-08-04T01:46:33Z
762,26,2026-08-04T01:46:36Z
763,24,2026-08-04T01:46:38Z
764,24,2026-08-04T01:46:41Z
765,24,2026-08-04T01:46:44Z
766,26,2026-08-04T01:46:47Z
767,27,2026-08-04T01:46:49Z
768,24,2026-08-04T01:46:52Z
769,26,2026-08-04T01:46:55Z
770,28,2026-08-04T01:46:58Z
771,26,2026-08-04T01:47:00Z
772,27,2026-08-04T01:47:03Z
773,27,2026-08-04T01:47:06Z
774,29,2026-08-04T01:47:09Z
775,32,2026-08-04T01:47:12Z
776,32,2026-08-04T01:47:14Z
777,29,2026-08-04T01:47:17Z
778,30,2026-08-04T01:47:20Z
779,32,2026-08-04T01:47:24Z
780,34,2026-08-04T01:47:27Z
781,34,2026-08-04T01:47:31Z
782,38,2026-08-04T01:47:34Z
783,38,2026-08-04T01:47:38Z
784,38,2026-08-04T01:47:41Z
785,38,2026-08-04T01:47:45Z
786,37,2026-08-04T01:47:48Z
787,35,2026-08-04T01:47:52Z
788,35,2026-08-04T01:47:56Z
789,38,2026-08-04T01:47:59Z
790,36,2026-08-04T01:48:04Z
791,33,2026-08-04T01:48:07Z
792,34,2026-08-04T01:48:10Z
793,35,2026-08-04T01:48:13Z
794,36,2026-08-04T01:48:17Z
795,31,2026-08-04T01:48:20Z
796,31,2026-08-04T01:48:23Z
797,32,2026-08-04T01:48:26Z
798,34,2026-08-04T01:48:29Z
799,35,2026-08-04T01:48:33Z
800,33,2026-08-04T01:48:35Z
801,34,2026-08-04T01:48:38Z
802,34,2026-08-04T01:48:41Z
803,33,2026-08-04T01:48:43Z
804,32,2026-08-04T01:48:46Z
805,29,2026-08-04T01:48:49Z
806,32,2026-08-04T01:48:51Z
807,27,2026-08-04T01:48:54Z
808,28,2026-08-04T01:48:57Z
809,26,2026-08-04T01:48:59Z
810,28,2026-08-04T01:49:02Z
811,25,2026-08-04T01:49:05Z
812,26,2026-08-04T01:49:08Z
813,27,2026-08-04T01:49:10Z
814,27,2026-08-04T01:49:13Z
815,27,2026-08-04T01:49:16Z
816,27,2026-08-04T01:49:18Z
817,28,2026-08-04T01:49:21Z
818,26,2026-08-04T01:49:24Z
819,22,2026-08-04T01:49:27Z
820,22,2026-08-04T01:49:29Z
821,23,2026-08-04T01:49:32Z
822,22,2026-08-04T01:49:35Z
823,25,2026-08-04T01:49:37Z
824,28,2026-08-04T01:49:40Z
825,28,2026-08-04T01:49:43Z
826,26,2026-08-04T01:49:46Z
827,26,2026-08-04T01:49:48Z
828,25,2026-08-04T01:49:51Z
829,26,2026-08-04T01:49:54Z
830,26,2026-08-04T01:49:56Z
831,28,2026-08-04T01:49:59Z
832,26,2026-08-04T01:50:02Z
833,24,2026-08-04T01:50:05Z
834,26,2026-08-04T01:50:08Z
835,26,2026-08-04T01:50:11Z
836,26,2026-08-04T01:50:13Z
837,27,2026-08-04T01:50:16Z
838,28,2026-08-04T01:50:19Z
839,27,2026-08-04T01:50:22Z
840,28,2026-08-04T01:50:25Z
841,27,2026-08-04T01:50:28Z
842,28,2026-08-04T01:50:31Z
843,29,2026-08-04T01:50:34Z
844,27,2026-08-04T01:50:37Z
845,26,2026-08-04T01:50:40Z
846,26,2026-08-04T01:50:42Z
847,27,2026-08-04T01:50:47Z
848,30,2026-08-04T01:50:51Z
849,29,2026-08-04T01:50:55Z
850,28,2026-08-04T01:50:58Z
851,32,2026-08-04T01:51:02Z
852,29,2026-08-04T01:51:05Z
853,26,2026-08-04T01:51:08Z
854,27,2026-08-04T01:51:10Z
855,32,2026-08-04T01:51:13Z
856,34,2026-08-04T01:51:16Z
857,31,2026-08-04T01:51:19Z
858,32,2026-08-04T01:51:22Z
859,29,2026-08-04T01:51:26Z
860,31,2026-08-04T01:51:29Z
861,33,2026-08-04T01:51:32Z
862,33,2026-08-04T01:51:35Z
863,32,2026-08-04T01:51:38Z
864,31,2026-08-04T01:51:42Z
865,32,2026-08-04T01:51:45Z
866,33,2026-08-04T01:51:48Z
867,33,2026-08-04T01:51:52Z
868,32,2026-08-04T01:51:56Z
869,35,2026-08-04T01:51:59Z
870,36,2026-08-04T01:52:03Z
871,32,2026-08-04T01:52:06Z
872,34,2026-08-04T01:52:09Z
873,30,2026-08-04T01:52:13Z
874,29,2026-08-04T01:52:16Z
875,26,2026-08-04T01:52:22Z
876,27,2026-08-04T01:52:28Z
877,27,2026-08-04T01:52:34Z
878,26,2026-08-04T01:52:40Z
879,26,2026-08-04T01:52:45Z
880,30,2026-08-04T01:52:51Z
881,26,2026-08-04T01:52:54Z
882,25,2026-08-04T01:52:56Z
883,25,2026-08-04T01:52:59Z
884,27,2026-08-04T01:53:02Z
885,25,2026-08-04T01:53:04Z
886,27,2026-08-04T01:53:07Z
887,25,2026-08-04T01:53:09Z
888,23,2026-08-04T01:53:12Z
889,26,2026-08-04T01:53:14Z
890,25,2026-08-04T01:53:17Z
891,26,2026-08-04T01:53:19Z
892,27,2026-08-04T01:53:22Z
893,30,2026-08-04T01:53:24Z
894,26,2026-08-04T01:53:27Z
895,29,2026-08-04T01:53:29Z
896,29,2026-08-04T01:53:32Z
897,27,2026-08-04T01:53:35Z
898,26,2026-08-04T01:53:37Z
899,27,2026-08-04T01:53:40Z
900,30,2026-08-04T01:53:42Z
901,28,2026-08-04T01:53:45Z
902,25,2026-08-04T01:53:47Z
903,24,2026-08-04T01:53:50Z
904,25,2026-08-04T01:53:52Z
905,24,2026-08-04T01:53:55Z
906,23,2026-08-04T01:53:58Z
907,23,2026-08-04T01:54:01Z
908,25,2026-08-04T01:54:04Z
909,24,2026-08-04T01:54:06Z
910,23,2026-08-04T01:54:09Z
911,24,2026-08-04T01:54:12Z
912,25,2026-08-04T01:54:15Z
913,25,2026-08-04T01:54:18Z
914,23,2026-08-04T01:54:21Z
915,21,2026-08-04T01:54:24Z
916,18,2026-08-04T01:54:27Z
917,19,2026-08-04T01:54:30Z
918,17,2026-08-04T01:54:33Z
919,18,2026-08-04T01:54:35Z
920,18,2026-08-04T01:54:38Z
921,18,2026-08-04T01:54:41Z
922,18,2026-08-04T01:54:44Z
923,20,2026-08-04T01:54:47Z
924,20,2026-08-04T01:54:50Z
925,17,2026-08-04T01:54:53Z
926,18,2026-08-04T01:54:55Z
927,15,2026-08-04T01:54:58Z
928,15,2026-08-04T01:55:01Z
929,16,2026-08-04T01:55:04Z
930,18,2026-08-04T01:55:07Z
931,17,2026-08-04T01:55:10Z
932,17,2026-08-04T01:55:12Z
933,18,2026-08-04T01:55:15Z
934,21,2026-08-04T01:55:18Z
935,21,2026-08-04T01:55:21Z
936,22,2026-08-04T01:55:24Z
937,22,2026-08-04T01:55:26Z
938,25,2026-08-04T01:55:29Z
939,24,2026-08-04T01:55:32Z
940,24,2026-08-04T01:55:35Z
941,21,2026-08-04T01:55:38Z
942,25,2026-08-04T01:55:41Z
943,27,2026-08-04T01:55:43Z
944,29,2026-08-04T01:55:46Z
945,26,2026-08-04T01:55:49Z
946,25,2026-08-04T01:55:52Z
947,24,2026-08-04T01:55:55Z
948,23,2026-08-04T01:55:57Z
949,22,2026-08-04T01:56:00Z
950,22,2026-08-04T01:56:03Z
951,24,2026-08-04T01:56:06Z
952,26,2026-08-04T01:56:09Z
953,25,2026-08-04T01:56:11Z
954,26,2026-08-04T01:56:14Z
955,27,2026-08-04T01:56:17Z
956,28,2026-08-04T01:56:19Z
957,30,2026-08-04T01:56:22Z
958,30,2026-08-04T01:56:24Z
959,27,2026-08-04T01:56:27Z
960,28,2026-08-04T01:56:31Z
961,30,2026-08-04T01:56:34Z
962,27,2026-08-04T01:56:37Z
963,27,2026-08-04T01:56:40Z
964,28,2026-08-04T01:56:43Z
965,27,2026-08-04T01:56:46Z
966,30,2026-08-04T01:56:49Z
967,30,2026-08-04T01:56:52Z
968,31,2026-08-04T01:56:55Z
969,30,2026-08-04T01:56:57Z
970,30,2026-08-04T01:57:00Z
971,31,2026-08-04T01:57:03Z
972,30,2026-08-04T01:57:06Z
973,29,2026-08-04T01:57:09Z
974,31,2026-08-04T01:57:11Z
975,29,2026-08-04T01:57:14Z
976,29,2026-08-04T01:57:16Z
977,29,2026-08-04T01:57:18Z
978,28,2026-08-04T01:57:20Z
979,32,2026-08-04T01:57:23Z
980,33,2026-08-04T01:57:25Z
981,34,2026-08-04T01:57:27Z
982,31,2026-08-04T01:57:29Z
983,27,2026-08-04T01:57:32Z
984,29,2026-08-04T01:57:34Z
985,27,2026-08-04T01:57:36Z
986,25,2026-08-04T01:57:38Z
987,26,2026-08-04T01:57:41Z
988,29,2026-08-04T01:57:43Z
989,32,2026-08-04T01:57:45Z
990,30,2026-08-04T01:57:47Z
991,29,2026-08-04T01:57:50Z
992,28,2026-08-04T01:57:52Z
993,25,2026-08-04T01:57:54Z
994,26,2026-08-04T01:57:57Z
995,26,2026-08-04T01:57:59Z
996,26,2026-08-04T01:58:01Z
997,22,2026-08-04T01:58:03Z
998,20,2026-08-04T01:58:06Z
999,21,2026-08-04T01:58:08Z
1000,23,2026-08-04T01:58:10Z
1001,24,2026-08-04T01:58:12Z
1002,20,2026-08-04T01:58:15Z
1003,19,2026-08-04T01:58:17Z
1004,22,2026-08-04T01:58:19Z
1005,20,2026-08-04T01:58:21Z
1006,18,2026-08-04T01:58:23Z
1007,17,2026-08-04T01:58:25Z
1008,19,2026-08-04T01:58:27Z
1009,21,2026-08-04T01:58:29Z
1010,18,2026-08-04T01:58:30Z
1011,18,2026-08-04T01:58:32Z
1012,21,2026-08-04T01:58:34Z
1013,24,2026-08-04T01:58:36Z
1014,20,2026-08-04T01:58:38Z
1015,18,2026-08-04T01:58:40Z
1016,19,2026-08-04T01:58:42Z
1017,20,2026-08-04T01:58:44Z
1018,19,2026-08-04T01:58:45Z
1019,16,2026-08-04T01:58:47Z
1020,16,2026-08-04T01:58:49Z
1021,17,2026-08-04T01:58:50Z
1022,19,2026-08-04T01:58:52Z
1023,18,2026-08-04T01:58:54Z
1024,20,2026-08-04T01:58:56Z
1025,21,2026-08-04T01:58:57Z
1026,22,2026-08-04T01:59:00Z
1027,24,2026-08-04T01:59:03Z
1028,24,2026-08-04T01:59:05Z
1029,25,2026-08-04T01:59:08Z
1030,25,2026-08-04T01:59:11Z
1031,26,2026-08-04T01:59:14Z
1032,27,2026-08-04T01:59:16Z
1033,27,2026-08-04T01:59:19Z
1034,24,2026-08-04T01:59:22Z
1035,27,2026-08-04T01:59:25Z
1036,27,2026-08-04T01:59:27Z
1037,28,2026-08-04T01:59:29Z
1038,29,2026-08-04T01:59:31Z
1039,25,2026-08-04T01:59:33Z
1040,26,2026-08-04T01:59:35Z
1041,26,2026-08-04T01:59:37Z
1042,24,2026-08-04T01:59:40Z
1043,26,2026-08-04T01:59:43Z
1044,25,2026-08-04T01:59:46Z
1045,24,2026-08-04T01:59:49Z
1046,26,2026-08-04T01:59:52Z
1047,26,2026-08-04T01:59:54Z
1048,30,2026-08-04T01:59:56Z
1049,28,2026-08-04T01:59:58Z
1050,27,2026-08-04T02:00:00Z
1051,26,2026-08-04T02:00:02Z
1052,27,2026-08-04T02:00:05Z
1053,28,2026-08-04T02:00:07Z
1054,28,2026-08-04T02:00:09Z
1055,28,2026-08-04T02:00:11Z
1056,25,2026-08-04T02:00:13Z
1057,24,2026-08-04T02:00:14Z
1058,25,2026-08-04T02:00:18Z
1059,24,2026-08-04T02:00:21Z
1060,26,2026-08-04T02:00:24Z
1061,23,2026-08-04T02:00:27Z
1062,21,2026-08-04T02:00:29Z
1063,21,2026-08-04T02:00:31Z
1064,22,2026-08-04T02:00:33Z
1065,22,2026-08-04T02:00:35Z
1066,21,2026-08-04T02:00:37Z
1067,21,2026-08-04T02:00:39Z
1068,21,2026-08-04T02:00:41Z
1069,23,2026-08-04T02:00:43Z
1070,26,2026-08-04T02:00:45Z
1071,27,2026-08-04T02:00:48Z
1072,26,2026-08-04T02:00:51Z
1073,26,2026-08-04T02:00:54Z
1074,28,2026-08-04T02:00:58Z
1075,28,2026-08-04T02:01:01Z
1076,31,2026-08-04T02:01:04Z
1077,30,2026-08-04T02:01:07Z
1078,29,2026-08-04T02:01:10Z
1079,27,2026-08-04T02:01:13Z
1080,30,2026-08-04T02:01:17Z
1081,30,2026-08-04T02:01:19Z
1082,29,2026-08-04T02:01:22Z
1083,28,2026-08-04T02:01:24Z
1084,28,2026-08-04T02:01:29Z
1085,28,2026-08-04T02:01:34Z
1086,33,2026-08-04T02:01:38Z
1087,31,2026-08-04T02:01:43Z
1088,31,2026-08-04T02:01:48Z
1089,27,2026-08-04T02:01:56Z
1090,29,2026-08-04T02:02:00Z
1091,28,2026-08-04T02:02:04Z
1092,32,2026-08-04T02:02:08Z
1093,32,2026-08-04T02:02:11Z
1094,28,2026-08-04T02:02:13Z
1095,33,2026-08-04T02:02:15Z
1096,31,2026-08-04T02:02:18Z
1097,32,2026-08-04T02:02:20Z
1098,27,2026-08-04T02:02:23Z
1099,30,2026-08-04T02:02:26Z
1100,30,2026-08-04T02:02:29Z
1101,28,2026-08-04T02:02:31Z
1102,26,2026-08-04T02:02:34Z
1103,27,2026-08-04T02:02:37Z
1104,26,2026-08-04T02:02:40Z
1105,28,2026-08-04T02:02:43Z
1106,28,2026-08-04T02:02:46Z
1107,30,2026-08-04T02:02:49Z
1108,30,2026-08-04T02:02:52Z
1109,32,2026-08-04T02:02:55Z
1110,33,2026-08-04T02:02:57Z
1111,29,2026-08-04T02:03:01Z
1112,29,2026-08-04T02:03:05Z
1113,29,2026-08-04T02:03:09Z
1114,32,2026-08-04T02:03:11Z
1115,30,2026-08-04T02:03:13Z
1116,30,2026-08-04T02:03:15Z
1117,29,2026-08-04T02:03:17Z
1118,31,2026-08-04T02:03:20Z
1119,28,2026-08-04T02:03:22Z
1120,28,2026-08-04T02:03:25Z
1121,29,2026-08-04T02:03:27Z
1122,27,2026-08-04T02:03:30Z
1123,27,2026-08-04T02:03:32Z
1124,27,2026-08-04T02:03:35Z
1125,26,2026-08-04T02:03:37Z
1126,26,2026-08-04T02:03:40Z
1127,27,2026-08-04T02:03:42Z
1128,27,2026-08-04T02:03:45Z
1129,29,2026-08-04T02:03:47Z
1130,30,2026-08-04T02:03:50Z
1131,31,2026-08-04T02:03:52Z
1132,27,2026-08-04T02:03:55Z
1133,30,2026-08-04T02:03:57Z
1134,33,2026-08-04T02:04:00Z
1135,31,2026-08-04T02:04:02Z
1136,30,2026-08-04T02:04:05Z
1137,32,2026-08-04T02:04:07Z
1138,29,2026-08-04T02:04:10Z
1139,30,2026-08-04T02:04:13Z
1140,29,2026-08-04T02:04:16Z
1141,27,2026-08-04T02:04:19Z
1142,28,2026-08-04T02:04:22Z
1143,29,2026-08-04T02:04:25Z
1144,29,2026-08-04T02:04:28Z
1145,32,2026-08-04T02:04:31Z
1146,31,2026-08-04T02:04:34Z
1147,32,2026-08-04T02:04:36Z
1148,30,2026-08-04T02:04:38Z
1149,28,2026-08-04T02:04:41Z
1150,29,2026-08-04T02:04:46Z
1151,29,2026-08-04T02:04:50Z
1152,28,2026-08-04T02:04:52Z
1153,23,2026-08-04T02:04:55Z
1154,24,2026-08-04T02:04:58Z
1155,26,2026-08-04T02:05:01Z
1156,26,2026-08-04T02:05:05Z
1157,26,2026-08-04T02:05:08Z
1158,28,2026-08-04T02:05:11Z
1159,30,2026-08-04T02:05:14Z
1160,31,2026-08-04T02:05:17Z
1161,34,2026-08-04T02:05:20Z
1162,32,2026-08-04T02:05:23Z
1163,31,2026-08-04T02:05:26Z
1164,34,2026-08-04T02:05:29Z
1165,34,2026-08-04T02:05:32Z
1166,33,2026-08-04T02:05:35Z
1167,30,2026-08-04T02:05:37Z
1168,27,2026-08-04T02:05:40Z
1169,30,2026-08-04T02:05:43Z
1170,32,2026-08-04T02:05:45Z
1171,30,2026-08-04T02:05:48Z
1172,30,2026-08-04T02:05:50Z
1173,30,2026-08-04T02:05:55Z
1174,28,2026-08-04T02:06:00Z
1175,29,2026-08-04T02:06:05Z
1176,28,2026-08-04T02:06:08Z
1177,28,2026-08-04T02:06:10Z
1178,25,2026-08-04T02:06:13Z
1179,27,2026-08-04T02:06:16Z
1180,28,2026-08-04T02:06:20Z
1181,28,2026-08-04T02:06:23Z
1182,26,2026-08-04T02:06:26Z
1183,26,2026-08-04T02:06:29Z
1184,29,2026-08-04T02:06:33Z
1185,28,2026-08-04T02:06:36Z
1186,29,2026-08-04T02:06:39Z
1187,28,2026-08-04T02:06:42Z
1188,29,2026-08-04T02:06:46Z
1189,33,2026-08-04T02:06:49Z
1190,32,2026-08-04T02:06:53Z
1191,31,2026-08-04T02:06:58Z
1192,30,2026-08-04T02:07:02Z
1193,32,2026-08-04T02:07:06Z
1194,36,2026-08-04T02:07:11Z
1195,34,2026-08-04T02:07:15Z
1196,34,2026-08-04T02:07:17Z
1197,36,2026-08-04T02:07:23Z
1198,38,2026-08-04T02:07:28Z
1199,39,2026-08-04T02:07:33Z
1200,41,2026-08-04T02:07:38Z
1201,42,2026-08-04T02:07:44Z
1202,39,2026-08-04T02:07:49Z
1203,40,2026-08-04T02:07:54Z
1204,42,2026-08-04T02:07:59Z
1205,39,2026-08-04T02:08:04Z
1206,38,2026-08-04T02:08:09Z
1207,37,2026-08-04T02:08:14Z
1208,40,2026-08-04T02:08:19Z
1209,42,2026-08-04T02:08:24Z
1210,38,2026-08-04T02:08:29Z
1211,41,2026-08-04T02:08:34Z
1212,39,2026-08-04T02:08:39Z
1213,38,2026-08-04T02:08:44Z
1214,41,2026-08-04T02:08:49Z
1215,42,2026-08-04T02:08:55Z
1216,38,2026-08-04T02:09:00Z
1217,38,2026-08-04T02:09:05Z
1218,41,2026-08-04T02:09:11Z
1219,41,2026-08-04T02:09:17Z
1220,40,2026-08-04T02:09:23Z
1221,38,2026-08-04T02:09:29Z
1222,37,2026-08-04T02:09:33Z
1223,37,2026-08-04T02:09:37Z
1224,36,2026-08-04T02:09:41Z
1225,37,2026-08-04T02:09:45Z
1226,39,2026-08-04T02:09:49Z
1227,37,2026-08-04T02:09:53Z
1228,39,2026-08-04T02:09:57Z
1229,44,2026-08-04T02:10:01Z
1230,46,2026-08-04T02:10:05Z
1231,44,2026-08-04T02:10:09Z
1232,43,2026-08-04T02:10:13Z
1233,44,2026-08-04T02:10:17Z
1234,45,2026-08-04T02:10:22Z
1235,48,2026-08-04T02:10:27Z
1236,41,2026-08-04T02:10:32Z
1237,41,2026-08-04T02:10:36Z
1238,40,2026-08-04T02:10:39Z
1239,37,2026-08-04T02:10:43Z
1240,34,2026-08-04T02:10:46Z
1241,31,2026-08-04T02:10:50Z
1242,33,2026-08-04T02:10:54Z
1243,35,2026-08-04T02:10:58Z
1244,32,2026-08-04T02:11:02Z
1245,32,2026-08-04T02:11:06Z
1246,30,2026-08-04T02:11:10Z
1247,28,2026-08-04T02:11:14Z
1248,26,2026-08-04T02:11:18Z
1249,28,2026-08-04T02:11:22Z
1250,29,2026-08-04T02:11:26Z
1251,31,2026-08-04T02:11:29Z
1252,36,2026-08-04T02:11:33Z
1253,30,2026-08-04T02:11:35Z
1254,32,2026-08-04T02:11:38Z
1255,30,2026-08-04T02:11:42Z
1256,30,2026-08-04T02:11:45Z
1257,33,2026-08-04T02:11:48Z
1258,29,2026-08-04T02:11:50Z
1259,34,2026-08-04T02:11:52Z
1260,32,2026-08-04T02:11:57Z
1261,29,2026-08-04T02:12:01Z
1262,32,2026-08-04T02:12:04Z
1263,26,2026-08-04T02:12:07Z
1264,28,2026-08-04T02:12:10Z
1265,31,2026-08-04T02:12:14Z
1266,33,2026-08-04T02:12:17Z
1267,30,2026-08-04T02:12:20Z
1268,30,2026-08-04T02:12:23Z
1269,28,2026-08-04T02:12:26Z
1270,27,2026-08-04T02:12:29Z
1271,30,2026-08-04T02:12:32Z
1272,29,2026-08-04T02:12:35Z
1273,29,2026-08-04T02:12:37Z
1274,26,2026-08-04T02:12:40Z
1275,25,2026-08-04T02:12:43Z
1276,27,2026-08-04T02:12:46Z
1277,26,2026-08-04T02:12:49Z
1278,26,2026-08-04T02:12:52Z
1279,28,2026-08-04T02:12:54Z
1280,26,2026-08-04T02:12:57Z
1281,29,2026-08-04T02:13:01Z
1282,28,2026-08-04T02:13:04Z
1283,27,2026-08-04T02:13:07Z
1284,25,2026-08-04T02:13:11Z
1285,27,2026-08-04T02:13:14Z
1286,24,2026-08-04T02:13:17Z
1287,24,2026-08-04T02:13:20Z
1288,25,2026-08-04T02:13:23Z
1289,26,2026-08-04T02:13:25Z
1290,27,2026-08-04T02:13:28Z
1291,25,2026-08-04T02:13:31Z
1292,22,2026-08-04T02:13:34Z
1293,21,2026-08-04T02:13:36Z
1294,20,2026-08-04T02:13:39Z
1295,23,2026-08-04T02:13:42Z
1296,25,2026-08-04T02:13:45Z
1297,24,2026-08-04T02:13:47Z
1298,24,2026-08-04T02:13:49Z
1299,24,2026-08-04T02:13:51Z
1300,25,2026-08-04T02:13:54Z
1301,25,2026-08-04T02:13:56Z
1302,26,2026-08-04T02:13:58Z
1303,27,2026-08-04T02:14:00Z
1304,27,2026-08-04T02:14:02Z
1305,26,2026-08-04T02:14:05Z
1306,22,2026-08-04T02:14:07Z
1307,27,2026-08-04T02:14:09Z
1308,27,2026-08-04T02:14:11Z
1309,29,2026-08-04T02:14:16Z
1310,26,2026-08-04T02:14:21Z
1311,21,2026-08-04T02:14:23Z
1312,22,2026-08-04T02:14:25Z
1313,20,2026-08-04T02:14:28Z
1314,21,2026-08-04T02:14:30Z
1315,22,2026-08-04T02:14:32Z
1316,20,2026-08-04T02:14:34Z
1317,22,2026-08-04T02:14:37Z
1318,21,2026-08-04T02:14:39Z
1319,25,2026-08-04T02:14:42Z
1320,26,2026-08-04T02:14:44Z
1321,25,2026-08-04T02:14:46Z
1322,26,2026-08-04T02:14:49Z
1323,28,2026-08-04T02:14:51Z
1324,32,2026-08-04T02:14:54Z
1325,28,2026-08-04T02:14:57Z
1326,25,2026-08-04T02:15:00Z
1327,27,2026-08-04T02:15:03Z
1328,30,2026-08-04T02:15:06Z
1329,26,2026-08-04T02:15:08Z
1330,24,2026-08-04T02:15:10Z
1331,24,2026-08-04T02:15:12Z
1332,25,2026-08-04T02:15:15Z
1333,24,2026-08-04T02:15:18Z
1334,25,2026-08-04T02:15:21Z
1335,23,2026-08-04T02:15:24Z
1336,23,2026-08-04T02:15:27Z
1337,22,2026-08-04T02:15:30Z
1338,24,2026-08-04T02:15:33Z
1339,25,2026-08-04T02:15:36Z
1340,23,2026-08-04T02:15:39Z
1341,22,2026-08-04T02:15:42Z
1342,25,2026-08-04T02:15:45Z
1343,26,2026-08-04T02:15:48Z
1344,27,2026-08-04T02:15:51Z
1345,27,2026-08-04T02:15:54Z
1346,25,2026-08-04T02:15:57Z
1347,26,2026-08-04T02:16:00Z
1348,29,2026-08-04T02:16:03Z
1349,27,2026-08-04T02:16:06Z
1350,27,2026-08-04T02:16:09Z
1351,29,2026-08-04T02:16:12Z
1352,29,2026-08-04T02:16:15Z
1353,23,2026-08-04T02:16:17Z
1354,24,2026-08-04T02:16:21Z
1355,23,2026-08-04T02:16:26Z
1356,24,2026-08-04T02:16:30Z
1357,26,2026-08-04T02:16:34Z
1358,25,2026-08-04T02:16:38Z
1359,25,2026-08-04T02:16:42Z
1360,28,2026-08-04T02:16:46Z
1361,32,2026-08-04T02:16:50Z
1362,29,2026-08-04T02:16:54Z
1363,31,2026-08-04T02:16:59Z
1364,30,2026-08-04T02:17:03Z
1365,33,2026-08-04T02:17:07Z
1366,33,2026-08-04T02:17:11Z
1367,35,2026-08-04T02:17:15Z
1368,31,2026-08-04T02:17:19Z
1369,34,2026-08-04T02:17:23Z
1370,34,2026-08-04T02:17:27Z
1371,34,2026-08-04T02:17:32Z
1372,31,2026-08-04T02:17:36Z
1373,34,2026-08-04T02:17:40Z
1374,31,2026-08-04T02:17:44Z
1375,30,2026-08-04T02:17:48Z
1376,29,2026-08-04T02:17:52Z
1377,30,2026-08-04T02:17:56Z
1378,30,2026-08-04T02:18:00Z
1379,29,2026-08-04T02:18:04Z
1380,31,2026-08-04T02:18:09Z
1381,31,2026-08-04T02:18:13Z
1382,29,2026-08-04T02:18:17Z
1383,29,2026-08-04T02:18:20Z
1384,30,2026-08-04T02:18:23Z
1385,31,2026-08-04T02:18:26Z
1386,29,2026-08-04T02:18:30Z
1387,26,2026-08-04T02:18:34Z
1388,26,2026-08-04T02:18:37Z
1389,29,2026-08-04T02:18:41Z
1390,27,2026-08-04T02:18:45Z
1391,29,2026-08-04T02:18:48Z
1392,26,2026-08-04T02:18:52Z
1393,28,2026-08-04T02:18:56Z
1394,26,2026-08-04T02:19:00Z
1395,23,2026-08-04T02:19:02Z
1396,24,2026-08-04T02:19:04Z
1397,29,2026-08-04T02:19:07Z
1398,26,2026-08-04T02:19:10Z
1399,25,2026-08-04T02:19:12Z
1400,24,2026-08-04T02:19:15Z
1401,27,2026-08-04T02:19:18Z
1402,25,2026-08-04T02:19:21Z
1403,24,2026-08-04T02:19:23Z
1404,26,2026-08-04T02:19:26Z
1405,24,2026-08-04T02:19:29Z
1406,21,2026-08-04T02:19:31Z
1407,23,2026-08-04T02:19:34Z
1408,20,2026-08-04T02:19:37Z
1409,23,2026-08-04T02:19:39Z
1410,20,2026-08-04T02:19:42Z
1411,22,2026-08-04T02:19:45Z
1412,22,2026-08-04T02:19:51Z
1413,22,2026-08-04T02:19:53Z
1414,20,2026-08-04T02:19:56Z
1415,25,2026-08-04T02:19:58Z
1416,24,2026-08-04T02:20:01Z
1417,22,2026-08-04T02:20:03Z
1418,24,2026-08-04T02:20:06Z
1419,24,2026-08-04T02:20:08Z
1420,23,2026-08-04T02:20:10Z
1421,23,2026-08-04T02:20:12Z
1422,23,2026-08-04T02:20:15Z
1423,20,2026-08-04T02:20:18Z
1424,19,2026-08-04T02:20:21Z
1425,20,2026-08-04T02:20:24Z
1426,21,2026-08-04T02:20:26Z
1427,19,2026-08-04T02:20:28Z
1428,20,2026-08-04T02:20:31Z
1429,18,2026-08-04T02:20:33Z
1430,21,2026-08-04T02:20:35Z
1431,24,2026-08-04T02:20:37Z
1432,18,2026-08-04T02:20:39Z
1433,19,2026-08-04T02:20:42Z
1434,20,2026-08-04T02:20:44Z
1435,24,2026-08-04T02:20:47Z
1436,22,2026-08-04T02:20:50Z
1437,19,2026-08-04T02:20:53Z
1438,21,2026-08-04T02:20:56Z
1439,22,2026-08-04T02:20:59Z
1440,24,2026-08-04T02:21:02Z
1441,25,2026-08-04T02:21:05Z
1442,26,2026-08-04T02:21:08Z
1443,25,2026-08-04T02:21:13Z
1444,26,2026-08-04T02:21:17Z
1445,25,2026-08-04T02:21:21Z
1446,26,2026-08-04T02:21:24Z
1447,28,2026-08-04T02:21:27Z
1448,28,2026-08-04T02:21:31Z
1449,29,2026-08-04T02:21:34Z
1450,28,2026-08-04T02:21:38Z
1451,26,2026-08-04T02:21:40Z
1452,24,2026-08-04T02:21:43Z
1453,26,2026-08-04T02:21:47Z
1454,27,2026-08-04T02:21:50Z
1455,25,2026-08-04T02:21:53Z
1456,28,2026-08-04T02:21:57Z
1457,26,2026-08-04T02:22:00Z
1458,28,2026-08-04T02:22:04Z
1459,28,2026-08-04T02:22:07Z
1460,30,2026-08-04T02:22:11Z
1461,31,2026-08-04T02:22:14Z
1462,30,2026-08-04T02:22:18Z
1463,32,2026-08-04T02:22:21Z
1464,32,2026-08-04T02:22:24Z
1465,36,2026-08-04T02:22:28Z
1466,31,2026-08-04T02:22:33Z
1467,32,2026-08-04T02:22:38Z
1468,32,2026-08-04T02:22:41Z
1469,34,2026-08-04T02:22:43Z
1470,32,2026-08-04T02:22:46Z
1471,32,2026-08-04T02:22:49Z
1472,30,2026-08-04T02:22:52Z
1473,33,2026-08-04T02:22:54Z
1474,31,2026-08-04T02:22:59Z
1475,33,2026-08-04T02:23:04Z
1476,31,2026-08-04T02:23:09Z
1477,34,2026-08-04T02:23:10Z
1478,34,2026-08-04T02:23:14Z
1479,35,2026-08-04T02:23:18Z
1480,31,2026-08-04T02:23:21Z
1481,31,2026-08-04T02:23:25Z
1482,33,2026-08-04T02:23:28Z
1483,32,2026-08-04T02:23:32Z
1484,28,2026-08-04T02:23:34Z
1485,29,2026-08-04T02:23:37Z
1486,30,2026-08-04T02:23:42Z
1487,31,2026-08-04T02:23:46Z
1488,30,2026-08-04T02:23:49Z
1489,30,2026-08-04T02:23:52Z
1490,28,2026-08-04T02:23:55Z
1491,30,2026-08-04T02:23:57Z
1492,31,2026-08-04T02:24:00Z
1493,26,2026-08-04T02:24:03Z
1494,29,2026-08-04T02:24:06Z
1495,27,2026-08-04T02:24:08Z
1496,28,2026-08-04T02:24:11Z
1497,27,2026-08-04T02:24:14Z
1498,28,2026-08-04T02:24:17Z
1499,27,2026-08-04T02:24:19Z
1500,26,2026-08-04T02:24:22Z
1501,27,2026-08-04T02:24:24Z
1502,25,2026-08-04T02:24:27Z
1503,25,2026-08-04T02:24:29Z
1504,25,2026-08-04T02:24:32Z
1505,27,2026-08-04T02:24:35Z
1506,27,2026-08-04T02:24:38Z
1507,28,2026-08-04T02:24:40Z
1508,24,2026-08-04T02:24:43Z
1509,26,2026-08-04T02:24:46Z
1510,25,2026-08-04T02:24:48Z
1511,25,2026-08-04T02:24:51Z
1512,26,2026-08-04T02:24:54Z
1513,28,2026-08-04T02:24:56Z
1514,26,2026-08-04T02:24:58Z
1515,27,2026-08-04T02:25:00Z
1516,27,2026-08-04T02:25:02Z
1517,27,2026-08-04T02:25:05Z
1518,24,2026-08-04T02:25:07Z
1519,26,2026-08-04T02:25:10Z
1520,28,2026-08-04T02:25:12Z
1521,29,2026-08-04T02:25:14Z
1522,27,2026-08-04T02:25:17Z
1523,28,2026-08-04T02:25:19Z
1524,30,2026-08-04T02:25:22Z
1525,29,2026-08-04T02:25:24Z
1526,28,2026-08-04T02:25:27Z
1527,27,2026-08-04T02:25:29Z
1528,28,2026-08-04T02:25:31Z
1529,26,2026-08-04T02:25:34Z
1530,30,2026-08-04T02:25:36Z
1531,26,2026-08-04T02:25:39Z
1532,26,2026-08-04T02:25:41Z
1533,26,2026-08-04T02:25:44Z
1534,25,2026-08-04T02:25:45Z
1535,26,2026-08-04T02:25:47Z
1536,26,2026-08-04T02:25:49Z
1537,27,2026-08-04T02:25:50Z
1538,24,2026-08-04T02:25:53Z
1539,25,2026-08-04T02:25:56Z
1540,27,2026-08-04T02:25:59Z
1541,27,2026-08-04T02:26:02Z
1542,27,2026-08-04T02:26:05Z
1543,31,2026-08-04T02:26:08Z
1544,23,2026-08-04T02:26:10Z
1545,24,2026-08-04T02:26:12Z
1546,25,2026-08-04T02:26:14Z
1547,25,2026-08-04T02:26:16Z
1548,26,2026-08-04T02:26:18Z
1549,24,2026-08-04T02:26:20Z
1550,26,2026-08-04T02:26:24Z
1551,23,2026-08-04T02:26:27Z
1552,25,2026-08-04T02:26:31Z
1553,28,2026-08-04T02:26:32Z
1554,28,2026-08-04T02:26:33Z
1555,26,2026-08-04T02:26:36Z
1556,25,2026-08-04T02:26:39Z
1557,26,2026-08-04T02:26:40Z
1558,27,2026-08-04T02:26:43Z
1559,27,2026-08-04T02:26:45Z
1560,28,2026-08-04T02:26:47Z
1561,29,2026-08-04T02:26:49Z
1562,30,2026-08-04T02:26:52Z
1563,32,2026-08-04T02:26:56Z
1564,29,2026-08-04T02:26:59Z
1565,34,2026-08-04T02:27:02Z
1566,32,2026-08-04T02:27:05Z
1567,32,2026-08-04T02:27:08Z
1568,32,2026-08-04T02:27:11Z
1569,30,2026-08-04T02:27:13Z
1570,31,2026-08-04T02:27:16Z
1571,33,2026-08-04T02:27:18Z
1572,31,2026-08-04T02:27:21Z
1573,30,2026-08-04T02:27:23Z
1574,32,2026-08-04T02:27:27Z
1575,32,2026-08-04T02:27:30Z
1576,31,2026-08-04T02:27:33Z
1577,30,2026-08-04T02:27:37Z
1578,33,2026-08-04T02:27:40Z
1579,31,2026-08-04T02:27:43Z
1580,32,2026-08-04T02:27:47Z
1581,33,2026-08-04T02:27:50Z
1582,32,2026-08-04T02:27:53Z
1583,33,2026-08-04T02:27:56Z
1584,30,2026-08-04T02:27:59Z
1585,29,2026-08-04T02:28:02Z
1586,32,2026-08-04T02:28:05Z
1587,30,2026-08-04T02:28:09Z
1588,30,2026-08-04T02:28:12Z
1589,39,2026-08-04T02:28:15Z
1590,39,2026-08-04T02:28:19Z
1591,36,2026-08-04T02:28:22Z
1592,40,2026-08-04T02:28:26Z
1593,39,2026-08-04T02:28:29Z
1594,38,2026-08-04T02:28:33Z
1595,37,2026-08-04T02:28:36Z
1596,35,2026-08-04T02:28:37Z
1597,37,2026-08-04T02:28:43Z
1598,39,2026-08-04T02:28:47Z
1599,41,2026-08-04T02:28:51Z
1600,35,2026-08-04T02:28:55Z
1601,37,2026-08-04T02:28:58Z
1602,36,2026-08-04T02:29:02Z
1603,30,2026-08-04T02:29:07Z
1604,34,2026-08-04T02:29:12Z
1605,34,2026-08-04T02:29:17Z
1606,32,2026-08-04T02:29:20Z
1607,36,2026-08-04T02:29:23Z
1608,30,2026-08-04T02:29:26Z
1609,36,2026-08-04T02:29:30Z
1610,35,2026-08-04T02:29:33Z
1611,32,2026-08-04T02:29:37Z
1612,33,2026-08-04T02:29:41Z
1613,33,2026-08-04T02:29:46Z
1614,34,2026-08-04T02:29:51Z
1615,38,2026-08-04T02:29:54Z
1616,34,2026-08-04T02:29:56Z
1617,30,2026-08-04T02:29:59Z
1618,32,2026-08-04T02:30:02Z
1619,32,2026-08-04T02:30:05Z
1620,26,2026-08-04T02:30:08Z
1621,23,2026-08-04T02:30:11Z
1622,23,2026-08-04T02:30:13Z
1623,22,2026-08-04T02:30:16Z
1624,22,2026-08-04T02:30:19Z
1625,23,2026-08-04T02:30:23Z
1626,21,2026-08-04T02:30:27Z
1627,22,2026-08-04T02:30:28Z
1628,25,2026-08-04T02:30:31Z
1629,22,2026-08-04T02:30:34Z
1630,24,2026-08-04T02:30:37Z
1631,26,2026-08-04T02:30:40Z
1632,27,2026-08-04T02:30:43Z
1633,29,2026-08-04T02:30:46Z
1634,30,2026-08-04T02:30:49Z
1635,27,2026-08-04T02:30:52Z
1636,29,2026-08-04T02:30:55Z
1637,31,2026-08-04T02:30:58Z
1638,30,2026-08-04T02:31:01Z
1639,31,2026-08-04T02:31:04Z
1640,31,2026-08-04T02:31:07Z
1641,31,2026-08-04T02:31:10Z
1642,29,2026-08-04T02:31:13Z
1643,28,2026-08-04T02:31:16Z
1644,26,2026-08-04T02:31:19Z
1645,26,2026-08-04T02:31:22Z
1646,27,2026-08-04T02:31:25Z
1647,29,2026-08-04T02:31:28Z
1648,31,2026-08-04T02:31:31Z
1649,29,2026-08-04T02:31:34Z
1650,30,2026-08-04T02:31:36Z
1651,31,2026-08-04T02:31:38Z
1652,28,2026-08-04T02:31:41Z
1653,28,2026-08-04T02:31:44Z
1654,28,2026-08-04T02:31:47Z
1655,26,2026-08-04T02:31:49Z
1656,29,2026-08-04T02:31:51Z
1657,28,2026-08-04T02:31:54Z
1658,24,2026-08-04T02:31:55Z
1659,26,2026-08-04T02:31:59Z
1660,28,2026-08-04T02:32:04Z
1661,27,2026-08-04T02:32:05Z
1662,22,2026-08-04T02:32:08Z
1663,26,2026-08-04T02:32:11Z
1664,23,2026-08-04T02:32:12Z
1665,22,2026-08-04T02:32:15Z
1666,25,2026-08-04T02:32:17Z
1667,26,2026-08-04T02:32:19Z
1668,24,2026-08-04T02:32:22Z
1669,25,2026-08-04T02:32:24Z
1670,30,2026-08-04T02:32:27Z
1671,28,2026-08-04T02:32:29Z
1672,25,2026-08-04T02:32:34Z
1673,28,2026-08-04T02:32:38Z
1674,28,2026-08-04T02:32:43Z
1675,23,2026-08-04T02:32:43Z
1676,25,2026-08-04T02:32:47Z
1677,25,2026-08-04T02:32:51Z
1678,26,2026-08-04T02:32:54Z
1679,28,2026-08-04T02:32:58Z
1680,29,2026-08-04T02:33:01Z
1681,28,2026-08-04T02:33:05Z
1682,31,2026-08-04T02:33:09Z
1683,32,2026-08-04T02:33:12Z
1684,31,2026-08-04T02:33:15Z
1685,32,2026-08-04T02:33:18Z
1686,33,2026-08-04T02:33:21Z
1687,32,2026-08-04T02:33:23Z
1688,30,2026-08-04T02:33:26Z
1689,30,2026-08-04T02:33:30Z
1690,33,2026-08-04T02:33:34Z
1691,36,2026-08-04T02:33:38Z
1692,30,2026-08-04T02:33:42Z
1693,31,2026-08-04T02:33:45Z
1694,31,2026-08-04T02:33:48Z
1695,30,2026-08-04T02:33:51Z
1696,31,2026-08-04T02:33:54Z
1697,32,2026-08-04T02:33:56Z
1698,32,2026-08-04T02:34:00Z
1699,32,2026-08-04T02:34:04Z
1700,31,2026-08-04T02:34:08Z
1701,32,2026-08-04T02:34:12Z
1702,31,2026-08-04T02:34:15Z
1703,31,2026-08-04T02:34:19Z
1704,31,2026-08-04T02:34:22Z
1705,33,2026-08-04T02:34:25Z
1706,31,2026-08-04T02:34:29Z
1707,32,2026-08-04T02:34:32Z
1708,32,2026-08-04T02:34:34Z
1709,34,2026-08-04T02:34:40Z
1710,38,2026-08-04T02:34:45Z
1711,38,2026-08-04T02:34:51Z
1712,35,2026-08-04T02:34:51Z
1713,35,2026-08-04T02:34:55Z
1714,36,2026-08-04T02:34:59Z
1715,36,2026-08-04T02:35:02Z
1716,35,2026-08-04T02:35:06Z
1717,35,2026-08-04T02:35:09Z
1718,34,2026-08-04T02:35:14Z
1719,31,2026-08-04T02:35:15Z
1720,31,2026-08-04T02:35:18Z
1721,31,2026-08-04T02:35:22Z
1722,33,2026-08-04T02:35:25Z
1723,32,2026-08-04T02:35:29Z
1724,30,2026-08-04T02:35:31Z
1725,26,2026-08-04T02:35:34Z
1726,32,2026-08-04T02:35:37Z
1727,34,2026-08-04T02:35:40Z
1728,30,2026-08-04T02:35:43Z
1729,32,2026-08-04T02:35:46Z
1730,37,2026-08-04T02:35:49Z
1731,34,2026-08-04T02:35:57Z
1732,32,2026-08-04T02:36:02Z
1733,33,2026-08-04T02:36:07Z
1734,32,2026-08-04T02:36:10Z
1735,29,2026-08-04T02:36:16Z
1736,29,2026-08-04T02:36:22Z
1737,29,2026-08-04T02:36:28Z
1738,33,2026-08-04T02:36:34Z
1739,33,2026-08-04T02:36:40Z
1740,32,2026-08-04T02:36:46Z
1741,26,2026-08-04T02:36:48Z
1742,27,2026-08-04T02:36:51Z
1743,27,2026-08-04T02:36:54Z
1744,26,2026-08-04T02:36:58Z
1745,25,2026-08-04T02:37:01Z
1746,27,2026-08-04T02:37:05Z
1747,28,2026-08-04T02:37:09Z
1748,28,2026-08-04T02:37:11Z
1749,31,2026-08-04T02:37:14Z
1750,33,2026-08-04T02:37:17Z
1751,31,2026-08-04T02:37:20Z
1752,27,2026-08-04T02:37:23Z
1753,26,2026-08-04T02:37:26Z
1754,29,2026-08-04T02:37:30Z
1755,28,2026-08-04T02:37:35Z
1756,26,2026-08-04T02:37:38Z
1757,28,2026-08-04T02:37:40Z
1758,32,2026-08-04T02:37:43Z
1759,27,2026-08-04T02:37:45Z
1760,28,2026-08-04T02:37:47Z
1761,28,2026-08-04T02:37:50Z
1762,31,2026-08-04T02:37:52Z
1763,29,2026-08-04T02:37:55Z
1764,28,2026-08-04T02:37:57Z
1765,28,2026-08-04T02:37:59Z
1766,29,2026-08-04T02:38:03Z
1767,27,2026-08-04T02:38:08Z
1768,27,2026-08-04T02:38:12Z
1769,28,2026-08-04T02:38:16Z
1770,30,2026-08-04T02:38:19Z
1771,31,2026-08-04T02:38:23Z
1772,32,2026-08-04T02:38:26Z
1773,34,2026-08-04T02:38:29Z
1774,30,2026-08-04T02:38:33Z
1775,32,2026-08-04T02:38:36Z
1776,35,2026-08-04T02:38:40Z
1777,37,2026-08-04T02:38:43Z
1778,36,2026-08-04T02:38:47Z
1779,38,2026-08-04T02:38:51Z
1780,40,2026-08-04T02:38:56Z
1781,44,2026-08-04T02:39:00Z
1782,47,2026-08-04T02:39:05Z
1783,45,2026-08-04T02:39:07Z
1784,45,2026-08-04T02:39:12Z
1785,41,2026-08-04T02:39:16Z
1786,42,2026-08-04T02:39:20Z
1787,45,2026-08-04T02:39:25Z
1788,45,2026-08-04T02:39:29Z
1789,42,2026-08-04T02:39:33Z
1790,49,2026-08-04T02:39:38Z
1791,43,2026-08-04T02:39:44Z
1792,44,2026-08-04T02:39:49Z
1793,43,2026-08-04T02:39:54Z
1794,43,2026-08-04T02:39:59Z
1795,40,2026-08-04T02:40:04Z
1796,38,2026-08-04T02:40:08Z
1797,44,2026-08-04T02:40:11Z
1798,44,2026-08-04T02:40:16Z
1799,44,2026-08-04T02:40:25Z
1800,46,2026-08-04T02:40:29Z
1801,43,2026-08-04T02:40:34Z
1802,41,2026-08-04T02:40:38Z
1803,37,2026-08-04T02:40:42Z
1804,39,2026-08-04T02:40:46Z
1805,38,2026-08-04T02:40:51Z
1806,36,2026-08-04T02:40:56Z
1807,39,2026-08-04T02:41:01Z
1808,34,2026-08-04T02:41:06Z
1809,31,2026-08-04T02:41:11Z
1810,34,2026-08-04T02:41:16Z
1811,34,2026-08-04T02:41:20Z
1812,32,2026-08-04T02:41:25Z
1813,31,2026-08-04T02:41:30Z
1814,32,2026-08-04T02:41:35Z
1815,29,2026-08-04T02:41:39Z
1816,28,2026-08-04T02:41:43Z
1817,29,2026-08-04T02:41:44Z
1818,27,2026-08-04T02:41:49Z
1819,31,2026-08-04T02:41:55Z
1820,28,2026-08-04T02:42:00Z
1821,30,2026-08-04T02:42:06Z
1822,27,2026-08-04T02:42:14Z
1823,28,2026-08-04T02:42:22Z
1824,29,2026-08-04T02:42:29Z
1825,31,2026-08-04T02:42:37Z
1826,30,2026-08-04T02:42:41Z
1827,30,2026-08-04T02:42:44Z
1828,32,2026-08-04T02:42:48Z
1829,32,2026-08-04T02:42:51Z
1830,33,2026-08-04T02:42:55Z
1831,37,2026-08-04T02:42:58Z
1832,36,2026-08-04T02:43:01Z
1833,35,2026-08-04T02:43:05Z
1834,31,2026-08-04T02:43:11Z
1835,31,2026-08-04T02:43:15Z
1836,27,2026-08-04T02:43:18Z
1837,28,2026-08-04T02:43:21Z
1838,24,2026-08-04T02:43:23Z
1839,27,2026-08-04T02:43:26Z
1840,22,2026-08-04T02:43:29Z
1841,24,2026-08-04T02:43:32Z
1842,26,2026-08-04T02:43:35Z
1843,25,2026-08-04T02:43:38Z
1844,25,2026-08-04T02:43:40Z
1845,25,2026-08-04T02:43:43Z
1846,23,2026-08-04T02:43:46Z
1847,25,2026-08-04T02:43:48Z
1848,25,2026-08-04T02:43:51Z
1849,23,2026-08-04T02:43:53Z
1850,27,2026-08-04T02:43:56Z
1851,27,2026-08-04T02:43:58Z
1852,27,2026-08-04T02:44:00Z
1853,26,2026-08-04T02:44:02Z
1854,25,2026-08-04T02:44:05Z
1855,27,2026-08-04T02:44:08Z
1856,24,2026-08-04T02:44:12Z
1857,26,2026-08-04T02:44:16Z
1858,23,2026-08-04T02:44:19Z
1859,26,2026-08-04T02:44:22Z
1860,25,2026-08-04T02:44:24Z
1861,25,2026-08-04T02:44:27Z
1862,26,2026-08-04T02:44:30Z
1863,31,2026-08-04T02:44:32Z
1864,31,2026-08-04T02:44:35Z
1865,32,2026-08-04T02:44:38Z
1866,36,2026-08-04T02:44:41Z
1867,40,2026-08-04T02:44:46Z
1868,35,2026-08-04T02:44:50Z
1869,35,2026-08-04T02:44:54Z
1870,37,2026-08-04T02:44:59Z
1871,39,2026-08-04T02:45:03Z
1872,36,2026-08-04T02:45:07Z
1873,37,2026-08-04T02:45:12Z
1874,37,2026-08-04T02:45:16Z
1875,38,2026-08-04T02:45:20Z
1876,42,2026-08-04T02:45:25Z
1877,39,2026-08-04T02:45:29Z
1878,38,2026-08-04T02:45:33Z
1879,37,2026-08-04T02:45:38Z
1880,43,2026-08-04T02:45:43Z
1881,40,2026-08-04T02:45:44Z
1882,41,2026-08-04T02:45:49Z
1883,37,2026-08-04T02:45:55Z
1884,34,2026-08-04T02:46:00Z
1885,32,2026-08-04T02:46:06Z
1886,33,2026-08-04T02:46:10Z
1887,31,2026-08-04T02:46:13Z
1888,33,2026-08-04T02:46:17Z
1889,34,2026-08-04T02:46:21Z
1890,33,2026-08-04T02:46:22Z
1891,30,2026-08-04T02:46:26Z
1892,29,2026-08-04T02:46:31Z
1893,30,2026-08-04T02:46:35Z
1894,30,2026-08-04T02:46:40Z
1895,30,2026-08-04T02:46:41Z
1896,31,2026-08-04T02:46:45Z
1897,33,2026-08-04T02:46:49Z
1898,30,2026-08-04T02:46:54Z
1899,28,2026-08-04T02:46:59Z
1900,28,2026-08-04T02:47:03Z
1901,30,2026-08-04T02:47:06Z
1902,29,2026-08-04T02:47:09Z
1903,29,2026-08-04T02:47:11Z
1904,29,2026-08-04T02:47:14Z
1905,26,2026-08-04T02:47:17Z
1906,24,2026-08-04T02:47:20Z
1907,27,2026-08-04T02:47:22Z
1908,25,2026-08-04T02:47:25Z
1909,25,2026-08-04T02:47:28Z
1910,29,2026-08-04T02:47:31Z
1911,27,2026-08-04T02:47:34Z
1912,29,2026-08-04T02:47:37Z
1913,29,2026-08-04T02:47:41Z
1914,31,2026-08-04T02:47:44Z
1915,33,2026-08-04T02:47:49Z
1916,38,2026-08-04T02:47:54Z
1917,37,2026-08-04T02:47:56Z
1918,36,2026-08-04T02:48:00Z
1919,35,2026-08-04T02:48:04Z
1920,37,2026-08-04T02:48:08Z
1921,37,2026-08-04T02:48:13Z
1922,29,2026-08-04T02:48:16Z
1923,31,2026-08-04T02:48:19Z
1924,34,2026-08-04T02:48:22Z
1925,33,2026-08-04T02:48:25Z
1926,32,2026-08-04T02:48:28Z
1927,29,2026-08-04T02:48:32Z
1928,29,2026-08-04T02:48:36Z
1929,30,2026-08-04T02:48:40Z
1930,30,2026-08-04T02:48:44Z
1931,30,2026-08-04T02:48:47Z
1932,29,2026-08-04T02:48:49Z
1933,32,2026-08-04T02:48:52Z
1934,34,2026-08-04T02:48:55Z
1935,29,2026-08-04T02:48:58Z
1936,32,2026-08-04T02:49:01Z
1937,31,2026-08-04T02:49:04Z
1938,31,2026-08-04T02:49:07Z
1939,32,2026-08-04T02:49:10Z
1940,33,2026-08-04T02:49:14Z
1941,33,2026-08-04T02:49:17Z
1942,33,2026-08-04T02:49:21Z
1943,32,2026-08-04T02:49:25Z
1944,38,2026-08-04T02:49:28Z
1945,33,2026-08-04T02:49:32Z
1946,31,2026-08-04T02:49:36Z
1947,33,2026-08-04T02:49:39Z
1948,29,2026-08-04T02:49:43Z
1949,30,2026-08-04T02:49:47Z
1950,29,2026-08-04T02:49:50Z
1951,29,2026-08-04T02:49:54Z
1952,27,2026-08-04T02:49:56Z
1953,25,2026-08-04T02:49:59Z
1954,25,2026-08-04T02:50:01Z
1955,29,2026-08-04T02:50:04Z
1956,31,2026-08-04T02:50:06Z
1957,33,2026-08-04T02:50:10Z
1958,33,2026-08-04T02:50:15Z
1959,28,2026-08-04T02:50:17Z
1960,26,2026-08-04T02:50:19Z
1961,29,2026-08-04T02:50:23Z
1962,27,2026-08-04T02:50:26Z
1963,27,2026-08-04T02:50:30Z
1964,30,2026-08-04T02:50:34Z
1965,29,2026-08-04T02:50:36Z
1966,28,2026-08-04T02:50:39Z
1967,27,2026-08-04T02:50:42Z
1968,29,2026-08-04T02:50:44Z
1969,29,2026-08-04T02:50:47Z
1970,26,2026-08-04T02:50:50Z
1971,29,2026-08-04T02:50:54Z
1972,30,2026-08-04T02:50:58Z
1973,31,2026-08-04T02:51:02Z
1974,32,2026-08-04T02:51:06Z
1975,34,2026-08-04T02:51:10Z
1976,33,2026-08-04T02:51:15Z
1977,32,2026-08-04T02:51:18Z
1978,35,2026-08-04T02:51:20Z
1979,38,2026-08-04T02:51:30Z
1980,35,2026-08-04T02:51:33Z
1981,31,2026-08-04T02:51:34Z
1982,29,2026-08-04T02:51:39Z
1983,28,2026-08-04T02:51:44Z
1984,30,2026-08-04T02:51:46Z
1985,33,2026-08-04T02:51:49Z
1986,29,2026-08-04T02:51:52Z
1987,29,2026-08-04T02:51:56Z
1988,32,2026-08-04T02:52:00Z
1989,32,2026-08-04T02:52:03Z
1990,32,2026-08-04T02:52:07Z
1991,29,2026-08-04T02:52:10Z
1992,30,2026-08-04T02:52:14Z
1993,33,2026-08-04T02:52:18Z
1994,29,2026-08-04T02:52:20Z
1995,31,2026-08-04T02:52:23Z
1996,34,2026-08-04T02:52:26Z
1997,37,2026-08-04T02:52:32Z
1998,35,2026-08-04T02:52:37Z
1999,34,2026-08-04T02:52:40Z
2000,33,2026-08-04T02:52:44Z
2001,34,2026-08-04T02:52:47Z
2002,31,2026-08-04T02:52:51Z
2003,29,2026-08-04T02:52:55Z
2004,28,2026-08-04T02:52:57Z
2005,31,2026-08-04T02:53:00Z
2006,27,2026-08-04T02:53:02Z
2007,28,2026-08-04T02:53:04Z
2008,30,2026-08-04T02:53:11Z
2009,28,2026-08-04T02:53:15Z
2010,27,2026-08-04T02:53:18Z
2011,28,2026-08-04T02:53:21Z
2012,28,2026-08-04T02:53:24Z
2013,29,2026-08-04T02:53:27Z
2014,30,2026-08-04T02:53:30Z
2015,29,2026-08-04T02:53:33Z
2016,31,2026-08-04T02:53:36Z
2017,32,2026-08-04T02:53:39Z
2018,33,2026-08-04T02:53:42Z
2019,30,2026-08-04T02:53:46Z
2020,31,2026-08-04T02:53:49Z
2021,32,2026-08-04T02:53:53Z
2022,32,2026-08-04T02:53:56Z
2023,32,2026-08-04T02:54:00Z
2024,32,2026-08-04T02:54:04Z
2025,33,2026-08-04T02:54:08Z
2026,34,2026-08-04T02:54:11Z
2027,35,2026-08-04T02:54:15Z
2028,35,2026-08-04T02:54:19Z
2029,38,2026-08-04T02:54:23Z
2030,37,2026-08-04T02:54:27Z
2031,34,2026-08-04T02:54:31Z
2032,37,2026-08-04T02:54:34Z
2033,35,2026-08-04T02:54:38Z
2034,31,2026-08-04T02:54:42Z
2035,29,2026-08-04T02:54:45Z
2036,26,2026-08-04T02:54:50Z
2037,29,2026-08-04T02:54:55Z
2038,24,2026-08-04T02:54:57Z
2039,25,2026-08-04T02:55:01Z
2040,27,2026-08-04T02:55:05Z
2041,26,2026-08-04T02:55:08Z
2042,27,2026-08-04T02:55:12Z
2043,30,2026-08-04T02:55:16Z
2044,31,2026-08-04T02:55:20Z
2045,32,2026-08-04T02:55:23Z
2046,35,2026-08-04T02:55:26Z
2047,33,2026-08-04T02:55:29Z
2048,35,2026-08-04T02:55:32Z
2049,31,2026-08-04T02:55:37Z
2050,33,2026-08-04T02:55:41Z
2051,33,2026-08-04T02:55:45Z
2052,32,2026-08-04T02:55:50Z
2053,33,2026-08-04T02:55:54Z
2054,36,2026-08-04T02:55:58Z
2055,38,2026-08-04T02:56:03Z
2056,40,2026-08-04T02:56:07Z
2057,38,2026-08-04T02:56:10Z
2058,42,2026-08-04T02:56:13Z
2059,38,2026-08-04T02:56:16Z
2060,39,2026-08-04T02:56:19Z
2061,36,2026-08-04T02:56:29Z
2062,39,2026-08-04T02:56:32Z
2063,40,2026-08-04T02:56:36Z
2064,40,2026-08-04T02:56:39Z
2065,39,2026-08-04T02:56:44Z
2066,37,2026-08-04T02:56:49Z
2067,38,2026-08-04T02:56:54Z
2068,39,2026-08-04T02:56:59Z
2069,39,2026-08-04T02:57:03Z
2070,39,2026-08-04T02:57:08Z
2071,41,2026-08-04T02:57:13Z
2072,39,2026-08-04T02:57:18Z
2073,36,2026-08-04T02:57:24Z
2074,39,2026-08-04T02:57:27Z
2075,38,2026-08-04T02:57:29Z
2076,34,2026-08-04T02:57:36Z
2077,35,2026-08-04T02:57:40Z
2078,37,2026-08-04T02:57:44Z
2079,38,2026-08-04T02:57:48Z
2080,35,2026-08-04T02:57:52Z
2081,36,2026-08-04T02:57:55Z
2082,34,2026-08-04T02:57:57Z
2083,33,2026-08-04T02:58:01Z
2084,32,2026-08-04T02:58:05Z
2085,29,2026-08-04T02:58:09Z
2086,34,2026-08-04T02:58:13Z
2087,34,2026-08-04T02:58:17Z
2088,28,2026-08-04T02:58:20Z
2089,36,2026-08-04T02:58:24Z
2090,34,2026-08-04T02:58:30Z
2091,32,2026-08-04T02:58:31Z
2092,29,2026-08-04T02:58:34Z
2093,26,2026-08-04T02:58:38Z
2094,26,2026-08-04T02:58:42Z
2095,22,2026-08-04T02:58:45Z
2096,21,2026-08-04T02:58:47Z
2097,20,2026-08-04T02:58:49Z
2098,21,2026-08-04T02:58:51Z
2099,18,2026-08-04T02:58:53Z
2100,18,2026-08-04T02:58:55Z
2101,20,2026-08-04T02:58:56Z
2102,21,2026-08-04T02:58:58Z
2103,18,2026-08-04T02:59:00Z
2104,19,2026-08-04T02:59:02Z
2105,19,2026-08-04T02:59:04Z
2106,19,2026-08-04T02:59:07Z
2107,20,2026-08-04T02:59:09Z
2108,21,2026-08-04T02:59:11Z
2109,20,2026-08-04T02:59:14Z
2110,20,2026-08-04T02:59:16Z
2111,22,2026-08-04T02:59:19Z
2112,24,2026-08-04T02:59:22Z
2113,25,2026-08-04T02:59:24Z
2114,29,2026-08-04T02:59:27Z
2115,30,2026-08-04T02:59:30Z
2116,35,2026-08-04T02:59:33Z
2117,35,2026-08-04T02:59:37Z
2118,38,2026-08-04T02:59:40Z
2119,41,2026-08-04T02:59:43Z
2120,37,2026-08-04T02:59:49Z
2121,40,2026-08-04T02:59:54Z
2122,45,2026-08-04T03:00:00Z
2123,47,2026-08-04T03:00:06Z
2124,44,2026-08-04T03:00:08Z
2125,45,2026-08-04T03:00:13Z
2126,45,2026-08-04T03:00:18Z
2127,43,2026-08-04T03:00:23Z
2128,41,2026-08-04T03:00:28Z
2129,41,2026-08-04T03:00:33Z
2130,41,2026-08-04T03:00:37Z
2131,38,2026-08-04T03:00:40Z
2132,38,2026-08-04T03:00:42Z
2133,39,2026-08-04T03:00:46Z
2134,38,2026-08-04T03:00:49Z
2135,34,2026-08-04T03:00:53Z
2136,38,2026-08-04T03:00:57Z
2137,39,2026-08-04T03:01:01Z
2138,38,2026-08-04T03:01:05Z
2139,38,2026-08-04T03:01:09Z
2140,37,2026-08-04T03:01:12Z
2141,35,2026-08-04T03:01:16Z
2142,35,2026-08-04T03:01:19Z
2143,37,2026-08-04T03:01:22Z
2144,33,2026-08-04T03:01:25Z
2145,37,2026-08-04T03:01:28Z
2146,35,2026-08-04T03:01:31Z
2147,32,2026-08-04T03:01:34Z
2148,31,2026-08-04T03:01:37Z
2149,28,2026-08-04T03:01:40Z
2150,31,2026-08-04T03:01:43Z
2151,30,2026-08-04T03:01:46Z
2152,33,2026-08-04T03:01:49Z
2153,28,2026-08-04T03:01:53Z
2154,28,2026-08-04T03:01:56Z
2155,27,2026-08-04T03:02:00Z
2156,27,2026-08-04T03:02:04Z
2157,29,2026-08-04T03:02:06Z
2158,28,2026-08-04T03:02:09Z
2159,31,2026-08-04T03:02:12Z
2160,29,2026-08-04T03:02:15Z
2161,29,2026-08-04T03:02:18Z
2162,32,2026-08-04T03:02:20Z
2163,29,2026-08-04T03:02:24Z
2164,32,2026-08-04T03:02:27Z
2165,30,2026-08-04T03:02:30Z
2166,34,2026-08-04T03:02:34Z
2167,32,2026-08-04T03:02:37Z
2168,35,2026-08-04T03:02:41Z
2169,32,2026-08-04T03:02:42Z
2170,34,2026-08-04T03:02:47Z
2171,31,2026-08-04T03:02:50Z
2172,33,2026-08-04T03:02:53Z
2173,32,2026-08-04T03:02:56Z
2174,32,2026-08-04T03:02:59Z
2175,27,2026-08-04T03:03:02Z
2176,27,2026-08-04T03:03:05Z
2177,29,2026-08-04T03:03:08Z
2178,27,2026-08-04T03:03:12Z
2179,31,2026-08-04T03:03:15Z
2180,30,2026-08-04T03:03:18Z
2181,29,2026-08-04T03:03:22Z
2182,31,2026-08-04T03:03:23Z
2183,30,2026-08-04T03:03:26Z
2184,28,2026-08-04T03:03:30Z
2185,28,2026-08-04T03:03:33Z
2186,29,2026-08-04T03:03:36Z
2187,30,2026-08-04T03:03:39Z
2188,32,2026-08-04T03:03:42Z
2189,28,2026-08-04T03:03:46Z
2190,26,2026-08-04T03:03:48Z
2191,30,2026-08-04T03:03:50Z
2192,28,2026-08-04T03:03:53Z
2193,28,2026-08-04T03:03:55Z
2194,26,2026-08-04T03:03:58Z
2195,31,2026-08-04T03:04:00Z
2196,30,2026-08-04T03:04:02Z
2197,31,2026-08-04T03:04:05Z
2198,32,2026-08-04T03:04:10Z
2199,31,2026-08-04T03:04:16Z
2200,35,2026-08-04T03:04:17Z
2201,33,2026-08-04T03:04:19Z
2202,33,2026-08-04T03:04:23Z
2203,32,2026-08-04T03:04:26Z
2204,35,2026-08-04T03:04:30Z
2205,38,2026-08-04T03:04:31Z
2206,38,2026-08-04T03:04:35Z
2207,44,2026-08-04T03:04:40Z
2208,41,2026-08-04T03:04:44Z
2209,37,2026-08-04T03:04:48Z
2210,36,2026-08-04T03:04:53Z
2211,36,2026-08-04T03:04:56Z
2212,38,2026-08-04T03:04:59Z
2213,35,2026-08-04T03:05:03Z
2214,32,2026-08-04T03:05:06Z
2215,34,2026-08-04T03:05:10Z
2216,32,2026-08-04T03:05:13Z
2217,31,2026-08-04T03:05:17Z
2218,33,2026-08-04T03:05:23Z
2219,33,2026-08-04T03:05:25Z
2220,30,2026-08-04T03:05:28Z
2221,28,2026-08-04T03:05:30Z
2222,30,2026-08-04T03:05:33Z
2223,30,2026-08-04T03:05:37Z
2224,30,2026-08-04T03:05:40Z
2225,31,2026-08-04T03:05:41Z
2226,24,2026-08-04T03:05:44Z
2227,27,2026-08-04T03:05:47Z
2228,26,2026-08-04T03:05:49Z
2229,27,2026-08-04T03:05:52Z
2230,26,2026-08-04T03:05:55Z
2231,28,2026-08-04T03:05:58Z
2232,29,2026-08-04T03:06:01Z
2233,25,2026-08-04T03:06:04Z
2234,24,2026-08-04T03:06:07Z
2235,25,2026-08-04T03:06:10Z
2236,23,2026-08-04T03:06:13Z
2237,23,2026-08-04T03:06:14Z
2238,20,2026-08-04T03:06:15Z
2239,21,2026-08-04T03:06:17Z
2240,19,2026-08-04T03:06:20Z
2241,18,2026-08-04T03:06:24Z
2242,23,2026-08-04T03:06:27Z
2243,24,2026-08-04T03:06:30Z
2244,24,2026-08-04T03:06:32Z
2245,23,2026-08-04T03:06:33Z
2246,23,2026-08-04T03:06:34Z
2247,22,2026-08-04T03:06:37Z
2248,23,2026-08-04T03:06:40Z
2249,22,2026-08-04T03:06:42Z
2250,19,2026-08-04T03:06:43Z
2251,19,2026-08-04T03:06:45Z
2252,20,2026-08-04T03:06:47Z
2253,22,2026-08-04T03:06:49Z
2254,22,2026-08-04T03:06:51Z
2255,23,2026-08-04T03:06:53Z
2256,26,2026-08-04T03:06:56Z
2257,30,2026-08-04T03:07:00Z
2258,25,2026-08-04T03:07:03Z
2259,26,2026-08-04T03:07:07Z
2260,31,2026-08-04T03:07:10Z
2261,31,2026-08-04T03:07:13Z
2262,38,2026-08-04T03:07:17Z
2263,31,2026-08-04T03:07:20Z
2264,29,2026-08-04T03:07:24Z
2265,28,2026-08-04T03:07:27Z
2266,29,2026-08-04T03:07:31Z
2267,32,2026-08-04T03:07:34Z
2268,34,2026-08-04T03:07:38Z
2269,34,2026-08-04T03:07:41Z
2270,32,2026-08-04T03:07:44Z
2271,32,2026-08-04T03:07:48Z
2272,34,2026-08-04T03:07:51Z
2273,35,2026-08-04T03:07:55Z
2274,35,2026-08-04T03:07:58Z
2275,34,2026-08-04T03:08:02Z
2276,32,2026-08-04T03:08:07Z
2277,37,2026-08-04T03:08:12Z
2278,35,2026-08-04T03:08:17Z
2279,34,2026-08-04T03:08:19Z
2280,37,2026-08-04T03:08:22Z
2281,38,2026-08-04T03:08:26Z
2282,37,2026-08-04T03:08:29Z
2283,35,2026-08-04T03:08:33Z
2284,29,2026-08-04T03:08:37Z
2285,32,2026-08-04T03:08:41Z
2286,35,2026-08-04T03:08:45Z
2287,30,2026-08-04T03:08:49Z
2288,29,2026-08-04T03:08:53Z
2289,30,2026-08-04T03:08:57Z
2290,28,2026-08-04T03:09:01Z
2291,24,2026-08-04T03:09:04Z
2292,29,2026-08-04T03:09:08Z
2293,28,2026-08-04T03:09:11Z
2294,29,2026-08-04T03:09:14Z
2295,32,2026-08-04T03:09:18Z
2296,29,2026-08-04T03:09:21Z
2297,27,2026-08-04T03:09:24Z
2298,28,2026-08-04T03:09:28Z
2299,29,2026-08-04T03:09:31Z
2300,30,2026-08-04T03:09:35Z
2301,32,2026-08-04T03:09:39Z
2302,34,2026-08-04T03:09:43Z
2303,36,2026-08-04T03:09:47Z
2304,33,2026-08-04T03:09:51Z
2305,35,2026-08-04T03:09:55Z
2306,29,2026-08-04T03:09:59Z
2307,34,2026-08-04T03:10:03Z
2308,32,2026-08-04T03:10:07Z
2309,31,2026-08-04T03:10:11Z
2310,29,2026-08-04T03:10:15Z
2311,27,2026-08-04T03:10:19Z
2312,29,2026-08-04T03:10:23Z
2313,28,2026-08-04T03:10:26Z
2314,31,2026-08-04T03:10:28Z
2315,25,2026-08-04T03:10:31Z
2316,27,2026-08-04T03:10:33Z
2317,24,2026-08-04T03:10:37Z
2318,23,2026-08-04T03:10:40Z
2319,24,2026-08-04T03:10:43Z
2320,23,2026-08-04T03:10:45Z
2321,25,2026-08-04T03:10:46Z
2322,21,2026-08-04T03:10:48Z
2323,22,2026-08-04T03:10:52Z
2324,22,2026-08-04T03:10:55Z
2325,24,2026-08-04T03:10:59Z
2326,23,2026-08-04T03:11:02Z
2327,21,2026-08-04T03:11:04Z
2328,21,2026-08-04T03:11:07Z
2329,21,2026-08-04T03:11:10Z
2330,21,2026-08-04T03:11:12Z
2331,22,2026-08-04T03:11:14Z
2332,20,2026-08-04T03:11:16Z
2333,20,2026-08-04T03:11:19Z
2334,19,2026-08-04T03:11:21Z
2335,21,2026-08-04T03:11:23Z
2336,21,2026-08-04T03:11:26Z
2337,22,2026-08-04T03:11:29Z
2338,24,2026-08-04T03:11:32Z
2339,22,2026-08-04T03:11:35Z
2340,22,2026-08-04T03:11:38Z
2341,22,2026-08-04T03:11:40Z
2342,24,2026-08-04T03:11:43Z
2343,23,2026-08-04T03:11:46Z
2344,25,2026-08-04T03:11:49Z
2345,25,2026-08-04T03:11:53Z
2346,29,2026-08-04T03:11:55Z
2347,27,2026-08-04T03:11:57Z
2348,25,2026-08-04T03:12:01Z
2349,30,2026-08-04T03:12:05Z
2350,29,2026-08-04T03:12:09Z
2351,30,2026-08-04T03:12:13Z
2352,26,2026-08-04T03:12:16Z
2353,31,2026-08-04T03:12:19Z
2354,28,2026-08-04T03:12:22Z
2355,27,2026-08-04T03:12:22Z
2356,25,2026-08-04T03:12:27Z
2357,26,2026-08-04T03:12:30Z
2358,26,2026-08-04T03:12:32Z
2359,25,2026-08-04T03:12:35Z
2360,24,2026-08-04T03:12:38Z
2361,22,2026-08-04T03:12:41Z
2362,24,2026-08-04T03:12:44Z
2363,25,2026-08-04T03:12:46Z
2364,26,2026-08-04T03:12:48Z
2365,26,2026-08-04T03:12:51Z
2366,26,2026-08-04T03:12:53Z
2367,25,2026-08-04T03:12:55Z
2368,28,2026-08-04T03:12:57Z
2369,26,2026-08-04T03:13:00Z
2370,25,2026-08-04T03:13:03Z
2371,25,2026-08-04T03:13:07Z
2372,25,2026-08-04T03:13:10Z
2373,22,2026-08-04T03:13:13Z
2374,22,2026-08-04T03:13:15Z
2375,25,2026-08-04T03:13:18Z
2376,22,2026-08-04T03:13:20Z
2377,22,2026-08-04T03:13:22Z
2378,24,2026-08-04T03:13:25Z
2379,25,2026-08-04T03:13:27Z
2380,22,2026-08-04T03:13:29Z
2381,21,2026-08-04T03:13:32Z
2382,26,2026-08-04T03:13:34Z
2383,25,2026-08-04T03:13:36Z
2384,24,2026-08-04T03:13:39Z
2385,20,2026-08-04T03:13:42Z
2386,19,2026-08-04T03:13:45Z
2387,21,2026-08-04T03:13:48Z
2388,20,2026-08-04T03:13:51Z
2389,21,2026-08-04T03:13:54Z
2390,21,2026-08-04T03:13:57Z
2391,20,2026-08-04T03:13:59Z
2392,20,2026-08-04T03:14:02Z
2393,21,2026-08-04T03:14:04Z
2394,21,2026-08-04T03:14:06Z
2395,22,2026-08-04T03:14:09Z
2396,22,2026-08-04T03:14:12Z
2397,25,2026-08-04T03:14:15Z
2398,25,2026-08-04T03:14:19Z
2399,24,2026-08-04T03:14:22Z
2400,25,2026-08-04T03:14:25Z
2401,27,2026-08-04T03:14:29Z
2402,25,2026-08-04T03:14:32Z
2403,25,2026-08-04T03:14:35Z
2404,28,2026-08-04T03:14:39Z
2405,28,2026-08-04T03:14:43Z
2406,31,2026-08-04T03:14:47Z
2407,31,2026-08-04T03:14:50Z
2408,29,2026-08-04T03:14:53Z
2409,34,2026-08-04T03:14:56Z
2410,34,2026-08-04T03:14:59Z
2411,34,2026-08-04T03:15:03Z
2412,37,2026-08-04T03:15:06Z
2413,32,2026-08-04T03:15:07Z
2414,27,2026-08-04T03:15:11Z
2415,26,2026-08-04T03:15:14Z
2416,27,2026-08-04T03:15:17Z
2417,30,2026-08-04T03:15:21Z
2418,27,2026-08-04T03:15:24Z
2419,29,2026-08-04T03:15:27Z
2420,27,2026-08-04T03:15:31Z
2421,27,2026-08-04T03:15:34Z
2422,28,2026-08-04T03:15:37Z
2423,29,2026-08-04T03:15:40Z
2424,29,2026-08-04T03:15:42Z
2425,30,2026-08-04T03:15:45Z
2426,32,2026-08-04T03:15:48Z
2427,32,2026-08-04T03:15:53Z
2428,37,2026-08-04T03:15:58Z
2429,32,2026-08-04T03:16:00Z
2430,32,2026-08-04T03:16:03Z
2431,34,2026-08-04T03:16:07Z
2432,38,2026-08-04T03:16:11Z
2433,35,2026-08-04T03:16:15Z
2434,32,2026-08-04T03:16:18Z
2435,32,2026-08-04T03:16:22Z
2436,31,2026-08-04T03:16:26Z
2437,34,2026-08-04T03:16:30Z
2438,27,2026-08-04T03:16:33Z
2439,28,2026-08-04T03:16:37Z
2440,27,2026-08-04T03:16:41Z
2441,30,2026-08-04T03:16:45Z
2442,28,2026-08-04T03:16:49Z
2443,30,2026-08-04T03:16:52Z
2444,26,2026-08-04T03:16:56Z
2445,30,2026-08-04T03:17:00Z
2446,25,2026-08-04T03:17:04Z
2447,27,2026-08-04T03:17:06Z
2448,25,2026-08-04T03:17:08Z
2449,24,2026-08-04T03:17:10Z
2450,23,2026-08-04T03:17:12Z
2451,25,2026-08-04T03:17:14Z
2452,25,2026-08-04T03:17:17Z
2453,28,2026-08-04T03:17:20Z
2454,27,2026-08-04T03:17:24Z
2455,27,2026-08-04T03:17:28Z
2456,29,2026-08-04T03:17:31Z
2457,30,2026-08-04T03:17:35Z
2458,33,2026-08-04T03:17:39Z
2459,27,2026-08-04T03:17:42Z
2460,25,2026-08-04T03:17:45Z
2461,25,2026-08-04T03:17:48Z
2462,25,2026-08-04T03:17:51Z
2463,26,2026-08-04T03:17:54Z
2464,26,2026-08-04T03:17:57Z
2465,24,2026-08-04T03:18:01Z
2466,24,2026-08-04T03:18:04Z
2467,24,2026-08-04T03:18:07Z
2468,23,2026-08-04T03:18:10Z
2469,25,2026-08-04T03:18:13Z
2470,24,2026-08-04T03:18:16Z
2471,25,2026-08-04T03:18:19Z
2472,23,2026-08-04T03:18:23Z
2473,24,2026-08-04T03:18:26Z
2474,29,2026-08-04T03:18:29Z
2475,28,2026-08-04T03:18:33Z
2476,26,2026-08-04T03:18:36Z
2477,28,2026-08-04T03:18:40Z
2478,29,2026-08-04T03:18:43Z
2479,31,2026-08-04T03:18:46Z
2480,31,2026-08-04T03:18:52Z
2481,34,2026-08-04T03:18:54Z
2482,30,2026-08-04T03:18:57Z
2483,33,2026-08-04T03:19:01Z
2484,32,2026-08-04T03:19:04Z
2485,28,2026-08-04T03:19:08Z
2486,28,2026-08-04T03:19:12Z
2487,30,2026-08-04T03:19:16Z
2488,29,2026-08-04T03:19:20Z
2489,27,2026-08-04T03:19:24Z
2490,28,2026-08-04T03:19:27Z
2491,29,2026-08-04T03:19:31Z
2492,34,2026-08-04T03:19:35Z
2493,30,2026-08-04T03:19:39Z
2494,34,2026-08-04T03:19:42Z
2495,35,2026-08-04T03:19:46Z
2496,35,2026-08-04T03:19:50Z
2497,35,2026-08-04T03:19:54Z
2498,38,2026-08-04T03:19:58Z
2499,39,2026-08-04T03:20:01Z
2500,38,2026-08-04T03:20:05Z
2501,36,2026-08-04T03:20:08Z
2502,33,2026-08-04T03:20:11Z
2503,36,2026-08-04T03:20:15Z
2504,33,2026-08-04T03:20:19Z
2505,32,2026-08-04T03:20:23Z
2506,36,2026-08-04T03:20:27Z
2507,39,2026-08-04T03:20:31Z
2508,38,2026-08-04T03:20:34Z
2509,34,2026-08-04T03:20:38Z
2510,33,2026-08-04T03:20:41Z
2511,28,2026-08-04T03:20:44Z
2512,29,2026-08-04T03:20:47Z
2513,34,2026-08-04T03:20:52Z
2514,33,2026-08-04T03:20:57Z
2515,32,2026-08-04T03:21:00Z
2516,31,2026-08-04T03:21:03Z
2517,31,2026-08-04T03:21:05Z
2518,31,2026-08-04T03:21:09Z
2519,30,2026-08-04T03:21:13Z
2520,28,2026-08-04T03:21:16Z
2521,33,2026-08-04T03:21:20Z
2522,28,2026-08-04T03:21:24Z
2523,31,2026-08-04T03:21:27Z
2524,26,2026-08-04T03:21:31Z
2525,30,2026-08-04T03:21:35Z
2526,25,2026-08-04T03:21:37Z
2527,25,2026-08-04T03:21:39Z
2528,24,2026-08-04T03:21:42Z
2529,26,2026-08-04T03:21:45Z
2530,26,2026-08-04T03:21:47Z
2531,29,2026-08-04T03:21:50Z
2532,25,2026-08-04T03:21:53Z
2533,28,2026-08-04T03:21:57Z
2534,26,2026-08-04T03:22:02Z
2535,28,2026-08-04T03:22:06Z
2536,30,2026-08-04T03:22:08Z
2537,25,2026-08-04T03:22:11Z
2538,25,2026-08-04T03:22:13Z
2539,23,2026-08-04T03:22:16Z
2540,25,2026-08-04T03:22:19Z
2541,24,2026-08-04T03:22:21Z
2542,27,2026-08-04T03:22:24Z
2543,23,2026-08-04T03:22:27Z
2544,24,2026-08-04T03:22:29Z
2545,25,2026-08-04T03:22:31Z
2546,24,2026-08-04T03:22:35Z
2547,23,2026-08-04T03:22:40Z
2548,25,2026-08-04T03:22:43Z
2549,28,2026-08-04T03:22:46Z
2550,26,2026-08-04T03:22:49Z
2551,27,2026-08-04T03:22:53Z
2552,28,2026-08-04T03:22:56Z
2553,30,2026-08-04T03:22:58Z
2554,29,2026-08-04T03:23:01Z
2555,30,2026-08-04T03:23:05Z
2556,29,2026-08-04T03:23:09Z
2557,29,2026-08-04T03:23:13Z
2558,33,2026-08-04T03:23:18Z
2559,33,2026-08-04T03:23:22Z
2560,37,2026-08-04T03:23:26Z
2561,36,2026-08-04T03:23:30Z
2562,33,2026-08-04T03:23:33Z
2563,36,2026-08-04T03:23:38Z
2564,32,2026-08-04T03:23:43Z
2565,34,2026-08-04T03:23:48Z
2566,34,2026-08-04T03:23:52Z
2567,35,2026-08-04T03:23:57Z
2568,32,2026-08-04T03:24:00Z
2569,30,2026-08-04T03:24:02Z
2570,31,2026-08-04T03:24:05Z
2571,30,2026-08-04T03:24:08Z
2572,33,2026-08-04T03:24:16Z
2573,28,2026-08-04T03:24:19Z
2574,29,2026-08-04T03:24:21Z
2575,29,2026-08-04T03:24:23Z
2576,26,2026-08-04T03:24:26Z
2577,27,2026-08-04T03:24:29Z
2578,30,2026-08-04T03:24:32Z
2579,28,2026-08-04T03:24:33Z
2580,30,2026-08-04T03:24:37Z
2581,26,2026-08-04T03:24:41Z
2582,30,2026-08-04T03:24:45Z
2583,26,2026-08-04T03:24:49Z
2584,25,2026-08-04T03:24:52Z
2585,25,2026-08-04T03:24:54Z
2586,23,2026-08-04T03:24:57Z
2587,26,2026-08-04T03:25:00Z
2588,24,2026-08-04T03:25:02Z
2589,25,2026-08-04T03:25:05Z
2590,24,2026-08-04T03:25:08Z
2591,24,2026-08-04T03:25:11Z
2592,24,2026-08-04T03:25:13Z
2593,24,2026-08-04T03:25:16Z
2594,22,2026-08-04T03:25:19Z
2595,24,2026-08-04T03:25:22Z
2596,22,2026-08-04T03:25:25Z
2597,25,2026-08-04T03:25:27Z
2598,24,2026-08-04T03:25:30Z
2599,27,2026-08-04T03:25:33Z
2600,24,2026-08-04T03:25:36Z
2601,25,2026-08-04T03:25:39Z
2602,22,2026-08-04T03:25:42Z
2603,21,2026-08-04T03:25:45Z
2604,24,2026-08-04T03:25:48Z
2605,27,2026-08-04T03:25:51Z
2606,27,2026-08-04T03:25:52Z
2607,23,2026-08-04T03:25:56Z
2608,27,2026-08-04T03:26:00Z
2609,26,2026-08-04T03:26:05Z
2610,28,2026-08-04T03:26:09Z
2611,31,2026-08-04T03:26:12Z
2612,29,2026-08-04T03:26:14Z
2613,34,2026-08-04T03:26:16Z
2614,33,2026-08-04T03:26:21Z
2615,35,2026-08-04T03:26:25Z
2616,37,2026-08-04T03:26:30Z
2617,35,2026-08-04T03:26:34Z
2618,38,2026-08-04T03:26:39Z
2619,34,2026-08-04T03:26:41Z
2620,35,2026-08-04T03:26:44Z
2621,34,2026-08-04T03:26:47Z
2622,33,2026-08-04T03:26:50Z
2623,31,2026-08-04T03:26:54Z
2624,30,2026-08-04T03:26:57Z
2625,30,2026-08-04T03:27:01Z
2626,30,2026-08-04T03:27:05Z
2627,32,2026-08-04T03:27:09Z
2628,31,2026-08-04T03:27:12Z
2629,31,2026-08-04T03:27:15Z
2630,31,2026-08-04T03:27:19Z
2631,33,2026-08-04T03:27:22Z
2632,32,2026-08-04T03:27:24Z
2633,33,2026-08-04T03:27:27Z
2634,36,2026-08-04T03:27:29Z
2635,35,2026-08-04T03:27:36Z
2636,36,2026-08-04T03:27:39Z
2637,37,2026-08-04T03:27:42Z
2638,35,2026-08-04T03:27:45Z
2639,37,2026-08-04T03:27:49Z
2640,34,2026-08-04T03:27:53Z
2641,36,2026-08-04T03:27:56Z
2642,40,2026-08-04T03:28:00Z
2643,34,2026-08-04T03:28:04Z
2644,37,2026-08-04T03:28:09Z
2645,33,2026-08-04T03:28:12Z
2646,33,2026-08-04T03:28:15Z
2647,34,2026-08-04T03:28:17Z
2648,36,2026-08-04T03:28:20Z
2649,30,2026-08-04T03:28:25Z
2650,29,2026-08-04T03:28:28Z
2651,28,2026-08-04T03:28:31Z
2652,31,2026-08-04T03:28:33Z
2653,30,2026-08-04T03:28:34Z
2654,34,2026-08-04T03:28:37Z
2655,29,2026-08-04T03:28:41Z
2656,32,2026-08-04T03:28:45Z
2657,30,2026-08-04T03:28:47Z
2658,29,2026-08-04T03:28:49Z
2659,25,2026-08-04T03:28:52Z
2660,27,2026-08-04T03:28:54Z
2661,26,2026-08-04T03:28:58Z
2662,29,2026-08-04T03:29:00Z
2663,27,2026-08-04T03:29:02Z
2664,26,2026-08-04T03:29:05Z
2665,27,2026-08-04T03:29:07Z
2666,26,2026-08-04T03:29:09Z
2667,26,2026-08-04T03:29:12Z
2668,25,2026-08-04T03:29:18Z
2669,25,2026-08-04T03:29:19Z
2670,26,2026-08-04T03:29:21Z
2671,25,2026-08-04T03:29:23Z
2672,25,2026-08-04T03:29:26Z
2673,24,2026-08-04T03:29:28Z
2674,24,2026-08-04T03:29:30Z
2675,29,2026-08-04T03:29:33Z
2676,29,2026-08-04T03:29:35Z
2677,25,2026-08-04T03:29:37Z
2678,26,2026-08-04T03:29:40Z
2679,25,2026-08-04T03:29:42Z
2680,23,2026-08-04T03:29:45Z
2681,24,2026-08-04T03:29:47Z
2682,25,2026-08-04T03:29:50Z
2683,27,2026-08-04T03:29:53Z
2684,31,2026-08-04T03:29:56Z
2685,28,2026-08-04T03:29:59Z
2686,27,2026-08-04T03:30:01Z
2687,26,2026-08-04T03:30:03Z
2688,29,2026-08-04T03:30:06Z
2689,26,2026-08-04T03:30:08Z
2690,28,2026-08-04T03:30:11Z
2691,26,2026-08-04T03:30:13Z
2692,27,2026-08-04T03:30:16Z
2693,30,2026-08-04T03:30:19Z
2694,30,2026-08-04T03:30:22Z
2695,25,2026-08-04T03:30:26Z
2696,27,2026-08-04T03:30:29Z
2697,27,2026-08-04T03:30:33Z
2698,31,2026-08-04T03:30:33Z
2699,29,2026-08-04T03:30:36Z
2700,29,2026-08-04T03:30:40Z
2701,31,2026-08-04T03:30:43Z
2702,31,2026-08-04T03:30:46Z
2703,29,2026-08-04T03:30:49Z
2704,27,2026-08-04T03:30:52Z
2705,30,2026-08-04T03:30:56Z
2706,30,2026-08-04T03:30:59Z
2707,28,2026-08-04T03:31:02Z
2708,30,2026-08-04T03:31:05Z
2709,28,2026-08-04T03:31:09Z
2710,29,2026-08-04T03:31:11Z
2711,30,2026-08-04T03:31:13Z
2712,29,2026-08-04T03:31:15Z
2713,25,2026-08-04T03:31:18Z
2714,23,2026-08-04T03:31:21Z
2715,25,2026-08-04T03:31:24Z
2716,25,2026-08-04T03:31:27Z
2717,30,2026-08-04T03:31:30Z
2718,26,2026-08-04T03:31:33Z
2719,29,2026-08-04T03:31:36Z
2720,29,2026-08-04T03:31:38Z
2721,28,2026-08-04T03:31:40Z
2722,32,2026-08-04T03:31:44Z
2723,32,2026-08-04T03:31:48Z
2724,35,2026-08-04T03:31:51Z
2725,30,2026-08-04T03:31:55Z
2726,34,2026-08-04T03:31:59Z
2727,33,2026-08-04T03:32:03Z
2728,32,2026-08-04T03:32:05Z
2729,32,2026-08-04T03:32:08Z
2730,34,2026-08-04T03:32:11Z
2731,35,2026-08-04T03:32:15Z
2732,33,2026-08-04T03:32:19Z
2733,37,2026-08-04T03:32:22Z
2734,33,2026-08-04T03:32:25Z
2735,34,2026-08-04T03:32:29Z
2736,40,2026-08-04T03:32:33Z
2737,40,2026-08-04T03:32:36Z
2738,39,2026-08-04T03:32:39Z
2739,37,2026-08-04T03:32:43Z
2740,35,2026-08-04T03:32:46Z
2741,36,2026-08-04T03:32:48Z
2742,34,2026-08-04T03:32:51Z
2743,36,2026-08-04T03:32:55Z
2744,35,2026-08-04T03:32:59Z
2745,31,2026-08-04T03:33:03Z
2746,32,2026-08-04T03:33:07Z
2747,29,2026-08-04T03:33:11Z
2748,32,2026-08-04T03:33:15Z
2749,34,2026-08-04T03:33:19Z
2750,36,2026-08-04T03:33:22Z
2751,35,2026-08-04T03:33:25Z
2752,39,2026-08-04T03:33:28Z
2753,40,2026-08-04T03:33:31Z
2754,39,2026-08-04T03:33:36Z
2755,39,2026-08-04T03:33:40Z
2756,35,2026-08-04T03:33:44Z
2757,36,2026-08-04T03:33:49Z
2758,34,2026-08-04T03:33:54Z
2759,37,2026-08-04T03:33:57Z
2760,34,2026-08-04T03:34:00Z
2761,37,2026-08-04T03:34:04Z
2762,37,2026-08-04T03:34:09Z
2763,32,2026-08-04T03:34:15Z
2764,36,2026-08-04T03:34:20Z
2765,34,2026-08-04T03:34:22Z
2766,34,2026-08-04T03:34:25Z
2767,34,2026-08-04T03:34:28Z
2768,34,2026-08-04T03:34:31Z
2769,37,2026-08-04T03:34:36Z
2770,36,2026-08-04T03:34:39Z
2771,34,2026-08-04T03:34:42Z
2772,31,2026-08-04T03:34:45Z
2773,33,2026-08-04T03:34:50Z
2774,33,2026-08-04T03:34:56Z
2775,34,2026-08-04T03:35:00Z
2776,35,2026-08-04T03:35:04Z
2777,36,2026-08-04T03:35:08Z
2778,36,2026-08-04T03:35:11Z
2779,32,2026-08-04T03:35:14Z
2780,31,2026-08-04T03:35:16Z
2781,31,2026-08-04T03:35:23Z
2782,31,2026-08-04T03:35:27Z
2783,31,2026-08-04T03:35:30Z
2784,31,2026-08-04T03:35:33Z
2785,30,2026-08-04T03:35:37Z
2786,31,2026-08-04T03:35:40Z
2787,30,2026-08-04T03:35:42Z
2788,30,2026-08-04T03:35:45Z
2789,28,2026-08-04T03:35:48Z
2790,30,2026-08-04T03:35:51Z
2791,23,2026-08-04T03:35:54Z
2792,25,2026-08-04T03:35:57Z
2793,25,2026-08-04T03:36:00Z
2794,30,2026-08-04T03:36:03Z
2795,28,2026-08-04T03:36:05Z
2796,26,2026-08-04T03:36:08Z
2797,28,2026-08-04T03:36:12Z
2798,29,2026-08-04T03:36:15Z
2799,27,2026-08-04T03:36:16Z
2800,29,2026-08-04T03:36:20Z
2801,32,2026-08-04T03:36:24Z
2802,29,2026-08-04T03:36:28Z
2803,32,2026-08-04T03:36:32Z
2804,36,2026-08-04T03:36:36Z
2805,35,2026-08-04T03:36:40Z
2806,29,2026-08-04T03:36:43Z
2807,32,2026-08-04T03:36:47Z
2808,33,2026-08-04T03:36:50Z
2809,33,2026-08-04T03:36:55Z
2810,33,2026-08-04T03:36:59Z
2811,35,2026-08-04T03:37:04Z
2812,39,2026-08-04T03:37:09Z
2813,36,2026-08-04T03:37:12Z
2814,35,2026-08-04T03:37:15Z
2815,37,2026-08-04T03:37:19Z
2816,31,2026-08-04T03:37:23Z
2817,33,2026-08-04T03:37:25Z
2818,31,2026-08-04T03:37:29Z
2819,27,2026-08-04T03:37:33Z
2820,23,2026-08-04T03:37:37Z
2821,21,2026-08-04T03:37:40Z
2822,24,2026-08-04T03:37:44Z
2823,26,2026-08-04T03:37:46Z
2824,24,2026-08-04T03:37:49Z
2825,24,2026-08-04T03:37:51Z
2826,27,2026-08-04T03:37:54Z
2827,29,2026-08-04T03:37:58Z
2828,25,2026-08-04T03:38:01Z
2829,24,2026-08-04T03:38:03Z
2830,26,2026-08-04T03:38:04Z
2831,24,2026-08-04T03:38:11Z
2832,27,2026-08-04T03:38:12Z
2833,26,2026-08-04T03:38:15Z
2834,26,2026-08-04T03:38:19Z
2835,28,2026-08-04T03:38:21Z
2836,29,2026-08-04T03:38:24Z
2837,28,2026-08-04T03:38:27Z
2838,28,2026-08-04T03:38:30Z
2839,29,2026-08-04T03:38:33Z
2840,30,2026-08-04T03:38:35Z
2841,29,2026-08-04T03:38:38Z
2842,30,2026-08-04T03:38:44Z
2843,30,2026-08-04T03:38:49Z
2844,32,2026-08-04T03:38:53Z
2845,33,2026-08-04T03:38:57Z
2846,38,2026-08-04T03:39:01Z
2847,36,2026-08-04T03:39:04Z
2848,33,2026-08-04T03:39:06Z
2849,36,2026-08-04T03:39:09Z
2850,36,2026-08-04T03:39:17Z
2851,35,2026-08-04T03:39:19Z
2852,31,2026-08-04T03:39:23Z
2853,36,2026-08-04T03:39:26Z
2854,34,2026-08-04T03:39:29Z
2855,37,2026-08-04T03:39:32Z
2856,32,2026-08-04T03:39:36Z
2857,36,2026-08-04T03:39:39Z
2858,33,2026-08-04T03:39:43Z
2859,34,2026-08-04T03:39:47Z
2860,34,2026-08-04T03:39:51Z
2861,35,2026-08-04T03:39:55Z
2862,32,2026-08-04T03:39:58Z
2863,32,2026-08-04T03:40:02Z
2864,31,2026-08-04T03:40:05Z
2865,32,2026-08-04T03:40:08Z
2866,32,2026-08-04T03:40:11Z
2867,31,2026-08-04T03:40:14Z
2868,28,2026-08-04T03:40:17Z
2869,30,2026-08-04T03:40:21Z
2870,32,2026-08-04T03:40:25Z
2871,29,2026-08-04T03:40:29Z
2872,27,2026-08-04T03:40:33Z
2873,26,2026-08-04T03:40:34Z
2874,29,2026-08-04T03:40:36Z
2875,28,2026-08-04T03:40:39Z
2876,24,2026-08-04T03:40:41Z
2877,24,2026-08-04T03:40:44Z
2878,26,2026-08-04T03:40:46Z
2879,27,2026-08-04T03:40:47Z
2880,25,2026-08-04T03:40:49Z
2881,26,2026-08-04T03:40:52Z
2882,24,2026-08-04T03:40:58Z
2883,24,2026-08-04T03:41:00Z
2884,24,2026-08-04T03:41:02Z
2885,26,2026-08-04T03:41:04Z
2886,26,2026-08-04T03:41:07Z
2887,26,2026-08-04T03:41:10Z
2888,28,2026-08-04T03:41:13Z
2889,29,2026-08-04T03:41:14Z
2890,30,2026-08-04T03:41:19Z
2891,30,2026-08-04T03:41:22Z
2892,29,2026-08-04T03:41:26Z
2893,30,2026-08-04T03:41:30Z
2894,32,2026-08-04T03:41:34Z
2895,32,2026-08-04T03:41:38Z
2896,32,2026-08-04T03:41:41Z
2897,31,2026-08-04T03:41:44Z
2898,35,2026-08-04T03:41:47Z
2899,36,2026-08-04T03:41:49Z
2900,33,2026-08-04T03:41:52Z
2901,32,2026-08-04T03:41:55Z
2902,29,2026-08-04T03:41:59Z
2903,34,2026-08-04T03:42:05Z
2904,37,2026-08-04T03:42:08Z
2905,30,2026-08-04T03:42:11Z
2906,30,2026-08-04T03:42:13Z
2907,32,2026-08-04T03:42:16Z
2908,31,2026-08-04T03:42:18Z
2909,26,2026-08-04T03:42:21Z
2910,27,2026-08-04T03:42:24Z
2911,27,2026-08-04T03:42:27Z
2912,26,2026-08-04T03:42:30Z
2913,29,2026-08-04T03:42:33Z
2914,26,2026-08-04T03:42:36Z
2915,26,2026-08-04T03:42:39Z
2916,28,2026-08-04T03:42:42Z
2917,27,2026-08-04T03:42:45Z
2918,30,2026-08-04T03:42:47Z
2919,28,2026-08-04T03:42:50Z
2920,30,2026-08-04T03:42:53Z
2921,30,2026-08-04T03:42:57Z
2922,31,2026-08-04T03:42:59Z
2923,27,2026-08-04T03:43:01Z
2924,33,2026-08-04T03:43:07Z
2925,30,2026-08-04T03:43:12Z
2926,32,2026-08-04T03:43:13Z
2927,29,2026-08-04T03:43:16Z
2928,27,2026-08-04T03:43:19Z
2929,22,2026-08-04T03:43:22Z
2930,28,2026-08-04T03:43:25Z
2931,28,2026-08-04T03:43:28Z
2932,27,2026-08-04T03:43:31Z
2933,26,2026-08-04T03:43:34Z
2934,27,2026-08-04T03:43:37Z
2935,28,2026-08-04T03:43:40Z
2936,31,2026-08-04T03:43:43Z
2937,30,2026-08-04T03:43:46Z
2938,31,2026-08-04T03:43:50Z
2939,32,2026-08-04T03:43:53Z
2940,30,2026-08-04T03:43:56Z
2941,32,2026-08-04T03:43:59Z
2942,33,2026-08-04T03:44:02Z
2943,33,2026-08-04T03:44:05Z
2944,34,2026-08-04T03:44:08Z
2945,32,2026-08-04T03:44:11Z
2946,34,2026-08-04T03:44:14Z
2947,28,2026-08-04T03:44:18Z
2948,26,2026-08-04T03:44:21Z
2949,28,2026-08-04T03:44:24Z
2950,28,2026-08-04T03:44:28Z
2951,30,2026-08-04T03:44:31Z
2952,29,2026-08-04T03:44:34Z
2953,33,2026-08-04T03:44:38Z
2954,35,2026-08-04T03:44:41Z
2955,32,2026-08-04T03:44:44Z
2956,34,2026-08-04T03:44:47Z
2957,34,2026-08-04T03:44:51Z
2958,31,2026-08-04T03:44:54Z
2959,30,2026-08-04T03:44:58Z
2960,30,2026-08-04T03:45:01Z
2961,29,2026-08-04T03:45:05Z
2962,31,2026-08-04T03:45:09Z
2963,29,2026-08-04T03:45:13Z
2964,31,2026-08-04T03:45:17Z
2965,29,2026-08-04T03:45:21Z
2966,28,2026-08-04T03:45:25Z
2967,28,2026-08-04T03:45:29Z
2968,28,2026-08-04T03:45:33Z
2969,29,2026-08-04T03:45:37Z
2970,31,2026-08-04T03:45:39Z
2971,30,2026-08-04T03:45:42Z
2972,27,2026-08-04T03:45:43Z
2973,27,2026-08-04T03:45:48Z
2974,26,2026-08-04T03:45:49Z
2975,22,2026-08-04T03:45:53Z
2976,25,2026-08-04T03:45:58Z
2977,26,2026-08-04T03:46:02Z
2978,23,2026-08-04T03:46:04Z
2979,25,2026-08-04T03:46:06Z
2980,25,2026-08-04T03:46:09Z
2981,26,2026-08-04T03:46:11Z
2982,29,2026-08-04T03:46:14Z
2983,29,2026-08-04T03:46:17Z
2984,27,2026-08-04T03:46:20Z
2985,28,2026-08-04T03:46:23Z
2986,30,2026-08-04T03:46:26Z
2987,26,2026-08-04T03:46:29Z
2988,32,2026-08-04T03:46:32Z
2989,31,2026-08-04T03:46:35Z
2990,32,2026-08-04T03:46:38Z
2991,29,2026-08-04T03:46:40Z
2992,32,2026-08-04T03:46:43Z
2993,32,2026-08-04T03:46:46Z
2994,32,2026-08-04T03:46:50Z
2995,31,2026-08-04T03:46:53Z
2996,29,2026-08-04T03:46:57Z
2997,33,2026-08-04T03:47:00Z
2998,31,2026-08-04T03:47:03Z
2999,33,2026-08-04T03:47:06Z
3000,30,2026-08-04T03:47:09Z
3001,31,2026-08-04T03:47:11Z
3002,29,2026-08-04T03:47:12Z
3003,32,2026-08-04T03:47:16Z
3004,34,2026-08-04T03:47:20Z
3005,30,2026-08-04T03:47:21Z
3006,34,2026-08-04T03:47:23Z
3007,35,2026-08-04T03:47:25Z
3008,31,2026-08-04T03:47:29Z
3009,31,2026-08-04T03:47:32Z
3010,33,2026-08-04T03:47:35Z
3011,32,2026-08-04T03:47:38Z
3012,32,2026-08-04T03:47:42Z
3013,29,2026-08-04T03:47:45Z
3014,29,2026-08-04T03:47:48Z
3015,28,2026-08-04T03:47:50Z
3016,27,2026-08-04T03:47:53Z
3017,26,2026-08-04T03:47:55Z
3018,29,2026-08-04T03:47:57Z
3019,26,2026-08-04T03:48:00Z
3020,26,2026-08-04T03:48:03Z
3021,25,2026-08-04T03:48:06Z
3022,25,2026-08-04T03:48:09Z
3023,27,2026-08-04T03:48:12Z
3024,24,2026-08-04T03:48:15Z
3025,24,2026-08-04T03:48:17Z
3026,26,2026-08-04T03:48:19Z
3027,29,2026-08-04T03:48:21Z
3028,33,2026-08-04T03:48:24Z
3029,36,2026-08-04T03:48:27Z
3030,30,2026-08-04T03:48:30Z
3031,36,2026-08-04T03:48:33Z
3032,33,2026-08-04T03:48:36Z
3033,31,2026-08-04T03:48:39Z
3034,29,2026-08-04T03:48:42Z
3035,31,2026-08-04T03:48:45Z
3036,32,2026-08-04T03:48:48Z
3037,31,2026-08-04T03:48:51Z
3038,29,2026-08-04T03:48:54Z
3039,28,2026-08-04T03:48:56Z
3040,31,2026-08-04T03:48:59Z
3041,29,2026-08-04T03:49:02Z
3042,30,2026-08-04T03:49:06Z
3043,26,2026-08-04T03:49:07Z
3044,29,2026-08-04T03:49:09Z
3045,26,2026-08-04T03:49:13Z
3046,27,2026-08-04T03:49:17Z
3047,28,2026-08-04T03:49:20Z
3048,27,2026-08-04T03:49:22Z
3049,24,2026-08-04T03:49:25Z
3050,25,2026-08-04T03:49:27Z
3051,24,2026-08-04T03:49:30Z
3052,24,2026-08-04T03:49:32Z
3053,23,2026-08-04T03:49:35Z
3054,24,2026-08-04T03:49:37Z
3055,25,2026-08-04T03:49:39Z
3056,28,2026-08-04T03:49:41Z
3057,22,2026-08-04T03:49:42Z
3058,21,2026-08-04T03:49:47Z
3059,24,2026-08-04T03:49:51Z
3060,21,2026-08-04T03:49:53Z
3061,24,2026-08-04T03:49:56Z
3062,25,2026-08-04T03:49:58Z
3063,26,2026-08-04T03:50:01Z
3064,24,2026-08-04T03:50:05Z
3065,25,2026-08-04T03:50:06Z
3066,23,2026-08-04T03:50:08Z
3067,26,2026-08-04T03:50:10Z
3068,27,2026-08-04T03:50:12Z
3069,27,2026-08-04T03:50:15Z
3070,27,2026-08-04T03:50:19Z
3071,31,2026-08-04T03:50:22Z
3072,30,2026-08-04T03:50:26Z
3073,28,2026-08-04T03:50:28Z
3074,26,2026-08-04T03:50:31Z
3075,28,2026-08-04T03:50:34Z
3076,30,2026-08-04T03:50:36Z
3077,29,2026-08-04T03:50:39Z
3078,30,2026-08-04T03:50:42Z
3079,27,2026-08-04T03:50:46Z
3080,27,2026-08-04T03:50:49Z
3081,28,2026-08-04T03:50:51Z
3082,29,2026-08-04T03:50:54Z
3083,30,2026-08-04T03:50:57Z
3084,30,2026-08-04T03:51:00Z
3085,29,2026-08-04T03:51:05Z
3086,26,2026-08-04T03:51:05Z
3087,28,2026-08-04T03:51:10Z
3088,28,2026-08-04T03:51:11Z
3089,27,2026-08-04T03:51:14Z
3090,30,2026-08-04T03:51:16Z
3091,31,2026-08-04T03:51:18Z
3092,28,2026-08-04T03:51:21Z
3093,30,2026-08-04T03:51:23Z
3094,29,2026-08-04T03:51:25Z
3095,31,2026-08-04T03:51:29Z
3096,31,2026-08-04T03:51:33Z
3097,31,2026-08-04T03:51:37Z
3098,29,2026-08-04T03:51:40Z
3099,32,2026-08-04T03:51:43Z
3100,32,2026-08-04T03:51:46Z
3101,31,2026-08-04T03:51:48Z
3102,32,2026-08-04T03:51:51Z
3103,31,2026-08-04T03:51:54Z
3104,31,2026-08-04T03:51:59Z
3105,30,2026-08-04T03:52:03Z
3106,29,2026-08-04T03:52:05Z
3107,30,2026-08-04T03:52:08Z
3108,28,2026-08-04T03:52:10Z
3109,31,2026-08-04T03:52:13Z
3110,32,2026-08-04T03:52:15Z
3111,30,2026-08-04T03:52:18Z
3112,26,2026-08-04T03:52:21Z
3113,30,2026-08-04T03:52:24Z
3114,27,2026-08-04T03:52:27Z
3115,27,2026-08-04T03:52:29Z
3116,28,2026-08-04T03:52:32Z
3117,27,2026-08-04T03:52:35Z
3118,26,2026-08-04T03:52:38Z
3119,27,2026-08-04T03:52:41Z
3120,27,2026-08-04T03:52:43Z
3121,26,2026-08-04T03:52:46Z
3122,24,2026-08-04T03:52:49Z
3123,24,2026-08-04T03:52:51Z
3124,26,2026-08-04T03:52:54Z
3125,24,2026-08-04T03:52:56Z
3126,25,2026-08-04T03:52:59Z
3127,26,2026-08-04T03:53:01Z
3128,27,2026-08-04T03:53:04Z
3129,28,2026-08-04T03:53:07Z
3130,29,2026-08-04T03:53:09Z
3131,25,2026-08-04T03:53:12Z
3132,26,2026-08-04T03:53:15Z
3133,24,2026-08-04T03:53:18Z
3134,26,2026-08-04T03:53:20Z
3135,25,2026-08-04T03:53:23Z
3136,25,2026-08-04T03:53:26Z
3137,26,2026-08-04T03:53:29Z
3138,24,2026-08-04T03:53:31Z
3139,25,2026-08-04T03:53:33Z
3140,24,2026-08-04T03:53:35Z
3141,24,2026-08-04T03:53:39Z
3142,25,2026-08-04T03:53:42Z
3143,27,2026-08-04T03:53:45Z
3144,30,2026-08-04T03:53:48Z
3145,27,2026-08-04T03:53:51Z
3146,25,2026-08-04T03:53:54Z
3147,28,2026-08-04T03:53:58Z
3148,29,2026-08-04T03:54:01Z
3149,32,2026-08-04T03:54:03Z
3150,27,2026-08-04T03:54:06Z
3151,25,2026-08-04T03:54:09Z
3152,26,2026-08-04T03:54:12Z
3153,28,2026-08-04T03:54:15Z
3154,27,2026-08-04T03:54:18Z
3155,29,2026-08-04T03:54:21Z
3156,25,2026-08-04T03:54:24Z
3157,26,2026-08-04T03:54:27Z
3158,28,2026-08-04T03:54:30Z
3159,28,2026-08-04T03:54:33Z
3160,27,2026-08-04T03:54:36Z
3161,28,2026-08-04T03:54:37Z
3162,26,2026-08-04T03:54:42Z
3163,27,2026-08-04T03:54:46Z
3164,26,2026-08-04T03:54:51Z
3165,25,2026-08-04T03:54:53Z
3166,25,2026-08-04T03:54:55Z
3167,26,2026-08-04T03:54:58Z
3168,28,2026-08-04T03:55:00Z
3169,29,2026-08-04T03:55:03Z
3170,30,2026-08-04T03:55:05Z
3171,29,2026-08-04T03:55:08Z
3172,27,2026-08-04T03:55:11Z
3173,25,2026-08-04T03:55:14Z
3174,25,2026-08-04T03:55:17Z
3175,27,2026-08-04T03:55:20Z
3176,26,2026-08-04T03:55:23Z
3177,27,2026-08-04T03:55:26Z
3178,28,2026-08-04T03:55:30Z
3179,28,2026-08-04T03:55:33Z
3180,30,2026-08-04T03:55:36Z
3181,26,2026-08-04T03:55:38Z
3182,30,2026-08-04T03:55:40Z
3183,30,2026-08-04T03:55:42Z
3184,31,2026-08-04T03:55:44Z
3185,29,2026-08-04T03:55:47Z
3186,32,2026-08-04T03:55:49Z
3187,30,2026-08-04T03:55:52Z
3188,32,2026-08-04T03:55:56Z
3189,30,2026-08-04T03:56:00Z
3190,30,2026-08-04T03:56:03Z
3191,30,2026-08-04T03:56:07Z
3192,30,2026-08-04T03:56:10Z
3193,29,2026-08-04T03:56:14Z
3194,27,2026-08-04T03:56:14Z
3195,27,2026-08-04T03:56:18Z
3196,24,2026-08-04T03:56:20Z
3197,22,2026-08-04T03:56:21Z
3198,27,2026-08-04T03:56:25Z
3199,24,2026-08-04T03:56:29Z
3200,25,2026-08-04T03:56:32Z
3201,27,2026-08-04T03:56:34Z
3202,25,2026-08-04T03:56:36Z
3203,24,2026-08-04T03:56:38Z
3204,25,2026-08-04T03:56:41Z
3205,29,2026-08-04T03:56:43Z
3206,25,2026-08-04T03:56:46Z
3207,25,2026-08-04T03:56:48Z
3208,27,2026-08-04T03:56:51Z
3209,28,2026-08-04T03:56:54Z
3210,29,2026-08-04T03:56:58Z
3211,24,2026-08-04T03:57:02Z
3212,25,2026-08-04T03:57:05Z
3213,28,2026-08-04T03:57:07Z
3214,28,2026-08-04T03:57:09Z
3215,31,2026-08-04T03:57:12Z
3216,27,2026-08-04T03:57:15Z
3217,28,2026-08-04T03:57:17Z
3218,27,2026-08-04T03:57:20Z
3219,26,2026-08-04T03:57:24Z
3220,26,2026-08-04T03:57:27Z
3221,25,2026-08-04T03:57:29Z
3222,24,2026-08-04T03:57:31Z
3223,25,2026-08-04T03:57:36Z
3224,22,2026-08-04T03:57:39Z
3225,23,2026-08-04T03:57:41Z
3226,21,2026-08-04T03:57:42Z
3227,24,2026-08-04T03:57:44Z
3228,19,2026-08-04T03:57:46Z
3229,19,2026-08-04T03:57:49Z
3230,20,2026-08-04T03:57:51Z
3231,25,2026-08-04T03:57:54Z
3232,22,2026-08-04T03:57:56Z
3233,25,2026-08-04T03:57:58Z
3234,22,2026-08-04T03:58:01Z
3235,26,2026-08-04T03:58:03Z
3236,25,2026-08-04T03:58:06Z
3237,23,2026-08-04T03:58:08Z
3238,26,2026-08-04T03:58:10Z
3239,26,2026-08-04T03:58:14Z
3240,23,2026-08-04T03:58:16Z
3241,24,2026-08-04T03:58:17Z
3242,26,2026-08-04T03:58:19Z
3243,26,2026-08-04T03:58:21Z
3244,27,2026-08-04T03:58:24Z
3245,27,2026-08-04T03:58:26Z
3246,26,2026-08-04T03:58:28Z
3247,27,2026-08-04T03:58:31Z
3248,22,2026-08-04T03:58:33Z
3249,26,2026-08-04T03:58:36Z
3250,26,2026-08-04T03:58:39Z
3251,28,2026-08-04T03:58:43Z
3252,24,2026-08-04T03:58:47Z
3253,26,2026-08-04T03:58:50Z
3254,26,2026-08-04T03:58:52Z
3255,22,2026-08-04T03:58:54Z
3256,25,2026-08-04T03:58:56Z
3257,24,2026-08-04T03:58:58Z
3258,26,2026-08-04T03:59:01Z
3259,26,2026-08-04T03:59:03Z
3260,26,2026-08-04T03:59:05Z
3261,28,2026-08-04T03:59:08Z
3262,28,2026-08-04T03:59:12Z
3263,29,2026-08-04T03:59:15Z
3264,29,2026-08-04T03:59:18Z
3265,32,2026-08-04T03:59:21Z
3266,30,2026-08-04T03:59:23Z
3267,31,2026-08-04T03:59:26Z
3268,32,2026-08-04T03:59:28Z
3269,30,2026-08-04T03:59:30Z
3270,27,2026-08-04T03:59:32Z
3271,32,2026-08-04T03:59:35Z
3272,31,2026-08-04T03:59:37Z
3273,26,2026-08-04T03:59:40Z
3274,25,2026-08-04T03:59:45Z
3275,28,2026-08-04T03:59:50Z
3276,26,2026-08-04T03:59:52Z
3277,26,2026-08-04T03:59:55Z
3278,27,2026-08-04T03:59:57Z
3279,28,2026-08-04T04:00:00Z
3280,26,2026-08-04T04:00:02Z
3281,26,2026-08-04T04:00:04Z
3282,26,2026-08-04T04:00:07Z
3283,29,2026-08-04T04:00:10Z
3284,32,2026-08-04T04:00:13Z
3285,31,2026-08-04T04:00:16Z
3286,29,2026-08-04T04:00:21Z
3287,29,2026-08-04T04:00:26Z
3288,27,2026-08-04T04:00:30Z
3289,31,2026-08-04T04:00:34Z
3290,31,2026-08-04T04:00:37Z
3291,29,2026-08-04T04:00:39Z
3292,28,2026-08-04T04:00:42Z
3293,30,2026-08-04T04:00:44Z
3294,32,2026-08-04T04:00:51Z
3295,28,2026-08-04T04:00:55Z
3296,33,2026-08-04T04:01:00Z
3297,35,2026-08-04T04:01:04Z
3298,32,2026-08-04T04:01:06Z
3299,28,2026-08-04T04:01:08Z
3300,27,2026-08-04T04:01:11Z
3301,29,2026-08-04T04:01:14Z
3302,25,2026-08-04T04:01:16Z
3303,25,2026-08-04T04:01:19Z
3304,28,2026-08-04T04:01:21Z
3305,27,2026-08-04T04:01:24Z
3306,27,2026-08-04T04:01:27Z
3307,27,2026-08-04T04:01:30Z
3308,27,2026-08-04T04:01:33Z
3309,27,2026-08-04T04:01:36Z
3310,26,2026-08-04T04:01:40Z
3311,23,2026-08-04T04:01:43Z
3312,24,2026-08-04T04:01:46Z
3313,24,2026-08-04T04:01:49Z
3314,25,2026-08-04T04:01:52Z
3315,25,2026-08-04T04:01:55Z
3316,25,2026-08-04T04:01:58Z
3317,24,2026-08-04T04:02:02Z
3318,25,2026-08-04T04:02:05Z
3319,25,2026-08-04T04:02:08Z
3320,25,2026-08-04T04:02:11Z
3321,23,2026-08-04T04:02:14Z
3322,24,2026-08-04T04:02:16Z
3323,25,2026-08-04T04:02:19Z
3324,30,2026-08-04T04:02:22Z
3325,30,2026-08-04T04:02:25Z
3326,32,2026-08-04T04:02:27Z
3327,32,2026-08-04T04:02:30Z
3328,32,2026-08-04T04:02:32Z
3329,31,2026-08-04T04:02:36Z
3330,30,2026-08-04T04:02:40Z
3331,29,2026-08-04T04:02:44Z
3332,27,2026-08-04T04:02:47Z
3333,26,2026-08-04T04:02:50Z
3334,27,2026-08-04T04:02:53Z
3335,29,2026-08-04T04:02:56Z
3336,29,2026-08-04T04:02:58Z
3337,25,2026-08-04T04:03:00Z
3338,25,2026-08-04T04:03:01Z
3339,24,2026-08-04T04:03:04Z
3340,25,2026-08-04T04:03:07Z
3341,27,2026-08-04T04:03:10Z
3342,23,2026-08-04T04:03:13Z
3343,23,2026-08-04T04:03:16Z
3344,21,2026-08-04T04:03:18Z
3345,22,2026-08-04T04:03:21Z
3346,21,2026-08-04T04:03:24Z
3347,23,2026-08-04T04:03:27Z
3348,22,2026-08-04T04:03:29Z
3349,23,2026-08-04T04:03:32Z
3350,25,2026-08-04T04:03:34Z
3351,24,2026-08-04T04:03:36Z
3352,23,2026-08-04T04:03:37Z
3353,22,2026-08-04T04:03:40Z
3354,22,2026-08-04T04:03:43Z
3355,19,2026-08-04T04:03:45Z
3356,25,2026-08-04T04:03:48Z
3357,22,2026-08-04T04:03:51Z
3358,23,2026-08-04T04:03:54Z
3359,24,2026-08-04T04:03:56Z
3360,26,2026-08-04T04:03:59Z
3361,26,2026-08-04T04:04:01Z
3362,26,2026-08-04T04:04:03Z
3363,25,2026-08-04T04:04:06Z
3364,26,2026-08-04T04:04:09Z
3365,26,2026-08-04T04:04:12Z
3366,27,2026-08-04T04:04:15Z
3367,28,2026-08-04T04:04:19Z
3368,29,2026-08-04T04:04:22Z
3369,28,2026-08-04T04:04:24Z
3370,28,2026-08-04T04:04:27Z
3371,29,2026-08-04T04:04:30Z
3372,26,2026-08-04T04:04:33Z
3373,26,2026-08-04T04:04:36Z
3374,29,2026-08-04T04:04:39Z
3375,31,2026-08-04T04:04:41Z
3376,30,2026-08-04T04:04:44Z
3377,31,2026-08-04T04:04:52Z
3378,32,2026-08-04T04:04:53Z
3379,33,2026-08-04T04:04:56Z
3380,33,2026-08-04T04:04:58Z
3381,31,2026-08-04T04:05:01Z
3382,30,2026-08-04T04:05:04Z
3383,29,2026-08-04T04:05:07Z
3384,31,2026-08-04T04:05:11Z
3385,30,2026-08-04T04:05:15Z
3386,30,2026-08-04T04:05:17Z
3387,33,2026-08-04T04:05:24Z
3388,31,2026-08-04T04:05:26Z
3389,32,2026-08-04T04:05:28Z
3390,32,2026-08-04T04:05:31Z
3391,32,2026-08-04T04:05:34Z
3392,31,2026-08-04T04:05:38Z
3393,34,2026-08-04T04:05:41Z
3394,33,2026-08-04T04:05:44Z
3395,35,2026-08-04T04:05:47Z
3396,36,2026-08-04T04:05:49Z
3397,35,2026-08-04T04:05:51Z
3398,37,2026-08-04T04:05:56Z
3399,37,2026-08-04T04:06:01Z
3400,36,2026-08-04T04:06:06Z
3401,35,2026-08-04T04:06:08Z
3402,36,2026-08-04T04:06:11Z
3403,36,2026-08-04T04:06:14Z
3404,41,2026-08-04T04:06:16Z
3405,34,2026-08-04T04:06:19Z
3406,31,2026-08-04T04:06:22Z
3407,32,2026-08-04T04:06:29Z
3408,28,2026-08-04T04:06:31Z
3409,28,2026-08-04T04:06:34Z
3410,26,2026-08-04T04:06:36Z
3411,28,2026-08-04T04:06:39Z
3412,26,2026-08-04T04:06:42Z
3413,29,2026-08-04T04:06:44Z
3414,25,2026-08-04T04:06:47Z
3415,22,2026-08-04T04:06:50Z
3416,24,2026-08-04T04:06:53Z
3417,26,2026-08-04T04:06:55Z
3418,23,2026-08-04T04:06:58Z
3419,26,2026-08-04T04:07:02Z
3420,24,2026-08-04T04:07:05Z
3421,24,2026-08-04T04:07:06Z
3422,23,2026-08-04T04:07:08Z
3423,24,2026-08-04T04:07:10Z
3424,22,2026-08-04T04:07:13Z
3425,25,2026-08-04T04:07:17Z
3426,26,2026-08-04T04:07:19Z
3427,28,2026-08-04T04:07:21Z
3428,23,2026-08-04T04:07:23Z
3429,24,2026-08-04T04:07:24Z
3430,24,2026-08-04T04:07:27Z
3431,24,2026-08-04T04:07:31Z
3432,23,2026-08-04T04:07:34Z
3433,24,2026-08-04T04:07:38Z
3434,22,2026-08-04T04:07:40Z
3435,24,2026-08-04T04:07:42Z
3436,24,2026-08-04T04:07:43Z
3437,24,2026-08-04T04:07:45Z
3438,25,2026-08-04T04:07:47Z
3439,25,2026-08-04T04:07:50Z
3440,29,2026-08-04T04:07:52Z
3441,27,2026-08-04T04:07:55Z
3442,28,2026-08-04T04:07:58Z
3443,29,2026-08-04T04:08:00Z
3444,31,2026-08-04T04:08:03Z
3445,33,2026-08-04T04:08:07Z
3446,29,2026-08-04T04:08:10Z
3447,24,2026-08-04T04:08:14Z
3448,25,2026-08-04T04:08:18Z
3449,26,2026-08-04T04:08:21Z
3450,26,2026-08-04T04:08:22Z
3451,25,2026-08-04T04:08:25Z
3452,27,2026-08-04T04:08:28Z
3453,31,2026-08-04T04:08:30Z
3454,27,2026-08-04T04:08:34Z
3455,30,2026-08-04T04:08:36Z
3456,27,2026-08-04T04:08:38Z
3457,25,2026-08-04T04:08:41Z
3458,26,2026-08-04T04:08:44Z
3459,27,2026-08-04T04:08:47Z
3460,25,2026-08-04T04:08:50Z
3461,23,2026-08-04T04:08:53Z
3462,24,2026-08-04T04:08:56Z
3463,26,2026-08-04T04:08:59Z
3464,23,2026-08-04T04:09:02Z
3465,22,2026-08-04T04:09:04Z
3466,22,2026-08-04T04:09:06Z
3467,24,2026-08-04T04:09:08Z
3468,24,2026-08-04T04:09:10Z
3469,24,2026-08-04T04:09:12Z
3470,24,2026-08-04T04:09:17Z
3471,24,2026-08-04T04:09:21Z
3472,25,2026-08-04T04:09:22Z
3473,25,2026-08-04T04:09:24Z
3474,27,2026-08-04T04:09:26Z
3475,25,2026-08-04T04:09:29Z
3476,24,2026-08-04T04:09:31Z
3477,23,2026-08-04T04:09:34Z
3478,24,2026-08-04T04:09:37Z
3479,25,2026-08-04T04:09:40Z
3480,24,2026-08-04T04:09:43Z
3481,24,2026-08-04T04:09:46Z
3482,27,2026-08-04T04:09:49Z
3483,32,2026-08-04T04:09:53Z
3484,27,2026-08-04T04:09:53Z
3485,28,2026-08-04T04:09:56Z
3486,25,2026-08-04T04:09:58Z
3487,27,2026-08-04T04:10:01Z
3488,24,2026-08-04T04:10:04Z
3489,23,2026-08-04T04:10:06Z
3490,23,2026-08-04T04:10:09Z
3491,26,2026-08-04T04:10:12Z
3492,24,2026-08-04T04:10:15Z
3493,27,2026-08-04T04:10:19Z
3494,27,2026-08-04T04:10:22Z
3495,29,2026-08-04T04:10:26Z
3496,27,2026-08-04T04:10:29Z
3497,27,2026-08-04T04:10:32Z
3498,27,2026-08-04T04:10:35Z
3499,29,2026-08-04T04:10:37Z
3500,26,2026-08-04T04:10:39Z
3501,27,2026-08-04T04:10:41Z
3502,27,2026-08-04T04:10:44Z
3503,26,2026-08-04T04:10:47Z
3504,30,2026-08-04T04:10:49Z
3505,32,2026-08-04T04:10:52Z
3506,29,2026-08-04T04:10:55Z
3507,26,2026-08-04T04:10:58Z
3508,27,2026-08-04T04:11:00Z
3509,27,2026-08-04T04:11:03Z
3510,25,2026-08-04T04:11:06Z
3511,24,2026-08-04T04:11:08Z
3512,26,2026-08-04T04:11:10Z
3513,28,2026-08-04T04:11:12Z
3514,26,2026-08-04T04:11:14Z
3515,28,2026-08-04T04:11:16Z
3516,28,2026-08-04T04:11:21Z
3517,27,2026-08-04T04:11:24Z
3518,25,2026-08-04T04:11:27Z
3519,29,2026-08-04T04:11:31Z
3520,25,2026-08-04T04:11:34Z
3521,23,2026-08-04T04:11:35Z
3522,21,2026-08-04T04:11:37Z
3523,19,2026-08-04T04:11:39Z
3524,21,2026-08-04T04:11:41Z
3525,21,2026-08-04T04:11:42Z
3526,23,2026-08-04T04:11:44Z
3527,25,2026-08-04T04:11:46Z
3528,24,2026-08-04T04:11:49Z
3529,23,2026-08-04T04:11:51Z
3530,23,2026-08-04T04:11:53Z
3531,25,2026-08-04T04:11:56Z
3532,23,2026-08-04T04:11:58Z
3533,24,2026-08-04T04:12:01Z
3534,28,2026-08-04T04:12:04Z
3535,25,2026-08-04T04:12:06Z
3536,20,2026-08-04T04:12:09Z
3537,22,2026-08-04T04:12:12Z
3538,21,2026-08-04T04:12:14Z
3539,19,2026-08-04T04:12:16Z
3540,18,2026-08-04T04:12:18Z
3541,20,2026-08-04T04:12:20Z
3542,17,2026-08-04T04:12:22Z
3543,17,2026-08-04T04:12:24Z
3544,15,2026-08-04T04:12:24Z
3545,15,2026-08-04T04:12:26Z
3546,15,2026-08-04T04:12:28Z
3547,15,2026-08-04T04:12:29Z
3548,15,2026-08-04T04:12:32Z
3549,17,2026-08-04T04:12:35Z
3550,16,2026-08-04T04:12:37Z
3551,18,2026-08-04T04:12:40Z
3552,18,2026-08-04T04:12:42Z
3553,16,2026-08-04T04:12:44Z
3554,16,2026-08-04T04:12:46Z
3555,16,2026-08-04T04:12:49Z
3556,17,2026-08-04T04:12:51Z
3557,19,2026-08-04T04:12:53Z
3558,18,2026-08-04T04:12:56Z
3559,18,2026-08-04T04:12:58Z
3560,18,2026-08-04T04:13:00Z
3561,19,2026-08-04T04:13:03Z
3562,19,2026-08-04T04:13:05Z
3563,18,2026-08-04T04:13:07Z
3564,21,2026-08-04T04:13:10Z
3565,19,2026-08-04T04:13:12Z
3566,19,2026-08-04T04:13:13Z
3567,19,2026-08-04T04:13:15Z
3568,21,2026-08-04T04:13:16Z
3569,21,2026-08-04T04:13:18Z
3570,17,2026-08-04T04:13:20Z
3571,18,2026-08-04T04:13:22Z
3572,20,2026-08-04T04:13:24Z
3573,22,2026-08-04T04:13:26Z
3574,20,2026-08-04T04:13:28Z
3575,21,2026-08-04T04:13:30Z
3576,24,2026-08-04T04:13:32Z
3577,24,2026-08-04T04:13:35Z
3578,23,2026-08-04T04:13:38Z
3579,23,2026-08-04T04:13:42Z
3580,26,2026-08-04T04:13:45Z
3581,30,2026-08-04T04:13:48Z
3582,31,2026-08-04T04:13:51Z
3583,28,2026-08-04T04:13:54Z
3584,28,2026-08-04T04:13:57Z
3585,28,2026-08-04T04:14:00Z
3586,28,2026-08-04T04:14:03Z
3587,28,2026-08-04T04:14:07Z
3588,32,2026-08-04T04:14:09Z
3589,31,2026-08-04T04:14:18Z
3590,28,2026-08-04T04:14:21Z
3591,28,2026-08-04T04:14:23Z
3592,28,2026-08-04T04:14:26Z
3593,29,2026-08-04T04:14:28Z
3594,27,2026-08-04T04:14:32Z
3595,24,2026-08-04T04:14:35Z
3596,24,2026-08-04T04:14:38Z
3597,27,2026-08-04T04:14:42Z
3598,29,2026-08-04T04:14:45Z
3599,30,2026-08-04T04:14:48Z
3600,28,2026-08-04T04:14:51Z
3601,30,2026-08-04T04:14:54Z
3602,32,2026-08-04T04:14:58Z
3603,32,2026-08-04T04:15:01Z
3604,26,2026-08-04T04:15:04Z
3605,28,2026-08-04T04:15:07Z
3606,28,2026-08-04T04:15:09Z
3607,26,2026-08-04T04:15:12Z
3608,27,2026-08-04T04:15:14Z
3609,23,2026-08-04T04:15:19Z
3610,24,2026-08-04T04:15:22Z
3611,25,2026-08-04T04:15:25Z
3612,26,2026-08-04T04:15:29Z
3613,25,2026-08-04T04:15:32Z
3614,26,2026-08-04T04:15:35Z
3615,28,2026-08-04T04:15:39Z
3616,25,2026-08-04T04:15:41Z
3617,23,2026-08-04T04:15:43Z
3618,25,2026-08-04T04:15:46Z
3619,23,2026-08-04T04:15:48Z
3620,20,2026-08-04T04:15:51Z
3621,22,2026-08-04T04:15:54Z
3622,22,2026-08-04T04:15:57Z
3623,21,2026-08-04T04:16:00Z
3624,23,2026-08-04T04:16:02Z
3625,23,2026-08-04T04:16:05Z
3626,22,2026-08-04T04:16:08Z
3627,26,2026-08-04T04:16:11Z
3628,25,2026-08-04T04:16:14Z
3629,26,2026-08-04T04:16:17Z
3630,27,2026-08-04T04:16:20Z
3631,25,2026-08-04T04:16:23Z
3632,24,2026-08-04T04:16:27Z
3633,24,2026-08-04T04:16:30Z
3634,27,2026-08-04T04:16:33Z
3635,28,2026-08-04T04:16:36Z
3636,26,2026-08-04T04:16:39Z
3637,28,2026-08-04T04:16:42Z
3638,30,2026-08-04T04:16:45Z
3639,32,2026-08-04T04:16:48Z
3640,30,2026-08-04T04:16:51Z
3641,30,2026-08-04T04:16:53Z
3642,30,2026-08-04T04:16:56Z
3643,26,2026-08-04T04:17:04Z
3644,29,2026-08-04T04:17:06Z
3645,26,2026-08-04T04:17:09Z
3646,29,2026-08-04T04:17:11Z
3647,30,2026-08-04T04:17:14Z
3648,28,2026-08-04T04:17:16Z
3649,28,2026-08-04T04:17:19Z
3650,28,2026-08-04T04:17:21Z
3651,32,2026-08-04T04:17:24Z
3652,32,2026-08-04T04:17:27Z
3653,32,2026-08-04T04:17:30Z
3654,27,2026-08-04T04:17:33Z
3655,31,2026-08-04T04:17:36Z
3656,33,2026-08-04T04:17:39Z
3657,29,2026-08-04T04:17:42Z
3658,22,2026-08-04T04:17:45Z
3659,25,2026-08-04T04:17:48Z
3660,26,2026-08-04T04:17:51Z
3661,25,2026-08-04T04:17:54Z
3662,22,2026-08-04T04:17:57Z
3663,25,2026-08-04T04:17:59Z
3664,26,2026-08-04T04:18:00Z
3665,23,2026-08-04T04:18:03Z
3666,25,2026-08-04T04:18:06Z
3667,27,2026-08-04T04:18:09Z
3668,29,2026-08-04T04:18:11Z
3669,26,2026-08-04T04:18:14Z
3670,26,2026-08-04T04:18:17Z
3671,26,2026-08-04T04:18:20Z
3672,25,2026-08-04T04:18:22Z
3673,28,2026-08-04T04:18:24Z
3674,27,2026-08-04T04:18:26Z
3675,29,2026-08-04T04:18:28Z
3676,27,2026-08-04T04:18:30Z
3677,26,2026-08-04T04:18:32Z
3678,22,2026-08-04T04:18:34Z
3679,24,2026-08-04T04:18:36Z
3680,24,2026-08-04T04:18:40Z
3681,23,2026-08-04T04:18:44Z
3682,25,2026-08-04T04:18:45Z
3683,24,2026-08-04T04:18:47Z
3684,26,2026-08-04T04:18:50Z
3685,25,2026-08-04T04:18:52Z
3686,25,2026-08-04T04:18:54Z
3687,23,2026-08-04T04:18:57Z
3688,24,2026-08-04T04:18:59Z
3689,21,2026-08-04T04:19:01Z
3690,23,2026-08-04T04:19:03Z
3691,21,2026-08-04T04:19:05Z
3692,24,2026-08-04T04:19:07Z
3693,25,2026-08-04T04:19:10Z
3694,25,2026-08-04T04:19:11Z
3695,24,2026-08-04T04:19:14Z
3696,26,2026-08-04T04:19:17Z
3697,21,2026-08-04T04:19:19Z
3698,23,2026-08-04T04:19:22Z
3699,20,2026-08-04T04:19:24Z
3700,21,2026-08-04T04:19:26Z
3701,19,2026-08-04T04:19:28Z
3702,21,2026-08-04T04:19:30Z
3703,22,2026-08-04T04:19:32Z
3704,22,2026-08-04T04:19:34Z
3705,20,2026-08-04T04:19:37Z
3706,20,2026-08-04T04:19:39Z
3707,23,2026-08-04T04:19:41Z
3708,19,2026-08-04T04:19:43Z
3709,18,2026-08-04T04:19:46Z
3710,21,2026-08-04T04:19:48Z
3711,22,2026-08-04T04:19:51Z
3712,24,2026-08-04T04:19:54Z
3713,22,2026-08-04T04:19:56Z
3714,22,2026-08-04T04:19:58Z
3715,24,2026-08-04T04:20:01Z
3716,22,2026-08-04T04:20:03Z
3717,23,2026-08-04T04:20:05Z
3718,23,2026-08-04T04:20:07Z
3719,24,2026-08-04T04:20:09Z
3720,21,2026-08-04T04:20:11Z
3721,19,2026-08-04T04:20:13Z
3722,21,2026-08-04T04:20:14Z
3723,22,2026-08-04T04:20:17Z
3724,18,2026-08-04T04:20:20Z
3725,22,2026-08-04T04:20:23Z
3726,18,2026-08-04T04:20:25Z
3727,20,2026-08-04T04:20:27Z
3728,20,2026-08-04T04:20:29Z
3729,22,2026-08-04T04:20:30Z
3730,19,2026-08-04T04:20:32Z
3731,22,2026-08-04T04:20:34Z
3732,20,2026-08-04T04:20:36Z
3733,21,2026-08-04T04:20:38Z
3734,20,2026-08-04T04:20:41Z
3735,20,2026-08-04T04:20:43Z
3736,21,2026-08-04T04:20:45Z
3737,21,2026-08-04T04:20:47Z
3738,23,2026-08-04T04:20:49Z
3739,21,2026-08-04T04:20:52Z
3740,21,2026-08-04T04:20:54Z
3741,21,2026-08-04T04:20:57Z
3742,26,2026-08-04T04:20:59Z
3743,23,2026-08-04T04:21:02Z
3744,24,2026-08-04T04:21:05Z
3745,23,2026-08-04T04:21:07Z
3746,26,2026-08-04T04:21:10Z
3747,26,2026-08-04T04:21:12Z
3748,22,2026-08-04T04:21:15Z
3749,22,2026-08-04T04:21:18Z
3750,25,2026-08-04T04:21:20Z
3751,25,2026-08-04T04:21:21Z
3752,24,2026-08-04T04:21:24Z
3753,23,2026-08-04T04:21:27Z
3754,25,2026-08-04T04:21:30Z
3755,22,2026-08-04T04:21:33Z
3756,21,2026-08-04T04:21:36Z
3757,21,2026-08-04T04:21:39Z
3758,22,2026-08-04T04:21:42Z
3759,22,2026-08-04T04:21:44Z
3760,24,2026-08-04T04:21:46Z
3761,20,2026-08-04T04:21:48Z
3762,21,2026-08-04T04:21:49Z
3763,22,2026-08-04T04:21:51Z
3764,22,2026-08-04T04:21:53Z
3765,23,2026-08-04T04:21:56Z
3766,24,2026-08-04T04:21:59Z
3767,23,2026-08-04T04:22:02Z
3768,27,2026-08-04T04:22:05Z
3769,28,2026-08-04T04:22:08Z
3770,28,2026-08-04T04:22:11Z
3771,28,2026-08-04T04:22:14Z
3772,29,2026-08-04T04:22:17Z
3773,28,2026-08-04T04:22:20Z
3774,26,2026-08-04T04:22:23Z
3775,25,2026-08-04T04:22:26Z
3776,24,2026-08-04T04:22:28Z
3777,25,2026-08-04T04:22:30Z
3778,23,2026-08-04T04:22:33Z
3779,25,2026-08-04T04:22:36Z
3780,26,2026-08-04T04:22:39Z
3781,25,2026-08-04T04:22:42Z
3782,24,2026-08-04T04:22:45Z
3783,25,2026-08-04T04:22:48Z
3784,27,2026-08-04T04:22:50Z
3785,26,2026-08-04T04:22:52Z
3786,25,2026-08-04T04:22:55Z
3787,26,2026-08-04T04:22:59Z
3788,27,2026-08-04T04:23:01Z
3789,28,2026-08-04T04:23:03Z
3790,27,2026-08-04T04:23:07Z
3791,25,2026-08-04T04:23:11Z
3792,29,2026-08-04T04:23:15Z
3793,27,2026-08-04T04:23:17Z
3794,26,2026-08-04T04:23:19Z
3795,27,2026-08-04T04:23:22Z
3796,27,2026-08-04T04:23:24Z
3797,23,2026-08-04T04:23:27Z
3798,22,2026-08-04T04:23:29Z
3799,21,2026-08-04T04:23:31Z
3800,19,2026-08-04T04:23:34Z
3801,20,2026-08-04T04:23:36Z
3802,20,2026-08-04T04:23:40Z
3803,22,2026-08-04T04:23:43Z
3804,22,2026-08-04T04:23:47Z
3805,19,2026-08-04T04:23:49Z
3806,19,2026-08-04T04:23:51Z
3807,20,2026-08-04T04:23:53Z
3808,21,2026-08-04T04:23:55Z
3809,20,2026-08-04T04:23:57Z
3810,20,2026-08-04T04:24:00Z
3811,23,2026-08-04T04:24:02Z
3812,21,2026-08-04T04:24:05Z
3813,20,2026-08-04T04:24:07Z
3814,21,2026-08-04T04:24:10Z
3815,23,2026-08-04T04:24:14Z
3816,22,2026-08-04T04:24:17Z
3817,23,2026-08-04T04:24:21Z
3818,22,2026-08-04T04:24:23Z
3819,23,2026-08-04T04:24:25Z
3820,23,2026-08-04T04:24:28Z
3821,24,2026-08-04T04:24:31Z
3822,25,2026-08-04T04:24:33Z
3823,22,2026-08-04T04:24:35Z
3824,20,2026-08-04T04:24:37Z
3825,19,2026-08-04T04:24:39Z
3826,20,2026-08-04T04:24:42Z
3827,21,2026-08-04T04:24:45Z
3828,23,2026-08-04T04:24:49Z
3829,23,2026-08-04T04:24:52Z
3830,21,2026-08-04T04:24:54Z
3831,21,2026-08-04T04:24:56Z
3832,21,2026-08-04T04:24:58Z
3833,21,2026-08-04T04:25:00Z
3834,20,2026-08-04T04:25:02Z
3835,22,2026-08-04T04:25:04Z
3836,20,2026-08-04T04:25:07Z
3837,19,2026-08-04T04:25:09Z
3838,22,2026-08-04T04:25:12Z
3839,22,2026-08-04T04:25:14Z
3840,23,2026-08-04T04:25:16Z
3841,24,2026-08-04T04:25:18Z
3842,21,2026-08-04T04:25:22Z
3843,23,2026-08-04T04:25:26Z
3844,23,2026-08-04T04:25:29Z
3845,21,2026-08-04T04:25:31Z
3846,20,2026-08-04T04:25:33Z
3847,20,2026-08-04T04:25:36Z
3848,22,2026-08-04T04:25:38Z
3849,23,2026-08-04T04:25:40Z
3850,21,2026-08-04T04:25:43Z
3851,21,2026-08-04T04:25:45Z
3852,22,2026-08-04T04:25:48Z
3853,22,2026-08-04T04:25:51Z
3854,25,2026-08-04T04:25:53Z
3855,24,2026-08-04T04:25:56Z
3856,26,2026-08-04T04:25:58Z
3857,24,2026-08-04T04:26:01Z
3858,29,2026-08-04T04:26:03Z
3859,26,2026-08-04T04:26:06Z
3860,26,2026-08-04T04:26:09Z
3861,26,2026-08-04T04:26:13Z
3862,28,2026-08-04T04:26:16Z
3863,28,2026-08-04T04:26:20Z
3864,31,2026-08-04T04:26:23Z
3865,24,2026-08-04T04:26:27Z
3866,24,2026-08-04T04:26:30Z
3867,25,2026-08-04T04:26:34Z
3868,26,2026-08-04T04:26:37Z
3869,23,2026-08-04T04:26:39Z
3870,19,2026-08-04T04:26:42Z
3871,24,2026-08-04T04:26:45Z
3872,23,2026-08-04T04:26:48Z
3873,23,2026-08-04T04:26:50Z
3874,23,2026-08-04T04:26:53Z
3875,28,2026-08-04T04:26:55Z
3876,24,2026-08-04T04:26:58Z
3877,23,2026-08-04T04:27:02Z
3878,21,2026-08-04T04:27:06Z
3879,19,2026-08-04T04:27:08Z
3880,23,2026-08-04T04:27:09Z
3881,20,2026-08-04T04:27:11Z
3882,20,2026-08-04T04:27:14Z
3883,21,2026-08-04T04:27:16Z
3884,21,2026-08-04T04:27:18Z
3885,22,2026-08-04T04:27:20Z
3886,22,2026-08-04T04:27:22Z
3887,23,2026-08-04T04:27:24Z
3888,25,2026-08-04T04:27:26Z
3889,25,2026-08-04T04:27:29Z
3890,27,2026-08-04T04:27:31Z
3891,22,2026-08-04T04:27:36Z
3892,20,2026-08-04T04:27:40Z
3893,23,2026-08-04T04:27:42Z
3894,22,2026-08-04T04:27:45Z
3895,23,2026-08-04T04:27:48Z
3896,24,2026-08-04T04:27:50Z
3897,28,2026-08-04T04:27:52Z
3898,24,2026-08-04T04:27:54Z
3899,23,2026-08-04T04:27:56Z
3900,24,2026-08-04T04:27:57Z
3901,24,2026-08-04T04:28:00Z
3902,23,2026-08-04T04:28:02Z
3903,23,2026-08-04T04:28:05Z
3904,23,2026-08-04T04:28:08Z
3905,27,2026-08-04T04:28:12Z
3906,25,2026-08-04T04:28:14Z
3907,25,2026-08-04T04:28:16Z
3908,24,2026-08-04T04:28:18Z
3909,27,2026-08-04T04:28:21Z
3910,23,2026-08-04T04:28:23Z
3911,26,2026-08-04T04:28:26Z
3912,25,2026-08-04T04:28:28Z
3913,24,2026-08-04T04:28:30Z
3914,21,2026-08-04T04:28:32Z
3915,22,2026-08-04T04:28:34Z
3916,22,2026-08-04T04:28:36Z
3917,21,2026-08-04T04:28:38Z
3918,19,2026-08-04T04:28:41Z
3919,20,2026-08-04T04:28:43Z
3920,23,2026-08-04T04:28:46Z
3921,24,2026-08-04T04:28:48Z
3922,21,2026-08-04T04:28:50Z
3923,19,2026-08-04T04:28:53Z
3924,22,2026-08-04T04:28:57Z
3925,24,2026-08-04T04:28:59Z
3926,22,2026-08-04T04:29:01Z
3927,23,2026-08-04T04:29:04Z
3928,25,2026-08-04T04:29:07Z
3929,25,2026-08-04T04:29:10Z
3930,22,2026-08-04T04:29:13Z
3931,22,2026-08-04T04:29:16Z
3932,23,2026-08-04T04:29:19Z
3933,25,2026-08-04T04:29:22Z
3934,25,2026-08-04T04:29:25Z
3935,25,2026-08-04T04:29:26Z
3936,26,2026-08-04T04:29:28Z
3937,22,2026-08-04T04:29:30Z
3938,21,2026-08-04T04:29:32Z
3939,19,2026-08-04T04:29:34Z
3940,20,2026-08-04T04:29:37Z
3941,24,2026-08-04T04:29:39Z
3942,23,2026-08-04T04:29:42Z
3943,26,2026-08-04T04:29:44Z
3944,26,2026-08-04T04:29:47Z
3945,27,2026-08-04T04:29:49Z
3946,27,2026-08-04T04:29:52Z
3947,21,2026-08-04T04:29:54Z
3948,23,2026-08-04T04:29:57Z
3949,24,2026-08-04T04:29:59Z
3950,26,2026-08-04T04:30:01Z
3951,27,2026-08-04T04:30:03Z
3952,25,2026-08-04T04:30:07Z
3953,24,2026-08-04T04:30:08Z
3954,24,2026-08-04T04:30:10Z
3955,25,2026-08-04T04:30:12Z
3956,24,2026-08-04T04:30:15Z
3957,22,2026-08-04T04:30:18Z
3958,25,2026-08-04T04:30:20Z
3959,23,2026-08-04T04:30:23Z
3960,22,2026-08-04T04:30:26Z
3961,22,2026-08-04T04:30:28Z
3962,22,2026-08-04T04:30:31Z
3963,19,2026-08-04T04:30:34Z
3964,17,2026-08-04T04:30:36Z
3965,17,2026-08-04T04:30:38Z
3966,18,2026-08-04T04:30:40Z
3967,17,2026-08-04T04:30:42Z
3968,18,2026-08-04T04:30:44Z
3969,19,2026-08-04T04:30:46Z
3970,21,2026-08-04T04:30:48Z
3971,21,2026-08-04T04:30:50Z
3972,22,2026-08-04T04:30:53Z
3973,18,2026-08-04T04:30:55Z
3974,21,2026-08-04T04:30:57Z
3975,18,2026-08-04T04:30:58Z
3976,19,2026-08-04T04:31:00Z
3977,17,2026-08-04T04:31:02Z
3978,17,2026-08-04T04:31:05Z
3979,18,2026-08-04T04:31:07Z
3980,20,2026-08-04T04:31:10Z
3981,20,2026-08-04T04:31:12Z
3982,21,2026-08-04T04:31:13Z
3983,20,2026-08-04T04:31:16Z
3984,23,2026-08-04T04:31:19Z
3985,23,2026-08-04T04:31:23Z
3986,24,2026-08-04T04:31:26Z
3987,27,2026-08-04T04:31:29Z
3988,27,2026-08-04T04:31:33Z
3989,30,2026-08-04T04:31:36Z
3990,28,2026-08-04T04:31:39Z
3991,26,2026-08-04T04:31:43Z
3992,27,2026-08-04T04:31:46Z
3993,29,2026-08-04T04:31:49Z
3994,26,2026-08-04T04:31:53Z
3995,28,2026-08-04T04:31:58Z
3996,27,2026-08-04T04:32:02Z
3997,28,2026-08-04T04:32:06Z
3998,31,2026-08-04T04:32:08Z
3999,31,2026-08-04T04:32:11Z
4000,30,2026-08-04T04:32:14Z
4001,31,2026-08-04T04:32:17Z
4002,28,2026-08-04T04:32:21Z
4003,28,2026-08-04T04:32:26Z
4004,27,2026-08-04T04:32:28Z
4005,30,2026-08-04T04:32:31Z
4006,31,2026-08-04T04:32:35Z
4007,31,2026-08-04T04:32:40Z
4008,28,2026-08-04T04:32:42Z
4009,28,2026-08-04T04:32:45Z
4010,28,2026-08-04T04:32:48Z
4011,30,2026-08-04T04:32:51Z
4012,26,2026-08-04T04:32:54Z
4013,27,2026-08-04T04:32:56Z
4014,27,2026-08-04T04:32:59Z
4015,24,2026-08-04T04:33:02Z
4016,25,2026-08-04T04:33:05Z
4017,23,2026-08-04T04:33:07Z
4018,25,2026-08-04T04:33:10Z
4019,23,2026-08-04T04:33:13Z
4020,25,2026-08-04T04:33:15Z
4021,26,2026-08-04T04:33:18Z
4022,21,2026-08-04T04:33:21Z
4023,19,2026-08-04T04:33:23Z
4024,21,2026-08-04T04:33:25Z
4025,21,2026-08-04T04:33:27Z
4026,22,2026-08-04T04:33:30Z
4027,22,2026-08-04T04:33:32Z
4028,20,2026-08-04T04:33:35Z
4029,21,2026-08-04T04:33:37Z
4030,20,2026-08-04T04:33:40Z
4031,21,2026-08-04T04:33:42Z
4032,21,2026-08-04T04:33:45Z
4033,25,2026-08-04T04:33:47Z
4034,25,2026-08-04T04:33:49Z
4035,25,2026-08-04T04:33:52Z
4036,24,2026-08-04T04:33:54Z
4037,28,2026-08-04T04:33:57Z
4038,27,2026-08-04T04:33:59Z
4039,27,2026-08-04T04:34:02Z
4040,24,2026-08-04T04:34:05Z
4041,24,2026-08-04T04:34:06Z
4042,22,2026-08-04T04:34:09Z
4043,24,2026-08-04T04:34:13Z
4044,22,2026-08-04T04:34:16Z
4045,21,2026-08-04T04:34:19Z
4046,18,2026-08-04T04:34:21Z
4047,17,2026-08-04T04:34:24Z
4048,20,2026-08-04T04:34:26Z
4049,17,2026-08-04T04:34:28Z
4050,18,2026-08-04T04:34:30Z
4051,20,2026-08-04T04:34:32Z
4052,24,2026-08-04T04:34:35Z
4053,24,2026-08-04T04:34:37Z
4054,24,2026-08-04T04:34:39Z
4055,26,2026-08-04T04:34:41Z
4056,30,2026-08-04T04:34:43Z
4057,28,2026-08-04T04:34:46Z
4058,26,2026-08-04T04:34:50Z
4059,28,2026-08-04T04:34:55Z
4060,25,2026-08-04T04:34:56Z
4061,25,2026-08-04T04:34:59Z
4062,23,2026-08-04T04:35:01Z
4063,22,2026-08-04T04:35:03Z
4064,24,2026-08-04T04:35:05Z
4065,25,2026-08-04T04:35:07Z
4066,26,2026-08-04T04:35:09Z
4067,27,2026-08-04T04:35:12Z
4068,22,2026-08-04T04:35:14Z
4069,23,2026-08-04T04:35:16Z
4070,22,2026-08-04T04:35:20Z
4071,21,2026-08-04T04:35:23Z
4072,21,2026-08-04T04:35:25Z
4073,21,2026-08-04T04:35:27Z
4074,24,2026-08-04T04:35:29Z
4075,24,2026-08-04T04:35:31Z
4076,20,2026-08-04T04:35:34Z
4077,21,2026-08-04T04:35:36Z
4078,23,2026-08-04T04:35:37Z
4079,20,2026-08-04T04:35:38Z
4080,19,2026-08-04T04:35:40Z
4081,20,2026-08-04T04:35:42Z
4082,19,2026-08-04T04:35:44Z
4083,18,2026-08-04T04:35:47Z
4084,21,2026-08-04T04:35:50Z
4085,21,2026-08-04T04:35:54Z
4086,21,2026-08-04T04:35:57Z
4087,23,2026-08-04T04:35:58Z
4088,25,2026-08-04T04:35:59Z
4089,18,2026-08-04T04:36:01Z
4090,21,2026-08-04T04:36:03Z
4091,17,2026-08-04T04:36:05Z
4092,18,2026-08-04T04:36:07Z
4093,19,2026-08-04T04:36:08Z
4094,15,2026-08-04T04:36:10Z
4095,16,2026-08-04T04:36:12Z
4096,16,2026-08-04T04:36:14Z
4097,16,2026-08-04T04:36:16Z
4098,17,2026-08-04T04:36:17Z
4099,21,2026-08-04T04:36:19Z
4100,21,2026-08-04T04:36:20Z
4101,19,2026-08-04T04:36:23Z
4102,21,2026-08-04T04:36:26Z
4103,25,2026-08-04T04:36:29Z
4104,24,2026-08-04T04:36:32Z
4105,24,2026-08-04T04:36:34Z
4106,27,2026-08-04T04:36:36Z
4107,24,2026-08-04T04:36:38Z
4108,27,2026-08-04T04:36:40Z
4109,24,2026-08-04T04:36:42Z
4110,25,2026-08-04T04:36:44Z
4111,25,2026-08-04T04:36:45Z
4112,21,2026-08-04T04:36:48Z
4113,20,2026-08-04T04:36:50Z
4114,19,2026-08-04T04:36:52Z
4115,23,2026-08-04T04:36:53Z
4116,20,2026-08-04T04:36:55Z
4117,19,2026-08-04T04:36:57Z
4118,20,2026-08-04T04:37:01Z
4119,21,2026-08-04T04:37:04Z
4120,19,2026-08-04T04:37:06Z
4121,18,2026-08-04T04:37:08Z
4122,18,2026-08-04T04:37:09Z
4123,21,2026-08-04T04:37:11Z
4124,19,2026-08-04T04:37:13Z
4125,19,2026-08-04T04:37:15Z
4126,25,2026-08-04T04:37:18Z
4127,22,2026-08-04T04:37:19Z
4128,23,2026-08-04T04:37:21Z
4129,21,2026-08-04T04:37:24Z
4130,22,2026-08-04T04:37:26Z
4131,23,2026-08-04T04:37:28Z
4132,21,2026-08-04T04:37:30Z
4133,22,2026-08-04T04:37:31Z
4134,21,2026-08-04T04:37:35Z
4135,26,2026-08-04T04:37:40Z
4136,24,2026-08-04T04:37:42Z
4137,22,2026-08-04T04:37:42Z
4138,20,2026-08-04T04:37:44Z
4139,21,2026-08-04T04:37:47Z
4140,22,2026-08-04T04:37:49Z
4141,20,2026-08-04T04:37:51Z
4142,21,2026-08-04T04:37:52Z
4143,19,2026-08-04T04:37:54Z
4144,20,2026-08-04T04:37:56Z
4145,21,2026-08-04T04:37:58Z
4146,21,2026-08-04T04:38:00Z
4147,22,2026-08-04T04:38:03Z
4148,24,2026-08-04T04:38:05Z
4149,25,2026-08-04T04:38:08Z
4150,24,2026-08-04T04:38:11Z
4151,27,2026-08-04T04:38:14Z
4152,24,2026-08-04T04:38:16Z
4153,26,2026-08-04T04:38:18Z
4154,23,2026-08-04T04:38:21Z
4155,25,2026-08-04T04:38:23Z
4156,25,2026-08-04T04:38:25Z
4157,26,2026-08-04T04:38:27Z
4158,25,2026-08-04T04:38:30Z
4159,23,2026-08-04T04:38:32Z
4160,25,2026-08-04T04:38:34Z
4161,24,2026-08-04T04:38:36Z
4162,29,2026-08-04T04:38:37Z
4163,24,2026-08-04T04:38:41Z
4164,26,2026-08-04T04:38:44Z
4165,25,2026-08-04T04:38:47Z
4166,25,2026-08-04T04:38:50Z
4167,24,2026-08-04T04:38:52Z
4168,24,2026-08-04T04:38:54Z
4169,27,2026-08-04T04:38:56Z
4170,26,2026-08-04T04:38:58Z
4171,25,2026-08-04T04:39:01Z
4172,23,2026-08-04T04:39:03Z
4173,22,2026-08-04T04:39:05Z
4174,23,2026-08-04T04:39:07Z
4175,24,2026-08-04T04:39:09Z
4176,22,2026-08-04T04:39:12Z
4177,25,2026-08-04T04:39:16Z
4178,21,2026-08-04T04:39:18Z
4179,20,2026-08-04T04:39:20Z
4180,19,2026-08-04T04:39:22Z
4181,20,2026-08-04T04:39:24Z
4182,17,2026-08-04T04:39:26Z
4183,16,2026-08-04T04:39:28Z
4184,16,2026-08-04T04:39:29Z
4185,18,2026-08-04T04:39:30Z
4186,18,2026-08-04T04:39:33Z
4187,15,2026-08-04T04:39:34Z
4188,14,2026-08-04T04:39:36Z
4189,15,2026-08-04T04:39:37Z
4190,14,2026-08-04T04:39:38Z
4191,15,2026-08-04T04:39:40Z
4192,16,2026-08-04T04:39:41Z
4193,18,2026-08-04T04:39:43Z
4194,15,2026-08-04T04:39:44Z
4195,16,2026-08-04T04:39:47Z
4196,16,2026-08-04T04:39:49Z
4197,16,2026-08-04T04:39:51Z
4198,14,2026-08-04T04:39:53Z
4199,14,2026-08-04T04:39:55Z
4200,15,2026-08-04T04:39:57Z
4201,15,2026-08-04T04:39:59Z
4202,15,2026-08-04T04:40:01Z
4203,16,2026-08-04T04:40:02Z
4204,18,2026-08-04T04:40:04Z
4205,19,2026-08-04T04:40:06Z
4206,17,2026-08-04T04:40:07Z
4207,16,2026-08-04T04:40:09Z
4208,14,2026-08-04T04:40:11Z
4209,14,2026-08-04T04:40:12Z
4210,15,2026-08-04T04:40:14Z
4211,14,2026-08-04T04:40:15Z
4212,14,2026-08-04T04:40:16Z
4213,15,2026-08-04T04:40:18Z
4214,14,2026-08-04T04:40:21Z
4215,13,2026-08-04T04:40:24Z
4216,15,2026-08-04T04:40:26Z
4217,16,2026-08-04T04:40:27Z
4218,15,2026-08-04T04:40:29Z
4219,16,2026-08-04T04:40:31Z
4220,17,2026-08-04T04:40:32Z
4221,16,2026-08-04T04:40:34Z
4222,16,2026-08-04T04:40:36Z
4223,21,2026-08-04T04:40:38Z
4224,22,2026-08-04T04:40:40Z
4225,23,2026-08-04T04:40:42Z
4226,26,2026-08-04T04:40:44Z
4227,23,2026-08-04T04:40:46Z
4228,26,2026-08-04T04:40:48Z
4229,28,2026-08-04T04:40:52Z
4230,27,2026-08-04T04:40:56Z
4231,29,2026-08-04T04:41:00Z
4232,31,2026-08-04T04:41:04Z
4233,29,2026-08-04T04:41:07Z
4234,29,2026-08-04T04:41:10Z
4235,29,2026-08-04T04:41:13Z
4236,29,2026-08-04T04:41:17Z
4237,27,2026-08-04T04:41:20Z
4238,28,2026-08-04T04:41:23Z
4239,29,2026-08-04T04:41:26Z
4240,32,2026-08-04T04:41:30Z
4241,35,2026-08-04T04:41:33Z
4242,38,2026-08-04T04:41:37Z
4243,38,2026-08-04T04:41:40Z
4244,33,2026-08-04T04:41:43Z
4245,34,2026-08-04T04:41:45Z
4246,31,2026-08-04T04:41:50Z
4247,32,2026-08-04T04:41:52Z
4248,33,2026-08-04T04:41:55Z
4249,28,2026-08-04T04:41:56Z
4250,27,2026-08-04T04:41:58Z
4251,25,2026-08-04T04:42:02Z
4252,23,2026-08-04T04:42:07Z
4253,25,2026-08-04T04:42:08Z
4254,23,2026-08-04T04:42:10Z
4255,22,2026-08-04T04:42:12Z
4256,22,2026-08-04T04:42:14Z
4257,20,2026-08-04T04:42:16Z
4258,20,2026-08-04T04:42:17Z
4259,21,2026-08-04T04:42:18Z
4260,19,2026-08-04T04:42:20Z
4261,20,2026-08-04T04:42:21Z
4262,21,2026-08-04T04:42:23Z
4263,22,2026-08-04T04:42:24Z
4264,21,2026-08-04T04:42:27Z
4265,21,2026-08-04T04:42:29Z
4266,22,2026-08-04T04:42:31Z
4267,22,2026-08-04T04:42:34Z
4268,24,2026-08-04T04:42:36Z
4269,25,2026-08-04T04:42:38Z
4270,24,2026-08-04T04:42:40Z
4271,26,2026-08-04T04:42:43Z
4272,23,2026-08-04T04:42:45Z
4273,23,2026-08-04T04:42:47Z
4274,23,2026-08-04T04:42:48Z
4275,25,2026-08-04T04:42:50Z
4276,22,2026-08-04T04:42:52Z
4277,24,2026-08-04T04:42:54Z
4278,24,2026-08-04T04:42:55Z
4279,22,2026-08-04T04:42:58Z
4280,23,2026-08-04T04:43:00Z
4281,29,2026-08-04T04:43:02Z
4282,22,2026-08-04T04:43:04Z
4283,25,2026-08-04T04:43:05Z
4284,24,2026-08-04T04:43:08Z
4285,25,2026-08-04T04:43:11Z
4286,25,2026-08-04T04:43:14Z
4287,25,2026-08-04T04:43:16Z
4288,21,2026-08-04T04:43:19Z
4289,22,2026-08-04T04:43:20Z
4290,22,2026-08-04T04:43:21Z
4291,22,2026-08-04T04:43:23Z
4292,21,2026-08-04T04:43:24Z
4293,19,2026-08-04T04:43:26Z
4294,22,2026-08-04T04:43:28Z
4295,15,2026-08-04T04:43:29Z
4296,18,2026-08-04T04:43:30Z
4297,18,2026-08-04T04:43:32Z
4298,18,2026-08-04T04:43:33Z
4299,20,2026-08-04T04:43:35Z
4300,17,2026-08-04T04:43:37Z
4301,17,2026-08-04T04:43:39Z
4302,20,2026-08-04T04:43:42Z
4303,18,2026-08-04T04:43:46Z
4304,22,2026-08-04T04:43:47Z
4305,21,2026-08-04T04:43:50Z
4306,20,2026-08-04T04:43:53Z
4307,20,2026-08-04T04:43:54Z
4308,22,2026-08-04T04:43:56Z
4309,22,2026-08-04T04:43:58Z
4310,21,2026-08-04T04:44:00Z
4311,21,2026-08-04T04:44:01Z
4312,19,2026-08-04T04:44:03Z
4313,21,2026-08-04T04:44:05Z
4314,23,2026-08-04T04:44:07Z
4315,26,2026-08-04T04:44:09Z
4316,24,2026-08-04T04:44:16Z
4317,23,2026-08-04T04:44:17Z
4318,21,2026-08-04T04:44:18Z
4319,18,2026-08-04T04:44:20Z
4320,19,2026-08-04T04:44:22Z
4321,19,2026-08-04T04:44:24Z
4322,17,2026-08-04T04:44:26Z
4323,18,2026-08-04T04:44:27Z
4324,20,2026-08-04T04:44:30Z
4325,23,2026-08-04T04:44:32Z
4326,20,2026-08-04T04:44:33Z
4327,18,2026-08-04T04:44:34Z
4328,18,2026-08-04T04:44:37Z
4329,18,2026-08-04T04:44:39Z
4330,19,2026-08-04T04:44:41Z
4331,20,2026-08-04T04:44:42Z
4332,23,2026-08-04T04:44:44Z
4333,25,2026-08-04T04:44:45Z
4334,24,2026-08-04T04:44:52Z
4335,22,2026-08-04T04:44:54Z
4336,23,2026-08-04T04:44:55Z
4337,21,2026-08-04T04:44:57Z
4338,22,2026-08-04T04:45:00Z
4339,22,2026-08-04T04:45:02Z
4340,23,2026-08-04T04:45:04Z
4341,24,2026-08-04T04:45:06Z
4342,22,2026-08-04T04:45:07Z
4343,25,2026-08-04T04:45:09Z
4344,22,2026-08-04T04:45:10Z
4345,21,2026-08-04T04:45:12Z
4346,21,2026-08-04T04:45:14Z
4347,21,2026-08-04T04:45:17Z
4348,23,2026-08-04T04:45:19Z
4349,24,2026-08-04T04:45:22Z
4350,23,2026-08-04T04:45:24Z
4351,25,2026-08-04T04:45:27Z
4352,26,2026-08-04T04:45:30Z
4353,27,2026-08-04T04:45:32Z
4354,26,2026-08-04T04:45:34Z
4355,28,2026-08-04T04:45:36Z
4356,28,2026-08-04T04:45:38Z
4357,25,2026-08-04T04:45:41Z
4358,25,2026-08-04T04:45:42Z
4359,22,2026-08-04T04:45:44Z
4360,24,2026-08-04T04:45:46Z
4361,23,2026-08-04T04:45:48Z
4362,23,2026-08-04T04:45:50Z
4363,23,2026-08-04T04:45:52Z
4364,24,2026-08-04T04:45:57Z
4365,22,2026-08-04T04:45:58Z
4366,22,2026-08-04T04:46:00Z
4367,23,2026-08-04T04:46:02Z
4368,22,2026-08-04T04:46:04Z
4369,21,2026-08-04T04:46:05Z
4370,19,2026-08-04T04:46:07Z
4371,20,2026-08-04T04:46:09Z
4372,23,2026-08-04T04:46:11Z
4373,22,2026-08-04T04:46:12Z
4374,22,2026-08-04T04:46:14Z
4375,23,2026-08-04T04:46:16Z
4376,20,2026-08-04T04:46:18Z
4377,22,2026-08-04T04:46:20Z
4378,20,2026-08-04T04:46:22Z
4379,19,2026-08-04T04:46:23Z
4380,19,2026-08-04T04:46:24Z
4381,20,2026-08-04T04:46:26Z
4382,20,2026-08-04T04:46:28Z
4383,18,2026-08-04T04:46:30Z
4384,21,2026-08-04T04:46:33Z
4385,21,2026-08-04T04:46:35Z
4386,21,2026-08-04T04:46:37Z
4387,18,2026-08-04T04:46:40Z
4388,19,2026-08-04T04:46:42Z
4389,22,2026-08-04T04:46:44Z
4390,19,2026-08-04T04:46:46Z
4391,20,2026-08-04T04:46:49Z
4392,22,2026-08-04T04:46:51Z
4393,18,2026-08-04T04:46:53Z
4394,19,2026-08-04T04:46:55Z
4395,19,2026-08-04T04:46:56Z
4396,21,2026-08-04T04:46:59Z
4397,23,2026-08-04T04:47:02Z
4398,23,2026-08-04T04:47:05Z
4399,27,2026-08-04T04:47:08Z
4400,24,2026-08-04T04:47:10Z
4401,24,2026-08-04T04:47:13Z
4402,25,2026-08-04T04:47:16Z
4403,23,2026-08-04T04:47:18Z
4404,25,2026-08-04T04:47:20Z
4405,21,2026-08-04T04:47:22Z
4406,27,2026-08-04T04:47:25Z
4407,26,2026-08-04T04:47:27Z
4408,25,2026-08-04T04:47:30Z
4409,26,2026-08-04T04:47:32Z
4410,25,2026-08-04T04:47:36Z
4411,28,2026-08-04T04:47:39Z
4412,24,2026-08-04T04:47:41Z
4413,26,2026-08-04T04:47:44Z
4414,24,2026-08-04T04:47:45Z
4415,21,2026-08-04T04:47:47Z
4416,24,2026-08-04T04:47:49Z
4417,23,2026-08-04T04:47:52Z
4418,22,2026-08-04T04:47:55Z
4419,21,2026-08-04T04:47:56Z
4420,21,2026-08-04T04:47:57Z
4421,20,2026-08-04T04:47:59Z
4422,19,2026-08-04T04:48:01Z
4423,19,2026-08-04T04:48:03Z
4424,19,2026-08-04T04:48:05Z
4425,19,2026-08-04T04:48:07Z
4426,20,2026-08-04T04:48:09Z
4427,20,2026-08-04T04:48:11Z
4428,22,2026-08-04T04:48:13Z
4429,19,2026-08-04T04:48:15Z
4430,19,2026-08-04T04:48:17Z
4431,20,2026-08-04T04:48:20Z
4432,17,2026-08-04T04:48:21Z
4433,18,2026-08-04T04:48:23Z
4434,18,2026-08-04T04:48:24Z
4435,17,2026-08-04T04:48:26Z
4436,19,2026-08-04T04:48:27Z
4437,20,2026-08-04T04:48:29Z
4438,20,2026-08-04T04:48:31Z
4439,20,2026-08-04T04:48:32Z
4440,22,2026-08-04T04:48:34Z
4441,22,2026-08-04T04:48:35Z
4442,21,2026-08-04T04:48:37Z
4443,24,2026-08-04T04:48:40Z
4444,26,2026-08-04T04:48:43Z
4445,19,2026-08-04T04:48:46Z
4446,21,2026-08-04T04:48:48Z
4447,19,2026-08-04T04:48:50Z
4448,21,2026-08-04T04:48:51Z
4449,19,2026-08-04T04:48:54Z
4450,21,2026-08-04T04:48:56Z
4451,22,2026-08-04T04:48:58Z
4452,24,2026-08-04T04:49:00Z
4453,27,2026-08-04T04:49:02Z
4454,24,2026-08-04T04:49:04Z
4455,24,2026-08-04T04:49:06Z
4456,22,2026-08-04T04:49:08Z
4457,22,2026-08-04T04:49:11Z
4458,21,2026-08-04T04:49:13Z
4459,19,2026-08-04T04:49:16Z
4460,19,2026-08-04T04:49:18Z
4461,20,2026-08-04T04:49:20Z
4462,21,2026-08-04T04:49:21Z
4463,22,2026-08-04T04:49:25Z
4464,19,2026-08-04T04:49:26Z
4465,25,2026-08-04T04:49:27Z
4466,22,2026-08-04T04:49:28Z
4467,22,2026-08-04T04:49:30Z
4468,23,2026-08-04T04:49:32Z
4469,23,2026-08-04T04:49:34Z
4470,20,2026-08-04T04:49:36Z
4471,19,2026-08-04T04:49:38Z
4472,23,2026-08-04T04:49:39Z
4473,20,2026-08-04T04:49:41Z
4474,21,2026-08-04T04:49:45Z
4475,20,2026-08-04T04:49:49Z
4476,23,2026-08-04T04:49:51Z
4477,24,2026-08-04T04:49:52Z
4478,24,2026-08-04T04:49:54Z
4479,22,2026-08-04T04:49:56Z
4480,26,2026-08-04T04:49:57Z
4481,24,2026-08-04T04:50:00Z
4482,25,2026-08-04T04:50:02Z
4483,25,2026-08-04T04:50:04Z
4484,22,2026-08-04T04:50:06Z
4485,21,2026-08-04T04:50:08Z
4486,20,2026-08-04T04:50:09Z
4487,23,2026-08-04T04:50:11Z
4488,23,2026-08-04T04:50:14Z
4489,22,2026-08-04T04:50:15Z
4490,20,2026-08-04T04:50:17Z
4491,22,2026-08-04T04:50:18Z
4492,23,2026-08-04T04:50:24Z
4493,21,2026-08-04T04:50:26Z
4494,19,2026-08-04T04:50:28Z
4495,17,2026-08-04T04:50:29Z
4496,17,2026-08-04T04:50:31Z
4497,19,2026-08-04T04:50:33Z
4498,17,2026-08-04T04:50:35Z
4499,18,2026-08-04T04:50:36Z
4500,19,2026-08-04T04:50:39Z
4501,20,2026-08-04T04:50:41Z
4502,20,2026-08-04T04:50:43Z
4503,23,2026-08-04T04:50:46Z
4504,24,2026-08-04T04:50:49Z
4505,21,2026-08-04T04:50:52Z
4506,21,2026-08-04T04:50:54Z
4507,20,2026-08-04T04:50:57Z
4508,24,2026-08-04T04:50:59Z
4509,24,2026-08-04T04:51:02Z
4510,23,2026-08-04T04:51:04Z
4511,26,2026-08-04T04:51:06Z
4512,24,2026-08-04T04:51:08Z
4513,27,2026-08-04T04:51:11Z
4514,26,2026-08-04T04:51:13Z
4515,27,2026-08-04T04:51:16Z
4516,26,2026-08-04T04:51:19Z
4517,31,2026-08-04T04:51:21Z
4518,25,2026-08-04T04:51:22Z
4519,24,2026-08-04T04:51:25Z
4520,25,2026-08-04T04:51:29Z
4521,24,2026-08-04T04:51:34Z
4522,25,2026-08-04T04:51:34Z
4523,25,2026-08-04T04:51:36Z
4524,23,2026-08-04T04:51:38Z
4525,22,2026-08-04T04:51:40Z
4526,25,2026-08-04T04:51:42Z
4527,21,2026-08-04T04:51:44Z
4528,22,2026-08-04T04:51:46Z
4529,21,2026-08-04T04:51:48Z
4530,21,2026-08-04T04:51:50Z
4531,21,2026-08-04T04:51:52Z
4532,19,2026-08-04T04:51:54Z
4533,19,2026-08-04T04:51:56Z
4534,19,2026-08-04T04:51:58Z
4535,18,2026-08-04T04:51:59Z
4536,21,2026-08-04T04:52:01Z
4537,18,2026-08-04T04:52:03Z
4538,19,2026-08-04T04:52:05Z
4539,17,2026-08-04T04:52:07Z
4540,20,2026-08-04T04:52:10Z
4541,21,2026-08-04T04:52:12Z
4542,21,2026-08-04T04:52:14Z
4543,21,2026-08-04T04:52:15Z
4544,20,2026-08-04T04:52:17Z
4545,21,2026-08-04T04:52:18Z
4546,23,2026-08-04T04:52:20Z
4547,21,2026-08-04T04:52:21Z
4548,18,2026-08-04T04:52:23Z
4549,19,2026-08-04T04:52:25Z
4550,20,2026-08-04T04:52:27Z
4551,20,2026-08-04T04:52:29Z
4552,23,2026-08-04T04:52:32Z
4553,23,2026-08-04T04:52:34Z
4554,25,2026-08-04T04:52:36Z
4555,24,2026-08-04T04:52:39Z
4556,22,2026-08-04T04:52:41Z
4557,23,2026-08-04T04:52:43Z
4558,24,2026-08-04T04:52:44Z
4559,23,2026-08-04T04:52:46Z
4560,24,2026-08-04T04:52:48Z
4561,26,2026-08-04T04:52:50Z
4562,24,2026-08-04T04:52:52Z
4563,23,2026-08-04T04:52:53Z
4564,22,2026-08-04T04:52:55Z
4565,16,2026-08-04T04:52:57Z
4566,19,2026-08-04T04:52:59Z
4567,19,2026-08-04T04:53:01Z
4568,20,2026-08-04T04:53:03Z
4569,21,2026-08-04T04:53:05Z
4570,21,2026-08-04T04:53:08Z
4571,23,2026-08-04T04:53:10Z
4572,24,2026-08-04T04:53:12Z
4573,22,2026-08-04T04:53:13Z
4574,25,2026-08-04T04:53:15Z
4575,23,2026-08-04T04:53:18Z
4576,23,2026-08-04T04:53:19Z
4577,21,2026-08-04T04:53:21Z
4578,20,2026-08-04T04:53:24Z
4579,20,2026-08-04T04:53:25Z
4580,21,2026-08-04T04:53:26Z
4581,21,2026-08-04T04:53:27Z
4582,20,2026-08-04T04:53:29Z
4583,18,2026-08-04T04:53:30Z
4584,21,2026-08-04T04:53:32Z
4585,19,2026-08-04T04:53:35Z
4586,18,2026-08-04T04:53:36Z
4587,20,2026-08-04T04:53:37Z
4588,19,2026-08-04T04:53:40Z
4589,20,2026-08-04T04:53:42Z
4590,18,2026-08-04T04:53:44Z
4591,21,2026-08-04T04:53:46Z
4592,19,2026-08-04T04:53:48Z
4593,19,2026-08-04T04:53:50Z
4594,20,2026-08-04T04:53:53Z
4595,20,2026-08-04T04:53:55Z
4596,21,2026-08-04T04:53:56Z
4597,20,2026-08-04T04:53:57Z
4598,20,2026-08-04T04:53:59Z
4599,19,2026-08-04T04:54:00Z
4600,19,2026-08-04T04:54:02Z
4601,19,2026-08-04T04:54:04Z
4602,20,2026-08-04T04:54:06Z
4603,20,2026-08-04T04:54:09Z
4604,24,2026-08-04T04:54:11Z
4605,23,2026-08-04T04:54:13Z
4606,21,2026-08-04T04:54:15Z
4607,21,2026-08-04T04:54:17Z
4608,20,2026-08-04T04:54:21Z
4609,19,2026-08-04T04:54:22Z
4610,19,2026-08-04T04:54:24Z
4611,14,2026-08-04T04:54:25Z
4612,16,2026-08-04T04:54:27Z
4613,16,2026-08-04T04:54:27Z
4614,18,2026-08-04T04:54:29Z
4615,19,2026-08-04T04:54:31Z
4616,21,2026-08-04T04:54:33Z
4617,20,2026-08-04T04:54:35Z
4618,19,2026-08-04T04:54:36Z
4619,16,2026-08-04T04:54:38Z
4620,16,2026-08-04T04:54:39Z
4621,16,2026-08-04T04:54:41Z
4622,19,2026-08-04T04:54:42Z
4623,20,2026-08-04T04:54:44Z
4624,18,2026-08-04T04:54:46Z
4625,20,2026-08-04T04:54:52Z
4626,19,2026-08-04T04:54:54Z
4627,20,2026-08-04T04:54:55Z
4628,20,2026-08-04T04:54:57Z
4629,21,2026-08-04T04:54:58Z
4630,21,2026-08-04T04:55:00Z
4631,20,2026-08-04T04:55:02Z
4632,18,2026-08-04T04:55:04Z
4633,18,2026-08-04T04:55:06Z
4634,18,2026-08-04T04:55:07Z
4635,19,2026-08-04T04:55:09Z
4636,20,2026-08-04T04:55:11Z
4637,20,2026-08-04T04:55:13Z
4638,21,2026-08-04T04:55:15Z
4639,17,2026-08-04T04:55:18Z
4640,17,2026-08-04T04:55:20Z
4641,18,2026-08-04T04:55:23Z
4642,19,2026-08-04T04:55:25Z
4643,18,2026-08-04T04:55:28Z
4644,18,2026-08-04T04:55:28Z
4645,19,2026-08-04T04:55:30Z
4646,21,2026-08-04T04:55:32Z
4647,20,2026-08-04T04:55:34Z
4648,17,2026-08-04T04:55:36Z
4649,17,2026-08-04T04:55:37Z
4650,18,2026-08-04T04:55:39Z
4651,18,2026-08-04T04:55:41Z
4652,21,2026-08-04T04:55:43Z
4653,19,2026-08-04T04:55:45Z
4654,20,2026-08-04T04:55:47Z
4655,20,2026-08-04T04:55:49Z
4656,21,2026-08-04T04:55:50Z
4657,23,2026-08-04T04:55:56Z
4658,19,2026-08-04T04:55:58Z
4659,20,2026-08-04T04:56:00Z
4660,19,2026-08-04T04:56:01Z
4661,19,2026-08-04T04:56:03Z
4662,19,2026-08-04T04:56:04Z
4663,19,2026-08-04T04:56:06Z
4664,20,2026-08-04T04:56:08Z
4665,19,2026-08-04T04:56:10Z
4666,19,2026-08-04T04:56:12Z
4667,22,2026-08-04T04:56:13Z
4668,21,2026-08-04T04:56:15Z
4669,20,2026-08-04T04:56:16Z
4670,21,2026-08-04T04:56:18Z
4671,20,2026-08-04T04:56:20Z
4672,22,2026-08-04T04:56:21Z
4673,19,2026-08-04T04:56:23Z
4674,21,2026-08-04T04:56:24Z
4675,19,2026-08-04T04:56:26Z
4676,21,2026-08-04T04:56:29Z
4677,19,2026-08-04T04:56:33Z
4678,19,2026-08-04T04:56:35Z
4679,20,2026-08-04T04:56:37Z
4680,24,2026-08-04T04:56:38Z
4681,21,2026-08-04T04:56:40Z
4682,23,2026-08-04T04:56:42Z
4683,23,2026-08-04T04:56:44Z
4684,26,2026-08-04T04:56:46Z
4685,22,2026-08-04T04:56:49Z
4686,21,2026-08-04T04:56:50Z
4687,22,2026-08-04T04:56:52Z
4688,22,2026-08-04T04:56:53Z
4689,21,2026-08-04T04:56:56Z
4690,22,2026-08-04T04:56:57Z
4691,21,2026-08-04T04:56:58Z
4692,19,2026-08-04T04:57:03Z
4693,20,2026-08-04T04:57:05Z
4694,17,2026-08-04T04:57:07Z
4695,19,2026-08-04T04:57:09Z
4696,19,2026-08-04T04:57:10Z
4697,20,2026-08-04T04:57:12Z
4698,21,2026-08-04T04:57:13Z
4699,21,2026-08-04T04:57:15Z
4700,23,2026-08-04T04:57:16Z
4701,22,2026-08-04T04:57:18Z
4702,23,2026-08-04T04:57:21Z
4703,25,2026-08-04T04:57:23Z
4704,21,2026-08-04T04:57:25Z
4705,24,2026-08-04T04:57:27Z
4706,24,2026-08-04T04:57:27Z
4707,21,2026-08-04T04:57:29Z
4708,20,2026-08-04T04:57:32Z
4709,19,2026-08-04T04:57:36Z
4710,19,2026-08-04T04:57:38Z
4711,18,2026-08-04T04:57:40Z
4712,18,2026-08-04T04:57:41Z
4713,19,2026-08-04T04:57:43Z
4714,20,2026-08-04T04:57:44Z
4715,18,2026-08-04T04:57:46Z
4716,20,2026-08-04T04:57:48Z
4717,18,2026-08-04T04:57:49Z
4718,19,2026-08-04T04:57:51Z
4719,16,2026-08-04T04:57:52Z
4720,15,2026-08-04T04:57:54Z
4721,15,2026-08-04T04:57:55Z
4722,17,2026-08-04T04:57:57Z
4723,16,2026-08-04T04:57:58Z
4724,18,2026-08-04T04:57:58Z
4725,19,2026-08-04T04:58:00Z
4726,15,2026-08-04T04:58:02Z
4727,15,2026-08-04T04:58:04Z
4728,17,2026-08-04T04:58:05Z
4729,19,2026-08-04T04:58:10Z
4730,22,2026-08-04T04:58:11Z
4731,22,2026-08-04T04:58:13Z
4732,21,2026-08-04T04:58:16Z
4733,22,2026-08-04T04:58:17Z
4734,20,2026-08-04T04:58:19Z
4735,22,2026-08-04T04:58:21Z
4736,21,2026-08-04T04:58:23Z
4737,20,2026-08-04T04:58:25Z
4738,22,2026-08-04T04:58:27Z
4739,20,2026-08-04T04:58:28Z
4740,19,2026-08-04T04:58:30Z
4741,20,2026-08-04T04:58:31Z
4742,20,2026-08-04T04:58:33Z
4743,23,2026-08-04T04:58:35Z
4744,19,2026-08-04T04:58:37Z
4745,21,2026-08-04T04:58:39Z
4746,19,2026-08-04T04:58:41Z
4747,18,2026-08-04T04:58:44Z
4748,21,2026-08-04T04:58:46Z
4749,22,2026-08-04T04:58:48Z
4750,20,2026-08-04T04:58:51Z
4751,21,2026-08-04T04:58:53Z
4752,22,2026-08-04T04:58:55Z
4753,22,2026-08-04T04:58:57Z
4754,20,2026-08-04T04:58:59Z
4755,21,2026-08-04T04:59:00Z
4756,20,2026-08-04T04:59:02Z
4757,21,2026-08-04T04:59:04Z
4758,21,2026-08-04T04:59:06Z
4759,19,2026-08-04T04:59:07Z
4760,17,2026-08-04T04:59:08Z
4761,17,2026-08-04T04:59:10Z
4762,16,2026-08-04T04:59:12Z
4763,16,2026-08-04T04:59:14Z
4764,17,2026-08-04T04:59:15Z
4765,14,2026-08-04T04:59:17Z
4766,13,2026-08-04T04:59:19Z
4767,13,2026-08-04T04:59:20Z
4768,16,2026-08-04T04:59:22Z
4769,15,2026-08-04T04:59:24Z
4770,16,2026-08-04T04:59:25Z
4771,17,2026-08-04T04:59:27Z
4772,16,2026-08-04T04:59:28Z
4773,19,2026-08-04T04:59:30Z
4774,15,2026-08-04T04:59:32Z
4775,16,2026-08-04T04:59:33Z
4776,16,2026-08-04T04:59:34Z
4777,18,2026-08-04T04:59:36Z
4778,14,2026-08-04T04:59:37Z
4779,15,2026-08-04T04:59:38Z
4780,15,2026-08-04T04:59:40Z
4781,13,2026-08-04T04:59:41Z
4782,12,2026-08-04T04:59:43Z
4783,11,2026-08-04T04:59:44Z
4784,12,2026-08-04T04:59:46Z
4785,13,2026-08-04T04:59:48Z
4786,11,2026-08-04T04:59:50Z
4787,13,2026-08-04T04:59:52Z
4788,14,2026-08-04T04:59:54Z
4789,12,2026-08-04T04:59:55Z
4790,12,2026-08-04T04:59:56Z
4791,10,2026-08-04T04:59:57Z
4792,12,2026-08-04T04:59:59Z
4793,11,2026-08-04T05:00:00Z
4794,11,2026-08-04T05:00:01Z
4795,11,2026-08-04T05:00:03Z
4796,12,2026-08-04T05:00:04Z
4797,12,2026-08-04T05:00:05Z
4798,13,2026-08-04T05:00:06Z
4799,13,2026-08-04T05:00:08Z
4800,11,2026-08-04T05:00:09Z
4801,10,2026-08-04T05:00:11Z
4802,11,2026-08-04T05:00:12Z
4803,12,2026-08-04T05:00:13Z
4804,12,2026-08-04T05:00:15Z
4805,14,2026-08-04T05:00:16Z
4806,16,2026-08-04T05:00:18Z
4807,18,2026-08-04T05:00:20Z
4808,19,2026-08-04T05:00:23Z
4809,20,2026-08-04T05:00:25Z
4810,20,2026-08-04T05:00:28Z
4811,24,2026-08-04T05:00:30Z
4812,26,2026-08-04T05:00:33Z
4813,23,2026-08-04T05:00:35Z
4814,24,2026-08-04T05:00:37Z
4815,23,2026-08-04T05:00:40Z
4816,26,2026-08-04T05:00:44Z
4817,27,2026-08-04T05:00:47Z
4818,28,2026-08-04T05:00:50Z
4819,29,2026-08-04T05:00:53Z
4820,33,2026-08-04T05:00:56Z
4821,31,2026-08-04T05:00:59Z
4822,32,2026-08-04T05:01:02Z
4823,33,2026-08-04T05:01:06Z
4824,34,2026-08-04T05:01:07Z
4825,37,2026-08-04T05:01:11Z
4826,38,2026-08-04T05:01:15Z
4827,37,2026-08-04T05:01:18Z
4828,34,2026-08-04T05:01:22Z
4829,35,2026-08-04T05:01:25Z
4830,34,2026-08-04T05:01:29Z
4831,35,2026-08-04T05:01:34Z
4832,30,2026-08-04T05:01:37Z
4833,31,2026-08-04T05:01:40Z
4834,30,2026-08-04T05:01:41Z
4835,27,2026-08-04T05:01:43Z
4836,27,2026-08-04T05:01:45Z
4837,31,2026-08-04T05:01:48Z
4838,31,2026-08-04T05:01:50Z
4839,29,2026-08-04T05:01:52Z
4840,27,2026-08-04T05:01:54Z
4841,25,2026-08-04T05:01:56Z
4842,22,2026-08-04T05:01:59Z
4843,22,2026-08-04T05:02:01Z
4844,21,2026-08-04T05:02:03Z
4845,20,2026-08-04T05:02:05Z
4846,20,2026-08-04T05:02:07Z
4847,21,2026-08-04T05:02:08Z
4848,19,2026-08-04T05:02:10Z
4849,19,2026-08-04T05:02:12Z
4850,16,2026-08-04T05:02:13Z
4851,16,2026-08-04T05:02:15Z
4852,17,2026-08-04T05:02:16Z
4853,17,2026-08-04T05:02:17Z
4854,17,2026-08-04T05:02:19Z
4855,18,2026-08-04T05:02:20Z
4856,18,2026-08-04T05:02:21Z
4857,18,2026-08-04T05:02:23Z
4858,17,2026-08-04T05:02:25Z
4859,18,2026-08-04T05:02:26Z
4860,15,2026-08-04T05:02:27Z
4861,15,2026-08-04T05:02:29Z
4862,15,2026-08-04T05:02:31Z
4863,16,2026-08-04T05:02:33Z
4864,17,2026-08-04T05:02:35Z
4865,17,2026-08-04T05:02:36Z
4866,15,2026-08-04T05:02:38Z
4867,15,2026-08-04T05:02:40Z
4868,15,2026-08-04T05:02:42Z
4869,14,2026-08-04T05:02:43Z
4870,16,2026-08-04T05:02:44Z
4871,13,2026-08-04T05:02:46Z
4872,15,2026-08-04T05:02:47Z
4873,15,2026-08-04T05:02:49Z
4874,15,2026-08-04T05:02:50Z
4875,15,2026-08-04T05:02:51Z
4876,16,2026-08-04T05:02:53Z
4877,15,2026-08-04T05:02:55Z
4878,17,2026-08-04T05:02:57Z
4879,21,2026-08-04T05:02:59Z
4880,22,2026-08-04T05:03:01Z
4881,22,2026-08-04T05:03:03Z
4882,23,2026-08-04T05:03:06Z
4883,24,2026-08-04T05:03:08Z
4884,22,2026-08-04T05:03:11Z
4885,23,2026-08-04T05:03:13Z
4886,26,2026-08-04T05:03:15Z
4887,24,2026-08-04T05:03:18Z
4888,25,2026-08-04T05:03:20Z
4889,25,2026-08-04T05:03:22Z
4890,25,2026-08-04T05:03:24Z
4891,22,2026-08-04T05:03:26Z
4892,23,2026-08-04T05:03:28Z
4893,22,2026-08-04T05:03:30Z
4894,20,2026-08-04T05:03:32Z
4895,21,2026-08-04T05:03:34Z
4896,21,2026-08-04T05:03:37Z
4897,20,2026-08-04T05:03:40Z
4898,23,2026-08-04T05:03:43Z
4899,21,2026-08-04T05:03:45Z
4900,19,2026-08-04T05:03:48Z
4901,18,2026-08-04T05:03:50Z
4902,19,2026-08-04T05:03:52Z
4903,20,2026-08-04T05:03:54Z
4904,19,2026-08-04T05:03:56Z
4905,21,2026-08-04T05:03:58Z
4906,19,2026-08-04T05:04:01Z
4907,18,2026-08-04T05:04:02Z
4908,18,2026-08-04T05:04:04Z
4909,19,2026-08-04T05:04:06Z
4910,17,2026-08-04T05:04:08Z
4911,18,2026-08-04T05:04:10Z
4912,15,2026-08-04T05:04:12Z
4913,15,2026-08-04T05:04:14Z
4914,15,2026-08-04T05:04:16Z
4915,15,2026-08-04T05:04:19Z
4916,15,2026-08-04T05:04:20Z
4917,14,2026-08-04T05:04:22Z
4918,14,2026-08-04T05:04:23Z
4919,14,2026-08-04T05:04:25Z
4920,15,2026-08-04T05:04:26Z
4921,14,2026-08-04T05:04:28Z
4922,13,2026-08-04T05:04:29Z
4923,13,2026-08-04T05:04:31Z
4924,15,2026-08-04T05:04:32Z
4925,15,2026-08-04T05:04:34Z
4926,14,2026-08-04T05:04:36Z
4927,15,2026-08-04T05:04:37Z
4928,14,2026-08-04T05:04:39Z
4929,14,2026-08-04T05:04:41Z
4930,12,2026-08-04T05:04:42Z
4931,13,2026-08-04T05:04:44Z
4932,12,2026-08-04T05:04:46Z
4933,13,2026-08-04T05:04:48Z
4934,12,2026-08-04T05:04:50Z
4935,12,2026-08-04T05:04:52Z
4936,12,2026-08-04T05:04:53Z
4937,13,2026-08-04T05:04:55Z
4938,13,2026-08-04T05:04:57Z
4939,14,2026-08-04T05:04:59Z
4940,15,2026-08-04T05:05:00Z
4941,15,2026-08-04T05:05:02Z
4942,16,2026-08-04T05:05:04Z
4943,17,2026-08-04T05:05:05Z
4944,16,2026-08-04T05:05:08Z
4945,17,2026-08-04T05:05:10Z
4946,15,2026-08-04T05:05:13Z
4947,16,2026-08-04T05:05:15Z
4948,17,2026-08-04T05:05:18Z
4949,16,2026-08-04T05:05:20Z
4950,18,2026-08-04T05:05:22Z
4951,17,2026-08-04T05:05:25Z
4952,22,2026-08-04T05:05:27Z
4953,21,2026-08-04T05:05:30Z
4954,20,2026-08-04T05:05:33Z
4955,19,2026-08-04T05:05:35Z
4956,19,2026-08-04T05:05:37Z
4957,20,2026-08-04T05:05:39Z
4958,20,2026-08-04T05:05:41Z
4959,19,2026-08-04T05:05:43Z
4960,17,2026-08-04T05:05:45Z
4961,19,2026-08-04T05:05:47Z
4962,19,2026-08-04T05:05:49Z
4963,20,2026-08-04T05:05:52Z
4964,19,2026-08-04T05:05:54Z
4965,20,2026-08-04T05:05:57Z
4966,19,2026-08-04T05:06:00Z
4967,17,2026-08-04T05:06:03Z
4968,18,2026-08-04T05:06:06Z
4969,19,2026-08-04T05:06:08Z
4970,21,2026-08-04T05:06:10Z
4971,17,2026-08-04T05:06:12Z
4972,17,2026-08-04T05:06:14Z
4973,21,2026-08-04T05:06:16Z
4974,21,2026-08-04T05:06:18Z
4975,20,2026-08-04T05:06:21Z
4976,19,2026-08-04T05:06:23Z
4977,18,2026-08-04T05:06:26Z
4978,18,2026-08-04T05:06:31Z
4979,19,2026-08-04T05:06:33Z
4980,18,2026-08-04T05:06:35Z
4981,21,2026-08-04T05:06:38Z
4982,23,2026-08-04T05:06:40Z
4983,26,2026-08-04T05:06:43Z
4984,25,2026-08-04T05:06:45Z
4985,26,2026-08-04T05:06:48Z
4986,29,2026-08-04T05:06:51Z
4987,25,2026-08-04T05:06:53Z
4988,27,2026-08-04T05:06:55Z
4989,27,2026-08-04T05:06:58Z
4990,24,2026-08-04T05:07:01Z
4991,24,2026-08-04T05:07:03Z
4992,27,2026-08-04T05:07:06Z
4993,25,2026-08-04T05:07:09Z
4994,22,2026-08-04T05:07:12Z
4995,22,2026-08-04T05:07:15Z
4996,21,2026-08-04T05:07:17Z
4997,20,2026-08-04T05:07:18Z
4998,21,2026-08-04T05:07:20Z
4999,24,2026-08-04T05:07:21Z
5000,23,2026-08-04T05:07:23Z
5001,22,2026-08-04T05:07:26Z
5002,22,2026-08-04T05:07:28Z
5003,23,2026-08-04T05:07:29Z
5004,22,2026-08-04T05:07:31Z
5005,19,2026-08-04T05:07:32Z
5006,19,2026-08-04T05:07:35Z
5007,19,2026-08-04T05:07:38Z
5008,22,2026-08-04T05:07:40Z
5009,23,2026-08-04T05:07:43Z
5010,23,2026-08-04T05:07:45Z
5011,20,2026-08-04T05:07:48Z
5012,21,2026-08-04T05:07:50Z
5013,21,2026-08-04T05:07:51Z
5014,20,2026-08-04T05:07:53Z
5015,22,2026-08-04T05:07:55Z
5016,22,2026-08-04T05:07:56Z
5017,21,2026-08-04T05:07:58Z
5018,23,2026-08-04T05:08:01Z
5019,21,2026-08-04T05:08:02Z
5020,22,2026-08-04T05:08:03Z
5021,21,2026-08-04T05:08:06Z
5022,21,2026-08-04T05:08:08Z
5023,21,2026-08-04T05:08:11Z
5024,19,2026-08-04T05:08:13Z
5025,19,2026-08-04T05:08:16Z
5026,19,2026-08-04T05:08:18Z
5027,21,2026-08-04T05:08:19Z
5028,20,2026-08-04T05:08:21Z
5029,21,2026-08-04T05:08:22Z
5030,21,2026-08-04T05:08:24Z
5031,24,2026-08-04T05:08:26Z
5032,22,2026-08-04T05:08:27Z
5033,25,2026-08-04T05:08:29Z
5034,22,2026-08-04T05:08:31Z
5035,21,2026-08-04T05:08:32Z
5036,22,2026-08-04T05:08:34Z
5037,21,2026-08-04T05:08:37Z
5038,20,2026-08-04T05:08:39Z
5039,23,2026-08-04T05:08:41Z
5040,19,2026-08-04T05:08:44Z
5041,21,2026-08-04T05:08:46Z
5042,20,2026-08-04T05:08:48Z
5043,23,2026-08-04T05:08:50Z
5044,21,2026-08-04T05:08:52Z
5045,24,2026-08-04T05:08:54Z
5046,25,2026-08-04T05:08:57Z
5047,25,2026-08-04T05:08:59Z
5048,27,2026-08-04T05:09:01Z
5049,26,2026-08-04T05:09:01Z
5050,27,2026-08-04T05:09:04Z
5051,27,2026-08-04T05:09:06Z
5052,22,2026-08-04T05:09:08Z
5053,22,2026-08-04T05:09:11Z
5054,19,2026-08-04T05:09:14Z
5055,20,2026-08-04T05:09:16Z
5056,20,2026-08-04T05:09:18Z
5057,20,2026-08-04T05:09:20Z
5058,23,2026-08-04T05:09:21Z
5059,19,2026-08-04T05:09:23Z
5060,20,2026-08-04T05:09:25Z
5061,20,2026-08-04T05:09:26Z
5062,23,2026-08-04T05:09:29Z
5063,20,2026-08-04T05:09:31Z
5064,22,2026-08-04T05:09:33Z
5065,21,2026-08-04T05:09:34Z
5066,19,2026-08-04T05:09:36Z
5067,19,2026-08-04T05:09:38Z
5068,20,2026-08-04T05:09:39Z
5069,20,2026-08-04T05:09:41Z
5070,20,2026-08-04T05:09:43Z
5071,20,2026-08-04T05:09:46Z
5072,21,2026-08-04T05:09:48Z
5073,21,2026-08-04T05:09:50Z
5074,20,2026-08-04T05:09:52Z
5075,22,2026-08-04T05:09:55Z
5076,19,2026-08-04T05:09:57Z
5077,18,2026-08-04T05:09:59Z
5078,16,2026-08-04T05:10:01Z
5079,16,2026-08-04T05:10:02Z
5080,17,2026-08-04T05:10:04Z
5081,17,2026-08-04T05:10:06Z
5082,20,2026-08-04T05:10:08Z
5083,21,2026-08-04T05:10:10Z
5084,20,2026-08-04T05:10:12Z
5085,20,2026-08-04T05:10:14Z
5086,17,2026-08-04T05:10:16Z
5087,18,2026-08-04T05:10:17Z
5088,21,2026-08-04T05:10:19Z
5089,17,2026-08-04T05:10:22Z
5090,17,2026-08-04T05:10:25Z
5091,19,2026-08-04T05:10:27Z
5092,19,2026-08-04T05:10:28Z
5093,18,2026-08-04T05:10:30Z
5094,18,2026-08-04T05:10:32Z
5095,17,2026-08-04T05:10:34Z
5096,17,2026-08-04T05:10:36Z
5097,18,2026-08-04T05:10:37Z
5098,21,2026-08-04T05:10:39Z
5099,24,2026-08-04T05:10:40Z
5100,21,2026-08-04T05:10:42Z
5101,24,2026-08-04T05:10:44Z
5102,22,2026-08-04T05:10:46Z
5103,24,2026-08-04T05:10:48Z
5104,23,2026-08-04T05:10:51Z
5105,25,2026-08-04T05:10:54Z
5106,23,2026-08-04T05:10:57Z
5107,25,2026-08-04T05:11:00Z
5108,25,2026-08-04T05:11:04Z
5109,21,2026-08-04T05:11:05Z
5110,25,2026-08-04T05:11:07Z
5111,22,2026-08-04T05:11:09Z
5112,21,2026-08-04T05:11:10Z
5113,21,2026-08-04T05:11:13Z
5114,21,2026-08-04T05:11:16Z
5115,19,2026-08-04T05:11:18Z
5116,20,2026-08-04T05:11:19Z
5117,19,2026-08-04T05:11:21Z
5118,18,2026-08-04T05:11:22Z
5119,16,2026-08-04T05:11:23Z
5120,15,2026-08-04T05:11:25Z
5121,14,2026-08-04T05:11:27Z
5122,14,2026-08-04T05:11:29Z
5123,17,2026-08-04T05:11:32Z
5124,15,2026-08-04T05:11:34Z
5125,14,2026-08-04T05:11:36Z
5126,13,2026-08-04T05:11:37Z
5127,14,2026-08-04T05:11:39Z
5128,14,2026-08-04T05:11:40Z
5129,16,2026-08-04T05:11:42Z
5130,14,2026-08-04T05:11:43Z
5131,15,2026-08-04T05:11:45Z
5132,16,2026-08-04T05:11:47Z
5133,15,2026-08-04T05:11:49Z
5134,13,2026-08-04T05:11:50Z
5135,15,2026-08-04T05:11:52Z
5136,16,2026-08-04T05:11:54Z
5137,15,2026-08-04T05:11:56Z
5138,13,2026-08-04T05:11:57Z
5139,14,2026-08-04T05:11:59Z
5140,14,2026-08-04T05:12:01Z
5141,15,2026-08-04T05:12:04Z
5142,16,2026-08-04T05:12:06Z
5143,17,2026-08-04T05:12:08Z
5144,18,2026-08-04T05:12:11Z
5145,19,2026-08-04T05:12:13Z
5146,20,2026-08-04T05:12:15Z
5147,18,2026-08-04T05:12:17Z
5148,18,2026-08-04T05:12:20Z
5149,17,2026-08-04T05:12:21Z
5150,18,2026-08-04T05:12:23Z
5151,20,2026-08-04T05:12:26Z
5152,20,2026-08-04T05:12:28Z
5153,20,2026-08-04T05:12:31Z
5154,21,2026-08-04T05:12:33Z
5155,23,2026-08-04T05:12:36Z
5156,21,2026-08-04T05:12:39Z
5157,21,2026-08-04T05:12:41Z
5158,21,2026-08-04T05:12:44Z
5159,23,2026-08-04T05:12:46Z
5160,24,2026-08-04T05:12:48Z
5161,24,2026-08-04T05:12:51Z
5162,25,2026-08-04T05:12:53Z
5163,24,2026-08-04T05:12:57Z
5164,24,2026-08-04T05:12:59Z
5165,21,2026-08-04T05:13:01Z
5166,21,2026-08-04T05:13:03Z
5167,22,2026-08-04T05:13:06Z
5168,21,2026-08-04T05:13:09Z
5169,21,2026-08-04T05:13:11Z
5170,22,2026-08-04T05:13:14Z
5171,23,2026-08-04T05:13:16Z
5172,23,2026-08-04T05:13:19Z
5173,23,2026-08-04T05:13:20Z
5174,24,2026-08-04T05:13:23Z
5175,23,2026-08-04T05:13:25Z
5176,25,2026-08-04T05:13:28Z
5177,22,2026-08-04T05:13:29Z
5178,23,2026-08-04T05:13:31Z
5179,21,2026-08-04T05:13:34Z
5180,21,2026-08-04T05:13:35Z
5181,22,2026-08-04T05:13:36Z
5182,22,2026-08-04T05:13:37Z
5183,21,2026-08-04T05:13:39Z
5184,20,2026-08-04T05:13:42Z
5185,20,2026-08-04T05:13:45Z
5186,18,2026-08-04T05:13:48Z
5187,17,2026-08-04T05:13:49Z
5188,18,2026-08-04T05:13:50Z
5189,18,2026-08-04T05:13:51Z
5190,18,2026-08-04T05:13:53Z
5191,19,2026-08-04T05:13:55Z
5192,17,2026-08-04T05:13:56Z
5193,17,2026-08-04T05:13:58Z
5194,18,2026-08-04T05:13:59Z
5195,17,2026-08-04T05:14:00Z
5196,18,2026-08-04T05:14:02Z
5197,19,2026-08-04T05:14:04Z
5198,19,2026-08-04T05:14:05Z
5199,18,2026-08-04T05:14:07Z
5200,18,2026-08-04T05:14:09Z
5201,18,2026-08-04T05:14:12Z
5202,23,2026-08-04T05:14:15Z
5203,22,2026-08-04T05:14:18Z
5204,23,2026-08-04T05:14:20Z
5205,25,2026-08-04T05:14:22Z
5206,25,2026-08-04T05:14:24Z
5207,21,2026-08-04T05:14:25Z
5208,23,2026-08-04T05:14:27Z
5209,20,2026-08-04T05:14:30Z
5210,21,2026-08-04T05:14:31Z
5211,20,2026-08-04T05:14:32Z
5212,19,2026-08-04T05:14:34Z
5213,20,2026-08-04T05:14:35Z
5214,20,2026-08-04T05:14:37Z
5215,19,2026-08-04T05:14:38Z
5216,19,2026-08-04T05:14:40Z
5217,23,2026-08-04T05:14:43Z
5218,21,2026-08-04T05:14:43Z
5219,21,2026-08-04T05:14:45Z
5220,20,2026-08-04T05:14:51Z
5221,17,2026-08-04T05:14:52Z
5222,18,2026-08-04T05:14:53Z
5223,21,2026-08-04T05:14:55Z
5224,19,2026-08-04T05:14:57Z
5225,21,2026-08-04T05:14:59Z
5226,18,2026-08-04T05:15:01Z
5227,21,2026-08-04T05:15:02Z
5228,19,2026-08-04T05:15:04Z
5229,18,2026-08-04T05:15:06Z
5230,18,2026-08-04T05:15:07Z
5231,17,2026-08-04T05:15:08Z
5232,18,2026-08-04T05:15:09Z
5233,17,2026-08-04T05:15:10Z
5234,18,2026-08-04T05:15:12Z
5235,16,2026-08-04T05:15:14Z
5236,17,2026-08-04T05:15:16Z
5237,16,2026-08-04T05:15:18Z
5238,15,2026-08-04T05:15:20Z
5239,16,2026-08-04T05:15:23Z
5240,15,2026-08-04T05:15:25Z
5241,15,2026-08-04T05:15:27Z
5242,15,2026-08-04T05:15:29Z
5243,15,2026-08-04T05:15:31Z
5244,16,2026-08-04T05:15:32Z
5245,15,2026-08-04T05:15:34Z
5246,16,2026-08-04T05:15:35Z
5247,16,2026-08-04T05:15:37Z
5248,16,2026-08-04T05:15:38Z
5249,16,2026-08-04T05:15:40Z
5250,16,2026-08-04T05:15:41Z
5251,16,2026-08-04T05:15:43Z
5252,17,2026-08-04T05:15:45Z
5253,16,2026-08-04T05:15:47Z
5254,17,2026-08-04T05:15:49Z
5255,18,2026-08-04T05:15:51Z
5256,20,2026-08-04T05:15:53Z
5257,17,2026-08-04T05:15:55Z
5258,14,2026-08-04T05:15:57Z
5259,14,2026-08-04T05:15:59Z
5260,15,2026-08-04T05:16:01Z
5261,17,2026-08-04T05:16:03Z
5262,20,2026-08-04T05:16:05Z
5263,22,2026-08-04T05:16:07Z
5264,24,2026-08-04T05:16:08Z
5265,22,2026-08-04T05:16:11Z
5266,21,2026-08-04T05:16:13Z
5267,24,2026-08-04T05:16:15Z
5268,20,2026-08-04T05:16:18Z
5269,21,2026-08-04T05:16:20Z
5270,25,2026-08-04T05:16:23Z
5271,22,2026-08-04T05:16:25Z
5272,19,2026-08-04T05:16:27Z
5273,23,2026-08-04T05:16:30Z
5274,20,2026-08-04T05:16:33Z
5275,21,2026-08-04T05:16:35Z
5276,20,2026-08-04T05:16:38Z
5277,19,2026-08-04T05:16:41Z
5278,20,2026-08-04T05:16:44Z
5279,19,2026-08-04T05:16:46Z
5280,22,2026-08-04T05:16:48Z
5281,22,2026-08-04T05:16:50Z
5282,21,2026-08-04T05:16:53Z
5283,22,2026-08-04T05:16:55Z
5284,21,2026-08-04T05:16:57Z
5285,24,2026-08-04T05:17:00Z
5286,20,2026-08-04T05:17:04Z
5287,24,2026-08-04T05:17:08Z
5288,22,2026-08-04T05:17:09Z
5289,21,2026-08-04T05:17:10Z
5290,19,2026-08-04T05:17:13Z
5291,17,2026-08-04T05:17:14Z
5292,17,2026-08-04T05:17:16Z
5293,16,2026-08-04T05:17:17Z
5294,16,2026-08-04T05:17:19Z
5295,16,2026-08-04T05:17:21Z
5296,17,2026-08-04T05:17:22Z
5297,16,2026-08-04T05:17:24Z
5298,17,2026-08-04T05:17:25Z
5299,18,2026-08-04T05:17:27Z
5300,18,2026-08-04T05:17:28Z
5301,18,2026-08-04T05:17:29Z
5302,18,2026-08-04T05:17:31Z
5303,20,2026-08-04T05:17:33Z
5304,18,2026-08-04T05:17:35Z
5305,20,2026-08-04T05:17:37Z
5306,19,2026-08-04T05:17:40Z
5307,17,2026-08-04T05:17:42Z
5308,17,2026-08-04T05:17:44Z
5309,19,2026-08-04T05:17:46Z
5310,19,2026-08-04T05:17:48Z
5311,16,2026-08-04T05:17:49Z
5312,16,2026-08-04T05:17:51Z
5313,17,2026-08-04T05:17:53Z
5314,15,2026-08-04T05:17:55Z
5315,18,2026-08-04T05:17:56Z
5316,19,2026-08-04T05:17:58Z
5317,16,2026-08-04T05:18:00Z
5318,15,2026-08-04T05:18:01Z
5319,17,2026-08-04T05:18:02Z
5320,15,2026-08-04T05:18:04Z
5321,15,2026-08-04T05:18:05Z
5322,20,2026-08-04T05:18:10Z
5323,16,2026-08-04T05:18:11Z
5324,17,2026-08-04T05:18:13Z
5325,16,2026-08-04T05:18:14Z
5326,19,2026-08-04T05:18:16Z
5327,19,2026-08-04T05:18:18Z
5328,21,2026-08-04T05:18:20Z
5329,22,2026-08-04T05:18:21Z
5330,24,2026-08-04T05:18:23Z
5331,22,2026-08-04T05:18:26Z
5332,24,2026-08-04T05:18:28Z
5333,24,2026-08-04T05:18:31Z
5334,21,2026-08-04T05:18:32Z
5335,21,2026-08-04T05:18:33Z
5336,19,2026-08-04T05:18:35Z
5337,20,2026-08-04T05:18:37Z
5338,19,2026-08-04T05:18:39Z
5339,21,2026-08-04T05:18:44Z
5340,19,2026-08-04T05:18:46Z
5341,20,2026-08-04T05:18:48Z
5342,18,2026-08-04T05:18:49Z
5343,20,2026-08-04T05:18:51Z
5344,20,2026-08-04T05:18:53Z
5345,20,2026-08-04T05:18:54Z
5346,21,2026-08-04T05:18:57Z
5347,22,2026-08-04T05:18:57Z
5348,21,2026-08-04T05:18:59Z
5349,21,2026-08-04T05:19:01Z
5350,24,2026-08-04T05:19:03Z
5351,21,2026-08-04T05:19:05Z
5352,22,2026-08-04T05:19:07Z
5353,21,2026-08-04T05:19:08Z
5354,19,2026-08-04T05:19:10Z
5355,20,2026-08-04T05:19:12Z
5356,20,2026-08-04T05:19:13Z
5357,19,2026-08-04T05:19:16Z
5358,20,2026-08-04T05:19:18Z
5359,20,2026-08-04T05:19:21Z
5360,20,2026-08-04T05:19:23Z
5361,19,2026-08-04T05:19:25Z
5362,23,2026-08-04T05:19:27Z
5363,21,2026-08-04T05:19:28Z
5364,19,2026-08-04T05:19:30Z
5365,21,2026-08-04T05:19:32Z
5366,20,2026-08-04T05:19:33Z
5367,21,2026-08-04T05:19:34Z
5368,21,2026-08-04T05:19:36Z
5369,19,2026-08-04T05:19:38Z
5370,17,2026-08-04T05:19:40Z
5371,19,2026-08-04T05:19:43Z
5372,20,2026-08-04T05:19:45Z
5373,18,2026-08-04T05:19:47Z
5374,20,2026-08-04T05:19:50Z
5375,21,2026-08-04T05:19:52Z
5376,20,2026-08-04T05:19:54Z
5377,20,2026-08-04T05:19:56Z
5378,22,2026-08-04T05:19:58Z
5379,21,2026-08-04T05:19:59Z
5380,22,2026-08-04T05:20:01Z
5381,21,2026-08-04T05:20:03Z
5382,19,2026-08-04T05:20:05Z
5383,21,2026-08-04T05:20:06Z
5384,19,2026-08-04T05:20:08Z
5385,20,2026-08-04T05:20:10Z
5386,18,2026-08-04T05:20:12Z
5387,20,2026-08-04T05:20:14Z
5388,19,2026-08-04T05:20:16Z
5389,18,2026-08-04T05:20:18Z
5390,20,2026-08-04T05:20:20Z
5391,21,2026-08-04T05:20:23Z
5392,21,2026-08-04T05:20:25Z
5393,18,2026-08-04T05:20:27Z
5394,19,2026-08-04T05:20:29Z
5395,19,2026-08-04T05:20:30Z
5396,20,2026-08-04T05:20:32Z
5397,19,2026-08-04T05:20:34Z
5398,20,2026-08-04T05:20:36Z
5399,18,2026-08-04T05:20:37Z
5400,18,2026-08-04T05:20:38Z
5401,17,2026-08-04T05:20:40Z
5402,19,2026-08-04T05:20:42Z
5403,18,2026-08-04T05:20:43Z
5404,18,2026-08-04T05:20:45Z
5405,16,2026-08-04T05:20:46Z
5406,15,2026-08-04T05:20:48Z
5407,15,2026-08-04T05:20:50Z
5408,18,2026-08-04T05:20:52Z
5409,15,2026-08-04T05:20:54Z
5410,17,2026-08-04T05:20:56Z
5411,15,2026-08-04T05:20:58Z
5412,17,2026-08-04T05:21:00Z
5413,16,2026-08-04T05:21:02Z
5414,15,2026-08-04T05:21:04Z
5415,16,2026-08-04T05:21:06Z
5416,15,2026-08-04T05:21:08Z
5417,19,2026-08-04T05:21:10Z
5418,18,2026-08-04T05:21:11Z
5419,18,2026-08-04T05:21:13Z
5420,20,2026-08-04T05:21:15Z
5421,21,2026-08-04T05:21:16Z
5422,21,2026-08-04T05:21:20Z
5423,23,2026-08-04T05:21:22Z
5424,25,2026-08-04T05:21:25Z
5425,23,2026-08-04T05:21:27Z
5426,22,2026-08-04T05:21:30Z
5427,24,2026-08-04T05:21:33Z
5428,21,2026-08-04T05:21:34Z
5429,20,2026-08-04T05:21:36Z
5430,21,2026-08-04T05:21:38Z
5431,21,2026-08-04T05:21:39Z
5432,21,2026-08-04T05:21:41Z
5433,18,2026-08-04T05:21:44Z
5434,17,2026-08-04T05:21:46Z
5435,18,2026-08-04T05:21:48Z
5436,18,2026-08-04T05:21:49Z
5437,18,2026-08-04T05:21:50Z
5438,18,2026-08-04T05:21:52Z
5439,19,2026-08-04T05:21:54Z
5440,18,2026-08-04T05:21:56Z
5441,17,2026-08-04T05:21:58Z
5442,17,2026-08-04T05:22:00Z
5443,16,2026-08-04T05:22:02Z
5444,17,2026-08-04T05:22:04Z
5445,18,2026-08-04T05:22:06Z
5446,20,2026-08-04T05:22:08Z
5447,17,2026-08-04T05:22:11Z
5448,17,2026-08-04T05:22:13Z
5449,18,2026-08-04T05:22:15Z
5450,19,2026-08-04T05:22:16Z
5451,16,2026-08-04T05:22:17Z
5452,17,2026-08-04T05:22:19Z
5453,19,2026-08-04T05:22:21Z
5454,17,2026-08-04T05:22:23Z
5455,18,2026-08-04T05:22:25Z
5456,20,2026-08-04T05:22:28Z
5457,17,2026-08-04T05:22:30Z
5458,16,2026-08-04T05:22:32Z
5459,17,2026-08-04T05:22:34Z
5460,17,2026-08-04T05:22:36Z
5461,16,2026-08-04T05:22:39Z
5462,19,2026-08-04T05:22:40Z
5463,20,2026-08-04T05:22:42Z
5464,21,2026-08-04T05:22:44Z
5465,21,2026-08-04T05:22:46Z
5466,22,2026-08-04T05:22:48Z
5467,24,2026-08-04T05:22:50Z
5468,20,2026-08-04T05:22:52Z
5469,20,2026-08-04T05:22:54Z
5470,20,2026-08-04T05:22:56Z
5471,19,2026-08-04T05:22:58Z
5472,20,2026-08-04T05:23:00Z
5473,19,2026-08-04T05:23:01Z
5474,19,2026-08-04T05:23:04Z
5475,23,2026-08-04T05:23:07Z
5476,20,2026-08-04T05:23:10Z
5477,21,2026-08-04T05:23:12Z
5478,21,2026-08-04T05:23:15Z
5479,23,2026-08-04T05:23:18Z
5480,22,2026-08-04T05:23:20Z
5481,23,2026-08-04T05:23:22Z
5482,24,2026-08-04T05:23:24Z
5483,23,2026-08-04T05:23:26Z
5484,26,2026-08-04T05:23:29Z
5485,24,2026-08-04T05:23:31Z
5486,23,2026-08-04T05:23:33Z
5487,28,2026-08-04T05:23:35Z
5488,22,2026-08-04T05:23:37Z
5489,19,2026-08-04T05:23:40Z
5490,19,2026-08-04T05:23:42Z
5491,20,2026-08-04T05:23:45Z
5492,20,2026-08-04T05:23:48Z
5493,19,2026-08-04T05:23:50Z
5494,20,2026-08-04T05:23:52Z
5495,22,2026-08-04T05:23:54Z
5496,24,2026-08-04T05:23:56Z
5497,24,2026-08-04T05:23:58Z
5498,25,2026-08-04T05:24:00Z
5499,25,2026-08-04T05:24:02Z
5500,23,2026-08-04T05:24:04Z
5501,21,2026-08-04T05:24:06Z
5502,19,2026-08-04T05:24:08Z
5503,17,2026-08-04T05:24:08Z
5504,18,2026-08-04T05:24:10Z
5505,16,2026-08-04T05:24:13Z
5506,15,2026-08-04T05:24:15Z
5507,17,2026-08-04T05:24:18Z
5508,16,2026-08-04T05:24:19Z
5509,16,2026-08-04T05:24:21Z
5510,15,2026-08-04T05:24:23Z
5511,15,2026-08-04T05:24:24Z
5512,17,2026-08-04T05:24:26Z
5513,20,2026-08-04T05:24:27Z
5514,21,2026-08-04T05:24:28Z
5515,19,2026-08-04T05:24:30Z
5516,19,2026-08-04T05:24:32Z
5517,17,2026-08-04T05:24:34Z
5518,15,2026-08-04T05:24:36Z
5519,15,2026-08-04T05:24:37Z
5520,15,2026-08-04T05:24:39Z
5521,18,2026-08-04T05:24:40Z
5522,20,2026-08-04T05:24:42Z
5523,20,2026-08-04T05:24:44Z
5524,23,2026-08-04T05:24:45Z
5525,22,2026-08-04T05:24:48Z
5526,23,2026-08-04T05:24:52Z
5527,21,2026-08-04T05:24:55Z
5528,22,2026-08-04T05:24:57Z
5529,22,2026-08-04T05:24:58Z
5530,23,2026-08-04T05:25:01Z
5531,23,2026-08-04T05:25:03Z
5532,21,2026-08-04T05:25:06Z
5533,22,2026-08-04T05:25:08Z
5534,26,2026-08-04T05:25:11Z
5535,26,2026-08-04T05:25:13Z
5536,28,2026-08-04T05:25:16Z
5537,24,2026-08-04T05:25:19Z
5538,24,2026-08-04T05:25:21Z
5539,24,2026-08-04T05:25:24Z
5540,26,2026-08-04T05:25:26Z
5541,27,2026-08-04T05:25:27Z
5542,24,2026-08-04T05:25:30Z
5543,25,2026-08-04T05:25:32Z
5544,22,2026-08-04T05:25:34Z
5545,23,2026-08-04T05:25:36Z
5546,19,2026-08-04T05:25:38Z
5547,21,2026-08-04T05:25:40Z
5548,19,2026-08-04T05:25:41Z
5549,19,2026-08-04T05:25:42Z
5550,16,2026-08-04T05:25:44Z
5551,15,2026-08-04T05:25:46Z
5552,15,2026-08-04T05:25:48Z
5553,15,2026-08-04T05:25:49Z
5554,16,2026-08-04T05:25:51Z
5555,16,2026-08-04T05:25:52Z
5556,17,2026-08-04T05:25:54Z
5557,17,2026-08-04T05:25:57Z
5558,17,2026-08-04T05:25:59Z
5559,18,2026-08-04T05:26:02Z
5560,16,2026-08-04T05:26:02Z
5561,19,2026-08-04T05:26:04Z
5562,16,2026-08-04T05:26:06Z
5563,19,2026-08-04T05:26:08Z
5564,18,2026-08-04T05:26:10Z
5565,17,2026-08-04T05:26:12Z
5566,19,2026-08-04T05:26:13Z
5567,21,2026-08-04T05:26:15Z
5568,20,2026-08-04T05:26:18Z
5569,19,2026-08-04T05:26:19Z
5570,20,2026-08-04T05:26:21Z
5571,17,2026-08-04T05:26:23Z
5572,17,2026-08-04T05:26:26Z
5573,19,2026-08-04T05:26:28Z
5574,18,2026-08-04T05:26:31Z
5575,18,2026-08-04T05:26:32Z
5576,17,2026-08-04T05:26:34Z
5577,19,2026-08-04T05:26:36Z
5578,18,2026-08-04T05:26:38Z
5579,16,2026-08-04T05:26:39Z
5580,20,2026-08-04T05:26:41Z
5581,23,2026-08-04T05:26:42Z
5582,19,2026-08-04T05:26:44Z
5583,18,2026-08-04T05:26:47Z
5584,21,2026-08-04T05:26:48Z
5585,20,2026-08-04T05:26:49Z
5586,16,2026-08-04T05:26:51Z
5587,18,2026-08-04T05:26:54Z
5588,17,2026-08-04T05:26:56Z
5589,20,2026-08-04T05:26:58Z
5590,21,2026-08-04T05:27:00Z
5591,20,2026-08-04T05:27:05Z
5592,22,2026-08-04T05:27:07Z
5593,25,2026-08-04T05:27:08Z
5594,21,2026-08-04T05:27:10Z
5595,19,2026-08-04T05:27:12Z
5596,22,2026-08-04T05:27:13Z
5597,22,2026-08-04T05:27:16Z
5598,21,2026-08-04T05:27:18Z
5599,23,2026-08-04T05:27:19Z
5600,21,2026-08-04T05:27:22Z
5601,23,2026-08-04T05:27:25Z
5602,25,2026-08-04T05:27:26Z
5603,26,2026-08-04T05:27:28Z
5604,20,2026-08-04T05:27:31Z
5605,22,2026-08-04T05:27:34Z
5606,22,2026-08-04T05:27:37Z
5607,19,2026-08-04T05:27:38Z
5608,23,2026-08-04T05:27:40Z
5609,24,2026-08-04T05:27:42Z
5610,21,2026-08-04T05:27:44Z
5611,21,2026-08-04T05:27:45Z
5612,20,2026-08-04T05:27:47Z
5613,20,2026-08-04T05:27:49Z
5614,20,2026-08-04T05:27:51Z
5615,20,2026-08-04T05:27:52Z
5616,21,2026-08-04T05:27:54Z
5617,22,2026-08-04T05:27:56Z
5618,18,2026-08-04T05:27:58Z
5619,19,2026-08-04T05:27:59Z
5620,20,2026-08-04T05:28:01Z
5621,17,2026-08-04T05:28:03Z
5622,17,2026-08-04T05:28:04Z
5623,18,2026-08-04T05:28:06Z
5624,17,2026-08-04T05:28:10Z
5625,16,2026-08-04T05:28:13Z
5626,18,2026-08-04T05:28:15Z
5627,19,2026-08-04T05:28:17Z
5628,17,2026-08-04T05:28:18Z
5629,21,2026-08-04T05:28:20Z
5630,20,2026-08-04T05:28:22Z
5631,20,2026-08-04T05:28:24Z
5632,23,2026-08-04T05:28:26Z
5633,25,2026-08-04T05:28:28Z
5634,25,2026-08-04T05:28:29Z
5635,25,2026-08-04T05:28:31Z
5636,23,2026-08-04T05:28:34Z
5637,23,2026-08-04T05:28:36Z
5638,22,2026-08-04T05:28:37Z
5639,21,2026-08-04T05:28:41Z
5640,23,2026-08-04T05:28:45Z
5641,18,2026-08-04T05:28:47Z
5642,20,2026-08-04T05:28:49Z
5643,20,2026-08-04T05:28:51Z
5644,20,2026-08-04T05:28:53Z
5645,20,2026-08-04T05:28:55Z
5646,21,2026-08-04T05:28:56Z
5647,20,2026-08-04T05:28:58Z
5648,21,2026-08-04T05:29:00Z
5649,21,2026-08-04T05:29:01Z
5650,19,2026-08-04T05:29:03Z
5651,22,2026-08-04T05:29:04Z
5652,20,2026-08-04T05:29:06Z
5653,19,2026-08-04T05:29:08Z
5654,22,2026-08-04T05:29:10Z
5655,23,2026-08-04T05:29:13Z
5656,22,2026-08-04T05:29:16Z
5657,20,2026-08-04T05:29:19Z
5658,18,2026-08-04T05:29:20Z
5659,20,2026-08-04T05:29:22Z
5660,20,2026-08-04T05:29:24Z
5661,20,2026-08-04T05:29:26Z
5662,19,2026-08-04T05:29:28Z
5663,18,2026-08-04T05:29:30Z
5664,17,2026-08-04T05:29:31Z
5665,19,2026-08-04T05:29:32Z
5666,19,2026-08-04T05:29:34Z
5667,17,2026-08-04T05:29:36Z
5668,16,2026-08-04T05:29:37Z
5669,18,2026-08-04T05:29:39Z
5670,17,2026-08-04T05:29:40Z
5671,18,2026-08-04T05:29:41Z
5672,17,2026-08-04T05:29:43Z
5673,19,2026-08-04T05:29:44Z
5674,18,2026-08-04T05:29:47Z
5675,19,2026-08-04T05:29:49Z
5676,19,2026-08-04T05:29:52Z
5677,18,2026-08-04T05:29:54Z
5678,17,2026-08-04T05:29:57Z
5679,18,2026-08-04T05:29:58Z
5680,19,2026-08-04T05:30:00Z
5681,19,2026-08-04T05:30:01Z
5682,20,2026-08-04T05:30:03Z
5683,19,2026-08-04T05:30:05Z
5684,18,2026-08-04T05:30:06Z
5685,21,2026-08-04T05:30:08Z
5686,17,2026-08-04T05:30:10Z
5687,17,2026-08-04T05:30:12Z
5688,20,2026-08-04T05:30:12Z
5689,17,2026-08-04T05:30:14Z
5690,15,2026-08-04T05:30:15Z
5691,19,2026-08-04T05:30:16Z
5692,15,2026-08-04T05:30:18Z
5693,13,2026-08-04T05:30:20Z
5694,14,2026-08-04T05:30:22Z
5695,16,2026-08-04T05:30:24Z
5696,16,2026-08-04T05:30:26Z
5697,16,2026-08-04T05:30:28Z
5698,15,2026-08-04T05:30:30Z
5699,16,2026-08-04T05:30:32Z
5700,18,2026-08-04T05:30:34Z
5701,19,2026-08-04T05:30:36Z
5702,19,2026-08-04T05:30:36Z
5703,18,2026-08-04T05:30:38Z
5704,18,2026-08-04T05:30:40Z
5705,19,2026-08-04T05:30:42Z
5706,19,2026-08-04T05:30:43Z
5707,18,2026-08-04T05:30:45Z
5708,20,2026-08-04T05:30:47Z
5709,20,2026-08-04T05:30:49Z
5710,21,2026-08-04T05:30:50Z
5711,18,2026-08-04T05:30:53Z
5712,19,2026-08-04T05:30:56Z
5713,18,2026-08-04T05:30:58Z
5714,19,2026-08-04T05:31:00Z
5715,19,2026-08-04T05:31:01Z
5716,19,2026-08-04T05:31:02Z
5717,19,2026-08-04T05:31:04Z
5718,23,2026-08-04T05:31:06Z
5719,20,2026-08-04T05:31:08Z
5720,21,2026-08-04T05:31:10Z
5721,22,2026-08-04T05:31:11Z
5722,22,2026-08-04T05:31:13Z
5723,21,2026-08-04T05:31:15Z
5724,19,2026-08-04T05:31:16Z
5725,19,2026-08-04T05:31:18Z
5726,19,2026-08-04T05:31:20Z
5727,23,2026-08-04T05:31:21Z
5728,22,2026-08-04T05:31:23Z
5729,20,2026-08-04T05:31:25Z
5730,21,2026-08-04T05:31:26Z
5731,23,2026-08-04T05:31:29Z
5732,20,2026-08-04T05:31:33Z
5733,21,2026-08-04T05:31:35Z
5734,20,2026-08-04T05:31:36Z
5735,18,2026-08-04T05:31:38Z
5736,19,2026-08-04T05:31:40Z
5737,20,2026-08-04T05:31:42Z
5738,16,2026-08-04T05:31:44Z
5739,17,2026-08-04T05:31:45Z
5740,17,2026-08-04T05:31:47Z
5741,19,2026-08-04T05:31:48Z
5742,18,2026-08-04T05:31:50Z
5743,20,2026-08-04T05:31:51Z
5744,17,2026-08-04T05:31:53Z
5745,17,2026-08-04T05:31:54Z
5746,16,2026-08-04T05:31:55Z
5747,16,2026-08-04T05:31:56Z
5748,18,2026-08-04T05:31:58Z
5749,17,2026-08-04T05:31:58Z
5750,16,2026-08-04T05:32:01Z
5751,17,2026-08-04T05:32:04Z
5752,18,2026-08-04T05:32:06Z
5753,18,2026-08-04T05:32:08Z
5754,16,2026-08-04T05:32:09Z
5755,17,2026-08-04T05:32:11Z
5756,17,2026-08-04T05:32:13Z
5757,17,2026-08-04T05:32:15Z
5758,16,2026-08-04T05:32:16Z
5759,17,2026-08-04T05:32:18Z
5760,18,2026-08-04T05:32:19Z
5761,16,2026-08-04T05:32:20Z
5762,15,2026-08-04T05:32:22Z
5763,17,2026-08-04T05:32:23Z
5764,16,2026-08-04T05:32:25Z
5765,17,2026-08-04T05:32:27Z
5766,17,2026-08-04T05:32:29Z
5767,18,2026-08-04T05:32:31Z
5768,17,2026-08-04T05:32:33Z
5769,16,2026-08-04T05:32:35Z
5770,16,2026-08-04T05:32:37Z
5771,18,2026-08-04T05:32:39Z
5772,16,2026-08-04T05:32:40Z
5773,17,2026-08-04T05:32:42Z
5774,17,2026-08-04T05:32:43Z
5775,15,2026-08-04T05:32:45Z
5776,15,2026-08-04T05:32:46Z
5777,15,2026-08-04T05:32:47Z
5778,17,2026-08-04T05:32:49Z
5779,14,2026-08-04T05:32:51Z
5780,13,2026-08-04T05:32:51Z
5781,14,2026-08-04T05:32:52Z
5782,15,2026-08-04T05:32:53Z
5783,13,2026-08-04T05:32:55Z
5784,13,2026-08-04T05:32:56Z
5785,16,2026-08-04T05:32:57Z
5786,13,2026-08-04T05:32:59Z
5787,13,2026-08-04T05:33:01Z
5788,13,2026-08-04T05:33:03Z
5789,17,2026-08-04T05:33:05Z
5790,14,2026-08-04T05:33:07Z
5791,14,2026-08-04T05:33:08Z
5792,16,2026-08-04T05:33:10Z
5793,18,2026-08-04T05:33:12Z
5794,16,2026-08-04T05:33:14Z
5795,16,2026-08-04T05:33:16Z
5796,18,2026-08-04T05:33:18Z
5797,16,2026-08-04T05:33:19Z
5798,16,2026-08-04T05:33:21Z
5799,16,2026-08-04T05:33:23Z
5800,16,2026-08-04T05:33:24Z
5801,17,2026-08-04T05:33:26Z
5802,18,2026-08-04T05:33:28Z
5803,19,2026-08-04T05:33:30Z
5804,21,2026-08-04T05:33:32Z
5805,20,2026-08-04T05:33:34Z
5806,19,2026-08-04T05:33:36Z
5807,20,2026-08-04T05:33:39Z
5808,21,2026-08-04T05:33:41Z
5809,22,2026-08-04T05:33:44Z
5810,20,2026-08-04T05:33:45Z
5811,20,2026-08-04T05:33:47Z
5812,20,2026-08-04T05:33:49Z
5813,19,2026-08-04T05:33:50Z
5814,19,2026-08-04T05:33:52Z
5815,20,2026-08-04T05:33:54Z
5816,18,2026-08-04T05:33:56Z
5817,19,2026-08-04T05:33:58Z
5818,19,2026-08-04T05:34:00Z
5819,18,2026-08-04T05:34:02Z
5820,18,2026-08-04T05:34:03Z
5821,19,2026-08-04T05:34:05Z
5822,19,2026-08-04T05:34:06Z
5823,19,2026-08-04T05:34:08Z
5824,19,2026-08-04T05:34:09Z
5825,21,2026-08-04T05:34:11Z
5826,16,2026-08-04T05:34:13Z
5827,20,2026-08-04T05:34:16Z
5828,20,2026-08-04T05:34:19Z
5829,19,2026-08-04T05:34:21Z
5830,17,2026-08-04T05:34:22Z
5831,19,2026-08-04T05:34:24Z
5832,20,2026-08-04T05:34:26Z
5833,17,2026-08-04T05:34:27Z
5834,20,2026-08-04T05:34:28Z
5835,19,2026-08-04T05:34:30Z
5836,19,2026-08-04T05:34:32Z
5837,19,2026-08-04T05:34:35Z
5838,19,2026-08-04T05:34:36Z
5839,19,2026-08-04T05:34:38Z
5840,21,2026-08-04T05:34:40Z
5841,22,2026-08-04T05:34:42Z
5842,21,2026-08-04T05:34:44Z
5843,22,2026-08-04T05:34:46Z
5844,23,2026-08-04T05:34:49Z
5845,21,2026-08-04T05:34:52Z
5846,20,2026-08-04T05:34:55Z
5847,20,2026-08-04T05:34:56Z
5848,20,2026-08-04T05:34:58Z
5849,19,2026-08-04T05:35:00Z
5850,23,2026-08-04T05:35:02Z
5851,18,2026-08-04T05:35:03Z
5852,17,2026-08-04T05:35:05Z
5853,17,2026-08-04T05:35:06Z
5854,17,2026-08-04T05:35:08Z
5855,19,2026-08-04T05:35:09Z
5856,18,2026-08-04T05:35:11Z
5857,20,2026-08-04T05:35:14Z
5858,19,2026-08-04T05:35:16Z
5859,22,2026-08-04T05:35:19Z
5860,19,2026-08-04T05:35:21Z
5861,22,2026-08-04T05:35:24Z
5862,18,2026-08-04T05:35:25Z
5863,20,2026-08-04T05:35:27Z
5864,18,2026-08-04T05:35:30Z
5865,19,2026-08-04T05:35:31Z
5866,17,2026-08-04T05:35:33Z
5867,17,2026-08-04T05:35:35Z
5868,19,2026-08-04T05:35:36Z
5869,18,2026-08-04T05:35:38Z
5870,20,2026-08-04T05:35:40Z
5871,17,2026-08-04T05:35:41Z
5872,22,2026-08-04T05:35:43Z
5873,17,2026-08-04T05:35:45Z
5874,22,2026-08-04T05:35:46Z
5875,17,2026-08-04T05:35:48Z
5876,17,2026-08-04T05:35:51Z
5877,16,2026-08-04T05:35:54Z
5878,17,2026-08-04T05:35:56Z
5879,17,2026-08-04T05:35:59Z
5880,18,2026-08-04T05:36:02Z
5881,19,2026-08-04T05:36:04Z
5882,20,2026-08-04T05:36:06Z
5883,23,2026-08-04T05:36:09Z
5884,22,2026-08-04T05:36:11Z
5885,22,2026-08-04T05:36:13Z
5886,20,2026-08-04T05:36:15Z
5887,21,2026-08-04T05:36:17Z
5888,21,2026-08-04T05:36:20Z
5889,22,2026-08-04T05:36:22Z
5890,22,2026-08-04T05:36:24Z
5891,21,2026-08-04T05:36:27Z
5892,23,2026-08-04T05:36:29Z
5893,22,2026-08-04T05:36:32Z
5894,18,2026-08-04T05:36:34Z
5895,20,2026-08-04T05:36:36Z
5896,21,2026-08-04T05:36:38Z
5897,17,2026-08-04T05:36:40Z
5898,17,2026-08-04T05:36:42Z
5899,18,2026-08-04T05:36:43Z
5900,17,2026-08-04T05:36:45Z
5901,20,2026-08-04T05:36:47Z
5902,18,2026-08-04T05:36:50Z
5903,19,2026-08-04T05:36:52Z
5904,20,2026-08-04T05:36:53Z
5905,19,2026-08-04T05:36:55Z
5906,18,2026-08-04T05:36:56Z
5907,19,2026-08-04T05:37:00Z
5908,18,2026-08-04T05:37:04Z
5909,20,2026-08-04T05:37:05Z
5910,20,2026-08-04T05:37:08Z
5911,22,2026-08-04T05:37:10Z
5912,21,2026-08-04T05:37:12Z
5913,20,2026-08-04T05:37:13Z
5914,17,2026-08-04T05:37:16Z
5915,20,2026-08-04T05:37:18Z
5916,19,2026-08-04T05:37:20Z
5917,21,2026-08-04T05:37:22Z
5918,21,2026-08-04T05:37:24Z
5919,21,2026-08-04T05:37:26Z
5920,22,2026-08-04T05:37:27Z
5921,21,2026-08-04T05:37:30Z
5922,20,2026-08-04T05:37:32Z
5923,21,2026-08-04T05:37:34Z
5924,20,2026-08-04T05:37:37Z
5925,20,2026-08-04T05:37:39Z
5926,21,2026-08-04T05:37:41Z
5927,20,2026-08-04T05:37:43Z
5928,23,2026-08-04T05:37:45Z
5929,21,2026-08-04T05:37:47Z
5930,20,2026-08-04T05:37:48Z
5931,20,2026-08-04T05:37:50Z
5932,21,2026-08-04T05:37:51Z
5933,19,2026-08-04T05:37:54Z
5934,19,2026-08-04T05:37:55Z
5935,19,2026-08-04T05:37:57Z
5936,18,2026-08-04T05:37:59Z
5937,19,2026-08-04T05:38:00Z
5938,20,2026-08-04T05:38:02Z
5939,17,2026-08-04T05:38:05Z
5940,18,2026-08-04T05:38:07Z
5941,20,2026-08-04T05:38:10Z
5942,19,2026-08-04T05:38:12Z
5943,19,2026-08-04T05:38:15Z
5944,20,2026-08-04T05:38:17Z
5945,19,2026-08-04T05:38:18Z
5946,22,2026-08-04T05:38:19Z
5947,20,2026-08-04T05:38:21Z
5948,22,2026-08-04T05:38:23Z
5949,22,2026-08-04T05:38:24Z
5950,23,2026-08-04T05:38:27Z
5951,25,2026-08-04T05:38:29Z
5952,24,2026-08-04T05:38:31Z
5953,21,2026-08-04T05:38:33Z
5954,23,2026-08-04T05:38:35Z
5955,22,2026-08-04T05:38:38Z
5956,22,2026-08-04T05:38:39Z
5957,24,2026-08-04T05:38:43Z
5958,21,2026-08-04T05:38:47Z
5959,24,2026-08-04T05:38:49Z
5960,22,2026-08-04T05:38:51Z
5961,20,2026-08-04T05:38:53Z
5962,22,2026-08-04T05:38:55Z
5963,23,2026-08-04T05:38:57Z
5964,23,2026-08-04T05:38:59Z
5965,25,2026-08-04T05:39:01Z
5966,25,2026-08-04T05:39:03Z
5967,27,2026-08-04T05:39:05Z
5968,24,2026-08-04T05:39:08Z
5969,24,2026-08-04T05:39:11Z
5970,21,2026-08-04T05:39:11Z
5971,20,2026-08-04T05:39:18Z
5972,20,2026-08-04T05:39:20Z
5973,22,2026-08-04T05:39:22Z
5974,24,2026-08-04T05:39:23Z
5975,21,2026-08-04T05:39:24Z
5976,23,2026-08-04T05:39:26Z
5977,23,2026-08-04T05:39:29Z
5978,17,2026-08-04T05:39:31Z
5979,17,2026-08-04T05:39:33Z
5980,19,2026-08-04T05:39:36Z
5981,19,2026-08-04T05:39:36Z
5982,20,2026-08-04T05:39:38Z
5983,22,2026-08-04T05:39:41Z
5984,23,2026-08-04T05:39:43Z
5985,24,2026-08-04T05:39:45Z
5986,23,2026-08-04T05:39:50Z
5987,23,2026-08-04T05:39:52Z
5988,21,2026-08-04T05:39:55Z
5989,23,2026-08-04T05:39:56Z
5990,23,2026-08-04T05:39:58Z
5991,21,2026-08-04T05:40:00Z
5992,18,2026-08-04T05:40:02Z
5993,20,2026-08-04T05:40:04Z
5994,23,2026-08-04T05:40:06Z
5995,20,2026-08-04T05:40:08Z
5996,23,2026-08-04T05:40:09Z
5997,23,2026-08-04T05:40:12Z
5998,24,2026-08-04T05:40:14Z
5999,27,2026-08-04T05:40:15Z
6000,25,2026-08-04T05:40:17Z
6001,23,2026-08-04T05:40:20Z
6002,25,2026-08-04T05:40:23Z
6003,24,2026-08-04T05:40:26Z
6004,24,2026-08-04T05:40:29Z
6005,19,2026-08-04T05:40:31Z
6006,22,2026-08-04T05:40:33Z
6007,19,2026-08-04T05:40:35Z
6008,20,2026-08-04T05:40:37Z
6009,19,2026-08-04T05:40:38Z
6010,19,2026-08-04T05:40:41Z
6011,21,2026-08-04T05:40:43Z
6012,20,2026-08-04T05:40:45Z
6013,19,2026-08-04T05:40:47Z
6014,20,2026-08-04T05:40:49Z
6015,19,2026-08-04T05:40:51Z
6016,17,2026-08-04T05:40:54Z
6017,17,2026-08-04T05:40:56Z
6018,18,2026-08-04T05:40:59Z
6019,18,2026-08-04T05:41:00Z
6020,18,2026-08-04T05:41:03Z
6021,19,2026-08-04T05:41:04Z
6022,17,2026-08-04T05:41:04Z
6023,17,2026-08-04T05:41:06Z
6024,18,2026-08-04T05:41:08Z
6025,20,2026-08-04T05:41:10Z
6026,19,2026-08-04T05:41:12Z
6027,18,2026-08-04T05:41:14Z
6028,19,2026-08-04T05:41:15Z
6029,16,2026-08-04T05:41:17Z
6030,17,2026-08-04T05:41:19Z
6031,18,2026-08-04T05:41:21Z
6032,22,2026-08-04T05:41:23Z
6033,20,2026-08-04T05:41:25Z
6034,22,2026-08-04T05:41:27Z
6035,19,2026-08-04T05:41:29Z
6036,19,2026-08-04T05:41:31Z
6037,20,2026-08-04T05:41:33Z
6038,20,2026-08-04T05:41:35Z
6039,17,2026-08-04T05:41:37Z
6040,19,2026-08-04T05:41:38Z
6041,21,2026-08-04T05:41:40Z
6042,18,2026-08-04T05:41:42Z
6043,20,2026-08-04T05:41:43Z
6044,22,2026-08-04T05:41:45Z
6045,22,2026-08-04T05:41:47Z
6046,24,2026-08-04T05:41:49Z
6047,27,2026-08-04T05:41:51Z
6048,26,2026-08-04T05:41:53Z
6049,26,2026-08-04T05:41:55Z
6050,21,2026-08-04T05:41:57Z
6051,27,2026-08-04T05:41:59Z
6052,24,2026-08-04T05:42:06Z
6053,23,2026-08-04T05:42:07Z
6054,22,2026-08-04T05:42:10Z
6055,23,2026-08-04T05:42:12Z
6056,25,2026-08-04T05:42:14Z
6057,21,2026-08-04T05:42:15Z
6058,21,2026-08-04T05:42:17Z
6059,25,2026-08-04T05:42:19Z
6060,26,2026-08-04T05:42:20Z
6061,22,2026-08-04T05:42:22Z
6062,24,2026-08-04T05:42:24Z
6063,22,2026-08-04T05:42:26Z
6064,19,2026-08-04T05:42:29Z
6065,21,2026-08-04T05:42:30Z
6066,20,2026-08-04T05:42:34Z
6067,18,2026-08-04T05:42:37Z
6068,17,2026-08-04T05:42:38Z
6069,20,2026-08-04T05:42:40Z
6070,19,2026-08-04T05:42:41Z
6071,18,2026-08-04T05:42:43Z
6072,17,2026-08-04T05:42:44Z
6073,18,2026-08-04T05:42:47Z
6074,17,2026-08-04T05:42:48Z
6075,15,2026-08-04T05:42:50Z
6076,15,2026-08-04T05:42:51Z
6077,18,2026-08-04T05:42:53Z
6078,16,2026-08-04T05:42:55Z
6079,17,2026-08-04T05:42:57Z
6080,18,2026-08-04T05:42:59Z
6081,21,2026-08-04T05:43:01Z
6082,20,2026-08-04T05:43:03Z
6083,18,2026-08-04T05:43:06Z
6084,19,2026-08-04T05:43:08Z
6085,19,2026-08-04T05:43:11Z
6086,22,2026-08-04T05:43:13Z
6087,19,2026-08-04T05:43:15Z
6088,19,2026-08-04T05:43:18Z
6089,22,2026-08-04T05:43:20Z
6090,24,2026-08-04T05:43:23Z
6091,21,2026-08-04T05:43:25Z
6092,23,2026-08-04T05:43:27Z
6093,21,2026-08-04T05:43:30Z
6094,22,2026-08-04T05:43:31Z
6095,22,2026-08-04T05:43:34Z
6096,23,2026-08-04T05:43:36Z
6097,22,2026-08-04T05:43:39Z
6098,19,2026-08-04T05:43:42Z
6099,22,2026-08-04T05:43:45Z
6100,20,2026-08-04T05:43:48Z
6101,18,2026-08-04T05:43:50Z
6102,18,2026-08-04T05:43:52Z
6103,19,2026-08-04T05:43:53Z
6104,19,2026-08-04T05:43:55Z
6105,18,2026-08-04T05:43:56Z
6106,17,2026-08-04T05:43:57Z
6107,18,2026-08-04T05:44:00Z
6108,19,2026-08-04T05:44:02Z
6109,18,2026-08-04T05:44:04Z
6110,16,2026-08-04T05:44:06Z
6111,16,2026-08-04T05:44:08Z
6112,18,2026-08-04T05:44:10Z
6113,15,2026-08-04T05:44:12Z
6114,15,2026-08-04T05:44:15Z
6115,16,2026-08-04T05:44:17Z
6116,17,2026-08-04T05:44:19Z
6117,16,2026-08-04T05:44:20Z
6118,15,2026-08-04T05:44:22Z
6119,16,2026-08-04T05:44:24Z
6120,15,2026-08-04T05:44:26Z
6121,15,2026-08-04T05:44:28Z
6122,15,2026-08-04T05:44:30Z
6123,15,2026-08-04T05:44:32Z
6124,16,2026-08-04T05:44:33Z
6125,18,2026-08-04T05:44:35Z
6126,18,2026-08-04T05:44:37Z
6127,17,2026-08-04T05:44:40Z
6128,19,2026-08-04T05:44:43Z
6129,18,2026-08-04T05:44:46Z
6130,19,2026-08-04T05:44:48Z
6131,18,2026-08-04T05:44:51Z
6132,21,2026-08-04T05:44:52Z
6133,22,2026-08-04T05:44:54Z
6134,21,2026-08-04T05:44:57Z
6135,22,2026-08-04T05:44:59Z
6136,24,2026-08-04T05:45:02Z
6137,22,2026-08-04T05:45:04Z
6138,21,2026-08-04T05:45:06Z
6139,24,2026-08-04T05:45:08Z
6140,20,2026-08-04T05:45:11Z
6141,19,2026-08-04T05:45:13Z
6142,21,2026-08-04T05:45:15Z
6143,20,2026-08-04T05:45:18Z
6144,21,2026-08-04T05:45:21Z
6145,22,2026-08-04T05:45:23Z
6146,25,2026-08-04T05:45:26Z
6147,24,2026-08-04T05:45:29Z
6148,22,2026-08-04T05:45:32Z
6149,23,2026-08-04T05:45:36Z
6150,23,2026-08-04T05:45:39Z
6151,23,2026-08-04T05:45:42Z
6152,24,2026-08-04T05:45:44Z
6153,26,2026-08-04T05:45:49Z
6154,26,2026-08-04T05:45:53Z
6155,27,2026-08-04T05:45:58Z
6156,31,2026-08-04T05:46:01Z
6157,33,2026-08-04T05:46:05Z
6158,34,2026-08-04T05:46:08Z
6159,35,2026-08-04T05:46:11Z
6160,29,2026-08-04T05:46:14Z
6161,29,2026-08-04T05:46:16Z
6162,31,2026-08-04T05:46:20Z
6163,28,2026-08-04T05:46:23Z
6164,23,2026-08-04T05:46:26Z
6165,24,2026-08-04T05:46:30Z
6166,22,2026-08-04T05:46:32Z
6167,23,2026-08-04T05:46:34Z
6168,23,2026-08-04T05:46:36Z
6169,24,2026-08-04T05:46:38Z
6170,21,2026-08-04T05:46:40Z
6171,20,2026-08-04T05:46:42Z
6172,20,2026-08-04T05:46:44Z
6173,24,2026-08-04T05:46:47Z
6174,21,2026-08-04T05:46:49Z
6175,23,2026-08-04T05:46:52Z
6176,23,2026-08-04T05:46:54Z
6177,22,2026-08-04T05:46:55Z
6178,23,2026-08-04T05:46:58Z
6179,22,2026-08-04T05:47:01Z
6180,21,2026-08-04T05:47:05Z
6181,22,2026-08-04T05:47:08Z
6182,22,2026-08-04T05:47:10Z
6183,21,2026-08-04T05:47:12Z
6184,23,2026-08-04T05:47:13Z
6185,23,2026-08-04T05:47:15Z
6186,22,2026-08-04T05:47:19Z
6187,23,2026-08-04T05:47:21Z
6188,19,2026-08-04T05:47:23Z
6189,20,2026-08-04T05:47:23Z
6190,18,2026-08-04T05:47:26Z
6191,20,2026-08-04T05:47:29Z
6192,21,2026-08-04T05:47:31Z
6193,19,2026-08-04T05:47:34Z
6194,21,2026-08-04T05:47:36Z
6195,25,2026-08-04T05:47:39Z
6196,21,2026-08-04T05:47:42Z
6197,21,2026-08-04T05:47:44Z
6198,22,2026-08-04T05:47:45Z
6199,24,2026-08-04T05:47:48Z
6200,24,2026-08-04T05:47:50Z
6201,20,2026-08-04T05:47:52Z
6202,17,2026-08-04T05:47:54Z
6203,16,2026-08-04T05:47:56Z
6204,17,2026-08-04T05:47:58Z
6205,18,2026-08-04T05:48:00Z
6206,17,2026-08-04T05:48:03Z
6207,18,2026-08-04T05:48:05Z
6208,16,2026-08-04T05:48:08Z
6209,17,2026-08-04T05:48:10Z
6210,17,2026-08-04T05:48:12Z
6211,18,2026-08-04T05:48:14Z
6212,17,2026-08-04T05:48:16Z
6213,17,2026-08-04T05:48:18Z
6214,17,2026-08-04T05:48:20Z
6215,17,2026-08-04T05:48:22Z
6216,17,2026-08-04T05:48:24Z
6217,17,2026-08-04T05:48:24Z
6218,16,2026-08-04T05:48:26Z
6219,18,2026-08-04T05:48:27Z
6220,16,2026-08-04T05:48:29Z
6221,15,2026-08-04T05:48:31Z
6222,16,2026-08-04T05:48:32Z
6223,15,2026-08-04T05:48:35Z
6224,18,2026-08-04T05:48:38Z
6225,20,2026-08-04T05:48:40Z
6226,20,2026-08-04T05:48:43Z
6227,22,2026-08-04T05:48:46Z
6228,22,2026-08-04T05:48:49Z
6229,23,2026-08-04T05:48:52Z
6230,24,2026-08-04T05:48:54Z
6231,28,2026-08-04T05:48:57Z
6232,26,2026-08-04T05:48:59Z
6233,30,2026-08-04T05:49:02Z
6234,26,2026-08-04T05:49:05Z
6235,31,2026-08-04T05:49:09Z
6236,28,2026-08-04T05:49:11Z
6237,33,2026-08-04T05:49:16Z
6238,33,2026-08-04T05:49:21Z
6239,30,2026-08-04T05:49:25Z
6240,26,2026-08-04T05:49:28Z
6241,23,2026-08-04T05:49:30Z
6242,23,2026-08-04T05:49:32Z
6243,23,2026-08-04T05:49:35Z
6244,22,2026-08-04T05:49:37Z
6245,24,2026-08-04T05:49:39Z
6246,22,2026-08-04T05:49:41Z
6247,24,2026-08-04T05:49:43Z
6248,24,2026-08-04T05:49:47Z
6249,22,2026-08-04T05:49:51Z
6250,22,2026-08-04T05:49:53Z
6251,23,2026-08-04T05:49:56Z
6252,24,2026-08-04T05:49:58Z
6253,23,2026-08-04T05:50:01Z
6254,22,2026-08-04T05:50:03Z
6255,23,2026-08-04T05:50:04Z
6256,21,2026-08-04T05:50:06Z
6257,20,2026-08-04T05:50:08Z
6258,20,2026-08-04T05:50:11Z
6259,20,2026-08-04T05:50:13Z
6260,18,2026-08-04T05:50:14Z
6261,15,2026-08-04T05:50:15Z
6262,16,2026-08-04T05:50:19Z
6263,18,2026-08-04T05:50:24Z
6264,16,2026-08-04T05:50:26Z
6265,16,2026-08-04T05:50:28Z
6266,16,2026-08-04T05:50:29Z
6267,16,2026-08-04T05:50:31Z
6268,17,2026-08-04T05:50:32Z
6269,19,2026-08-04T05:50:35Z
6270,21,2026-08-04T05:50:37Z
6271,18,2026-08-04T05:50:39Z
6272,17,2026-08-04T05:50:41Z
6273,17,2026-08-04T05:50:43Z
6274,18,2026-08-04T05:50:45Z
6275,17,2026-08-04T05:50:47Z
6276,18,2026-08-04T05:50:50Z
6277,21,2026-08-04T05:50:52Z
6278,20,2026-08-04T05:50:54Z
6279,19,2026-08-04T05:50:57Z
6280,18,2026-08-04T05:50:59Z
6281,20,2026-08-04T05:51:03Z
6282,20,2026-08-04T05:51:04Z
6283,18,2026-08-04T05:51:06Z
6284,20,2026-08-04T05:51:08Z
6285,18,2026-08-04T05:51:10Z
6286,19,2026-08-04T05:51:12Z
6287,20,2026-08-04T05:51:14Z
6288,19,2026-08-04T05:51:16Z
6289,19,2026-08-04T05:51:20Z
6290,21,2026-08-04T05:51:24Z
6291,21,2026-08-04T05:51:27Z
6292,23,2026-08-04T05:51:31Z
6293,23,2026-08-04T05:51:33Z
6294,24,2026-08-04T05:51:35Z
6295,25,2026-08-04T05:51:37Z
6296,26,2026-08-04T05:51:41Z
6297,24,2026-08-04T05:51:44Z
6298,25,2026-08-04T05:51:47Z
6299,25,2026-08-04T05:51:50Z
6300,26,2026-08-04T05:51:53Z
6301,27,2026-08-04T05:51:56Z
6302,28,2026-08-04T05:51:59Z
6303,28,2026-08-04T05:52:04Z
6304,27,2026-08-04T05:52:08Z
6305,27,2026-08-04T05:52:11Z
6306,26,2026-08-04T05:52:13Z
6307,26,2026-08-04T05:52:16Z
6308,25,2026-08-04T05:52:19Z
6309,24,2026-08-04T05:52:21Z
6310,23,2026-08-04T05:52:24Z
6311,26,2026-08-04T05:52:28Z
6312,26,2026-08-04T05:52:32Z
6313,28,2026-08-04T05:52:37Z
6314,28,2026-08-04T05:52:39Z
6315,29,2026-08-04T05:52:42Z
6316,27,2026-08-04T05:52:44Z
6317,28,2026-08-04T05:52:45Z
6318,22,2026-08-04T05:52:49Z
6319,21,2026-08-04T05:52:51Z
6320,23,2026-08-04T05:52:54Z
6321,24,2026-08-04T05:52:56Z
6322,23,2026-08-04T05:52:58Z
6323,21,2026-08-04T05:53:00Z
6324,21,2026-08-04T05:53:01Z
6325,22,2026-08-04T05:53:05Z
6326,22,2026-08-04T05:53:08Z
6327,23,2026-08-04T05:53:12Z
6328,21,2026-08-04T05:53:14Z
6329,20,2026-08-04T05:53:16Z
6330,20,2026-08-04T05:53:18Z
6331,20,2026-08-04T05:53:20Z
6332,21,2026-08-04T05:53:22Z
6333,21,2026-08-04T05:53:24Z
6334,25,2026-08-04T05:53:26Z
6335,24,2026-08-04T05:53:28Z
6336,22,2026-08-04T05:53:31Z
6337,20,2026-08-04T05:53:33Z
6338,19,2026-08-04T05:53:36Z
6339,20,2026-08-04T05:53:39Z
6340,23,2026-08-04T05:53:42Z
6341,21,2026-08-04T05:53:46Z
6342,22,2026-08-04T05:53:49Z
6343,21,2026-08-04T05:53:51Z
6344,22,2026-08-04T05:53:54Z
6345,21,2026-08-04T05:53:56Z
6346,23,2026-08-04T05:53:58Z
6347,24,2026-08-04T05:54:00Z
6348,19,2026-08-04T05:54:02Z
6349,20,2026-08-04T05:54:04Z
6350,19,2026-08-04T05:54:06Z
6351,20,2026-08-04T05:54:08Z
6352,19,2026-08-04T05:54:09Z
6353,19,2026-08-04T05:54:14Z
6354,21,2026-08-04T05:54:18Z
6355,25,2026-08-04T05:54:20Z
6356,28,2026-08-04T05:54:22Z
6357,27,2026-08-04T05:54:25Z
6358,26,2026-08-04T05:54:28Z
6359,27,2026-08-04T05:54:31Z
6360,25,2026-08-04T05:54:34Z
6361,26,2026-08-04T05:54:37Z
6362,22,2026-08-04T05:54:40Z
6363,22,2026-08-04T05:54:42Z
6364,19,2026-08-04T05:54:45Z
6365,20,2026-08-04T05:54:47Z
6366,21,2026-08-04T05:54:50Z
6367,19,2026-08-04T05:54:53Z
6368,21,2026-08-04T05:54:55Z
6369,20,2026-08-04T05:54:58Z
6370,20,2026-08-04T05:55:00Z
6371,19,2026-08-04T05:55:03Z
6372,20,2026-08-04T05:55:06Z
6373,22,2026-08-04T05:55:06Z
6374,20,2026-08-04T05:55:09Z
6375,19,2026-08-04T05:55:12Z
6376,22,2026-08-04T05:55:14Z
6377,23,2026-08-04T05:55:17Z
6378,25,2026-08-04T05:55:21Z
6379,27,2026-08-04T05:55:24Z
6380,23,2026-08-04T05:55:28Z
6381,28,2026-08-04T05:55:31Z
6382,26,2026-08-04T05:55:35Z
6383,26,2026-08-04T05:55:38Z
6384,27,2026-08-04T05:55:41Z
6385,25,2026-08-04T05:55:43Z
6386,27,2026-08-04T05:55:46Z
6387,24,2026-08-04T05:55:50Z
6388,24,2026-08-04T05:55:53Z
6389,24,2026-08-04T05:55:57Z
6390,24,2026-08-04T05:56:00Z
6391,24,2026-08-04T05:56:06Z
6392,24,2026-08-04T05:56:07Z
6393,23,2026-08-04T05:56:08Z
6394,20,2026-08-04T05:56:11Z
6395,20,2026-08-04T05:56:13Z
6396,20,2026-08-04T05:56:15Z
6397,21,2026-08-04T05:56:17Z
6398,21,2026-08-04T05:56:19Z
6399,23,2026-08-04T05:56:22Z
6400,23,2026-08-04T05:56:24Z
6401,20,2026-08-04T05:56:27Z
6402,17,2026-08-04T05:56:30Z
6403,19,2026-08-04T05:56:33Z
6404,19,2026-08-04T05:56:35Z
6405,19,2026-08-04T05:56:39Z
6406,18,2026-08-04T05:56:40Z
6407,17,2026-08-04T05:56:41Z
6408,16,2026-08-04T05:56:43Z
6409,18,2026-08-04T05:56:47Z
6410,18,2026-08-04T05:56:48Z
6411,17,2026-08-04T05:56:50Z
6412,19,2026-08-04T05:56:51Z
6413,16,2026-08-04T05:56:54Z
6414,14,2026-08-04T05:56:55Z
6415,16,2026-08-04T05:56:57Z
6416,12,2026-08-04T05:56:59Z
6417,14,2026-08-04T05:57:01Z
6418,14,2026-08-04T05:57:03Z
6419,15,2026-08-04T05:57:05Z
6420,15,2026-08-04T05:57:07Z
6421,15,2026-08-04T05:57:09Z
6422,15,2026-08-04T05:57:11Z
6423,15,2026-08-04T05:57:13Z
6424,15,2026-08-04T05:57:16Z
6425,15,2026-08-04T05:57:18Z
6426,17,2026-08-04T05:57:21Z
6427,18,2026-08-04T05:57:23Z
6428,20,2026-08-04T05:57:26Z
6429,23,2026-08-04T05:57:28Z
6430,23,2026-08-04T05:57:29Z
6431,22,2026-08-04T05:57:33Z
6432,23,2026-08-04T05:57:37Z
6433,23,2026-08-04T05:57:41Z
6434,23,2026-08-04T05:57:46Z
6435,25,2026-08-04T05:57:49Z
6436,24,2026-08-04T05:57:52Z
6437,24,2026-08-04T05:57:56Z
6438,24,2026-08-04T05:57:59Z
6439,24,2026-08-04T05:58:03Z
6440,27,2026-08-04T05:58:06Z
6441,26,2026-08-04T05:58:10Z
6442,29,2026-08-04T05:58:13Z
6443,29,2026-08-04T05:58:16Z
6444,28,2026-08-04T05:58:20Z
6445,28,2026-08-04T05:58:23Z
6446,25,2026-08-04T05:58:27Z
6447,24,2026-08-04T05:58:31Z
6448,24,2026-08-04T05:58:33Z
6449,23,2026-08-04T05:58:37Z
6450,24,2026-08-04T05:58:41Z
6451,25,2026-08-04T05:58:44Z
6452,27,2026-08-04T05:58:48Z
6453,23,2026-08-04T05:58:50Z
6454,22,2026-08-04T05:58:53Z
6455,22,2026-08-04T05:58:55Z
6456,20,2026-08-04T05:58:57Z
6457,20,2026-08-04T05:59:00Z
6458,22,2026-08-04T05:59:02Z
6459,21,2026-08-04T05:59:05Z
6460,20,2026-08-04T05:59:07Z
6461,21,2026-08-04T05:59:11Z
6462,23,2026-08-04T05:59:15Z
6463,25,2026-08-04T05:59:18Z
6464,21,2026-08-04T05:59:20Z
6465,20,2026-08-04T05:59:23Z
6466,21,2026-08-04T05:59:25Z
6467,21,2026-08-04T05:59:27Z
6468,22,2026-08-04T05:59:31Z
6469,22,2026-08-04T05:59:33Z
6470,20,2026-08-04T05:59:35Z
6471,22,2026-08-04T05:59:37Z
6472,23,2026-08-04T05:59:39Z
6473,23,2026-08-04T05:59:40Z
6474,21,2026-08-04T05:59:42Z
6475,24,2026-08-04T05:59:44Z
6476,24,2026-08-04T05:59:46Z
6477,21,2026-08-04T05:59:50Z
6478,23,2026-08-04T05:59:55Z
6479,22,2026-08-04T05:59:57Z
6480,25,2026-08-04T05:59:59Z
6481,22,2026-08-04T06:00:02Z
6482,22,2026-08-04T06:00:04Z
6483,19,2026-08-04T06:00:06Z
6484,20,2026-08-04T06:00:08Z
6485,22,2026-08-04T06:00:09Z
6486,24,2026-08-04T06:00:11Z
6487,24,2026-08-04T06:00:13Z
6488,22,2026-08-04T06:00:16Z
6489,22,2026-08-04T06:00:18Z
6490,19,2026-08-04T06:00:21Z
6491,21,2026-08-04T06:00:24Z
6492,22,2026-08-04T06:00:27Z
6493,19,2026-08-04T06:00:29Z
6494,19,2026-08-04T06:00:31Z
6495,24,2026-08-04T06:00:34Z
6496,21,2026-08-04T06:00:36Z
6497,19,2026-08-04T06:00:38Z
6498,24,2026-08-04T06:00:41Z
6499,24,2026-08-04T06:00:42Z
6500,23,2026-08-04T06:00:44Z
6501,20,2026-08-04T06:00:46Z
6502,19,2026-08-04T06:00:48Z
6503,19,2026-08-04T06:00:51Z
6504,21,2026-08-04T06:00:57Z
6505,25,2026-08-04T06:00:59Z
6506,24,2026-08-04T06:01:00Z
6507,24,2026-08-04T06:01:02Z
6508,21,2026-08-04T06:01:05Z
6509,22,2026-08-04T06:01:07Z
6510,24,2026-08-04T06:01:10Z
6511,26,2026-08-04T06:01:12Z
6512,28,2026-08-04T06:01:14Z
6513,26,2026-08-04T06:01:17Z
6514,25,2026-08-04T06:01:20Z
6515,24,2026-08-04T06:01:22Z
6516,26,2026-08-04T06:01:24Z
6517,27,2026-08-04T06:01:26Z
6518,26,2026-08-04T06:01:32Z
6519,25,2026-08-04T06:01:33Z
6520,26,2026-08-04T06:01:36Z
6521,25,2026-08-04T06:01:38Z
6522,24,2026-08-04T06:01:40Z
6523,24,2026-08-04T06:01:42Z
6524,20,2026-08-04T06:01:44Z
6525,23,2026-08-04T06:01:46Z
6526,22,2026-08-04T06:01:48Z
6527,22,2026-08-04T06:01:49Z
6528,18,2026-08-04T06:01:51Z
6529,16,2026-08-04T06:01:54Z
6530,18,2026-08-04T06:01:56Z
6531,17,2026-08-04T06:01:58Z
6532,16,2026-08-04T06:02:00Z
6533,18,2026-08-04T06:02:03Z
6534,15,2026-08-04T06:02:05Z
6535,14,2026-08-04T06:02:06Z
6536,14,2026-08-04T06:02:08Z
6537,16,2026-08-04T06:02:10Z
6538,15,2026-08-04T06:02:12Z
6539,16,2026-08-04T06:02:13Z
6540,17,2026-08-04T06:02:15Z
6541,19,2026-08-04T06:02:17Z
6542,19,2026-08-04T06:02:18Z
6543,20,2026-08-04T06:02:20Z
6544,21,2026-08-04T06:02:22Z
6545,25,2026-08-04T06:02:25Z
6546,24,2026-08-04T06:02:28Z
6547,21,2026-08-04T06:02:31Z
6548,23,2026-08-04T06:02:34Z
6549,19,2026-08-04T06:02:37Z
6550,20,2026-08-04T06:02:40Z
6551,21,2026-08-04T06:02:42Z
6552,22,2026-08-04T06:02:45Z
6553,24,2026-08-04T06:02:48Z
6554,22,2026-08-04T06:02:51Z
6555,21,2026-08-04T06:02:54Z
6556,24,2026-08-04T06:02:58Z
6557,24,2026-08-04T06:03:02Z
6558,24,2026-08-04T06:03:06Z
6559,24,2026-08-04T06:03:11Z
6560,24,2026-08-04T06:03:13Z
6561,22,2026-08-04T06:03:16Z
6562,23,2026-08-04T06:03:19Z
6563,22,2026-08-04T06:03:21Z
6564,25,2026-08-04T06:03:24Z
6565,28,2026-08-04T06:03:25Z
6566,26,2026-08-04T06:03:28Z
6567,29,2026-08-04T06:03:32Z
6568,26,2026-08-04T06:03:35Z
6569,27,2026-08-04T06:03:38Z
6570,26,2026-08-04T06:03:43Z
6571,28,2026-08-04T06:03:46Z
6572,28,2026-08-04T06:03:48Z
6573,26,2026-08-04T06:03:51Z
6574,24,2026-08-04T06:03:54Z
6575,25,2026-08-04T06:03:57Z
6576,26,2026-08-04T06:03:59Z
6577,22,2026-08-04T06:04:01Z
6578,22,2026-08-04T06:04:04Z
6579,21,2026-08-04T06:04:06Z
6580,23,2026-08-04T06:04:09Z
6581,23,2026-08-04T06:04:11Z
6582,20,2026-08-04T06:04:14Z
6583,22,2026-08-04T06:04:17Z
6584,24,2026-08-04T06:04:19Z
6585,21,2026-08-04T06:04:22Z
6586,24,2026-08-04T06:04:25Z
6587,24,2026-08-04T06:04:27Z
6588,24,2026-08-04T06:04:31Z
6589,23,2026-08-04T06:04:33Z
6590,26,2026-08-04T06:04:36Z
6591,29,2026-08-04T06:04:38Z
6592,26,2026-08-04T06:04:41Z
6593,24,2026-08-04T06:04:43Z
6594,25,2026-08-04T06:04:46Z
6595,24,2026-08-04T06:04:50Z
6596,24,2026-08-04T06:04:53Z
6597,26,2026-08-04T06:04:56Z
6598,26,2026-08-04T06:04:59Z
6599,23,2026-08-04T06:05:01Z
6600,23,2026-08-04T06:05:04Z
6601,24,2026-08-04T06:05:06Z
6602,23,2026-08-04T06:05:08Z
6603,20,2026-08-04T06:05:10Z
6604,19,2026-08-04T06:05:12Z
6605,19,2026-08-04T06:05:15Z
6606,19,2026-08-04T06:05:18Z
6607,16,2026-08-04T06:05:21Z
6608,20,2026-08-04T06:05:24Z
6609,17,2026-08-04T06:05:26Z
6610,21,2026-08-04T06:05:27Z
6611,18,2026-08-04T06:05:29Z
6612,22,2026-08-04T06:05:31Z
6613,21,2026-08-04T06:05:33Z
6614,21,2026-08-04T06:05:35Z
6615,20,2026-08-04T06:05:38Z
6616,19,2026-08-04T06:05:41Z
6617,22,2026-08-04T06:05:45Z
6618,24,2026-08-04T06:05:48Z
6619,25,2026-08-04T06:05:51Z
6620,26,2026-08-04T06:05:54Z
6621,29,2026-08-04T06:05:57Z
6622,30,2026-08-04T06:06:01Z
6623,30,2026-08-04T06:06:04Z
6624,31,2026-08-04T06:06:07Z
6625,31,2026-08-04T06:06:10Z
6626,30,2026-08-04T06:06:13Z
6627,33,2026-08-04T06:06:16Z
6628,32,2026-08-04T06:06:19Z
6629,33,2026-08-04T06:06:22Z
6630,31,2026-08-04T06:06:25Z
6631,32,2026-08-04T06:06:29Z
6632,30,2026-08-04T06:06:33Z
6633,27,2026-08-04T06:06:37Z
6634,26,2026-08-04T06:06:39Z
6635,22,2026-08-04T06:06:41Z
6636,23,2026-08-04T06:06:43Z
6637,22,2026-08-04T06:06:46Z
6638,23,2026-08-04T06:06:48Z
6639,21,2026-08-04T06:06:51Z
6640,25,2026-08-04T06:06:54Z
6641,23,2026-08-04T06:06:56Z
6642,23,2026-08-04T06:06:59Z
6643,26,2026-08-04T06:07:02Z
6644,25,2026-08-04T06:07:04Z
6645,25,2026-08-04T06:07:07Z
6646,27,2026-08-04T06:07:10Z
6647,22,2026-08-04T06:07:12Z
6648,24,2026-08-04T06:07:15Z
6649,27,2026-08-04T06:07:17Z
6650,26,2026-08-04T06:07:20Z
6651,26,2026-08-04T06:07:22Z
6652,21,2026-08-04T06:07:24Z
6653,21,2026-08-04T06:07:26Z
6654,23,2026-08-04T06:07:28Z
6655,24,2026-08-04T06:07:31Z
6656,24,2026-08-04T06:07:36Z
6657,26,2026-08-04T06:07:38Z
6658,28,2026-08-04T06:07:41Z
6659,29,2026-08-04T06:07:44Z
6660,26,2026-08-04T06:07:47Z
6661,27,2026-08-04T06:07:48Z
6662,23,2026-08-04T06:07:53Z
6663,21,2026-08-04T06:07:55Z
6664,22,2026-08-04T06:07:57Z
6665,21,2026-08-04T06:07:59Z
6666,21,2026-08-04T06:08:02Z
6667,23,2026-08-04T06:08:04Z
6668,23,2026-08-04T06:08:06Z
6669,25,2026-08-04T06:08:08Z
6670,26,2026-08-04T06:08:11Z
6671,26,2026-08-04T06:08:13Z
6672,26,2026-08-04T06:08:16Z
6673,26,2026-08-04T06:08:18Z
6674,21,2026-08-04T06:08:21Z
6675,21,2026-08-04T06:08:24Z
6676,23,2026-08-04T06:08:26Z
6677,23,2026-08-04T06:08:28Z
6678,24,2026-08-04T06:08:31Z
6679,17,2026-08-04T06:08:33Z
6680,21,2026-08-04T06:08:36Z
6681,20,2026-08-04T06:08:39Z
6682,21,2026-08-04T06:08:41Z
6683,22,2026-08-04T06:08:44Z
6684,21,2026-08-04T06:08:47Z
6685,23,2026-08-04T06:08:49Z
6686,23,2026-08-04T06:08:52Z
6687,24,2026-08-04T06:08:55Z
6688,26,2026-08-04T06:08:57Z
6689,26,2026-08-04T06:09:00Z
6690,28,2026-08-04T06:09:03Z
6691,28,2026-08-04T06:09:06Z
6692,30,2026-08-04T06:09:10Z
6693,29,2026-08-04T06:09:13Z
6694,33,2026-08-04T06:09:16Z
6695,32,2026-08-04T06:09:20Z
6696,28,2026-08-04T06:09:24Z
6697,33,2026-08-04T06:09:27Z
6698,34,2026-08-04T06:09:31Z
6699,31,2026-08-04T06:09:34Z
6700,32,2026-08-04T06:09:37Z
6701,28,2026-08-04T06:09:40Z
6702,26,2026-08-04T06:09:43Z
6703,28,2026-08-04T06:09:46Z
6704,26,2026-08-04T06:09:51Z
6705,22,2026-08-04T06:09:52Z
6706,21,2026-08-04T06:09:54Z
6707,22,2026-08-04T06:09:57Z
6708,25,2026-08-04T06:10:00Z
6709,27,2026-08-04T06:10:03Z
6710,31,2026-08-04T06:10:06Z
6711,30,2026-08-04T06:10:09Z
6712,25,2026-08-04T06:10:12Z
6713,25,2026-08-04T06:10:15Z
6714,27,2026-08-04T06:10:18Z
6715,26,2026-08-04T06:10:21Z
6716,23,2026-08-04T06:10:23Z
6717,22,2026-08-04T06:10:25Z
6718,22,2026-08-04T06:10:27Z
6719,23,2026-08-04T06:10:29Z
6720,23,2026-08-04T06:10:31Z
6721,20,2026-08-04T06:10:33Z
6722,22,2026-08-04T06:10:35Z
6723,20,2026-08-04T06:10:38Z
6724,19,2026-08-04T06:10:41Z
6725,18,2026-08-04T06:10:43Z
6726,19,2026-08-04T06:10:45Z
6727,16,2026-08-04T06:10:47Z
6728,17,2026-08-04T06:10:48Z
6729,15,2026-08-04T06:10:49Z
6730,17,2026-08-04T06:10:51Z
6731,16,2026-08-04T06:10:53Z
6732,17,2026-08-04T06:10:55Z
6733,17,2026-08-04T06:10:57Z
6734,17,2026-08-04T06:10:59Z
6735,18,2026-08-04T06:11:01Z
6736,19,2026-08-04T06:11:02Z
6737,20,2026-08-04T06:11:03Z
6738,23,2026-08-04T06:11:06Z
6739,24,2026-08-04T06:11:09Z
6740,23,2026-08-04T06:11:14Z
6741,21,2026-08-04T06:11:17Z
6742,23,2026-08-04T06:11:19Z
6743,22,2026-08-04T06:11:22Z
6744,25,2026-08-04T06:11:23Z
6745,23,2026-08-04T06:11:26Z
6746,24,2026-08-04T06:11:28Z
6747,24,2026-08-04T06:11:31Z
6748,25,2026-08-04T06:11:34Z
6749,25,2026-08-04T06:11:38Z
6750,24,2026-08-04T06:11:41Z
6751,25,2026-08-04T06:11:45Z
6752,24,2026-08-04T06:11:47Z
6753,25,2026-08-04T06:11:49Z
6754,28,2026-08-04T06:11:52Z
6755,29,2026-08-04T06:11:54Z
6756,25,2026-08-04T06:11:57Z
6757,26,2026-08-04T06:12:00Z
6758,22,2026-08-04T06:12:03Z
6759,22,2026-08-04T06:12:04Z
6760,23,2026-08-04T06:12:07Z
6761,22,2026-08-04T06:12:09Z
6762,21,2026-08-04T06:12:11Z
6763,24,2026-08-04T06:12:13Z
6764,22,2026-08-04T06:12:16Z
6765,21,2026-08-04T06:12:18Z
6766,25,2026-08-04T06:12:21Z
6767,24,2026-08-04T06:12:23Z
6768,24,2026-08-04T06:12:26Z
6769,25,2026-08-04T06:12:28Z
6770,24,2026-08-04T06:12:30Z
6771,24,2026-08-04T06:12:31Z
6772,21,2026-08-04T06:12:35Z
6773,21,2026-08-04T06:12:37Z
6774,19,2026-08-04T06:12:39Z
6775,19,2026-08-04T06:12:40Z
6776,19,2026-08-04T06:12:42Z
6777,21,2026-08-04T06:12:44Z
6778,20,2026-08-04T06:12:47Z
6779,21,2026-08-04T06:12:50Z
6780,21,2026-08-04T06:12:53Z
6781,22,2026-08-04T06:12:54Z
6782,20,2026-08-04T06:12:56Z
6783,22,2026-08-04T06:12:59Z
6784,23,2026-08-04T06:13:01Z
6785,24,2026-08-04T06:13:04Z
6786,27,2026-08-04T06:13:06Z
6787,23,2026-08-04T06:13:08Z
6788,22,2026-08-04T06:13:11Z
6789,22,2026-08-04T06:13:14Z
6790,21,2026-08-04T06:13:17Z
6791,25,2026-08-04T06:13:20Z
6792,26,2026-08-04T06:13:23Z
6793,29,2026-08-04T06:13:25Z
6794,24,2026-08-04T06:13:28Z
6795,26,2026-08-04T06:13:31Z
6796,23,2026-08-04T06:13:34Z
6797,21,2026-08-04T06:13:37Z
6798,24,2026-08-04T06:13:38Z
6799,27,2026-08-04T06:13:40Z
6800,23,2026-08-04T06:13:43Z
6801,23,2026-08-04T06:13:46Z
6802,23,2026-08-04T06:13:48Z
6803,21,2026-08-04T06:13:51Z
6804,23,2026-08-04T06:13:53Z
6805,24,2026-08-04T06:13:56Z
6806,21,2026-08-04T06:13:59Z
6807,22,2026-08-04T06:14:02Z
6808,22,2026-08-04T06:14:04Z
6809,25,2026-08-04T06:14:07Z
6810,24,2026-08-04T06:14:10Z
6811,18,2026-08-04T06:14:12Z
6812,18,2026-08-04T06:14:14Z
6813,18,2026-08-04T06:14:17Z
6814,18,2026-08-04T06:14:19Z
6815,20,2026-08-04T06:14:22Z
6816,20,2026-08-04T06:14:24Z
6817,22,2026-08-04T06:14:27Z
6818,22,2026-08-04T06:14:30Z
6819,20,2026-08-04T06:14:32Z
6820,19,2026-08-04T06:14:34Z
6821,21,2026-08-04T06:14:36Z
6822,19,2026-08-04T06:14:39Z
6823,18,2026-08-04T06:14:42Z
6824,19,2026-08-04T06:14:44Z
6825,22,2026-08-04T06:14:46Z
6826,21,2026-08-04T06:14:48Z
6827,24,2026-08-04T06:14:50Z
6828,23,2026-08-04T06:14:51Z
6829,20,2026-08-04T06:14:55Z
6830,18,2026-08-04T06:14:57Z
6831,19,2026-08-04T06:15:00Z
6832,18,2026-08-04T06:15:02Z
6833,21,2026-08-04T06:15:05Z
6834,22,2026-08-04T06:15:07Z
6835,21,2026-08-04T06:15:10Z
6836,21,2026-08-04T06:15:12Z
6837,21,2026-08-04T06:15:15Z
6838,20,2026-08-04T06:15:17Z
6839,21,2026-08-04T06:15:20Z
6840,23,2026-08-04T06:15:22Z
6841,22,2026-08-04T06:15:23Z
6842,19,2026-08-04T06:15:26Z
6843,19,2026-08-04T06:15:28Z
6844,19,2026-08-04T06:15:31Z
6845,20,2026-08-04T06:15:34Z
6846,18,2026-08-04T06:15:35Z
6847,18,2026-08-04T06:15:37Z
6848,19,2026-08-04T06:15:39Z
6849,21,2026-08-04T06:15:40Z
6850,17,2026-08-04T06:15:42Z
6851,16,2026-08-04T06:15:44Z
6852,18,2026-08-04T06:15:46Z
6853,18,2026-08-04T06:15:49Z
6854,17,2026-08-04T06:15:52Z
6855,18,2026-08-04T06:15:54Z
6856,18,2026-08-04T06:15:55Z
6857,18,2026-08-04T06:15:57Z
6858,18,2026-08-04T06:15:59Z
6859,19,2026-08-04T06:16:01Z
6860,22,2026-08-04T06:16:05Z
6861,23,2026-08-04T06:16:08Z
6862,22,2026-08-04T06:16:12Z
6863,22,2026-08-04T06:16:14Z
6864,22,2026-08-04T06:16:16Z
6865,23,2026-08-04T06:16:18Z
6866,26,2026-08-04T06:16:20Z
6867,25,2026-08-04T06:16:24Z
6868,23,2026-08-04T06:16:28Z
6869,26,2026-08-04T06:16:32Z
6870,25,2026-08-04T06:16:35Z
6871,29,2026-08-04T06:16:39Z
6872,27,2026-08-04T06:16:42Z
6873,26,2026-08-04T06:16:46Z
6874,26,2026-08-04T06:16:49Z
6875,28,2026-08-04T06:16:52Z
6876,29,2026-08-04T06:16:55Z
6877,28,2026-08-04T06:16:59Z
6878,27,2026-08-04T06:17:03Z
6879,26,2026-08-04T06:17:07Z
6880,27,2026-08-04T06:17:10Z
6881,27,2026-08-04T06:17:12Z
6882,27,2026-08-04T06:17:16Z
6883,24,2026-08-04T06:17:20Z
6884,25,2026-08-04T06:17:22Z
6885,24,2026-08-04T06:17:25Z
6886,24,2026-08-04T06:17:29Z
6887,25,2026-08-04T06:17:33Z
6888,26,2026-08-04T06:17:34Z
6889,28,2026-08-04T06:17:38Z
6890,30,2026-08-04T06:17:41Z
6891,28,2026-08-04T06:17:45Z
6892,28,2026-08-04T06:17:47Z
6893,29,2026-08-04T06:17:49Z
6894,25,2026-08-04T06:17:51Z
6895,24,2026-08-04T06:17:54Z
6896,22,2026-08-04T06:17:57Z
6897,20,2026-08-04T06:18:00Z
6898,22,2026-08-04T06:18:02Z
6899,21,2026-08-04T06:18:05Z
6900,21,2026-08-04T06:18:07Z
6901,21,2026-08-04T06:18:09Z
6902,23,2026-08-04T06:18:11Z
6903,23,2026-08-04T06:18:13Z
6904,20,2026-08-04T06:18:16Z
6905,23,2026-08-04T06:18:18Z
6906,22,2026-08-04T06:18:20Z
6907,23,2026-08-04T06:18:22Z
6908,25,2026-08-04T06:18:24Z
6909,25,2026-08-04T06:18:27Z
6910,23,2026-08-04T06:18:29Z
6911,24,2026-08-04T06:18:32Z
6912,21,2026-08-04T06:18:34Z
6913,21,2026-08-04T06:18:37Z
6914,23,2026-08-04T06:18:39Z
6915,24,2026-08-04T06:18:42Z
6916,27,2026-08-04T06:18:45Z
6917,22,2026-08-04T06:18:46Z
6918,22,2026-08-04T06:18:49Z
6919,21,2026-08-04T06:18:51Z
6920,20,2026-08-04T06:18:54Z
6921,18,2026-08-04T06:18:56Z
6922,18,2026-08-04T06:18:58Z
6923,20,2026-08-04T06:18:59Z
6924,18,2026-08-04T06:19:01Z
6925,19,2026-08-04T06:19:04Z
6926,19,2026-08-04T06:19:06Z
6927,19,2026-08-04T06:19:09Z
6928,18,2026-08-04T06:19:11Z
6929,16,2026-08-04T06:19:13Z
6930,18,2026-08-04T06:19:14Z
6931,18,2026-08-04T06:19:16Z
6932,18,2026-08-04T06:19:19Z
6933,21,2026-08-04T06:19:22Z
6934,24,2026-08-04T06:19:25Z
6935,23,2026-08-04T06:19:27Z
6936,24,2026-08-04T06:19:29Z
6937,24,2026-08-04T06:19:31Z
6938,26,2026-08-04T06:19:36Z
6939,24,2026-08-04T06:19:39Z
6940,23,2026-08-04T06:19:41Z
6941,25,2026-08-04T06:19:44Z
6942,25,2026-08-04T06:19:47Z
6943,22,2026-08-04T06:19:50Z
6944,23,2026-08-04T06:19:53Z
6945,22,2026-08-04T06:19:55Z
6946,21,2026-08-04T06:19:56Z
6947,19,2026-08-04T06:19:59Z
6948,23,2026-08-04T06:20:02Z
6949,28,2026-08-04T06:20:06Z
6950,27,2026-08-04T06:20:08Z
6951,22,2026-08-04T06:20:11Z
6952,21,2026-08-04T06:20:14Z
6953,18,2026-08-04T06:20:15Z
6954,18,2026-08-04T06:20:17Z
6955,17,2026-08-04T06:20:19Z
6956,17,2026-08-04T06:20:21Z
6957,18,2026-08-04T06:20:23Z
6958,19,2026-08-04T06:20:25Z
6959,19,2026-08-04T06:20:28Z
6960,20,2026-08-04T06:20:30Z
6961,21,2026-08-04T06:20:32Z
6962,20,2026-08-04T06:20:34Z
6963,23,2026-08-04T06:20:36Z
6964,24,2026-08-04T06:20:38Z
6965,20,2026-08-04T06:20:41Z
6966,21,2026-08-04T06:20:43Z
6967,20,2026-08-04T06:20:45Z
6968,22,2026-08-04T06:20:47Z
6969,22,2026-08-04T06:20:50Z
6970,22,2026-08-04T06:20:53Z
6971,22,2026-08-04T06:20:55Z
6972,22,2026-08-04T06:20:58Z
6973,21,2026-08-04T06:21:01Z
6974,21,2026-08-04T06:21:04Z
6975,22,2026-08-04T06:21:07Z
6976,23,2026-08-04T06:21:10Z
6977,23,2026-08-04T06:21:13Z
6978,23,2026-08-04T06:21:15Z
6979,25,2026-08-04T06:21:17Z
6980,23,2026-08-04T06:21:19Z
6981,22,2026-08-04T06:21:23Z
6982,23,2026-08-04T06:21:25Z
6983,23,2026-08-04T06:21:27Z
6984,22,2026-08-04T06:21:31Z
6985,22,2026-08-04T06:21:33Z
6986,25,2026-08-04T06:21:36Z
6987,23,2026-08-04T06:21:39Z
6988,21,2026-08-04T06:21:42Z
6989,19,2026-08-04T06:21:42Z
6990,20,2026-08-04T06:21:45Z
6991,19,2026-08-04T06:21:47Z
6992,17,2026-08-04T06:21:49Z
6993,17,2026-08-04T06:21:51Z
6994,18,2026-08-04T06:21:54Z
6995,17,2026-08-04T06:21:55Z
6996,18,2026-08-04T06:21:57Z
6997,18,2026-08-04T06:21:58Z
6998,19,2026-08-04T06:22:00Z
6999,22,2026-08-04T06:22:02Z
7000,20,2026-08-04T06:22:05Z
7001,20,2026-08-04T06:22:08Z
7002,20,2026-08-04T06:22:11Z
7003,21,2026-08-04T06:22:15Z
7004,21,2026-08-04T06:22:18Z
7005,22,2026-08-04T06:22:20Z
7006,20,2026-08-04T06:22:22Z
7007,22,2026-08-04T06:22:25Z
7008,23,2026-08-04T06:22:27Z
7009,22,2026-08-04T06:22:29Z
7010,23,2026-08-04T06:22:32Z
7011,24,2026-08-04T06:22:35Z
7012,22,2026-08-04T06:22:37Z
7013,22,2026-08-04T06:22:40Z
7014,26,2026-08-04T06:22:42Z
7015,25,2026-08-04T06:22:45Z
7016,27,2026-08-04T06:22:49Z
7017,28,2026-08-04T06:22:53Z
7018,29,2026-08-04T06:22:56Z
7019,27,2026-08-04T06:22:59Z
7020,22,2026-08-04T06:23:02Z
7021,22,2026-08-04T06:23:05Z
7022,23,2026-08-04T06:23:09Z
7023,21,2026-08-04T06:23:13Z
7024,18,2026-08-04T06:23:15Z
7025,21,2026-08-04T06:23:18Z
7026,25,2026-08-04T06:23:21Z
7027,25,2026-08-04T06:23:23Z
7028,27,2026-08-04T06:23:26Z
7029,28,2026-08-04T06:23:29Z
7030,24,2026-08-04T06:23:31Z
7031,25,2026-08-04T06:23:34Z
7032,23,2026-08-04T06:23:37Z
7033,26,2026-08-04T06:23:40Z
7034,26,2026-08-04T06:23:43Z
7035,27,2026-08-04T06:23:46Z
7036,25,2026-08-04T06:23:49Z
7037,24,2026-08-04T06:23:52Z
7038,25,2026-08-04T06:23:55Z
7039,28,2026-08-04T06:23:58Z
7040,26,2026-08-04T06:24:01Z
7041,23,2026-08-04T06:24:03Z
7042,25,2026-08-04T06:24:05Z
7043,23,2026-08-04T06:24:09Z
7044,22,2026-08-04T06:24:12Z
7045,22,2026-08-04T06:24:15Z
7046,21,2026-08-04T06:24:17Z
7047,23,2026-08-04T06:24:19Z
7048,19,2026-08-04T06:24:22Z
7049,19,2026-08-04T06:24:24Z
7050,20,2026-08-04T06:24:26Z
7051,19,2026-08-04T06:24:28Z
7052,21,2026-08-04T06:24:31Z
7053,18,2026-08-04T06:24:33Z
7054,20,2026-08-04T06:24:35Z
7055,19,2026-08-04T06:24:38Z
7056,20,2026-08-04T06:24:41Z
7057,19,2026-08-04T06:24:44Z
7058,22,2026-08-04T06:24:47Z
7059,22,2026-08-04T06:24:50Z
7060,24,2026-08-04T06:24:53Z
7061,22,2026-08-04T06:24:56Z
7062,23,2026-08-04T06:24:59Z
7063,21,2026-08-04T06:25:02Z
7064,22,2026-08-04T06:25:05Z
7065,26,2026-08-04T06:25:08Z
7066,30,2026-08-04T06:25:11Z
7067,29,2026-08-04T06:25:14Z
7068,28,2026-08-04T06:25:17Z
7069,31,2026-08-04T06:25:20Z
7070,24,2026-08-04T06:25:23Z
7071,25,2026-08-04T06:25:26Z
7072,23,2026-08-04T06:25:31Z
7073,22,2026-08-04T06:25:33Z
7074,24,2026-08-04T06:25:36Z
7075,24,2026-08-04T06:25:38Z
7076,23,2026-08-04T06:25:40Z
7077,23,2026-08-04T06:25:42Z
7078,21,2026-08-04T06:25:45Z
7079,20,2026-08-04T06:25:48Z
7080,21,2026-08-04T06:25:50Z
7081,22,2026-08-04T06:25:52Z
7082,21,2026-08-04T06:25:56Z
7083,19,2026-08-04T06:25:58Z
7084,19,2026-08-04T06:26:00Z
7085,19,2026-08-04T06:26:02Z
7086,18,2026-08-04T06:26:04Z
7087,20,2026-08-04T06:26:06Z
7088,17,2026-08-04T06:26:08Z
7089,16,2026-08-04T06:26:11Z
7090,17,2026-08-04T06:26:13Z
7091,16,2026-08-04T06:26:16Z
7092,15,2026-08-04T06:26:17Z
7093,13,2026-08-04T06:26:19Z
7094,15,2026-08-04T06:26:21Z
7095,13,2026-08-04T06:26:23Z
7096,13,2026-08-04T06:26:24Z
7097,15,2026-08-04T06:26:26Z
7098,13,2026-08-04T06:26:28Z
7099,14,2026-08-04T06:26:29Z
7100,15,2026-08-04T06:26:31Z
7101,16,2026-08-04T06:26:33Z
7102,18,2026-08-04T06:26:34Z
7103,15,2026-08-04T06:26:37Z
7104,18,2026-08-04T06:26:39Z
7105,20,2026-08-04T06:26:40Z
7106,19,2026-08-04T06:26:42Z
7107,19,2026-08-04T06:26:45Z
7108,19,2026-08-04T06:26:48Z
7109,19,2026-08-04T06:26:51Z
7110,18,2026-08-04T06:26:54Z
7111,17,2026-08-04T06:26:56Z
7112,19,2026-08-04T06:26:58Z
7113,22,2026-08-04T06:27:00Z
7114,23,2026-08-04T06:27:02Z
7115,22,2026-08-04T06:27:06Z
7116,21,2026-08-04T06:27:09Z
7117,23,2026-08-04T06:27:12Z
7118,24,2026-08-04T06:27:16Z
7119,22,2026-08-04T06:27:19Z
7120,24,2026-08-04T06:27:23Z
7121,27,2026-08-04T06:27:27Z
7122,28,2026-08-04T06:27:30Z
7123,24,2026-08-04T06:27:34Z
7124,24,2026-08-04T06:27:37Z
7125,26,2026-08-04T06:27:41Z
7126,28,2026-08-04T06:27:44Z
7127,27,2026-08-04T06:27:48Z
7128,23,2026-08-04T06:27:51Z
7129,25,2026-08-04T06:27:55Z
7130,26,2026-08-04T06:27:59Z
7131,29,2026-08-04T06:28:03Z
7132,29,2026-08-04T06:28:07Z
7133,31,2026-08-04T06:28:08Z
7134,27,2026-08-04T06:28:14Z
7135,28,2026-08-04T06:28:16Z
7136,24,2026-08-04T06:28:19Z
7137,23,2026-08-04T06:28:21Z
7138,23,2026-08-04T06:28:24Z
7139,22,2026-08-04T06:28:27Z
7140,21,2026-08-04T06:28:29Z
7141,20,2026-08-04T06:28:31Z
7142,20,2026-08-04T06:28:33Z
7143,19,2026-08-04T06:28:36Z
7144,16,2026-08-04T06:28:37Z
7145,17,2026-08-04T06:28:39Z
7146,17,2026-08-04T06:28:41Z
7147,15,2026-08-04T06:28:42Z
7148,13,2026-08-04T06:28:44Z
7149,17,2026-08-04T06:28:46Z
7150,16,2026-08-04T06:28:47Z
7151,16,2026-08-04T06:28:49Z
7152,14,2026-08-04T06:28:51Z
7153,16,2026-08-04T06:28:52Z
7154,15,2026-08-04T06:28:54Z
7155,15,2026-08-04T06:28:55Z
7156,16,2026-08-04T06:28:57Z
7157,20,2026-08-04T06:28:59Z
7158,21,2026-08-04T06:29:01Z
7159,23,2026-08-04T06:29:04Z
7160,24,2026-08-04T06:29:07Z
7161,21,2026-08-04T06:29:09Z
7162,23,2026-08-04T06:29:12Z
7163,22,2026-08-04T06:29:15Z
7164,25,2026-08-04T06:29:18Z
7165,23,2026-08-04T06:29:20Z
7166,25,2026-08-04T06:29:23Z
7167,24,2026-08-04T06:29:26Z
7168,23,2026-08-04T06:29:28Z
7169,23,2026-08-04T06:29:31Z
7170,22,2026-08-04T06:29:34Z
7171,20,2026-08-04T06:29:37Z
7172,21,2026-08-04T06:29:40Z
7173,22,2026-08-04T06:29:42Z
7174,22,2026-08-04T06:29:44Z
7175,19,2026-08-04T06:29:46Z
7176,21,2026-08-04T06:29:48Z
7177,19,2026-08-04T06:29:51Z
7178,21,2026-08-04T06:29:53Z
7179,20,2026-08-04T06:29:55Z
7180,20,2026-08-04T06:29:57Z
7181,24,2026-08-04T06:29:59Z
7182,19,2026-08-04T06:30:03Z
7183,22,2026-08-04T06:30:06Z
7184,24,2026-08-04T06:30:09Z
7185,24,2026-08-04T06:30:11Z
7186,25,2026-08-04T06:30:13Z
7187,25,2026-08-04T06:30:16Z
7188,20,2026-08-04T06:30:18Z
7189,21,2026-08-04T06:30:20Z
7190,25,2026-08-04T06:30:24Z
7191,19,2026-08-04T06:30:26Z
7192,19,2026-08-04T06:30:28Z
7193,18,2026-08-04T06:30:31Z
7194,20,2026-08-04T06:30:32Z
7195,21,2026-08-04T06:30:33Z
7196,21,2026-08-04T06:30:36Z
7197,20,2026-08-04T06:30:38Z
7198,19,2026-08-04T06:30:40Z
7199,19,2026-08-04T06:30:44Z
7200,21,2026-08-04T06:30:47Z
7201,22,2026-08-04T06:30:50Z
7202,25,2026-08-04T06:30:53Z
7203,26,2026-08-04T06:30:57Z
7204,25,2026-08-04T06:31:00Z
7205,25,2026-08-04T06:31:02Z
7206,27,2026-08-04T06:31:05Z
7207,25,2026-08-04T06:31:09Z
7208,25,2026-08-04T06:31:11Z
7209,23,2026-08-04T06:31:14Z
7210,24,2026-08-04T06:31:16Z
7211,21,2026-08-04T06:31:19Z
7212,22,2026-08-04T06:31:21Z
7213,21,2026-08-04T06:31:23Z
7214,19,2026-08-04T06:31:25Z
7215,19,2026-08-04T06:31:27Z
7216,18,2026-08-04T06:31:28Z
7217,19,2026-08-04T06:31:30Z
7218,18,2026-08-04T06:31:31Z
7219,17,2026-08-04T06:31:33Z
7220,16,2026-08-04T06:31:35Z
7221,16,2026-08-04T06:31:37Z
7222,16,2026-08-04T06:31:39Z
7223,17,2026-08-04T06:31:41Z
7224,16,2026-08-04T06:31:43Z
7225,18,2026-08-04T06:31:44Z
7226,16,2026-08-04T06:31:46Z
7227,20,2026-08-04T06:31:49Z
7228,19,2026-08-04T06:31:51Z
7229,19,2026-08-04T06:31:53Z
7230,21,2026-08-04T06:31:55Z
7231,19,2026-08-04T06:31:57Z
7232,24,2026-08-04T06:32:00Z
7233,19,2026-08-04T06:32:02Z
7234,16,2026-08-04T06:32:04Z
7235,21,2026-08-04T06:32:06Z
7236,20,2026-08-04T06:32:09Z
7237,20,2026-08-04T06:32:11Z
7238,18,2026-08-04T06:32:13Z
7239,22,2026-08-04T06:32:15Z
7240,17,2026-08-04T06:32:17Z
7241,19,2026-08-04T06:32:19Z
7242,18,2026-08-04T06:32:21Z
7243,21,2026-08-04T06:32:23Z
7244,22,2026-08-04T06:32:25Z
7245,23,2026-08-04T06:32:26Z
7246,20,2026-08-04T06:32:28Z
7247,22,2026-08-04T06:32:31Z
7248,24,2026-08-04T06:32:34Z
7249,25,2026-08-04T06:32:37Z
7250,27,2026-08-04T06:32:40Z
7251,26,2026-08-04T06:32:43Z
7252,27,2026-08-04T06:32:46Z
7253,27,2026-08-04T06:32:48Z
7254,26,2026-08-04T06:32:51Z
7255,22,2026-08-04T06:32:56Z
7256,20,2026-08-04T06:32:58Z
7257,19,2026-08-04T06:33:00Z
7258,23,2026-08-04T06:33:01Z
7259,19,2026-08-04T06:33:04Z
7260,19,2026-08-04T06:33:07Z
7261,20,2026-08-04T06:33:10Z
7262,24,2026-08-04T06:33:13Z
7263,17,2026-08-04T06:33:16Z
7264,22,2026-08-04T06:33:19Z
7265,22,2026-08-04T06:33:20Z
7266,20,2026-08-04T06:33:22Z
7267,19,2026-08-04T06:33:24Z
7268,17,2026-08-04T06:33:26Z
7269,17,2026-08-04T06:33:30Z
7270,17,2026-08-04T06:33:31Z
7271,18,2026-08-04T06:33:34Z
7272,21,2026-08-04T06:33:36Z
7273,21,2026-08-04T06:33:37Z
7274,20,2026-08-04T06:33:40Z
7275,19,2026-08-04T06:33:43Z
7276,19,2026-08-04T06:33:46Z
7277,16,2026-08-04T06:33:47Z
7278,18,2026-08-04T06:33:49Z
7279,16,2026-08-04T06:33:51Z
7280,18,2026-08-04T06:33:54Z
7281,17,2026-08-04T06:33:56Z
7282,17,2026-08-04T06:33:58Z
7283,18,2026-08-04T06:34:01Z
7284,20,2026-08-04T06:34:03Z
7285,21,2026-08-04T06:34:05Z
7286,19,2026-08-04T06:34:07Z
7287,19,2026-08-04T06:34:09Z
7288,20,2026-08-04T06:34:11Z
7289,24,2026-08-04T06:34:14Z
7290,24,2026-08-04T06:34:18Z
7291,21,2026-08-04T06:34:18Z
7292,25,2026-08-04T06:34:21Z
7293,23,2026-08-04T06:34:24Z
7294,24,2026-08-04T06:34:27Z
7295,24,2026-08-04T06:34:30Z
7296,25,2026-08-04T06:34:33Z
7297,28,2026-08-04T06:34:36Z
7298,28,2026-08-04T06:34:39Z
7299,23,2026-08-04T06:34:41Z
7300,20,2026-08-04T06:34:43Z
7301,22,2026-08-04T06:34:46Z
7302,19,2026-08-04T06:34:48Z
7303,19,2026-08-04T06:34:50Z
7304,18,2026-08-04T06:34:52Z
7305,18,2026-08-04T06:34:55Z
7306,16,2026-08-04T06:34:57Z
7307,16,2026-08-04T06:34:58Z
7308,17,2026-08-04T06:35:00Z
7309,17,2026-08-04T06:35:02Z
7310,17,2026-08-04T06:35:03Z
7311,14,2026-08-04T06:35:05Z
7312,16,2026-08-04T06:35:07Z
7313,17,2026-08-04T06:35:09Z
7314,13,2026-08-04T06:35:11Z
7315,14,2026-08-04T06:35:13Z
7316,14,2026-08-04T06:35:15Z
7317,16,2026-08-04T06:35:17Z
7318,14,2026-08-04T06:35:19Z
7319,14,2026-08-04T06:35:21Z
7320,17,2026-08-04T06:35:23Z
7321,18,2026-08-04T06:35:25Z
7322,18,2026-08-04T06:35:27Z
7323,19,2026-08-04T06:35:29Z
7324,21,2026-08-04T06:35:31Z
7325,21,2026-08-04T06:35:33Z
7326,22,2026-08-04T06:35:36Z
7327,20,2026-08-04T06:35:38Z
7328,23,2026-08-04T06:35:40Z
7329,21,2026-08-04T06:35:43Z
7330,21,2026-08-04T06:35:46Z
7331,20,2026-08-04T06:35:49Z
7332,24,2026-08-04T06:35:52Z
7333,22,2026-08-04T06:35:54Z
7334,25,2026-08-04T06:35:57Z
7335,21,2026-08-04T06:36:00Z
7336,24,2026-08-04T06:36:03Z
7337,27,2026-08-04T06:36:07Z
7338,29,2026-08-04T06:36:10Z
7339,28,2026-08-04T06:36:13Z
7340,27,2026-08-04T06:36:16Z
7341,29,2026-08-04T06:36:19Z
7342,27,2026-08-04T06:36:23Z
7343,27,2026-08-04T06:36:26Z
7344,31,2026-08-04T06:36:29Z
7345,27,2026-08-04T06:36:33Z
7346,30,2026-08-04T06:36:37Z
7347,30,2026-08-04T06:36:41Z
7348,32,2026-08-04T06:36:44Z
7349,32,2026-08-04T06:36:48Z
7350,32,2026-08-04T06:36:53Z
7351,29,2026-08-04T06:36:57Z
7352,25,2026-08-04T06:36:59Z
7353,25,2026-08-04T06:37:02Z
7354,23,2026-08-04T06:37:05Z
7355,25,2026-08-04T06:37:08Z
7356,21,2026-08-04T06:37:10Z
7357,22,2026-08-04T06:37:13Z
7358,22,2026-08-04T06:37:15Z
7359,22,2026-08-04T06:37:17Z
7360,18,2026-08-04T06:37:20Z
7361,19,2026-08-04T06:37:22Z
7362,20,2026-08-04T06:37:24Z
7363,17,2026-08-04T06:37:26Z
7364,18,2026-08-04T06:37:27Z
7365,14,2026-08-04T06:37:29Z
7366,17,2026-08-04T06:37:31Z
7367,20,2026-08-04T06:37:33Z
7368,21,2026-08-04T06:37:35Z
7369,20,2026-08-04T06:37:37Z
7370,20,2026-08-04T06:37:40Z
7371,20,2026-08-04T06:37:43Z
7372,21,2026-08-04T06:37:45Z
7373,20,2026-08-04T06:37:47Z
7374,23,2026-08-04T06:37:49Z
7375,23,2026-08-04T06:37:52Z
7376,23,2026-08-04T06:37:56Z
7377,25,2026-08-04T06:37:59Z
7378,22,2026-08-04T06:38:01Z
7379,24,2026-08-04T06:38:04Z
7380,28,2026-08-04T06:38:07Z
7381,26,2026-08-04T06:38:09Z
7382,24,2026-08-04T06:38:12Z
7383,23,2026-08-04T06:38:14Z
7384,21,2026-08-04T06:38:17Z
7385,23,2026-08-04T06:38:19Z
7386,23,2026-08-04T06:38:21Z
7387,24,2026-08-04T06:38:23Z
7388,27,2026-08-04T06:38:25Z
7389,24,2026-08-04T06:38:26Z
7390,21,2026-08-04T06:38:30Z
7391,21,2026-08-04T06:38:32Z
7392,20,2026-08-04T06:38:33Z
7393,18,2026-08-04T06:38:35Z
7394,20,2026-08-04T06:38:37Z
7395,22,2026-08-04T06:38:39Z
7396,22,2026-08-04T06:38:41Z
7397,17,2026-08-04T06:38:43Z
7398,16,2026-08-04T06:38:45Z
7399,17,2026-08-04T06:38:47Z
7400,16,2026-08-04T06:38:49Z
7401,19,2026-08-04T06:38:51Z
7402,20,2026-08-04T06:38:52Z
7403,22,2026-08-04T06:38:54Z
7404,20,2026-08-04T06:38:56Z
7405,20,2026-08-04T06:38:59Z
7406,22,2026-08-04T06:39:01Z
7407,24,2026-08-04T06:39:04Z
7408,23,2026-08-04T06:39:07Z
7409,23,2026-08-04T06:39:09Z
7410,21,2026-08-04T06:39:12Z
7411,21,2026-08-04T06:39:14Z
7412,23,2026-08-04T06:39:17Z
7413,22,2026-08-04T06:39:19Z
7414,25,2026-08-04T06:39:21Z
7415,20,2026-08-04T06:39:23Z
7416,21,2026-08-04T06:39:25Z
7417,18,2026-08-04T06:39:27Z
7418,18,2026-08-04T06:39:30Z
7419,17,2026-08-04T06:39:32Z
7420,17,2026-08-04T06:39:34Z
7421,18,2026-08-04T06:39:35Z
7422,21,2026-08-04T06:39:37Z
7423,23,2026-08-04T06:39:39Z
7424,21,2026-08-04T06:39:41Z
7425,21,2026-08-04T06:39:44Z
7426,19,2026-08-04T06:39:46Z
7427,18,2026-08-04T06:39:49Z
7428,19,2026-08-04T06:39:51Z
7429,20,2026-08-04T06:39:54Z
7430,18,2026-08-04T06:39:57Z
7431,20,2026-08-04T06:39:59Z
7432,23,2026-08-04T06:40:02Z
7433,24,2026-08-04T06:40:04Z
7434,24,2026-08-04T06:40:07Z
7435,24,2026-08-04T06:40:09Z
7436,27,2026-08-04T06:40:12Z
7437,26,2026-08-04T06:40:15Z
7438,26,2026-08-04T06:40:17Z
7439,25,2026-08-04T06:40:20Z
7440,23,2026-08-04T06:40:23Z
7441,23,2026-08-04T06:40:27Z
7442,23,2026-08-04T06:40:29Z
7443,24,2026-08-04T06:40:31Z
7444,23,2026-08-04T06:40:33Z
7445,24,2026-08-04T06:40:37Z
7446,24,2026-08-04T06:40:40Z
7447,24,2026-08-04T06:40:44Z
7448,25,2026-08-04T06:40:47Z
7449,25,2026-08-04T06:40:50Z
7450,25,2026-08-04T06:40:52Z
7451,27,2026-08-04T06:40:55Z
7452,28,2026-08-04T06:40:57Z
7453,27,2026-08-04T06:41:00Z
7454,23,2026-08-04T06:41:04Z
7455,24,2026-08-04T06:41:07Z
7456,27,2026-08-04T06:41:10Z
7457,25,2026-08-04T06:41:14Z
7458,23,2026-08-04T06:41:16Z
7459,22,2026-08-04T06:41:19Z
7460,24,2026-08-04T06:41:21Z
7461,22,2026-08-04T06:41:23Z
7462,22,2026-08-04T06:41:26Z
7463,24,2026-08-04T06:41:28Z
7464,22,2026-08-04T06:41:29Z
7465,23,2026-08-04T06:41:32Z
7466,20,2026-08-04T06:41:33Z
7467,21,2026-08-04T06:41:36Z
7468,22,2026-08-04T06:41:39Z
7469,23,2026-08-04T06:41:42Z
7470,20,2026-08-04T06:41:44Z
7471,21,2026-08-04T06:41:45Z
7472,22,2026-08-04T06:41:47Z
7473,23,2026-08-04T06:41:50Z
7474,21,2026-08-04T06:41:52Z
7475,22,2026-08-04T06:41:55Z
7476,20,2026-08-04T06:41:57Z
7477,22,2026-08-04T06:41:59Z
7478,23,2026-08-04T06:42:01Z
7479,18,2026-08-04T06:42:03Z
7480,19,2026-08-04T06:42:05Z
7481,19,2026-08-04T06:42:07Z
7482,19,2026-08-04T06:42:09Z
7483,18,2026-08-04T06:42:12Z
7484,18,2026-08-04T06:42:13Z
7485,16,2026-08-04T06:42:15Z
7486,16,2026-08-04T06:42:16Z
7487,17,2026-08-04T06:42:18Z
7488,20,2026-08-04T06:42:20Z
7489,21,2026-08-04T06:42:22Z
7490,17,2026-08-04T06:42:24Z
7491,16,2026-08-04T06:42:26Z
7492,20,2026-08-04T06:42:28Z
7493,18,2026-08-04T06:42:31Z
7494,22,2026-08-04T06:42:34Z
7495,22,2026-08-04T06:42:35Z
7496,22,2026-08-04T06:42:37Z
7497,23,2026-08-04T06:42:39Z
7498,25,2026-08-04T06:42:42Z
7499,22,2026-08-04T06:42:44Z
7500,22,2026-08-04T06:42:47Z
7501,21,2026-08-04T06:42:49Z
7502,24,2026-08-04T06:42:52Z
7503,27,2026-08-04T06:42:54Z
7504,28,2026-08-04T06:42:56Z
7505,29,2026-08-04T06:42:59Z
7506,27,2026-08-04T06:43:03Z
7507,27,2026-08-04T06:43:06Z
7508,25,2026-08-04T06:43:09Z
7509,27,2026-08-04T06:43:12Z
7510,26,2026-08-04T06:43:13Z
7511,23,2026-08-04T06:43:16Z
7512,28,2026-08-04T06:43:19Z
7513,24,2026-08-04T06:43:21Z
7514,22,2026-08-04T06:43:23Z
7515,23,2026-08-04T06:43:26Z
7516,23,2026-08-04T06:43:28Z
7517,23,2026-08-04T06:43:30Z
7518,26,2026-08-04T06:43:32Z
7519,23,2026-08-04T06:43:35Z
7520,19,2026-08-04T06:43:37Z
7521,19,2026-08-04T06:43:40Z
7522,21,2026-08-04T06:43:42Z
7523,21,2026-08-04T06:43:44Z
7524,23,2026-08-04T06:43:47Z
7525,21,2026-08-04T06:43:49Z
7526,22,2026-08-04T06:43:51Z
7527,23,2026-08-04T06:43:54Z
7528,26,2026-08-04T06:43:56Z
7529,24,2026-08-04T06:43:58Z
7530,22,2026-08-04T06:43:59Z
7531,24,2026-08-04T06:44:02Z
7532,20,2026-08-04T06:44:05Z
7533,19,2026-08-04T06:44:07Z
7534,21,2026-08-04T06:44:09Z
7535,21,2026-08-04T06:44:11Z
7536,24,2026-08-04T06:44:14Z
7537,23,2026-08-04T06:44:17Z
7538,22,2026-08-04T06:44:19Z
7539,27,2026-08-04T06:44:22Z
7540,27,2026-08-04T06:44:24Z
7541,26,2026-08-04T06:44:27Z
7542,26,2026-08-04T06:44:30Z
7543,26,2026-08-04T06:44:33Z
7544,26,2026-08-04T06:44:36Z
7545,28,2026-08-04T06:44:38Z
7546,27,2026-08-04T06:44:41Z
7547,29,2026-08-04T06:44:44Z
7548,29,2026-08-04T06:44:47Z
7549,27,2026-08-04T06:44:50Z
7550,25,2026-08-04T06:44:53Z
7551,23,2026-08-04T06:44:55Z
7552,23,2026-08-04T06:44:58Z
7553,23,2026-08-04T06:45:00Z
7554,22,2026-08-04T06:45:03Z
7555,24,2026-08-04T06:45:06Z
7556,22,2026-08-04T06:45:08Z
7557,20,2026-08-04T06:45:10Z
7558,19,2026-08-04T06:45:12Z
7559,18,2026-08-04T06:45:14Z
7560,22,2026-08-04T06:45:16Z
7561,23,2026-08-04T06:45:19Z
7562,24,2026-08-04T06:45:21Z
7563,21,2026-08-04T06:45:23Z
7564,24,2026-08-04T06:45:25Z
7565,24,2026-08-04T06:45:27Z
7566,26,2026-08-04T06:45:29Z
7567,26,2026-08-04T06:45:31Z
7568,24,2026-08-04T06:45:33Z
7569,23,2026-08-04T06:45:36Z
7570,24,2026-08-04T06:45:39Z
7571,26,2026-08-04T06:45:41Z
7572,25,2026-08-04T06:45:43Z
7573,26,2026-08-04T06:45:45Z
7574,31,2026-08-04T06:45:48Z
7575,27,2026-08-04T06:45:50Z
7576,26,2026-08-04T06:45:53Z
7577,29,2026-08-04T06:45:56Z
7578,27,2026-08-04T06:45:59Z
7579,21,2026-08-04T06:46:02Z
7580,23,2026-08-04T06:46:04Z
7581,22,2026-08-04T06:46:06Z
7582,25,2026-08-04T06:46:08Z
7583,21,2026-08-04T06:46:10Z
7584,25,2026-08-04T06:46:13Z
7585,22,2026-08-04T06:46:15Z
7586,20,2026-08-04T06:46:17Z
7587,21,2026-08-04T06:46:19Z
7588,20,2026-08-04T06:46:21Z
7589,22,2026-08-04T06:46:23Z
7590,21,2026-08-04T06:46:25Z
7591,20,2026-08-04T06:46:28Z
7592,19,2026-08-04T06:46:30Z
7593,21,2026-08-04T06:46:32Z
7594,20,2026-08-04T06:46:34Z
7595,23,2026-08-04T06:46:37Z
7596,23,2026-08-04T06:46:39Z
7597,25,2026-08-04T06:46:42Z
7598,21,2026-08-04T06:46:44Z
7599,22,2026-08-04T06:46:46Z
7600,21,2026-08-04T06:46:48Z
7601,22,2026-08-04T06:46:51Z
7602,21,2026-08-04T06:46:53Z
7603,21,2026-08-04T06:46:55Z
7604,21,2026-08-04T06:46:56Z
7605,22,2026-08-04T06:46:58Z
7606,25,2026-08-04T06:47:01Z
7607,24,2026-08-04T06:47:04Z
7608,25,2026-08-04T06:47:06Z
7609,27,2026-08-04T06:47:09Z
7610,28,2026-08-04T06:47:12Z
7611,25,2026-08-04T06:47:14Z
7612,23,2026-08-04T06:47:17Z
7613,25,2026-08-04T06:47:20Z
7614,26,2026-08-04T06:47:22Z
7615,24,2026-08-04T06:47:25Z
7616,23,2026-08-04T06:47:27Z
7617,26,2026-08-04T06:47:30Z
7618,22,2026-08-04T06:47:32Z
7619,26,2026-08-04T06:47:35Z
7620,27,2026-08-04T06:47:38Z
7621,25,2026-08-04T06:47:41Z
7622,23,2026-08-04T06:47:44Z
7623,30,2026-08-04T06:47:46Z
7624,28,2026-08-04T06:47:49Z
7625,26,2026-08-04T06:47:52Z
7626,21,2026-08-04T06:47:55Z
7627,20,2026-08-04T06:47:57Z
7628,24,2026-08-04T06:48:00Z
7629,26,2026-08-04T06:48:03Z
7630,27,2026-08-04T06:48:05Z
7631,29,2026-08-04T06:48:08Z
7632,29,2026-08-04T06:48:11Z
7633,26,2026-08-04T06:48:14Z
7634,29,2026-08-04T06:48:17Z
7635,28,2026-08-04T06:48:21Z
7636,26,2026-08-04T06:48:24Z
7637,26,2026-08-04T06:48:27Z
7638,21,2026-08-04T06:48:29Z
7639,22,2026-08-04T06:48:31Z
7640,22,2026-08-04T06:48:35Z
7641,20,2026-08-04T06:48:37Z
7642,16,2026-08-04T06:48:39Z
7643,17,2026-08-04T06:48:40Z
7644,14,2026-08-04T06:48:42Z
7645,18,2026-08-04T06:48:44Z
7646,12,2026-08-04T06:48:45Z
7647,13,2026-08-04T06:48:47Z
7648,12,2026-08-04T06:48:48Z
7649,12,2026-08-04T06:48:50Z
7650,12,2026-08-04T06:48:51Z
7651,12,2026-08-04T06:48:52Z
7652,14,2026-08-04T06:48:54Z
7653,15,2026-08-04T06:48:55Z
7654,15,2026-08-04T06:48:56Z
7655,17,2026-08-04T06:48:59Z
7656,15,2026-08-04T06:49:00Z
7657,13,2026-08-04T06:49:01Z
7658,14,2026-08-04T06:49:03Z
7659,15,2026-08-04T06:49:04Z
7660,13,2026-08-04T06:49:06Z
7661,13,2026-08-04T06:49:07Z
7662,14,2026-08-04T06:49:09Z
7663,16,2026-08-04T06:49:11Z
7664,17,2026-08-04T06:49:12Z
7665,18,2026-08-04T06:49:15Z
7666,18,2026-08-04T06:49:17Z
7667,18,2026-08-04T06:49:19Z
7668,20,2026-08-04T06:49:22Z
7669,21,2026-08-04T06:49:24Z
7670,21,2026-08-04T06:49:26Z
7671,21,2026-08-04T06:49:29Z
7672,21,2026-08-04T06:49:31Z
7673,18,2026-08-04T06:49:33Z
7674,20,2026-08-04T06:49:35Z
7675,18,2026-08-04T06:49:37Z
7676,19,2026-08-04T06:49:39Z
7677,21,2026-08-04T06:49:41Z
7678,20,2026-08-04T06:49:43Z
7679,20,2026-08-04T06:49:46Z
7680,21,2026-08-04T06:49:48Z
7681,20,2026-08-04T06:49:51Z
7682,23,2026-08-04T06:49:54Z
7683,25,2026-08-04T06:49:58Z
7684,25,2026-08-04T06:50:01Z
7685,28,2026-08-04T06:50:04Z
7686,27,2026-08-04T06:50:06Z
7687,27,2026-08-04T06:50:09Z
7688,25,2026-08-04T06:50:13Z
7689,27,2026-08-04T06:50:17Z
7690,23,2026-08-04T06:50:21Z
7691,26,2026-08-04T06:50:24Z
7692,26,2026-08-04T06:50:26Z
7693,25,2026-08-04T06:50:29Z
7694,24,2026-08-04T06:50:32Z
7695,25,2026-08-04T06:50:34Z
7696,25,2026-08-04T06:50:37Z
7697,25,2026-08-04T06:50:40Z
7698,24,2026-08-04T06:50:42Z
7699,26,2026-08-04T06:50:45Z
7700,27,2026-08-04T06:50:47Z
7701,28,2026-08-04T06:50:50Z
7702,27,2026-08-04T06:50:53Z
7703,24,2026-08-04T06:50:56Z
7704,29,2026-08-04T06:50:59Z
7705,25,2026-08-04T06:51:01Z
7706,25,2026-08-04T06:51:05Z
7707,24,2026-08-04T06:51:06Z
7708,24,2026-08-04T06:51:10Z
7709,27,2026-08-04T06:51:12Z
7710,26,2026-08-04T06:51:14Z
7711,25,2026-08-04T06:51:16Z
7712,26,2026-08-04T06:51:19Z
7713,25,2026-08-04T06:51:21Z
7714,27,2026-08-04T06:51:24Z
7715,23,2026-08-04T06:51:27Z
7716,23,2026-08-04T06:51:29Z
7717,22,2026-08-04T06:51:30Z
7718,19,2026-08-04T06:51:32Z
7719,22,2026-08-04T06:51:34Z
7720,17,2026-08-04T06:51:37Z
7721,20,2026-08-04T06:51:37Z
7722,19,2026-08-04T06:51:40Z
7723,24,2026-08-04T06:51:42Z
7724,20,2026-08-04T06:51:45Z
7725,18,2026-08-04T06:51:47Z
7726,18,2026-08-04T06:51:48Z
7727,20,2026-08-04T06:51:49Z
7728,20,2026-08-04T06:51:52Z
7729,18,2026-08-04T06:51:55Z
7730,16,2026-08-04T06:51:55Z
7731,15,2026-08-04T06:51:57Z
7732,17,2026-08-04T06:51:59Z
7733,16,2026-08-04T06:52:01Z
7734,17,2026-08-04T06:52:03Z
7735,19,2026-08-04T06:52:05Z
7736,20,2026-08-04T06:52:07Z
7737,15,2026-08-04T06:52:09Z
7738,16,2026-08-04T06:52:11Z
7739,16,2026-08-04T06:52:13Z
7740,17,2026-08-04T06:52:15Z
7741,17,2026-08-04T06:52:17Z
7742,20,2026-08-04T06:52:18Z
7743,17,2026-08-04T06:52:20Z
7744,24,2026-08-04T06:52:22Z
7745,18,2026-08-04T06:52:25Z
7746,22,2026-08-04T06:52:27Z
7747,23,2026-08-04T06:52:29Z
7748,23,2026-08-04T06:52:30Z
7749,27,2026-08-04T06:52:33Z
7750,27,2026-08-04T06:52:37Z
7751,24,2026-08-04T06:52:39Z
7752,23,2026-08-04T06:52:42Z
7753,25,2026-08-04T06:52:44Z
7754,20,2026-08-04T06:52:47Z
7755,24,2026-08-04T06:52:49Z
7756,24,2026-08-04T06:52:53Z
7757,28,2026-08-04T06:52:55Z
7758,26,2026-08-04T06:52:57Z
7759,24,2026-08-04T06:53:00Z
7760,20,2026-08-04T06:53:03Z
7761,23,2026-08-04T06:53:06Z
7762,24,2026-08-04T06:53:09Z
7763,27,2026-08-04T06:53:11Z
7764,26,2026-08-04T06:53:14Z
7765,28,2026-08-04T06:53:17Z
7766,28,2026-08-04T06:53:19Z
7767,24,2026-08-04T06:53:22Z
7768,26,2026-08-04T06:53:23Z
7769,22,2026-08-04T06:53:26Z
7770,23,2026-08-04T06:53:29Z
7771,23,2026-08-04T06:53:31Z
7772,24,2026-08-04T06:53:34Z
7773,24,2026-08-04T06:53:36Z
7774,26,2026-08-04T06:53:39Z
7775,24,2026-08-04T06:53:42Z
7776,25,2026-08-04T06:53:44Z
7777,25,2026-08-04T06:53:47Z
7778,25,2026-08-04T06:53:50Z
7779,26,2026-08-04T06:53:52Z
7780,24,2026-08-04T06:53:54Z
7781,24,2026-08-04T06:53:57Z
7782,23,2026-08-04T06:54:00Z
7783,22,2026-08-04T06:54:03Z
7784,19,2026-08-04T06:54:05Z
7785,20,2026-08-04T06:54:07Z
7786,19,2026-08-04T06:54:08Z
7787,19,2026-08-04T06:54:09Z
7788,16,2026-08-04T06:54:13Z
7789,17,2026-08-04T06:54:14Z
7790,19,2026-08-04T06:54:15Z
7791,15,2026-08-04T06:54:16Z
7792,15,2026-08-04T06:54:18Z
7793,15,2026-08-04T06:54:20Z
7794,15,2026-08-04T06:54:22Z
7795,14,2026-08-04T06:54:23Z
7796,19,2026-08-04T06:54:25Z
7797,18,2026-08-04T06:54:27Z
7798,19,2026-08-04T06:54:29Z
7799,20,2026-08-04T06:54:31Z
7800,21,2026-08-04T06:54:33Z
7801,20,2026-08-04T06:54:35Z
7802,22,2026-08-04T06:54:38Z
7803,23,2026-08-04T06:54:41Z
7804,25,2026-08-04T06:54:43Z
7805,22,2026-08-04T06:54:45Z
7806,22,2026-08-04T06:54:47Z
7807,24,2026-08-04T06:54:50Z
7808,24,2026-08-04T06:54:52Z
7809,23,2026-08-04T06:54:54Z
7810,24,2026-08-04T06:54:56Z
7811,26,2026-08-04T06:55:00Z
7812,27,2026-08-04T06:55:02Z
7813,28,2026-08-04T06:55:04Z
7814,28,2026-08-04T06:55:07Z
7815,27,2026-08-04T06:55:13Z
7816,25,2026-08-04T06:55:15Z
7817,26,2026-08-04T06:55:17Z
7818,26,2026-08-04T06:55:19Z
7819,26,2026-08-04T06:55:21Z
7820,23,2026-08-04T06:55:24Z
7821,24,2026-08-04T06:55:26Z
7822,25,2026-08-04T06:55:28Z
7823,22,2026-08-04T06:55:30Z
7824,22,2026-08-04T06:55:33Z
7825,23,2026-08-04T06:55:36Z
7826,19,2026-08-04T06:55:37Z
7827,17,2026-08-04T06:55:39Z
7828,18,2026-08-04T06:55:41Z
7829,16,2026-08-04T06:55:43Z
7830,16,2026-08-04T06:55:45Z
7831,18,2026-08-04T06:55:46Z
7832,19,2026-08-04T06:55:48Z
7833,20,2026-08-04T06:55:50Z
7834,20,2026-08-04T06:55:52Z
7835,23,2026-08-04T06:55:54Z
7836,19,2026-08-04T06:55:57Z
7837,21,2026-08-04T06:55:59Z
7838,19,2026-08-04T06:56:01Z
7839,20,2026-08-04T06:56:03Z
7840,20,2026-08-04T06:56:05Z
7841,20,2026-08-04T06:56:07Z
7842,20,2026-08-04T06:56:09Z
7843,23,2026-08-04T06:56:12Z
7844,22,2026-08-04T06:56:14Z
7845,21,2026-08-04T06:56:16Z
7846,22,2026-08-04T06:56:18Z
7847,22,2026-08-04T06:56:20Z
7848,21,2026-08-04T06:56:22Z
7849,21,2026-08-04T06:56:23Z
7850,20,2026-08-04T06:56:25Z
7851,20,2026-08-04T06:56:27Z
7852,22,2026-08-04T06:56:29Z
7853,19,2026-08-04T06:56:31Z
7854,17,2026-08-04T06:56:32Z
7855,17,2026-08-04T06:56:34Z
7856,18,2026-08-04T06:56:36Z
7857,20,2026-08-04T06:56:38Z
7858,21,2026-08-04T06:56:41Z
7859,22,2026-08-04T06:56:43Z
7860,25,2026-08-04T06:56:45Z
7861,21,2026-08-04T06:56:47Z
7862,22,2026-08-04T06:56:49Z
7863,21,2026-08-04T06:56:51Z
7864,23,2026-08-04T06:56:53Z
7865,22,2026-08-04T06:56:55Z
7866,22,2026-08-04T06:56:57Z
7867,20,2026-08-04T06:56:59Z
7868,20,2026-08-04T06:57:01Z
7869,20,2026-08-04T06:57:03Z
7870,18,2026-08-04T06:57:05Z
7871,16,2026-08-04T06:57:06Z
7872,17,2026-08-04T06:57:08Z
7873,18,2026-08-04T06:57:09Z
7874,15,2026-08-04T06:57:11Z
7875,13,2026-08-04T06:57:13Z
7876,13,2026-08-04T06:57:15Z
7877,13,2026-08-04T06:57:16Z
7878,14,2026-08-04T06:57:17Z
7879,13,2026-08-04T06:57:19Z
7880,12,2026-08-04T06:57:20Z
7881,14,2026-08-04T06:57:22Z
7882,15,2026-08-04T06:57:23Z
7883,15,2026-08-04T06:57:25Z
7884,14,2026-08-04T06:57:26Z
7885,14,2026-08-04T06:57:28Z
7886,16,2026-08-04T06:57:29Z
7887,15,2026-08-04T06:57:31Z
7888,17,2026-08-04T06:57:33Z
7889,17,2026-08-04T06:57:34Z
7890,18,2026-08-04T06:57:36Z
7891,17,2026-08-04T06:57:37Z
7892,19,2026-08-04T06:57:39Z
7893,21,2026-08-04T06:57:40Z
7894,17,2026-08-04T06:57:43Z
7895,18,2026-08-04T06:57:45Z
7896,18,2026-08-04T06:57:47Z
7897,23,2026-08-04T06:57:49Z
7898,25,2026-08-04T06:57:51Z
7899,22,2026-08-04T06:57:53Z
7900,22,2026-08-04T06:57:56Z
7901,25,2026-08-04T06:57:58Z
7902,25,2026-08-04T06:58:00Z
7903,28,2026-08-04T06:58:03Z
7904,25,2026-08-04T06:58:05Z
7905,30,2026-08-04T06:58:09Z
7906,26,2026-08-04T06:58:12Z
7907,27,2026-08-04T06:58:13Z
7908,26,2026-08-04T06:58:16Z
7909,26,2026-08-04T06:58:19Z
7910,21,2026-08-04T06:58:22Z
7911,20,2026-08-04T06:58:24Z
7912,22,2026-08-04T06:58:26Z
7913,22,2026-08-04T06:58:28Z
7914,23,2026-08-04T06:58:30Z
7915,23,2026-08-04T06:58:32Z
7916,22,2026-08-04T06:58:34Z
7917,20,2026-08-04T06:58:37Z
7918,22,2026-08-04T06:58:39Z
7919,23,2026-08-04T06:58:41Z
7920,25,2026-08-04T06:58:43Z
7921,24,2026-08-04T06:58:46Z
7922,26,2026-08-04T06:58:47Z
7923,26,2026-08-04T06:58:49Z
7924,26,2026-08-04T06:58:52Z
7925,25,2026-08-04T06:58:55Z
7926,27,2026-08-04T06:58:57Z
7927,23,2026-08-04T06:59:00Z
7928,23,2026-08-04T06:59:02Z
7929,21,2026-08-04T06:59:04Z
7930,23,2026-08-04T06:59:06Z
7931,22,2026-08-04T06:59:08Z
7932,20,2026-08-04T06:59:10Z
7933,21,2026-08-04T06:59:12Z
7934,19,2026-08-04T06:59:14Z
7935,20,2026-08-04T06:59:16Z
7936,19,2026-08-04T06:59:18Z
7937,16,2026-08-04T06:59:19Z
7938,16,2026-08-04T06:59:21Z
7939,16,2026-08-04T06:59:22Z
7940,16,2026-08-04T06:59:24Z
7941,16,2026-08-04T06:59:26Z
7942,16,2026-08-04T06:59:28Z
7943,15,2026-08-04T06:59:30Z
7944,16,2026-08-04T06:59:31Z
7945,17,2026-08-04T06:59:33Z
7946,19,2026-08-04T06:59:34Z
7947,19,2026-08-04T06:59:36Z
7948,19,2026-08-04T06:59:38Z
7949,19,2026-08-04T06:59:40Z
7950,18,2026-08-04T06:59:42Z
7951,19,2026-08-04T06:59:45Z
7952,18,2026-08-04T06:59:47Z
7953,16,2026-08-04T06:59:49Z
7954,18,2026-08-04T06:59:51Z
7955,19,2026-08-04T06:59:53Z
7956,21,2026-08-04T06:59:55Z
7957,22,2026-08-04T06:59:57Z
7958,22,2026-08-04T06:59:59Z
7959,25,2026-08-04T07:00:01Z
7960,24,2026-08-04T07:00:03Z
7961,23,2026-08-04T07:00:05Z
7962,20,2026-08-04T07:00:07Z
7963,20,2026-08-04T07:00:10Z
7964,17,2026-08-04T07:00:11Z
7965,17,2026-08-04T07:00:13Z
7966,17,2026-08-04T07:00:15Z
7967,17,2026-08-04T07:00:16Z
7968,17,2026-08-04T07:00:18Z
7969,16,2026-08-04T07:00:20Z
7970,17,2026-08-04T07:00:22Z
7971,16,2026-08-04T07:00:23Z
7972,14,2026-08-04T07:00:25Z
7973,17,2026-08-04T07:00:26Z
7974,14,2026-08-04T07:00:28Z
7975,15,2026-08-04T07:00:30Z
7976,15,2026-08-04T07:00:31Z
7977,18,2026-08-04T07:00:34Z
7978,14,2026-08-04T07:00:34Z
7979,16,2026-08-04T07:00:37Z
7980,15,2026-08-04T07:00:39Z
7981,16,2026-08-04T07:00:40Z
7982,16,2026-08-04T07:00:42Z
7983,20,2026-08-04T07:00:43Z
7984,20,2026-08-04T07:00:45Z
7985,18,2026-08-04T07:00:47Z
7986,18,2026-08-04T07:00:49Z
7987,17,2026-08-04T07:00:51Z
7988,18,2026-08-04T07:00:53Z
7989,20,2026-08-04T07:00:54Z
7990,16,2026-08-04T07:00:56Z
7991,19,2026-08-04T07:00:58Z
7992,19,2026-08-04T07:01:00Z
7993,18,2026-08-04T07:01:02Z
7994,19,2026-08-04T07:01:04Z
7995,20,2026-08-04T07:01:06Z
7996,19,2026-08-04T07:01:08Z
7997,19,2026-08-04T07:01:10Z
7998,21,2026-08-04T07:01:12Z
7999,19,2026-08-04T07:01:14Z
8000,20,2026-08-04T07:01:16Z
8001,19,2026-08-04T07:01:18Z
8002,18,2026-08-04T07:01:20Z
8003,16,2026-08-04T07:01:21Z
8004,15,2026-08-04T07:01:23Z
8005,16,2026-08-04T07:01:24Z
8006,17,2026-08-04T07:01:26Z
8007,17,2026-08-04T07:01:28Z
8008,16,2026-08-04T07:01:29Z
8009,16,2026-08-04T07:01:31Z
8010,16,2026-08-04T07:01:33Z
8011,17,2026-08-04T07:01:35Z
8012,18,2026-08-04T07:01:37Z
8013,17,2026-08-04T07:01:39Z
8014,18,2026-08-04T07:01:41Z
8015,18,2026-08-04T07:01:42Z
8016,22,2026-08-04T07:01:44Z
8017,21,2026-08-04T07:01:46Z
8018,18,2026-08-04T07:01:48Z
8019,19,2026-08-04T07:01:50Z
8020,16,2026-08-04T07:01:52Z
8021,16,2026-08-04T07:01:54Z
8022,15,2026-08-04T07:01:54Z
8023,16,2026-08-04T07:01:56Z
8024,17,2026-08-04T07:01:58Z
8025,18,2026-08-04T07:02:00Z
8026,20,2026-08-04T07:02:02Z
8027,23,2026-08-04T07:02:04Z
8028,26,2026-08-04T07:02:06Z
8029,23,2026-08-04T07:02:08Z
8030,20,2026-08-04T07:02:10Z
8031,22,2026-08-04T07:02:12Z
8032,22,2026-08-04T07:02:14Z
8033,21,2026-08-04T07:02:16Z
8034,19,2026-08-04T07:02:18Z
8035,20,2026-08-04T07:02:21Z
8036,20,2026-08-04T07:02:23Z
8037,20,2026-08-04T07:02:25Z
8038,18,2026-08-04T07:02:27Z
8039,18,2026-08-04T07:02:29Z
8040,17,2026-08-04T07:02:31Z
8041,17,2026-08-04T07:02:33Z
8042,19,2026-08-04T07:02:34Z
8043,20,2026-08-04T07:02:36Z
8044,18,2026-08-04T07:02:38Z
8045,18,2026-08-04T07:02:40Z
8046,16,2026-08-04T07:02:41Z
8047,15,2026-08-04T07:02:43Z
8048,16,2026-08-04T07:02:45Z
8049,17,2026-08-04T07:02:47Z
8050,16,2026-08-04T07:02:49Z
8051,17,2026-08-04T07:02:51Z
8052,18,2026-08-04T07:02:53Z
8053,21,2026-08-04T07:02:55Z
8054,20,2026-08-04T07:02:57Z
8055,19,2026-08-04T07:02:58Z
8056,22,2026-08-04T07:03:00Z
8057,21,2026-08-04T07:03:03Z
8058,22,2026-08-04T07:03:05Z
8059,20,2026-08-04T07:03:07Z
8060,23,2026-08-04T07:03:10Z
8061,24,2026-08-04T07:03:12Z
8062,25,2026-08-04T07:03:15Z
8063,25,2026-08-04T07:03:17Z
8064,27,2026-08-04T07:03:19Z
8065,28,2026-08-04T07:03:22Z
8066,27,2026-08-04T07:03:24Z
8067,30,2026-08-04T07:03:27Z
8068,28,2026-08-04T07:03:29Z
8069,26,2026-08-04T07:03:32Z
8070,25,2026-08-04T07:03:34Z
8071,27,2026-08-04T07:03:36Z
8072,19,2026-08-04T07:03:39Z
8073,21,2026-08-04T07:03:40Z
8074,20,2026-08-04T07:03:42Z
8075,20,2026-08-04T07:03:44Z
8076,21,2026-08-04T07:03:45Z
8077,17,2026-08-04T07:03:48Z
8078,20,2026-08-04T07:03:50Z
8079,19,2026-08-04T07:03:51Z
8080,18,2026-08-04T07:03:53Z
8081,21,2026-08-04T07:03:55Z
8082,19,2026-08-04T07:03:57Z
8083,22,2026-08-04T07:03:59Z
8084,20,2026-08-04T07:04:01Z
8085,19,2026-08-04T07:04:03Z
8086,19,2026-08-04T07:04:05Z
8087,21,2026-08-04T07:04:06Z
8088,19,2026-08-04T07:04:08Z
8089,21,2026-08-04T07:04:11Z
8090,17,2026-08-04T07:04:13Z
8091,18,2026-08-04T07:04:15Z
8092,19,2026-08-04T07:04:17Z
8093,19,2026-08-04T07:04:19Z
8094,19,2026-08-04T07:04:22Z
8095,19,2026-08-04T07:04:24Z
8096,19,2026-08-04T07:04:26Z
8097,18,2026-08-04T07:04:28Z
8098,17,2026-08-04T07:04:30Z
8099,17,2026-08-04T07:04:33Z
8100,19,2026-08-04T07:04:35Z
8101,18,2026-08-04T07:04:37Z
8102,19,2026-08-04T07:04:39Z
8103,22,2026-08-04T07:04:41Z
8104,21,2026-08-04T07:04:44Z
8105,20,2026-08-04T07:04:46Z
8106,21,2026-08-04T07:04:48Z
8107,20,2026-08-04T07:04:50Z
8108,21,2026-08-04T07:04:52Z
8109,22,2026-08-04T07:04:54Z
8110,22,2026-08-04T07:04:56Z
8111,22,2026-08-04T07:04:59Z
8112,23,2026-08-04T07:05:02Z
8113,23,2026-08-04T07:05:05Z
8114,22,2026-08-04T07:05:07Z
8115,23,2026-08-04T07:05:08Z
8116,24,2026-08-04T07:05:11Z
8117,23,2026-08-04T07:05:14Z
8118,24,2026-08-04T07:05:17Z
8119,25,2026-08-04T07:05:19Z
8120,28,2026-08-04T07:05:22Z
8121,27,2026-08-04T07:05:24Z
8122,29,2026-08-04T07:05:27Z
8123,29,2026-08-04T07:05:30Z
8124,23,2026-08-04T07:05:32Z
8125,24,2026-08-04T07:05:35Z
8126,22,2026-08-04T07:05:38Z
8127,26,2026-08-04T07:05:41Z
8128,25,2026-08-04T07:05:43Z
8129,21,2026-08-04T07:05:45Z
8130,22,2026-08-04T07:05:47Z
8131,22,2026-08-04T07:05:49Z
8132,23,2026-08-04T07:05:51Z
8133,21,2026-08-04T07:05:53Z
8134,21,2026-08-04T07:05:55Z
8135,21,2026-08-04T07:05:57Z
8136,21,2026-08-04T07:05:58Z
8137,19,2026-08-04T07:06:01Z
8138,18,2026-08-04T07:06:02Z
8139,18,2026-08-04T07:06:04Z
8140,18,2026-08-04T07:06:06Z
8141,17,2026-08-04T07:06:08Z
8142,20,2026-08-04T07:06:10Z
8143,21,2026-08-04T07:06:12Z
8144,22,2026-08-04T07:06:14Z
8145,22,2026-08-04T07:06:16Z
8146,21,2026-08-04T07:06:18Z
8147,20,2026-08-04T07:06:20Z
8148,20,2026-08-04T07:06:22Z
8149,21,2026-08-04T07:06:24Z
8150,22,2026-08-04T07:06:25Z
8151,21,2026-08-04T07:06:27Z
8152,23,2026-08-04T07:06:29Z
8153,22,2026-08-04T07:06:31Z
8154,20,2026-08-04T07:06:33Z
8155,18,2026-08-04T07:06:36Z
8156,16,2026-08-04T07:06:37Z
8157,17,2026-08-04T07:06:38Z
8158,16,2026-08-04T07:06:40Z
8159,16,2026-08-04T07:06:42Z
8160,17,2026-08-04T07:06:44Z
8161,20,2026-08-04T07:06:46Z
8162,19,2026-08-04T07:06:48Z
8163,21,2026-08-04T07:06:50Z
8164,16,2026-08-04T07:06:51Z
8165,17,2026-08-04T07:06:53Z
8166,16,2026-08-04T07:06:54Z
8167,16,2026-08-04T07:06:55Z
8168,17,2026-08-04T07:06:57Z
8169,15,2026-08-04T07:06:59Z
8170,15,2026-08-04T07:07:00Z
8171,16,2026-08-04T07:07:02Z
8172,15,2026-08-04T07:07:04Z
8173,15,2026-08-04T07:07:05Z
8174,16,2026-08-04T07:07:07Z
8175,16,2026-08-04T07:07:09Z
8176,15,2026-08-04T07:07:11Z
8177,15,2026-08-04T07:07:12Z
8178,16,2026-08-04T07:07:14Z
8179,15,2026-08-04T07:07:16Z
8180,15,2026-08-04T07:07:18Z
8181,16,2026-08-04T07:07:19Z
8182,16,2026-08-04T07:07:21Z
8183,13,2026-08-04T07:07:23Z
8184,14,2026-08-04T07:07:24Z
8185,14,2026-08-04T07:07:25Z
8186,15,2026-08-04T07:07:27Z
8187,15,2026-08-04T07:07:29Z
8188,15,2026-08-04T07:07:30Z
8189,16,2026-08-04T07:07:32Z
8190,17,2026-08-04T07:07:34Z
8191,18,2026-08-04T07:07:36Z
8192,19,2026-08-04T07:07:38Z
8193,19,2026-08-04T07:07:41Z
8194,21,2026-08-04T07:07:43Z
8195,21,2026-08-04T07:07:45Z
8196,23,2026-08-04T07:07:48Z
8197,24,2026-08-04T07:07:50Z
8198,24,2026-08-04T07:07:53Z
8199,25,2026-08-04T07:07:55Z
8200,27,2026-08-04T07:07:57Z
8201,24,2026-08-04T07:08:00Z
8202,24,2026-08-04T07:08:02Z
8203,24,2026-08-04T07:08:05Z
8204,23,2026-08-04T07:08:07Z
8205,24,2026-08-04T07:08:10Z
8206,22,2026-08-04T07:08:12Z
8207,19,2026-08-04T07:08:14Z
8208,21,2026-08-04T07:08:15Z
8209,19,2026-08-04T07:08:17Z
8210,17,2026-08-04T07:08:19Z
8211,19,2026-08-04T07:08:21Z
8212,20,2026-08-04T07:08:23Z
8213,19,2026-08-04T07:08:26Z
8214,20,2026-08-04T07:08:27Z
8215,17,2026-08-04T07:08:29Z
8216,19,2026-08-04T07:08:30Z
8217,18,2026-08-04T07:08:31Z
8218,16,2026-08-04T07:08:33Z
8219,19,2026-08-04T07:08:35Z
8220,16,2026-08-04T07:08:36Z
8221,18,2026-08-04T07:08:38Z
8222,17,2026-08-04T07:08:40Z
8223,18,2026-08-04T07:08:42Z
8224,17,2026-08-04T07:08:44Z
8225,22,2026-08-04T07:08:46Z
8226,23,2026-08-04T07:08:49Z
8227,28,2026-08-04T07:08:51Z
8228,23,2026-08-04T07:08:53Z
8229,23,2026-08-04T07:08:56Z
8230,24,2026-08-04T07:08:58Z
8231,24,2026-08-04T07:09:00Z
8232,23,2026-08-04T07:09:01Z
8233,21,2026-08-04T07:09:05Z
8234,22,2026-08-04T07:09:06Z
8235,21,2026-08-04T07:09:08Z
8236,23,2026-08-04T07:09:10Z
8237,20,2026-08-04T07:09:12Z
8238,21,2026-08-04T07:09:14Z
8239,20,2026-08-04T07:09:16Z
8240,21,2026-08-04T07:09:17Z
8241,20,2026-08-04T07:09:19Z
8242,24,2026-08-04T07:09:21Z
8243,20,2026-08-04T07:09:23Z
8244,25,2026-08-04T07:09:25Z
8245,19,2026-08-04T07:09:27Z
8246,23,2026-08-04T07:09:29Z
8247,21,2026-08-04T07:09:31Z
8248,19,2026-08-04T07:09:33Z
8249,21,2026-08-04T07:09:35Z
8250,22,2026-08-04T07:09:37Z
8251,22,2026-08-04T07:09:39Z
8252,22,2026-08-04T07:09:40Z
8253,23,2026-08-04T07:09:42Z
8254,23,2026-08-04T07:09:44Z
8255,21,2026-08-04T07:09:46Z
8256,19,2026-08-04T07:09:48Z
8257,17,2026-08-04T07:09:50Z
8258,18,2026-08-04T07:09:52Z
8259,17,2026-08-04T07:09:54Z
8260,16,2026-08-04T07:09:56Z
8261,17,2026-08-04T07:09:58Z
8262,16,2026-08-04T07:10:00Z
8263,16,2026-08-04T07:10:01Z
8264,15,2026-08-04T07:10:02Z
8265,16,2026-08-04T07:10:05Z
8266,16,2026-08-04T07:10:07Z
8267,17,2026-08-04T07:10:08Z
8268,16,2026-08-04T07:10:09Z
8269,19,2026-08-04T07:10:11Z
8270,19,2026-08-04T07:10:13Z
8271,20,2026-08-04T07:10:15Z
8272,18,2026-08-04T07:10:17Z
8273,19,2026-08-04T07:10:19Z
8274,18,2026-08-04T07:10:20Z
8275,19,2026-08-04T07:10:22Z
8276,20,2026-08-04T07:10:24Z
8277,21,2026-08-04T07:10:26Z
8278,21,2026-08-04T07:10:27Z
8279,18,2026-08-04T07:10:30Z
8280,17,2026-08-04T07:10:32Z
8281,19,2026-08-04T07:10:34Z
8282,19,2026-08-04T07:10:36Z
8283,21,2026-08-04T07:10:39Z
8284,22,2026-08-04T07:10:41Z
8285,22,2026-08-04T07:10:42Z
8286,21,2026-08-04T07:10:43Z
8287,18,2026-08-04T07:10:45Z
8288,19,2026-08-04T07:10:47Z
8289,20,2026-08-04T07:10:50Z
8290,23,2026-08-04T07:10:52Z
8291,19,2026-08-04T07:10:54Z
8292,20,2026-08-04T07:10:56Z
8293,17,2026-08-04T07:10:57Z
8294,19,2026-08-04T07:10:59Z
8295,21,2026-08-04T07:11:01Z
8296,20,2026-08-04T07:11:03Z
8297,20,2026-08-04T07:11:05Z
8298,18,2026-08-04T07:11:07Z
8299,21,2026-08-04T07:11:09Z
8300,21,2026-08-04T07:11:11Z
8301,20,2026-08-04T07:11:13Z
8302,22,2026-08-04T07:11:15Z
8303,21,2026-08-04T07:11:18Z
8304,16,2026-08-04T07:11:20Z
8305,17,2026-08-04T07:11:21Z
8306,20,2026-08-04T07:11:23Z
8307,16,2026-08-04T07:11:24Z
8308,15,2026-08-04T07:11:26Z
8309,16,2026-08-04T07:11:28Z
8310,18,2026-08-04T07:11:30Z
8311,17,2026-08-04T07:11:32Z
8312,21,2026-08-04T07:11:34Z
8313,21,2026-08-04T07:11:36Z
8314,20,2026-08-04T07:11:38Z
8315,19,2026-08-04T07:11:40Z
8316,16,2026-08-04T07:11:41Z
8317,19,2026-08-04T07:11:43Z
8318,15,2026-08-04T07:11:44Z
8319,16,2026-08-04T07:11:46Z
8320,15,2026-08-04T07:11:48Z
8321,16,2026-08-04T07:11:49Z
8322,16,2026-08-04T07:11:50Z
8323,15,2026-08-04T07:11:52Z
8324,16,2026-08-04T07:11:54Z
8325,19,2026-08-04T07:11:57Z
8326,17,2026-08-04T07:11:58Z
8327,20,2026-08-04T07:11:59Z
8328,18,2026-08-04T07:12:01Z
8329,18,2026-08-04T07:12:03Z
8330,19,2026-08-04T07:12:05Z
8331,20,2026-08-04T07:12:07Z
8332,17,2026-08-04T07:12:09Z
8333,18,2026-08-04T07:12:11Z
8334,18,2026-08-04T07:12:13Z
8335,20,2026-08-04T07:12:14Z
8336,19,2026-08-04T07:12:16Z
8337,19,2026-08-04T07:12:18Z
8338,21,2026-08-04T07:12:20Z
8339,25,2026-08-04T07:12:22Z
8340,21,2026-08-04T07:12:25Z
8341,23,2026-08-04T07:12:27Z
8342,22,2026-08-04T07:12:29Z
8343,27,2026-08-04T07:12:31Z
8344,24,2026-08-04T07:12:34Z
8345,23,2026-08-04T07:12:36Z
8346,23,2026-08-04T07:12:38Z
8347,26,2026-08-04T07:12:40Z
8348,22,2026-08-04T07:12:42Z
8349,22,2026-08-04T07:12:44Z
8350,22,2026-08-04T07:12:47Z
8351,22,2026-08-04T07:12:49Z
8352,21,2026-08-04T07:12:52Z
8353,22,2026-08-04T07:12:54Z
8354,22,2026-08-04T07:12:55Z
8355,20,2026-08-04T07:12:57Z
8356,23,2026-08-04T07:12:59Z
8357,23,2026-08-04T07:13:01Z
8358,17,2026-08-04T07:13:02Z
8359,20,2026-08-04T07:13:04Z
8360,20,2026-08-04T07:13:06Z
8361,19,2026-08-04T07:13:08Z
8362,18,2026-08-04T07:13:10Z
8363,21,2026-08-04T07:13:12Z
8364,20,2026-08-04T07:13:14Z
8365,22,2026-08-04T07:13:15Z
8366,23,2026-08-04T07:13:18Z
8367,22,2026-08-04T07:13:20Z
8368,19,2026-08-04T07:13:22Z
8369,20,2026-08-04T07:13:23Z
8370,20,2026-08-04T07:13:25Z
8371,18,2026-08-04T07:13:27Z
8372,18,2026-08-04T07:13:30Z
8373,20,2026-08-04T07:13:32Z
8374,19,2026-08-04T07:13:34Z
8375,23,2026-08-04T07:13:37Z
8376,22,2026-08-04T07:13:39Z
8377,19,2026-08-04T07:13:41Z
8378,20,2026-08-04T07:13:43Z
8379,23,2026-08-04T07:13:44Z
8380,20,2026-08-04T07:13:46Z
8381,21,2026-08-04T07:13:48Z
8382,20,2026-08-04T07:13:50Z
8383,22,2026-08-04T07:13:52Z
8384,21,2026-08-04T07:13:55Z
8385,25,2026-08-04T07:13:57Z
8386,22,2026-08-04T07:14:00Z
8387,20,2026-08-04T07:14:00Z
8388,19,2026-08-04T07:14:02Z
8389,21,2026-08-04T07:14:05Z
8390,20,2026-08-04T07:14:07Z
8391,22,2026-08-04T07:14:08Z
8392,23,2026-08-04T07:14:10Z
8393,19,2026-08-04T07:14:12Z
8394,20,2026-08-04T07:14:14Z
8395,19,2026-08-04T07:14:16Z
8396,19,2026-08-04T07:14:18Z
8397,19,2026-08-04T07:14:20Z
8398,21,2026-08-04T07:14:21Z
8399,19,2026-08-04T07:14:23Z
8400,20,2026-08-04T07:14:25Z
8401,19,2026-08-04T07:14:26Z
8402,19,2026-08-04T07:14:28Z
8403,19,2026-08-04T07:14:30Z
8404,20,2026-08-04T07:14:32Z
8405,22,2026-08-04T07:14:33Z
8406,21,2026-08-04T07:14:37Z
8407,20,2026-08-04T07:14:38Z
8408,23,2026-08-04T07:14:41Z
8409,22,2026-08-04T07:14:42Z
8410,21,2026-08-04T07:14:45Z
8411,21,2026-08-04T07:14:47Z
8412,23,2026-08-04T07:14:49Z
8413,22,2026-08-04T07:14:51Z
8414,22,2026-08-04T07:14:53Z
8415,20,2026-08-04T07:14:56Z
8416,21,2026-08-04T07:14:58Z
8417,21,2026-08-04T07:15:00Z
8418,20,2026-08-04T07:15:02Z
8419,22,2026-08-04T07:15:04Z
8420,22,2026-08-04T07:15:05Z
8421,18,2026-08-04T07:15:07Z
8422,17,2026-08-04T07:15:10Z
8423,17,2026-08-04T07:15:12Z
8424,17,2026-08-04T07:15:13Z
8425,17,2026-08-04T07:15:15Z
8426,17,2026-08-04T07:15:17Z
8427,16,2026-08-04T07:15:19Z
8428,18,2026-08-04T07:15:21Z
8429,18,2026-08-04T07:15:22Z
8430,22,2026-08-04T07:15:24Z
8431,20,2026-08-04T07:15:26Z
8432,17,2026-08-04T07:15:29Z
8433,22,2026-08-04T07:15:31Z
8434,20,2026-08-04T07:15:34Z
8435,21,2026-08-04T07:15:36Z
8436,21,2026-08-04T07:15:39Z
8437,23,2026-08-04T07:15:41Z
8438,18,2026-08-04T07:15:43Z
8439,20,2026-08-04T07:15:45Z
8440,22,2026-08-04T07:15:47Z
8441,19,2026-08-04T07:15:50Z
8442,18,2026-08-04T07:15:52Z
8443,20,2026-08-04T07:15:54Z
8444,20,2026-08-04T07:15:58Z
8445,18,2026-08-04T07:16:00Z
8446,18,2026-08-04T07:16:01Z
8447,17,2026-08-04T07:16:03Z
8448,19,2026-08-04T07:16:05Z
8449,16,2026-08-04T07:16:08Z
8450,20,2026-08-04T07:16:10Z
8451,20,2026-08-04T07:16:13Z
8452,20,2026-08-04T07:16:17Z
8453,21,2026-08-04T07:16:18Z
8454,20,2026-08-04T07:16:21Z
8455,22,2026-08-04T07:16:24Z
8456,23,2026-08-04T07:16:27Z
8457,24,2026-08-04T07:16:30Z
8458,24,2026-08-04T07:16:33Z
8459,25,2026-08-04T07:16:35Z
8460,19,2026-08-04T07:16:37Z
8461,20,2026-08-04T07:16:40Z
8462,19,2026-08-04T07:16:42Z
8463,18,2026-08-04T07:16:44Z
8464,20,2026-08-04T07:16:46Z
8465,20,2026-08-04T07:16:48Z
8466,21,2026-08-04T07:16:50Z
8467,19,2026-08-04T07:16:53Z
8468,21,2026-08-04T07:16:56Z
8469,20,2026-08-04T07:16:58Z
8470,22,2026-08-04T07:17:01Z
8471,23,2026-08-04T07:17:04Z
8472,30,2026-08-04T07:17:07Z
8473,26,2026-08-04T07:17:10Z
8474,24,2026-08-04T07:17:12Z
8475,26,2026-08-04T07:17:15Z
8476,22,2026-08-04T07:17:17Z
8477,24,2026-08-04T07:17:18Z
8478,23,2026-08-04T07:17:20Z
8479,22,2026-08-04T07:17:23Z
8480,22,2026-08-04T07:17:25Z
8481,20,2026-08-04T07:17:27Z
8482,16,2026-08-04T07:17:29Z
8483,15,2026-08-04T07:17:31Z
8484,16,2026-08-04T07:17:33Z
8485,15,2026-08-04T07:17:34Z
8486,19,2026-08-04T07:17:35Z
8487,18,2026-08-04T07:17:37Z
8488,16,2026-08-04T07:17:38Z
8489,13,2026-08-04T07:17:40Z
8490,15,2026-08-04T07:17:42Z
8491,14,2026-08-04T07:17:43Z
8492,15,2026-08-04T07:17:45Z
8493,16,2026-08-04T07:17:47Z
8494,20,2026-08-04T07:17:49Z
8495,18,2026-08-04T07:17:51Z
8496,14,2026-08-04T07:17:53Z
8497,15,2026-08-04T07:17:55Z
8498,18,2026-08-04T07:17:57Z
8499,15,2026-08-04T07:17:59Z
8500,16,2026-08-04T07:18:01Z
8501,17,2026-08-04T07:18:03Z
8502,19,2026-08-04T07:18:05Z
8503,17,2026-08-04T07:18:07Z
8504,19,2026-08-04T07:18:09Z
8505,19,2026-08-04T07:18:11Z
8506,21,2026-08-04T07:18:13Z
8507,26,2026-08-04T07:18:15Z
8508,28,2026-08-04T07:18:17Z
8509,25,2026-08-04T07:18:19Z
8510,28,2026-08-04T07:18:22Z
8511,23,2026-08-04T07:18:25Z
8512,20,2026-08-04T07:18:28Z
8513,23,2026-08-04T07:18:30Z
8514,25,2026-08-04T07:18:32Z
8515,23,2026-08-04T07:18:34Z
8516,23,2026-08-04T07:18:36Z
8517,22,2026-08-04T07:18:38Z
8518,19,2026-08-04T07:18:40Z
8519,20,2026-08-04T07:18:41Z
8520,22,2026-08-04T07:18:43Z
8521,18,2026-08-04T07:18:45Z
8522,20,2026-08-04T07:18:46Z
8523,17,2026-08-04T07:18:48Z
8524,19,2026-08-04T07:18:50Z
8525,19,2026-08-04T07:18:51Z
8526,19,2026-08-04T07:18:53Z
8527,18,2026-08-04T07:18:55Z
8528,17,2026-08-04T07:18:57Z
8529,17,2026-08-04T07:18:59Z
8530,15,2026-08-04T07:19:01Z
8531,19,2026-08-04T07:19:02Z
8532,18,2026-08-04T07:19:04Z
8533,17,2026-08-04T07:19:06Z
8534,19,2026-08-04T07:19:07Z
8535,20,2026-08-04T07:19:09Z
8536,21,2026-08-04T07:19:10Z
8537,19,2026-08-04T07:19:12Z
8538,21,2026-08-04T07:19:14Z
8539,20,2026-08-04T07:19:16Z
8540,17,2026-08-04T07:19:17Z
8541,18,2026-08-04T07:19:19Z
8542,21,2026-08-04T07:19:21Z
8543,20,2026-08-04T07:19:23Z
8544,21,2026-08-04T07:19:25Z
8545,23,2026-08-04T07:19:27Z
8546,23,2026-08-04T07:19:29Z
8547,24,2026-08-04T07:19:31Z
8548,23,2026-08-04T07:19:34Z
8549,26,2026-08-04T07:19:37Z
8550,26,2026-08-04T07:19:39Z
8551,24,2026-08-04T07:19:42Z
8552,22,2026-08-04T07:19:43Z
8553,20,2026-08-04T07:19:44Z
8554,20,2026-08-04T07:19:47Z
8555,22,2026-08-04T07:19:49Z
8556,21,2026-08-04T07:19:51Z
8557,23,2026-08-04T07:19:53Z
8558,25,2026-08-04T07:19:55Z
8559,25,2026-08-04T07:19:57Z
8560,23,2026-08-04T07:19:59Z
8561,22,2026-08-04T07:20:01Z
8562,21,2026-08-04T07:20:04Z
8563,20,2026-08-04T07:20:06Z
8564,21,2026-08-04T07:20:08Z
8565,20,2026-08-04T07:20:10Z
8566,20,2026-08-04T07:20:12Z
8567,18,2026-08-04T07:20:14Z
8568,18,2026-08-04T07:20:17Z
8569,21,2026-08-04T07:20:19Z
8570,20,2026-08-04T07:20:21Z
8571,19,2026-08-04T07:20:23Z
8572,19,2026-08-04T07:20:24Z
8573,18,2026-08-04T07:20:25Z
8574,19,2026-08-04T07:20:28Z
8575,19,2026-08-04T07:20:31Z
8576,20,2026-08-04T07:20:33Z
8577,21,2026-08-04T07:20:36Z
8578,22,2026-08-04T07:20:38Z
8579,24,2026-08-04T07:20:39Z
8580,22,2026-08-04T07:20:41Z
8581,25,2026-08-04T07:20:43Z
8582,24,2026-08-04T07:20:46Z
8583,24,2026-08-04T07:20:49Z
8584,24,2026-08-04T07:20:51Z
8585,24,2026-08-04T07:20:54Z
8586,26,2026-08-04T07:20:57Z
8587,27,2026-08-04T07:20:59Z
8588,25,2026-08-04T07:21:02Z
8589,22,2026-08-04T07:21:05Z
8590,23,2026-08-04T07:21:07Z
8591,21,2026-08-04T07:21:09Z
8592,22,2026-08-04T07:21:11Z
8593,22,2026-08-04T07:21:14Z
8594,23,2026-08-04T07:21:16Z
8595,23,2026-08-04T07:21:18Z
8596,22,2026-08-04T07:21:21Z
8597,19,2026-08-04T07:21:23Z
8598,20,2026-08-04T07:21:25Z
8599,22,2026-08-04T07:21:28Z
8600,25,2026-08-04T07:21:30Z
8601,25,2026-08-04T07:21:32Z
8602,26,2026-08-04T07:21:35Z
8603,25,2026-08-04T07:21:38Z
8604,25,2026-08-04T07:21:40Z
8605,26,2026-08-04T07:21:43Z
8606,27,2026-08-04T07:21:46Z
8607,27,2026-08-04T07:21:49Z
8608,23,2026-08-04T07:21:51Z
8609,19,2026-08-04T07:21:53Z
8610,23,2026-08-04T07:21:56Z
8611,22,2026-08-04T07:21:58Z
8612,24,2026-08-04T07:22:00Z
8613,23,2026-08-04T07:22:03Z
8614,22,2026-08-04T07:22:05Z
8615,21,2026-08-04T07:22:08Z
8616,21,2026-08-04T07:22:10Z
8617,22,2026-08-04T07:22:13Z
8618,20,2026-08-04T07:22:14Z
8619,20,2026-08-04T07:22:16Z
8620,18,2026-08-04T07:22:18Z
8621,17,2026-08-04T07:22:20Z
8622,18,2026-08-04T07:22:22Z
8623,17,2026-08-04T07:22:24Z
8624,17,2026-08-04T07:22:26Z
8625,15,2026-08-04T07:22:28Z
8626,17,2026-08-04T07:22:30Z
8627,18,2026-08-04T07:22:32Z
8628,19,2026-08-04T07:22:34Z
8629,21,2026-08-04T07:22:36Z
8630,19,2026-08-04T07:22:37Z
8631,20,2026-08-04T07:22:41Z
8632,19,2026-08-04T07:22:43Z
8633,22,2026-08-04T07:22:46Z
8634,21,2026-08-04T07:22:48Z
8635,25,2026-08-04T07:22:50Z
8636,20,2026-08-04T07:22:53Z
8637,19,2026-08-04T07:22:54Z
8638,18,2026-08-04T07:22:57Z
8639,19,2026-08-04T07:23:00Z
8640,16,2026-08-04T07:23:02Z
8641,17,2026-08-04T07:23:04Z
8642,16,2026-08-04T07:23:04Z
8643,18,2026-08-04T07:23:06Z
8644,18,2026-08-04T07:23:08Z
8645,19,2026-08-04T07:23:10Z
8646,18,2026-08-04T07:23:12Z
8647,18,2026-08-04T07:23:14Z
8648,19,2026-08-04T07:23:16Z
8649,20,2026-08-04T07:23:17Z
8650,20,2026-08-04T07:23:20Z
8651,21,2026-08-04T07:23:22Z
8652,18,2026-08-04T07:23:25Z
8653,18,2026-08-04T07:23:27Z
8654,20,2026-08-04T07:23:29Z
8655,18,2026-08-04T07:23:31Z
8656,19,2026-08-04T07:23:33Z
8657,21,2026-08-04T07:23:35Z
8658,18,2026-08-04T07:23:37Z
8659,17,2026-08-04T07:23:39Z
8660,18,2026-08-04T07:23:41Z
8661,17,2026-08-04T07:23:43Z
8662,19,2026-08-04T07:23:45Z
8663,22,2026-08-04T07:23:47Z
8664,18,2026-08-04T07:23:49Z
8665,18,2026-08-04T07:23:51Z
8666,19,2026-08-04T07:23:53Z
8667,20,2026-08-04T07:23:55Z
8668,20,2026-08-04T07:23:57Z
8669,22,2026-08-04T07:23:59Z
8670,22,2026-08-04T07:24:01Z
8671,20,2026-08-04T07:24:03Z
8672,17,2026-08-04T07:24:05Z
8673,16,2026-08-04T07:24:07Z
8674,15,2026-08-04T07:24:09Z
8675,17,2026-08-04T07:24:11Z
8676,16,2026-08-04T07:24:12Z
8677,16,2026-08-04T07:24:14Z
8678,18,2026-08-04T07:24:16Z
8679,19,2026-08-04T07:24:18Z
8680,19,2026-08-04T07:24:19Z
8681,17,2026-08-04T07:24:21Z
8682,20,2026-08-04T07:24:23Z
8683,19,2026-08-04T07:24:25Z
8684,19,2026-08-04T07:24:27Z
8685,20,2026-08-04T07:24:30Z
8686,24,2026-08-04T07:24:32Z
8687,25,2026-08-04T07:24:34Z
8688,24,2026-08-04T07:24:36Z
8689,25,2026-08-04T07:24:38Z
8690,20,2026-08-04T07:24:41Z
8691,19,2026-08-04T07:24:42Z
8692,18,2026-08-04T07:24:44Z
8693,20,2026-08-04T07:24:46Z
8694,22,2026-08-04T07:24:48Z
8695,22,2026-08-04T07:24:50Z
8696,21,2026-08-04T07:24:52Z
8697,21,2026-08-04T07:24:54Z
8698,20,2026-08-04T07:24:56Z
8699,21,2026-08-04T07:24:58Z
8700,21,2026-08-04T07:25:01Z
8701,22,2026-08-04T07:25:03Z
8702,22,2026-08-04T07:25:06Z
8703,22,2026-08-04T07:25:08Z
8704,24,2026-08-04T07:25:11Z
8705,25,2026-08-04T07:25:13Z
8706,28,2026-08-04T07:25:16Z
8707,23,2026-08-04T07:25:18Z
8708,21,2026-08-04T07:25:20Z
8709,20,2026-08-04T07:25:23Z
8710,22,2026-08-04T07:25:25Z
8711,22,2026-08-04T07:25:27Z
8712,22,2026-08-04T07:25:30Z
8713,21,2026-08-04T07:25:32Z
8714,23,2026-08-04T07:25:34Z
8715,23,2026-08-04T07:25:36Z
8716,25,2026-08-04T07:25:39Z
8717,25,2026-08-04T07:25:41Z
8718,25,2026-08-04T07:25:43Z
8719,23,2026-08-04T07:25:46Z
8720,24,2026-08-04T07:25:48Z
8721,22,2026-08-04T07:25:50Z
8722,19,2026-08-04T07:25:51Z
8723,18,2026-08-04T07:25:53Z
8724,18,2026-08-04T07:25:55Z
8725,18,2026-08-04T07:25:57Z
8726,22,2026-08-04T07:25:59Z
8727,18,2026-08-04T07:26:01Z
8728,18,2026-08-04T07:26:03Z
8729,18,2026-08-04T07:26:07Z
8730,19,2026-08-04T07:26:07Z
8731,16,2026-08-04T07:26:09Z
8732,16,2026-08-04T07:26:11Z
8733,19,2026-08-04T07:26:13Z
8734,17,2026-08-04T07:26:15Z
8735,17,2026-08-04T07:26:16Z
8736,19,2026-08-04T07:26:18Z
8737,20,2026-08-04T07:26:20Z
8738,20,2026-08-04T07:26:22Z
8739,21,2026-08-04T07:26:23Z
8740,18,2026-08-04T07:26:25Z
8741,18,2026-08-04T07:26:26Z
8742,18,2026-08-04T07:26:28Z
8743,18,2026-08-04T07:26:30Z
8744,17,2026-08-04T07:26:31Z
8745,16,2026-08-04T07:26:33Z
8746,17,2026-08-04T07:26:34Z
8747,17,2026-08-04T07:26:36Z
8748,18,2026-08-04T07:26:38Z
8749,17,2026-08-04T07:26:40Z
8750,15,2026-08-04T07:26:41Z
8751,19,2026-08-04T07:26:43Z
8752,18,2026-08-04T07:26:45Z
8753,21,2026-08-04T07:26:46Z
8754,20,2026-08-04T07:26:49Z
8755,19,2026-08-04T07:26:51Z
8756,19,2026-08-04T07:26:53Z
8757,18,2026-08-04T07:26:54Z
8758,20,2026-08-04T07:26:56Z
8759,17,2026-08-04T07:26:58Z
8760,20,2026-08-04T07:27:00Z
8761,19,2026-08-04T07:27:02Z
8762,20,2026-08-04T07:27:03Z
8763,17,2026-08-04T07:27:05Z
8764,16,2026-08-04T07:27:07Z
8765,13,2026-08-04T07:27:08Z
8766,16,2026-08-04T07:27:10Z
8767,15,2026-08-04T07:27:10Z
8768,15,2026-08-04T07:27:12Z
8769,18,2026-08-04T07:27:14Z
8770,19,2026-08-04T07:27:16Z
8771,22,2026-08-04T07:27:18Z
8772,21,2026-08-04T07:27:20Z
8773,22,2026-08-04T07:27:22Z
8774,24,2026-08-04T07:27:24Z
8775,26,2026-08-04T07:27:26Z
8776,22,2026-08-04T07:27:29Z
8777,20,2026-08-04T07:27:31Z
8778,20,2026-08-04T07:27:34Z
8779,21,2026-08-04T07:27:36Z
8780,22,2026-08-04T07:27:39Z
8781,20,2026-08-04T07:27:41Z
8782,21,2026-08-04T07:27:43Z
8783,23,2026-08-04T07:27:46Z
8784,24,2026-08-04T07:27:48Z
8785,29,2026-08-04T07:27:50Z
8786,27,2026-08-04T07:27:53Z
8787,27,2026-08-04T07:27:55Z
8788,29,2026-08-04T07:27:57Z
8789,27,2026-08-04T07:28:01Z
8790,28,2026-08-04T07:28:04Z
8791,27,2026-08-04T07:28:07Z
8792,25,2026-08-04T07:28:09Z
8793,25,2026-08-04T07:28:11Z
8794,26,2026-08-04T07:28:14Z
8795,26,2026-08-04T07:28:16Z
8796,26,2026-08-04T07:28:18Z
8797,26,2026-08-04T07:28:20Z
8798,26,2026-08-04T07:28:22Z
8799,24,2026-08-04T07:28:24Z
8800,22,2026-08-04T07:28:26Z
8801,21,2026-08-04T07:28:30Z
8802,23,2026-08-04T07:28:32Z
8803,23,2026-08-04T07:28:34Z
8804,22,2026-08-04T07:28:36Z
8805,22,2026-08-04T07:28:39Z
8806,25,2026-08-04T07:28:41Z
8807,22,2026-08-04T07:28:43Z
8808,22,2026-08-04T07:28:45Z
8809,23,2026-08-04T07:28:47Z
8810,21,2026-08-04T07:28:48Z
8811,22,2026-08-04T07:28:49Z
8812,18,2026-08-04T07:28:52Z
8813,16,2026-08-04T07:28:53Z
8814,16,2026-08-04T07:28:55Z
8815,16,2026-08-04T07:28:57Z
8816,16,2026-08-04T07:28:59Z
8817,16,2026-08-04T07:28:59Z
8818,16,2026-08-04T07:29:02Z
8819,17,2026-08-04T07:29:03Z
8820,17,2026-08-04T07:29:05Z
8821,17,2026-08-04T07:29:07Z
8822,19,2026-08-04T07:29:08Z
8823,19,2026-08-04T07:29:10Z
8824,22,2026-08-04T07:29:12Z
8825,21,2026-08-04T07:29:14Z
8826,20,2026-08-04T07:29:15Z
8827,21,2026-08-04T07:29:18Z
8828,22,2026-08-04T07:29:20Z
8829,23,2026-08-04T07:29:22Z
8830,20,2026-08-04T07:29:24Z
8831,22,2026-08-04T07:29:26Z
8832,20,2026-08-04T07:29:28Z
8833,19,2026-08-04T07:29:29Z
8834,19,2026-08-04T07:29:31Z
8835,18,2026-08-04T07:29:33Z
8836,18,2026-08-04T07:29:35Z
8837,21,2026-08-04T07:29:37Z
8838,21,2026-08-04T07:29:39Z
8839,21,2026-08-04T07:29:41Z
8840,18,2026-08-04T07:29:43Z
8841,16,2026-08-04T07:29:45Z
8842,18,2026-08-04T07:29:47Z
8843,19,2026-08-04T07:29:49Z
8844,21,2026-08-04T07:29:51Z
8845,19,2026-08-04T07:29:53Z
8846,19,2026-08-04T07:29:55Z
8847,17,2026-08-04T07:29:57Z
8848,18,2026-08-04T07:29:58Z
8849,18,2026-08-04T07:29:59Z
8850,20,2026-08-04T07:30:01Z
8851,21,2026-08-04T07:30:04Z
8852,22,2026-08-04T07:30:05Z
8853,21,2026-08-04T07:30:06Z
8854,21,2026-08-04T07:30:09Z
8855,20,2026-08-04T07:30:11Z
8856,22,2026-08-04T07:30:13Z
8857,23,2026-08-04T07:30:13Z
8858,21,2026-08-04T07:30:16Z
8859,22,2026-08-04T07:30:18Z
8860,22,2026-08-04T07:30:21Z
8861,24,2026-08-04T07:30:23Z
8862,24,2026-08-04T07:30:24Z
8863,24,2026-08-04T07:30:26Z
8864,23,2026-08-04T07:30:28Z
8865,24,2026-08-04T07:30:30Z
8866,22,2026-08-04T07:30:32Z
8867,23,2026-08-04T07:30:34Z
8868,27,2026-08-04T07:30:36Z
8869,23,2026-08-04T07:30:38Z
8870,25,2026-08-04T07:30:40Z
8871,24,2026-08-04T07:30:41Z
8872,26,2026-08-04T07:30:43Z
8873,24,2026-08-04T07:30:46Z
8874,22,2026-08-04T07:30:48Z
8875,21,2026-08-04T07:30:49Z
8876,19,2026-08-04T07:30:51Z
8877,21,2026-08-04T07:30:52Z
8878,19,2026-08-04T07:30:54Z
8879,20,2026-08-04T07:30:56Z
8880,19,2026-08-04T07:30:58Z
8881,17,2026-08-04T07:31:00Z
8882,21,2026-08-04T07:31:01Z
8883,22,2026-08-04T07:31:03Z
8884,19,2026-08-04T07:31:06Z
8885,19,2026-08-04T07:31:08Z
8886,22,2026-08-04T07:31:09Z
8887,19,2026-08-04T07:31:11Z
8888,19,2026-08-04T07:31:13Z
8889,17,2026-08-04T07:31:14Z
8890,20,2026-08-04T07:31:17Z
8891,19,2026-08-04T07:31:18Z
8892,20,2026-08-04T07:31:20Z
8893,22,2026-08-04T07:31:22Z
8894,23,2026-08-04T07:31:25Z
8895,21,2026-08-04T07:31:27Z
8896,23,2026-08-04T07:31:29Z
8897,23,2026-08-04T07:31:31Z
8898,22,2026-08-04T07:31:33Z
8899,24,2026-08-04T07:31:35Z
8900,24,2026-08-04T07:31:37Z
8901,20,2026-08-04T07:31:39Z
8902,17,2026-08-04T07:31:42Z
8903,18,2026-08-04T07:31:43Z
8904,18,2026-08-04T07:31:44Z
8905,19,2026-08-04T07:31:46Z
8906,19,2026-08-04T07:31:49Z
8907,20,2026-08-04T07:31:51Z
8908,21,2026-08-04T07:31:53Z
8909,21,2026-08-04T07:31:55Z
8910,19,2026-08-04T07:31:57Z
8911,19,2026-08-04T07:31:59Z
8912,18,2026-08-04T07:32:01Z
8913,22,2026-08-04T07:32:03Z
8914,15,2026-08-04T07:32:05Z
8915,19,2026-08-04T07:32:07Z
8916,19,2026-08-04T07:32:09Z
8917,20,2026-08-04T07:32:12Z
8918,18,2026-08-04T07:32:14Z
8919,22,2026-08-04T07:32:16Z
8920,19,2026-08-04T07:32:18Z
8921,19,2026-08-04T07:32:20Z
8922,20,2026-08-04T07:32:22Z
8923,19,2026-08-04T07:32:25Z
8924,20,2026-08-04T07:32:27Z
8925,19,2026-08-04T07:32:29Z
8926,21,2026-08-04T07:32:31Z
8927,22,2026-08-04T07:32:33Z
8928,25,2026-08-04T07:32:35Z
8929,24,2026-08-04T07:32:37Z
8930,24,2026-08-04T07:32:39Z
8931,19,2026-08-04T07:32:41Z
8932,20,2026-08-04T07:32:43Z
8933,20,2026-08-04T07:32:44Z
8934,20,2026-08-04T07:32:47Z
8935,20,2026-08-04T07:32:49Z
8936,21,2026-08-04T07:32:51Z
8937,21,2026-08-04T07:32:53Z
8938,21,2026-08-04T07:32:55Z
8939,21,2026-08-04T07:32:57Z
8940,22,2026-08-04T07:32:58Z
8941,22,2026-08-04T07:33:00Z
8942,18,2026-08-04T07:33:03Z
8943,19,2026-08-04T07:33:04Z
8944,20,2026-08-04T07:33:05Z
8945,16,2026-08-04T07:33:07Z
8946,16,2026-08-04T07:33:09Z
8947,16,2026-08-04T07:33:11Z
8948,17,2026-08-04T07:33:12Z
8949,16,2026-08-04T07:33:14Z
8950,18,2026-08-04T07:33:16Z
8951,20,2026-08-04T07:33:18Z
8952,18,2026-08-04T07:33:20Z
8953,19,2026-08-04T07:33:22Z
8954,20,2026-08-04T07:33:24Z
8955,23,2026-08-04T07:33:26Z
8956,23,2026-08-04T07:33:28Z
8957,22,2026-08-04T07:33:30Z
8958,22,2026-08-04T07:33:32Z
8959,24,2026-08-04T07:33:34Z
8960,22,2026-08-04T07:33:36Z
8961,22,2026-08-04T07:33:38Z
8962,23,2026-08-04T07:33:40Z
8963,23,2026-08-04T07:33:43Z
8964,21,2026-08-04T07:33:43Z
8965,24,2026-08-04T07:33:46Z
8966,25,2026-08-04T07:33:48Z
8967,22,2026-08-04T07:33:50Z
8968,25,2026-08-04T07:33:52Z
8969,24,2026-08-04T07:33:56Z
8970,21,2026-08-04T07:33:57Z
8971,22,2026-08-04T07:33:59Z
8972,23,2026-08-04T07:34:01Z
8973,19,2026-08-04T07:34:02Z
8974,18,2026-08-04T07:34:04Z
8975,18,2026-08-04T07:34:06Z
8976,19,2026-08-04T07:34:08Z
8977,20,2026-08-04T07:34:10Z
8978,20,2026-08-04T07:34:12Z
8979,19,2026-08-04T07:34:14Z
8980,21,2026-08-04T07:34:16Z
8981,19,2026-08-04T07:34:18Z
8982,18,2026-08-04T07:34:19Z
8983,17,2026-08-04T07:34:21Z
8984,20,2026-08-04T07:34:22Z
8985,16,2026-08-04T07:34:23Z
8986,16,2026-08-04T07:34:25Z
8987,16,2026-08-04T07:34:27Z
8988,16,2026-08-04T07:34:29Z
8989,16,2026-08-04T07:34:31Z
8990,15,2026-08-04T07:34:32Z
8991,15,2026-08-04T07:34:34Z
8992,16,2026-08-04T07:34:35Z
8993,15,2026-08-04T07:34:37Z
8994,15,2026-08-04T07:34:38Z
8995,15,2026-08-04T07:34:40Z
8996,15,2026-08-04T07:34:41Z
8997,16,2026-08-04T07:34:43Z
8998,15,2026-08-04T07:34:44Z
8999,16,2026-08-04T07:34:46Z
9000,17,2026-08-04T07:34:47Z
9001,19,2026-08-04T07:34:49Z
9002,16,2026-08-04T07:34:51Z
9003,19,2026-08-04T07:34:53Z
9004,18,2026-08-04T07:34:55Z
9005,16,2026-08-04T07:34:57Z
9006,16,2026-08-04T07:34:59Z
9007,16,2026-08-04T07:35:00Z
9008,18,2026-08-04T07:35:02Z
9009,19,2026-08-04T07:35:04Z
9010,19,2026-08-04T07:35:06Z
9011,20,2026-08-04T07:35:07Z
9012,20,2026-08-04T07:35:09Z
9013,23,2026-08-04T07:35:11Z
9014,19,2026-08-04T07:35:14Z
9015,19,2026-08-04T07:35:16Z
9016,19,2026-08-04T07:35:18Z
9017,20,2026-08-04T07:35:20Z
9018,21,2026-08-04T07:35:22Z
9019,21,2026-08-04T07:35:25Z
9020,22,2026-08-04T07:35:27Z
9021,21,2026-08-04T07:35:29Z
9022,23,2026-08-04T07:35:32Z
9023,22,2026-08-04T07:35:34Z
9024,20,2026-08-04T07:35:37Z
9025,20,2026-08-04T07:35:39Z
9026,19,2026-08-04T07:35:41Z
9027,22,2026-08-04T07:35:44Z
9028,20,2026-08-04T07:35:46Z
9029,19,2026-08-04T07:35:48Z
9030,20,2026-08-04T07:35:49Z
9031,21,2026-08-04T07:35:51Z
9032,19,2026-08-04T07:35:53Z
9033,20,2026-08-04T07:35:55Z
9034,19,2026-08-04T07:35:57Z
9035,21,2026-08-04T07:35:59Z
9036,22,2026-08-04T07:36:02Z
9037,22,2026-08-04T07:36:03Z
9038,24,2026-08-04T07:36:05Z
9039,19,2026-08-04T07:36:07Z
9040,18,2026-08-04T07:36:09Z
9041,18,2026-08-04T07:36:11Z
9042,17,2026-08-04T07:36:13Z
9043,16,2026-08-04T07:36:15Z
9044,17,2026-08-04T07:36:17Z
9045,17,2026-08-04T07:36:19Z
9046,16,2026-08-04T07:36:21Z
9047,17,2026-08-04T07:36:22Z
9048,18,2026-08-04T07:36:24Z
9049,16,2026-08-04T07:36:26Z
9050,17,2026-08-04T07:36:28Z
9051,21,2026-08-04T07:36:29Z
9052,19,2026-08-04T07:36:31Z
9053,20,2026-08-04T07:36:33Z
9054,20,2026-08-04T07:36:35Z
9055,18,2026-08-04T07:36:37Z
9056,17,2026-08-04T07:36:38Z
9057,19,2026-08-04T07:36:40Z
9058,20,2026-08-04T07:36:42Z
9059,20,2026-08-04T07:36:43Z
9060,16,2026-08-04T07:36:45Z
9061,17,2026-08-04T07:36:47Z
9062,18,2026-08-04T07:36:49Z
9063,20,2026-08-04T07:36:51Z
9064,19,2026-08-04T07:36:54Z
9065,20,2026-08-04T07:36:56Z
9066,20,2026-08-04T07:36:58Z
9067,21,2026-08-04T07:37:00Z
9068,22,2026-08-04T07:37:02Z
9069,22,2026-08-04T07:37:04Z
9070,23,2026-08-04T07:37:06Z
9071,19,2026-08-04T07:37:07Z
9072,21,2026-08-04T07:37:11Z
9073,19,2026-08-04T07:37:13Z
9074,21,2026-08-04T07:37:15Z
9075,20,2026-08-04T07:37:17Z
9076,19,2026-08-04T07:37:19Z
9077,21,2026-08-04T07:37:21Z
9078,23,2026-08-04T07:37:23Z
9079,23,2026-08-04T07:37:25Z
9080,22,2026-08-04T07:37:27Z
9081,20,2026-08-04T07:37:29Z
9082,20,2026-08-04T07:37:32Z
9083,19,2026-08-04T07:37:34Z
9084,18,2026-08-04T07:37:36Z
9085,17,2026-08-04T07:37:38Z
9086,18,2026-08-04T07:37:39Z
9087,19,2026-08-04T07:37:41Z
9088,16,2026-08-04T07:37:43Z
9089,19,2026-08-04T07:37:45Z
9090,19,2026-08-04T07:37:46Z
9091,20,2026-08-04T07:37:48Z
9092,18,2026-08-04T07:37:50Z
9093,19,2026-08-04T07:37:52Z
9094,18,2026-08-04T07:37:54Z
9095,17,2026-08-04T07:37:56Z
9096,15,2026-08-04T07:37:58Z
9097,15,2026-08-04T07:38:00Z
9098,15,2026-08-04T07:38:02Z
9099,15,2026-08-04T07:38:03Z
9100,17,2026-08-04T07:38:05Z
9101,19,2026-08-04T07:38:07Z
9102,22,2026-08-04T07:38:09Z
9103,26,2026-08-04T07:38:11Z
9104,23,2026-08-04T07:38:13Z
9105,20,2026-08-04T07:38:15Z
9106,20,2026-08-04T07:38:17Z
9107,21,2026-08-04T07:38:19Z
9108,21,2026-08-04T07:38:22Z
9109,23,2026-08-04T07:38:24Z
9110,23,2026-08-04T07:38:26Z
9111,21,2026-08-04T07:38:28Z
9112,22,2026-08-04T07:38:31Z
9113,23,2026-08-04T07:38:35Z
9114,23,2026-08-04T07:38:37Z
9115,23,2026-08-04T07:38:39Z
9116,21,2026-08-04T07:38:41Z
9117,23,2026-08-04T07:38:43Z
9118,23,2026-08-04T07:38:45Z
9119,22,2026-08-04T07:38:47Z
9120,22,2026-08-04T07:38:49Z
9121,21,2026-08-04T07:38:51Z
9122,20,2026-08-04T07:38:53Z
9123,19,2026-08-04T07:38:54Z
9124,19,2026-08-04T07:38:56Z
9125,21,2026-08-04T07:38:58Z
9126,23,2026-08-04T07:39:01Z
9127,22,2026-08-04T07:39:04Z
9128,21,2026-08-04T07:39:04Z
9129,18,2026-08-04T07:39:06Z
9130,21,2026-08-04T07:39:08Z
9131,20,2026-08-04T07:39:09Z
9132,18,2026-08-04T07:39:11Z
9133,18,2026-08-04T07:39:13Z
9134,18,2026-08-04T07:39:15Z
9135,15,2026-08-04T07:39:16Z
9136,15,2026-08-04T07:39:19Z
9137,14,2026-08-04T07:39:19Z
9138,13,2026-08-04T07:39:21Z
9139,14,2026-08-04T07:39:22Z
9140,14,2026-08-04T07:39:23Z
9141,13,2026-08-04T07:39:25Z
9142,12,2026-08-04T07:39:27Z
9143,13,2026-08-04T07:39:28Z
9144,16,2026-08-04T07:39:30Z
9145,17,2026-08-04T07:39:31Z
9146,15,2026-08-04T07:39:33Z
9147,19,2026-08-04T07:39:34Z
9148,18,2026-08-04T07:39:35Z
9149,19,2026-08-04T07:39:37Z
9150,19,2026-08-04T07:39:38Z
9151,19,2026-08-04T07:39:40Z
9152,18,2026-08-04T07:39:42Z
9153,18,2026-08-04T07:39:43Z
9154,15,2026-08-04T07:39:45Z
9155,15,2026-08-04T07:39:47Z
9156,14,2026-08-04T07:39:48Z
9157,12,2026-08-04T07:39:50Z
9158,13,2026-08-04T07:39:52Z
9159,15,2026-08-04T07:39:53Z
9160,16,2026-08-04T07:39:55Z
9161,16,2026-08-04T07:39:56Z
9162,16,2026-08-04T07:39:58Z
9163,16,2026-08-04T07:39:59Z
9164,18,2026-08-04T07:40:01Z
9165,19,2026-08-04T07:40:03Z
9166,19,2026-08-04T07:40:04Z
9167,19,2026-08-04T07:40:07Z
9168,20,2026-08-04T07:40:09Z
9169,20,2026-08-04T07:40:12Z
9170,19,2026-08-04T07:40:14Z
9171,20,2026-08-04T07:40:16Z
9172,20,2026-08-04T07:40:19Z
9173,24,2026-08-04T07:40:21Z
9174,28,2026-08-04T07:40:24Z
9175,25,2026-08-04T07:40:27Z
9176,30,2026-08-04T07:40:29Z
9177,28,2026-08-04T07:40:32Z
9178,28,2026-08-04T07:40:35Z
9179,30,2026-08-04T07:40:38Z
9180,32,2026-08-04T07:40:42Z
9181,33,2026-08-04T07:40:43Z
9182,35,2026-08-04T07:40:46Z
9183,31,2026-08-04T07:40:49Z
9184,29,2026-08-04T07:40:52Z
9185,28,2026-08-04T07:40:55Z
9186,28,2026-08-04T07:40:58Z
9187,23,2026-08-04T07:41:01Z
9188,21,2026-08-04T07:41:03Z
9189,23,2026-08-04T07:41:05Z
9190,20,2026-08-04T07:41:07Z
9191,20,2026-08-04T07:41:09Z
9192,19,2026-08-04T07:41:10Z
9193,20,2026-08-04T07:41:12Z
9194,19,2026-08-04T07:41:14Z
9195,20,2026-08-04T07:41:16Z
9196,17,2026-08-04T07:41:18Z
9197,17,2026-08-04T07:41:20Z
9198,17,2026-08-04T07:41:23Z
9199,17,2026-08-04T07:41:24Z
9200,19,2026-08-04T07:41:26Z
9201,18,2026-08-04T07:41:28Z
9202,22,2026-08-04T07:41:29Z
9203,22,2026-08-04T07:41:31Z
9204,21,2026-08-04T07:41:33Z
9205,17,2026-08-04T07:41:34Z
9206,20,2026-08-04T07:41:37Z
9207,20,2026-08-04T07:41:40Z
9208,23,2026-08-04T07:41:43Z
9209,22,2026-08-04T07:41:44Z
9210,22,2026-08-04T07:41:46Z
9211,23,2026-08-04T07:41:48Z
9212,21,2026-08-04T07:41:50Z
9213,20,2026-08-04T07:41:52Z
9214,18,2026-08-04T07:41:54Z
9215,19,2026-08-04T07:41:56Z
9216,19,2026-08-04T07:41:58Z
9217,19,2026-08-04T07:41:59Z
9218,18,2026-08-04T07:42:01Z
9219,17,2026-08-04T07:42:03Z
9220,17,2026-08-04T07:42:05Z
9221,17,2026-08-04T07:42:07Z
9222,18,2026-08-04T07:42:09Z
9223,17,2026-08-04T07:42:10Z
9224,17,2026-08-04T07:42:12Z
9225,18,2026-08-04T07:42:13Z
9226,20,2026-08-04T07:42:15Z
9227,19,2026-08-04T07:42:16Z
9228,20,2026-08-04T07:42:17Z
9229,20,2026-08-04T07:42:19Z
9230,24,2026-08-04T07:42:21Z
9231,23,2026-08-04T07:42:24Z
9232,22,2026-08-04T07:42:26Z
9233,19,2026-08-04T07:42:27Z
9234,21,2026-08-04T07:42:30Z
9235,20,2026-08-04T07:42:32Z
9236,20,2026-08-04T07:42:35Z
9237,19,2026-08-04T07:42:37Z
9238,21,2026-08-04T07:42:39Z
9239,18,2026-08-04T07:42:42Z
9240,17,2026-08-04T07:42:43Z
9241,18,2026-08-04T07:42:45Z
9242,18,2026-08-04T07:42:47Z
9243,21,2026-08-04T07:42:49Z
9244,20,2026-08-04T07:42:51Z
9245,20,2026-08-04T07:42:53Z
9246,22,2026-08-04T07:42:55Z
9247,23,2026-08-04T07:42:56Z
9248,23,2026-08-04T07:42:58Z
9249,24,2026-08-04T07:43:00Z
9250,26,2026-08-04T07:43:03Z
9251,22,2026-08-04T07:43:06Z
9252,23,2026-08-04T07:43:07Z
9253,21,2026-08-04T07:43:09Z
9254,23,2026-08-04T07:43:11Z
9255,22,2026-08-04T07:43:13Z
9256,21,2026-08-04T07:43:15Z
9257,23,2026-08-04T07:43:17Z
9258,21,2026-08-04T07:43:20Z
9259,22,2026-08-04T07:43:21Z
9260,23,2026-08-04T07:43:23Z
9261,24,2026-08-04T07:43:25Z
9262,24,2026-08-04T07:43:27Z
9263,22,2026-08-04T07:43:29Z
9264,21,2026-08-04T07:43:31Z
9265,22,2026-08-04T07:43:33Z
9266,20,2026-08-04T07:43:35Z
9267,18,2026-08-04T07:43:38Z
9268,19,2026-08-04T07:43:40Z
9269,16,2026-08-04T07:43:40Z
9270,17,2026-08-04T07:43:42Z
9271,18,2026-08-04T07:43:44Z
9272,16,2026-08-04T07:43:46Z
9273,17,2026-08-04T07:43:47Z
9274,17,2026-08-04T07:43:49Z
9275,17,2026-08-04T07:43:51Z
9276,16,2026-08-04T07:43:53Z
9277,17,2026-08-04T07:43:54Z
9278,17,2026-08-04T07:43:55Z
9279,17,2026-08-04T07:43:57Z
9280,18,2026-08-04T07:43:59Z
9281,19,2026-08-04T07:44:01Z
9282,20,2026-08-04T07:44:02Z
9283,18,2026-08-04T07:44:04Z
9284,21,2026-08-04T07:44:06Z
9285,21,2026-08-04T07:44:08Z
9286,22,2026-08-04T07:44:10Z
9287,22,2026-08-04T07:44:12Z
9288,22,2026-08-04T07:44:15Z
9289,21,2026-08-04T07:44:17Z
9290,21,2026-08-04T07:44:19Z
9291,20,2026-08-04T07:44:20Z
9292,21,2026-08-04T07:44:22Z
9293,22,2026-08-04T07:44:24Z
9294,25,2026-08-04T07:44:26Z
9295,20,2026-08-04T07:44:28Z
9296,20,2026-08-04T07:44:31Z
9297,20,2026-08-04T07:44:33Z
9298,19,2026-08-04T07:44:35Z
9299,21,2026-08-04T07:44:37Z
9300,21,2026-08-04T07:44:37Z
9301,20,2026-08-04T07:44:39Z
9302,19,2026-08-04T07:44:41Z
9303,18,2026-08-04T07:44:43Z
9304,19,2026-08-04T07:44:45Z
9305,19,2026-08-04T07:44:47Z
9306,20,2026-08-04T07:44:49Z
9307,20,2026-08-04T07:44:51Z
9308,20,2026-08-04T07:44:53Z
9309,18,2026-08-04T07:44:55Z
9310,20,2026-08-04T07:44:57Z
9311,17,2026-08-04T07:44:58Z
9312,17,2026-08-04T07:45:00Z
9313,16,2026-08-04T07:45:01Z
9314,16,2026-08-04T07:45:03Z
9315,20,2026-08-04T07:45:04Z
9316,17,2026-08-04T07:45:06Z
9317,18,2026-08-04T07:45:07Z
9318,20,2026-08-04T07:45:09Z
9319,19,2026-08-04T07:45:11Z
9320,17,2026-08-04T07:45:13Z
9321,18,2026-08-04T07:45:15Z
9322,18,2026-08-04T07:45:17Z
9323,19,2026-08-04T07:45:19Z
9324,16,2026-08-04T07:45:20Z
9325,16,2026-08-04T07:45:21Z
9326,15,2026-08-04T07:45:23Z
9327,14,2026-08-04T07:45:24Z
9328,14,2026-08-04T07:45:25Z
9329,12,2026-08-04T07:45:27Z
9330,13,2026-08-04T07:45:28Z
9331,14,2026-08-04T07:45:29Z
9332,15,2026-08-04T07:45:31Z
9333,16,2026-08-04T07:45:32Z
9334,14,2026-08-04T07:45:34Z
9335,15,2026-08-04T07:45:36Z
9336,16,2026-08-04T07:45:38Z
9337,17,2026-08-04T07:45:40Z
9338,16,2026-08-04T07:45:42Z
9339,17,2026-08-04T07:45:44Z
9340,19,2026-08-04T07:45:46Z
9341,23,2026-08-04T07:45:48Z
9342,20,2026-08-04T07:45:50Z
9343,21,2026-08-04T07:45:52Z
9344,23,2026-08-04T07:45:54Z
9345,23,2026-08-04T07:45:56Z
9346,22,2026-08-04T07:45:59Z
9347,19,2026-08-04T07:46:01Z
9348,19,2026-08-04T07:46:03Z
9349,18,2026-08-04T07:46:05Z
9350,19,2026-08-04T07:46:07Z
9351,18,2026-08-04T07:46:09Z
9352,19,2026-08-04T07:46:12Z
9353,20,2026-08-04T07:46:14Z
9354,20,2026-08-04T07:46:15Z
9355,23,2026-08-04T07:46:18Z
9356,21,2026-08-04T07:46:21Z
9357,21,2026-08-04T07:46:23Z
9358,21,2026-08-04T07:46:26Z
9359,24,2026-08-04T07:46:28Z
9360,18,2026-08-04T07:46:29Z
9361,19,2026-08-04T07:46:32Z
9362,20,2026-08-04T07:46:34Z
9363,19,2026-08-04T07:46:36Z
9364,19,2026-08-04T07:46:38Z
9365,22,2026-08-04T07:46:41Z
9366,25,2026-08-04T07:46:43Z
9367,19,2026-08-04T07:46:45Z
9368,19,2026-08-04T07:46:47Z
9369,20,2026-08-04T07:46:50Z
9370,21,2026-08-04T07:46:52Z
9371,21,2026-08-04T07:46:54Z
9372,20,2026-08-04T07:46:56Z
9373,20,2026-08-04T07:46:59Z
9374,20,2026-08-04T07:47:01Z
9375,21,2026-08-04T07:47:03Z
9376,21,2026-08-04T07:47:05Z
9377,21,2026-08-04T07:47:07Z
9378,20,2026-08-04T07:47:09Z
9379,20,2026-08-04T07:47:11Z
9380,17,2026-08-04T07:47:13Z
9381,17,2026-08-04T07:47:15Z
9382,17,2026-08-04T07:47:17Z
9383,16,2026-08-04T07:47:19Z
9384,16,2026-08-04T07:47:21Z
9385,18,2026-08-04T07:47:23Z
9386,16,2026-08-04T07:47:25Z
9387,15,2026-08-04T07:47:27Z
9388,17,2026-08-04T07:47:29Z
9389,17,2026-08-04T07:47:31Z
9390,18,2026-08-04T07:47:33Z
9391,21,2026-08-04T07:47:36Z
9392,18,2026-08-04T07:47:39Z
9393,19,2026-08-04T07:47:40Z
9394,18,2026-08-04T07:47:42Z
9395,19,2026-08-04T07:47:44Z
9396,19,2026-08-04T07:47:46Z
9397,19,2026-08-04T07:47:49Z
9398,20,2026-08-04T07:47:51Z
9399,21,2026-08-04T07:47:54Z
9400,18,2026-08-04T07:47:57Z
9401,18,2026-08-04T07:47:59Z
9402,20,2026-08-04T07:48:01Z
9403,22,2026-08-04T07:48:03Z
9404,20,2026-08-04T07:48:05Z
9405,21,2026-08-04T07:48:07Z
9406,24,2026-08-04T07:48:09Z
9407,22,2026-08-04T07:48:12Z
9408,22,2026-08-04T07:48:14Z
9409,19,2026-08-04T07:48:17Z
9410,18,2026-08-04T07:48:19Z
9411,22,2026-08-04T07:48:21Z
9412,21,2026-08-04T07:48:23Z
9413,24,2026-08-04T07:48:25Z
9414,23,2026-08-04T07:48:28Z
9415,23,2026-08-04T07:48:31Z
9416,22,2026-08-04T07:48:33Z
9417,23,2026-08-04T07:48:36Z
9418,25,2026-08-04T07:48:39Z
9419,24,2026-08-04T07:48:41Z
9420,24,2026-08-04T07:48:44Z
9421,27,2026-08-04T07:48:46Z
9422,27,2026-08-04T07:48:48Z
9423,23,2026-08-04T07:48:51Z
9424,24,2026-08-04T07:48:54Z
9425,22,2026-08-04T07:48:56Z
9426,23,2026-08-04T07:48:59Z
9427,25,2026-08-04T07:49:01Z
9428,20,2026-08-04T07:49:03Z
9429,18,2026-08-04T07:49:04Z
9430,18,2026-08-04T07:49:06Z
9431,19,2026-08-04T07:49:07Z
9432,19,2026-08-04T07:49:09Z
9433,16,2026-08-04T07:49:11Z
9434,14,2026-08-04T07:49:13Z
9435,17,2026-08-04T07:49:14Z
9436,15,2026-08-04T07:49:16Z
9437,17,2026-08-04T07:49:18Z
9438,15,2026-08-04T07:49:20Z
9439,16,2026-08-04T07:49:22Z
9440,16,2026-08-04T07:49:24Z
9441,14,2026-08-04T07:49:25Z
9442,16,2026-08-04T07:49:27Z
9443,21,2026-08-04T07:49:29Z
9444,20,2026-08-04T07:49:30Z
9445,21,2026-08-04T07:49:34Z
9446,19,2026-08-04T07:49:37Z
9447,22,2026-08-04T07:49:39Z
9448,22,2026-08-04T07:49:41Z
9449,23,2026-08-04T07:49:45Z
9450,23,2026-08-04T07:49:47Z
9451,24,2026-08-04T07:49:49Z
9452,21,2026-08-04T07:49:51Z
9453,20,2026-08-04T07:49:53Z
9454,22,2026-08-04T07:49:55Z
9455,20,2026-08-04T07:49:57Z
9456,22,2026-08-04T07:49:57Z
9457,21,2026-08-04T07:50:00Z
9458,21,2026-08-04T07:50:02Z
9459,21,2026-08-04T07:50:05Z
9460,26,2026-08-04T07:50:07Z
9461,26,2026-08-04T07:50:11Z
9462,21,2026-08-04T07:50:12Z
9463,24,2026-08-04T07:50:15Z
9464,26,2026-08-04T07:50:17Z
9465,22,2026-08-04T07:50:20Z
9466,22,2026-08-04T07:50:22Z
9467,22,2026-08-04T07:50:24Z
9468,21,2026-08-04T07:50:27Z
9469,22,2026-08-04T07:50:29Z
9470,24,2026-08-04T07:50:32Z
9471,22,2026-08-04T07:50:34Z
9472,22,2026-08-04T07:50:37Z
9473,23,2026-08-04T07:50:39Z
9474,27,2026-08-04T07:50:42Z
9475,24,2026-08-04T07:50:45Z
9476,23,2026-08-04T07:50:47Z
9477,22,2026-08-04T07:50:48Z
9478,23,2026-08-04T07:50:51Z
9479,23,2026-08-04T07:50:53Z
9480,23,2026-08-04T07:50:56Z
9481,26,2026-08-04T07:50:58Z
9482,24,2026-08-04T07:51:01Z
9483,24,2026-08-04T07:51:03Z
9484,25,2026-08-04T07:51:05Z
9485,24,2026-08-04T07:51:07Z
9486,23,2026-08-04T07:51:10Z
9487,23,2026-08-04T07:51:11Z
9488,22,2026-08-04T07:51:14Z
9489,21,2026-08-04T07:51:15Z
9490,22,2026-08-04T07:51:18Z
9491,21,2026-08-04T07:51:20Z
9492,20,2026-08-04T07:51:22Z
9493,18,2026-08-04T07:51:24Z
9494,21,2026-08-04T07:51:26Z
9495,20,2026-08-04T07:51:28Z
9496,21,2026-08-04T07:51:31Z
9497,22,2026-08-04T07:51:33Z
9498,19,2026-08-04T07:51:35Z
9499,20,2026-08-04T07:51:37Z
9500,17,2026-08-04T07:51:38Z
9501,18,2026-08-04T07:51:40Z
9502,18,2026-08-04T07:51:42Z
9503,19,2026-08-04T07:51:44Z
9504,19,2026-08-04T07:51:45Z
9505,18,2026-08-04T07:51:48Z
9506,21,2026-08-04T07:51:50Z
9507,20,2026-08-04T07:51:52Z
9508,19,2026-08-04T07:51:54Z
9509,22,2026-08-04T07:51:56Z
9510,20,2026-08-04T07:51:59Z
9511,18,2026-08-04T07:52:01Z
9512,18,2026-08-04T07:52:02Z
9513,19,2026-08-04T07:52:04Z
9514,19,2026-08-04T07:52:06Z
9515,20,2026-08-04T07:52:09Z
9516,23,2026-08-04T07:52:11Z
9517,20,2026-08-04T07:52:13Z
9518,19,2026-08-04T07:52:15Z
9519,20,2026-08-04T07:52:18Z
9520,21,2026-08-04T07:52:20Z
9521,20,2026-08-04T07:52:21Z
9522,20,2026-08-04T07:52:23Z
9523,21,2026-08-04T07:52:25Z
9524,19,2026-08-04T07:52:28Z
9525,20,2026-08-04T07:52:30Z
9526,23,2026-08-04T07:52:32Z
9527,23,2026-08-04T07:52:34Z
9528,23,2026-08-04T07:52:36Z
9529,21,2026-08-04T07:52:38Z
9530,21,2026-08-04T07:52:39Z
9531,21,2026-08-04T07:52:43Z
9532,20,2026-08-04T07:52:45Z
9533,21,2026-08-04T07:52:48Z
9534,19,2026-08-04T07:52:49Z
9535,18,2026-08-04T07:52:51Z
9536,19,2026-08-04T07:52:53Z
9537,17,2026-08-04T07:52:54Z
9538,17,2026-08-04T07:52:56Z
9539,17,2026-08-04T07:52:58Z
9540,18,2026-08-04T07:53:00Z
9541,19,2026-08-04T07:53:02Z
9542,20,2026-08-04T07:53:04Z
9543,22,2026-08-04T07:53:07Z
9544,22,2026-08-04T07:53:08Z
9545,20,2026-08-04T07:53:10Z
9546,23,2026-08-04T07:53:12Z
9547,22,2026-08-04T07:53:14Z
9548,24,2026-08-04T07:53:16Z
9549,27,2026-08-04T07:53:19Z
9550,25,2026-08-04T07:53:21Z
9551,25,2026-08-04T07:53:23Z
9552,27,2026-08-04T07:53:25Z
9553,24,2026-08-04T07:53:28Z
9554,24,2026-08-04T07:53:31Z
9555,27,2026-08-04T07:53:34Z
9556,27,2026-08-04T07:53:36Z
9557,26,2026-08-04T07:53:39Z
9558,24,2026-08-04T07:53:42Z
9559,26,2026-08-04T07:53:44Z
9560,21,2026-08-04T07:53:46Z
9561,23,2026-08-04T07:53:48Z
9562,21,2026-08-04T07:53:50Z
9563,20,2026-08-04T07:53:51Z
9564,19,2026-08-04T07:53:53Z
9565,19,2026-08-04T07:53:55Z
9566,20,2026-08-04T07:53:57Z
9567,19,2026-08-04T07:53:58Z
9568,19,2026-08-04T07:54:00Z
9569,20,2026-08-04T07:54:02Z
9570,21,2026-08-04T07:54:04Z
9571,20,2026-08-04T07:54:06Z
9572,19,2026-08-04T07:54:08Z
9573,20,2026-08-04T07:54:10Z
9574,17,2026-08-04T07:54:13Z
9575,19,2026-08-04T07:54:15Z
9576,18,2026-08-04T07:54:17Z
9577,19,2026-08-04T07:54:19Z
9578,18,2026-08-04T07:54:20Z
9579,17,2026-08-04T07:54:22Z
9580,19,2026-08-04T07:54:24Z
9581,19,2026-08-04T07:54:27Z
9582,20,2026-08-04T07:54:30Z
9583,20,2026-08-04T07:54:31Z
9584,22,2026-08-04T07:54:33Z
9585,21,2026-08-04T07:54:35Z
9586,20,2026-08-04T07:54:37Z
9587,18,2026-08-04T07:54:40Z
9588,21,2026-08-04T07:54:42Z
9589,18,2026-08-04T07:54:45Z
9590,20,2026-08-04T07:54:47Z
9591,20,2026-08-04T07:54:49Z
9592,20,2026-08-04T07:54:51Z
9593,21,2026-08-04T07:54:53Z
9594,21,2026-08-04T07:54:56Z
9595,23,2026-08-04T07:54:58Z
9596,23,2026-08-04T07:55:01Z
9597,20,2026-08-04T07:55:03Z
9598,25,2026-08-04T07:55:05Z
9599,19,2026-08-04T07:55:07Z
9600,17,2026-08-04T07:55:09Z
9601,19,2026-08-04T07:55:12Z
9602,21,2026-08-04T07:55:14Z
9603,20,2026-08-04T07:55:17Z
9604,20,2026-08-04T07:55:19Z
9605,20,2026-08-04T07:55:21Z
9606,19,2026-08-04T07:55:23Z
9607,18,2026-08-04T07:55:25Z
9608,19,2026-08-04T07:55:26Z
9609,16,2026-08-04T07:55:28Z
9610,16,2026-08-04T07:55:30Z
9611,19,2026-08-04T07:55:32Z
9612,20,2026-08-04T07:55:33Z
9613,15,2026-08-04T07:55:35Z
9614,15,2026-08-04T07:55:37Z
9615,15,2026-08-04T07:55:38Z
9616,17,2026-08-04T07:55:40Z
9617,17,2026-08-04T07:55:42Z
9618,19,2026-08-04T07:55:43Z
9619,19,2026-08-04T07:55:45Z
9620,22,2026-08-04T07:55:46Z
9621,20,2026-08-04T07:55:49Z
9622,20,2026-08-04T07:55:51Z
9623,23,2026-08-04T07:55:54Z
9624,19,2026-08-04T07:55:55Z
9625,17,2026-08-04T07:55:57Z
9626,19,2026-08-04T07:55:59Z
9627,19,2026-08-04T07:56:01Z
9628,21,2026-08-04T07:56:03Z
9629,23,2026-08-04T07:56:05Z
9630,22,2026-08-04T07:56:08Z
9631,22,2026-08-04T07:56:11Z
9632,25,2026-08-04T07:56:14Z
9633,27,2026-08-04T07:56:16Z
9634,25,2026-08-04T07:56:18Z
9635,25,2026-08-04T07:56:21Z
9636,28,2026-08-04T07:56:23Z
9637,23,2026-08-04T07:56:26Z
9638,23,2026-08-04T07:56:29Z
9639,21,2026-08-04T07:56:33Z
9640,19,2026-08-04T07:56:35Z
9641,20,2026-08-04T07:56:36Z
9642,22,2026-08-04T07:56:39Z
9643,21,2026-08-04T07:56:41Z
9644,21,2026-08-04T07:56:43Z
9645,20,2026-08-04T07:56:45Z
9646,21,2026-08-04T07:56:47Z
9647,18,2026-08-04T07:56:50Z
9648,18,2026-08-04T07:56:52Z
9649,17,2026-08-04T07:56:53Z
9650,17,2026-08-04T07:56:55Z
9651,20,2026-08-04T07:56:57Z
9652,16,2026-08-04T07:56:59Z
9653,21,2026-08-04T07:57:01Z
9654,19,2026-08-04T07:57:03Z
9655,20,2026-08-04T07:57:05Z
9656,19,2026-08-04T07:57:07Z
9657,16,2026-08-04T07:57:09Z
9658,17,2026-08-04T07:57:10Z
9659,17,2026-08-04T07:57:12Z
9660,20,2026-08-04T07:57:14Z
9661,20,2026-08-04T07:57:16Z
9662,18,2026-08-04T07:57:18Z
9663,20,2026-08-04T07:57:20Z
9664,23,2026-08-04T07:57:22Z
9665,19,2026-08-04T07:57:24Z
9666,25,2026-08-04T07:57:26Z
9667,21,2026-08-04T07:57:28Z
9668,22,2026-08-04T07:57:30Z
9669,22,2026-08-04T07:57:32Z
9670,23,2026-08-04T07:57:34Z
9671,24,2026-08-04T07:57:36Z
9672,23,2026-08-04T07:57:39Z
9673,22,2026-08-04T07:57:42Z
9674,20,2026-08-04T07:57:44Z
9675,21,2026-08-04T07:57:46Z
9676,24,2026-08-04T07:57:47Z
9677,25,2026-08-04T07:57:49Z
9678,25,2026-08-04T07:57:53Z
9679,22,2026-08-04T07:57:56Z
9680,26,2026-08-04T07:57:58Z
9681,22,2026-08-04T07:58:00Z
9682,22,2026-08-04T07:58:03Z
9683,22,2026-08-04T07:58:06Z
9684,25,2026-08-04T07:58:08Z
9685,20,2026-08-04T07:58:10Z
9686,19,2026-08-04T07:58:13Z
9687,18,2026-08-04T07:58:15Z
9688,19,2026-08-04T07:58:17Z
9689,18,2026-08-04T07:58:19Z
9690,19,2026-08-04T07:58:21Z
9691,17,2026-08-04T07:58:23Z
9692,17,2026-08-04T07:58:25Z
9693,16,2026-08-04T07:58:27Z
9694,18,2026-08-04T07:58:29Z
9695,17,2026-08-04T07:58:31Z
9696,17,2026-08-04T07:58:32Z
9697,19,2026-08-04T07:58:34Z
9698,16,2026-08-04T07:58:35Z
9699,18,2026-08-04T07:58:37Z
9700,17,2026-08-04T07:58:38Z
9701,16,2026-08-04T07:58:40Z
9702,19,2026-08-04T07:58:42Z
9703,17,2026-08-04T07:58:45Z
9704,17,2026-08-04T07:58:47Z
9705,19,2026-08-04T07:58:49Z
9706,19,2026-08-04T07:58:51Z
9707,19,2026-08-04T07:58:53Z
9708,19,2026-08-04T07:58:54Z
9709,18,2026-08-04T07:58:56Z
9710,19,2026-08-04T07:58:58Z
9711,19,2026-08-04T07:59:00Z
9712,18,2026-08-04T07:59:02Z
9713,17,2026-08-04T07:59:04Z
9714,18,2026-08-04T07:59:06Z
9715,15,2026-08-04T07:59:08Z
9716,16,2026-08-04T07:59:09Z
9717,15,2026-08-04T07:59:11Z
9718,17,2026-08-04T07:59:12Z
9719,17,2026-08-04T07:59:14Z
9720,17,2026-08-04T07:59:15Z
9721,17,2026-08-04T07:59:17Z
9722,19,2026-08-04T07:59:19Z
9723,20,2026-08-04T07:59:21Z
9724,20,2026-08-04T07:59:23Z
9725,21,2026-08-04T07:59:25Z
9726,18,2026-08-04T07:59:27Z
9727,20,2026-08-04T07:59:29Z
9728,18,2026-08-04T07:59:31Z
9729,19,2026-08-04T07:59:32Z
9730,17,2026-08-04T07:59:34Z
9731,17,2026-08-04T07:59:35Z
9732,18,2026-08-04T07:59:37Z
9733,19,2026-08-04T07:59:39Z
9734,18,2026-08-04T07:59:41Z
9735,17,2026-08-04T07:59:43Z
9736,14,2026-08-04T07:59:45Z
9737,16,2026-08-04T07:59:46Z
9738,18,2026-08-04T07:59:48Z
9739,19,2026-08-04T07:59:49Z
9740,16,2026-08-04T07:59:51Z
9741,19,2026-08-04T07:59:53Z
9742,15,2026-08-04T07:59:55Z
9743,19,2026-08-04T07:59:56Z
9744,16,2026-08-04T07:59:58Z
9745,18,2026-08-04T08:00:00Z
9746,16,2026-08-04T08:00:02Z
9747,18,2026-08-04T08:00:04Z
9748,17,2026-08-04T08:00:06Z
9749,17,2026-08-04T08:00:07Z
9750,16,2026-08-04T08:00:09Z
9751,19,2026-08-04T08:00:11Z
9752,17,2026-08-04T08:00:13Z
9753,17,2026-08-04T08:00:15Z
9754,17,2026-08-04T08:00:17Z
9755,19,2026-08-04T08:00:19Z
9756,17,2026-08-04T08:00:22Z
9757,18,2026-08-04T08:00:23Z
9758,17,2026-08-04T08:00:24Z
9759,17,2026-08-04T08:00:26Z
9760,17,2026-08-04T08:00:28Z
9761,18,2026-08-04T08:00:30Z
9762,18,2026-08-04T08:00:32Z
9763,21,2026-08-04T08:00:34Z
9764,22,2026-08-04T08:00:36Z
9765,21,2026-08-04T08:00:38Z
9766,24,2026-08-04T08:00:40Z
9767,21,2026-08-04T08:00:43Z
9768,19,2026-08-04T08:00:45Z
9769,20,2026-08-04T08:00:47Z
9770,21,2026-08-04T08:00:48Z
9771,20,2026-08-04T08:00:50Z
9772,17,2026-08-04T08:00:52Z
9773,20,2026-08-04T08:00:53Z
9774,16,2026-08-04T08:00:55Z
9775,17,2026-08-04T08:00:58Z
9776,17,2026-08-04T08:01:00Z
9777,18,2026-08-04T08:01:02Z
9778,18,2026-08-04T08:01:04Z
9779,17,2026-08-04T08:01:06Z
9780,18,2026-08-04T08:01:07Z
9781,19,2026-08-04T08:01:08Z
9782,18,2026-08-04T08:01:09Z
9783,21,2026-08-04T08:01:11Z
9784,20,2026-08-04T08:01:13Z
9785,18,2026-08-04T08:01:15Z
9786,21,2026-08-04T08:01:17Z
9787,21,2026-08-04T08:01:19Z
9788,19,2026-08-04T08:01:21Z
9789,17,2026-08-04T08:01:23Z
9790,17,2026-08-04T08:01:25Z
9791,21,2026-08-04T08:01:27Z
9792,19,2026-08-04T08:01:29Z
9793,22,2026-08-04T08:01:30Z
9794,18,2026-08-04T08:01:32Z
9795,20,2026-08-04T08:01:34Z
9796,17,2026-08-04T08:01:36Z
9797,20,2026-08-04T08:01:38Z
9798,18,2026-08-04T08:01:40Z
9799,18,2026-08-04T08:01:42Z
9800,18,2026-08-04T08:01:44Z
9801,24,2026-08-04T08:01:46Z
9802,21,2026-08-04T08:01:49Z
9803,20,2026-08-04T08:01:51Z
9804,16,2026-08-04T08:01:52Z
9805,16,2026-08-04T08:01:54Z
9806,16,2026-08-04T08:01:56Z
9807,16,2026-08-04T08:01:58Z
9808,17,2026-08-04T08:01:59Z
9809,21,2026-08-04T08:02:01Z
9810,19,2026-08-04T08:02:03Z
9811,18,2026-08-04T08:02:04Z
9812,17,2026-08-04T08:02:06Z
9813,19,2026-08-04T08:02:07Z
9814,16,2026-08-04T08:02:09Z
9815,15,2026-08-04T08:02:12Z
9816,18,2026-08-04T08:02:14Z
9817,13,2026-08-04T08:02:16Z
9818,14,2026-08-04T08:02:17Z
9819,15,2026-08-04T08:02:19Z
9820,16,2026-08-04T08:02:20Z
9821,18,2026-08-04T08:02:22Z
9822,20,2026-08-04T08:02:24Z
9823,22,2026-08-04T08:02:26Z
9824,25,2026-08-04T08:02:28Z
9825,23,2026-08-04T08:02:30Z
9826,24,2026-08-04T08:02:32Z
9827,23,2026-08-04T08:02:35Z
9828,20,2026-08-04T08:02:37Z
9829,21,2026-08-04T08:02:39Z
9830,23,2026-08-04T08:02:41Z
9831,23,2026-08-04T08:02:43Z
9832,20,2026-08-04T08:02:47Z
9833,19,2026-08-04T08:02:49Z
9834,20,2026-08-04T08:02:51Z
9835,20,2026-08-04T08:02:53Z
9836,19,2026-08-04T08:02:56Z
9837,18,2026-08-04T08:02:57Z
9838,20,2026-08-04T08:02:59Z
9839,18,2026-08-04T08:03:01Z
9840,18,2026-08-04T08:03:01Z
9841,17,2026-08-04T08:03:03Z
9842,16,2026-08-04T08:03:05Z
9843,19,2026-08-04T08:03:07Z
9844,17,2026-08-04T08:03:09Z
9845,17,2026-08-04T08:03:10Z
9846,17,2026-08-04T08:03:12Z
9847,19,2026-08-04T08:03:14Z
9848,20,2026-08-04T08:03:16Z
9849,22,2026-08-04T08:03:18Z
9850,18,2026-08-04T08:03:19Z
9851,18,2026-08-04T08:03:21Z
9852,17,2026-08-04T08:03:23Z
9853,17,2026-08-04T08:03:25Z
9854,17,2026-08-04T08:03:26Z
9855,17,2026-08-04T08:03:28Z
9856,16,2026-08-04T08:03:30Z
9857,17,2026-08-04T08:03:32Z
9858,16,2026-08-04T08:03:33Z
9859,21,2026-08-04T08:03:35Z
9860,18,2026-08-04T08:03:37Z
9861,16,2026-08-04T08:03:38Z
9862,17,2026-08-04T08:03:40Z
9863,19,2026-08-04T08:03:41Z
9864,15,2026-08-04T08:03:43Z
9865,16,2026-08-04T08:03:44Z
9866,17,2026-08-04T08:03:46Z
9867,18,2026-08-04T08:03:48Z
9868,17,2026-08-04T08:03:50Z
9869,19,2026-08-04T08:03:52Z
9870,19,2026-08-04T08:03:53Z
9871,20,2026-08-04T08:03:56Z
9872,18,2026-08-04T08:03:58Z
9873,18,2026-08-04T08:03:59Z
9874,17,2026-08-04T08:04:00Z
9875,16,2026-08-04T08:04:02Z
9876,16,2026-08-04T08:04:04Z
9877,18,2026-08-04T08:04:06Z
9878,16,2026-08-04T08:04:08Z
9879,17,2026-08-04T08:04:10Z
9880,18,2026-08-04T08:04:11Z
9881,19,2026-08-04T08:04:13Z
9882,19,2026-08-04T08:04:15Z
9883,21,2026-08-04T08:04:17Z
9884,23,2026-08-04T08:04:19Z
9885,21,2026-08-04T08:04:21Z
9886,20,2026-08-04T08:04:23Z
9887,23,2026-08-04T08:04:24Z
9888,20,2026-08-04T08:04:28Z
9889,21,2026-08-04T08:04:30Z
9890,19,2026-08-04T08:04:31Z
9891,20,2026-08-04T08:04:32Z
9892,17,2026-08-04T08:04:36Z
9893,18,2026-08-04T08:04:36Z
9894,16,2026-08-04T08:04:38Z
9895,19,2026-08-04T08:04:41Z
9896,15,2026-08-04T08:04:42Z
9897,17,2026-08-04T08:04:44Z
9898,15,2026-08-04T08:04:45Z
9899,17,2026-08-04T08:04:47Z
9900,18,2026-08-04T08:04:49Z
9901,22,2026-08-04T08:04:50Z
9902,16,2026-08-04T08:04:52Z
9903,17,2026-08-04T08:04:54Z
9904,18,2026-08-04T08:04:55Z
9905,18,2026-08-04T08:04:57Z
9906,16,2026-08-04T08:04:59Z
9907,16,2026-08-04T08:05:00Z
9908,16,2026-08-04T08:05:02Z
9909,16,2026-08-04T08:05:03Z
9910,17,2026-08-04T08:05:05Z
9911,18,2026-08-04T08:05:06Z
9912,19,2026-08-04T08:05:09Z
9913,18,2026-08-04T08:05:11Z
9914,17,2026-08-04T08:05:13Z
9915,17,2026-08-04T08:05:15Z
9916,18,2026-08-04T08:05:17Z
9917,19,2026-08-04T08:05:19Z
9918,22,2026-08-04T08:05:21Z
9919,21,2026-08-04T08:05:22Z
9920,18,2026-08-04T08:05:24Z
9921,21,2026-08-04T08:05:26Z
9922,19,2026-08-04T08:05:28Z
9923,22,2026-08-04T08:05:31Z
9924,23,2026-08-04T08:05:33Z
9925,21,2026-08-04T08:05:35Z
9926,22,2026-08-04T08:05:37Z
9927,22,2026-08-04T08:05:39Z
9928,23,2026-08-04T08:05:41Z
9929,21,2026-08-04T08:05:43Z
9930,22,2026-08-04T08:05:45Z
9931,21,2026-08-04T08:05:47Z
9932,23,2026-08-04T08:05:49Z
9933,19,2026-08-04T08:05:51Z
9934,18,2026-08-04T08:05:53Z
9935,18,2026-08-04T08:05:55Z
9936,19,2026-08-04T08:05:57Z
9937,21,2026-08-04T08:05:59Z
9938,17,2026-08-04T08:06:01Z
9939,19,2026-08-04T08:06:03Z
9940,17,2026-08-04T08:06:05Z
9941,18,2026-08-04T08:06:06Z
9942,14,2026-08-04T08:06:08Z
9943,17,2026-08-04T08:06:10Z
9944,16,2026-08-04T08:06:12Z
9945,16,2026-08-04T08:06:13Z
9946,15,2026-08-04T08:06:14Z
9947,16,2026-08-04T08:06:15Z
9948,14,2026-08-04T08:06:16Z
9949,14,2026-08-04T08:06:18Z
9950,15,2026-08-04T08:06:19Z
9951,16,2026-08-04T08:06:21Z
9952,16,2026-08-04T08:06:23Z
9953,15,2026-08-04T08:06:24Z
9954,16,2026-08-04T08:06:26Z
9955,15,2026-08-04T08:06:28Z
9956,17,2026-08-04T08:06:30Z
9957,15,2026-08-04T08:06:31Z
9958,16,2026-08-04T08:06:33Z
9959,17,2026-08-04T08:06:34Z
9960,17,2026-08-04T08:06:36Z
9961,17,2026-08-04T08:06:38Z
9962,18,2026-08-04T08:06:41Z
9963,19,2026-08-04T08:06:42Z
9964,19,2026-08-04T08:06:43Z
9965,17,2026-08-04T08:06:45Z
9966,18,2026-08-04T08:06:47Z
9967,18,2026-08-04T08:06:49Z
9968,20,2026-08-04T08:06:50Z
9969,18,2026-08-04T08:06:52Z
9970,19,2026-08-04T08:06:54Z
9971,19,2026-08-04T08:06:56Z
9972,17,2026-08-04T08:06:57Z
9973,18,2026-08-04T08:06:59Z
9974,19,2026-08-04T08:07:01Z
9975,18,2026-08-04T08:07:03Z
9976,20,2026-08-04T08:07:04Z
9977,17,2026-08-04T08:07:06Z
9978,17,2026-08-04T08:07:08Z
9979,16,2026-08-04T08:07:10Z
9980,18,2026-08-04T08:07:11Z
9981,19,2026-08-04T08:07:13Z
9982,22,2026-08-04T08:07:15Z
9983,19,2026-08-04T08:07:17Z
9984,18,2026-08-04T08:07:19Z
9985,17,2026-08-04T08:07:20Z
9986,17,2026-08-04T08:07:22Z
9987,16,2026-08-04T08:07:24Z
9988,15,2026-08-04T08:07:25Z
9989,16,2026-08-04T08:07:26Z
9990,18,2026-08-04T08:07:28Z
9991,20,2026-08-04T08:07:29Z
9992,20,2026-08-04T08:07:32Z
9993,22,2026-08-04T08:07:34Z
9994,21,2026-08-04T08:07:36Z
9995,19,2026-08-04T08:07:38Z
9996,21,2026-08-04T08:07:40Z
9997,23,2026-08-04T08:07:43Z
9998,23,2026-08-04T08:07:45Z
9999,22,2026-08-04T08:07:47Z
10000,27,2026-08-04T08:07:49Z
10001,25,2026-08-04T08:07:52Z
10002,23,2026-08-04T08:07:54Z
10003,24,2026-08-04T08:07:55Z
10004,23,2026-08-04T08:07:58Z
10005,24,2026-08-04T08:08:01Z
10006,24,2026-08-04T08:08:03Z
10007,24,2026-08-04T08:08:04Z
10008,23,2026-08-04T08:08:06Z
10009,23,2026-08-04T08:08:08Z
10010,24,2026-08-04T08:08:10Z
10011,23,2026-08-04T08:08:14Z
10012,22,2026-08-04T08:08:16Z
10013,21,2026-08-04T08:08:18Z
10014,21,2026-08-04T08:08:19Z
10015,19,2026-08-04T08:08:20Z
10016,20,2026-08-04T08:08:23Z
10017,18,2026-08-04T08:08:25Z
10018,19,2026-08-04T08:08:26Z
10019,22,2026-08-04T08:08:28Z
10020,24,2026-08-04T08:08:30Z
10021,20,2026-08-04T08:08:32Z
10022,19,2026-08-04T08:08:34Z
10023,21,2026-08-04T08:08:36Z
10024,20,2026-08-04T08:08:38Z
10025,18,2026-08-04T08:08:40Z
10026,19,2026-08-04T08:08:42Z
10027,18,2026-08-04T08:08:43Z
10028,18,2026-08-04T08:08:44Z
10029,18,2026-08-04T08:08:47Z
10030,15,2026-08-04T08:08:49Z
10031,14,2026-08-04T08:08:50Z
10032,14,2026-08-04T08:08:51Z
10033,14,2026-08-04T08:08:53Z
10034,16,2026-08-04T08:08:55Z
10035,16,2026-08-04T08:08:57Z
10036,17,2026-08-04T08:08:59Z
10037,17,2026-08-04T08:09:00Z
10038,16,2026-08-04T08:09:02Z
10039,16,2026-08-04T08:09:04Z
10040,20,2026-08-04T08:09:06Z
10041,17,2026-08-04T08:09:08Z
10042,18,2026-08-04T08:09:10Z
10043,19,2026-08-04T08:09:12Z
10044,20,2026-08-04T08:09:14Z
10045,22,2026-08-04T08:09:15Z
10046,22,2026-08-04T08:09:17Z
10047,24,2026-08-04T08:09:20Z
10048,24,2026-08-04T08:09:22Z
10049,25,2026-08-04T08:09:24Z
10050,25,2026-08-04T08:09:27Z
10051,24,2026-08-04T08:09:29Z
10052,24,2026-08-04T08:09:33Z
10053,23,2026-08-04T08:09:35Z
10054,21,2026-08-04T08:09:36Z
10055,22,2026-08-04T08:09:38Z
10056,22,2026-08-04T08:09:40Z
10057,21,2026-08-04T08:09:42Z
10058,19,2026-08-04T08:09:44Z
10059,17,2026-08-04T08:09:46Z
10060,18,2026-08-04T08:09:48Z
10061,20,2026-08-04T08:09:50Z
10062,20,2026-08-04T08:09:52Z
10063,18,2026-08-04T08:09:53Z
10064,19,2026-08-04T08:09:55Z
10065,19,2026-08-04T08:09:56Z
10066,16,2026-08-04T08:09:59Z
10067,18,2026-08-04T08:10:00Z
10068,19,2026-08-04T08:10:02Z
10069,17,2026-08-04T08:10:03Z
10070,17,2026-08-04T08:10:05Z
10071,19,2026-08-04T08:10:07Z
10072,21,2026-08-04T08:10:08Z
10073,17,2026-08-04T08:10:10Z
10074,17,2026-08-04T08:10:12Z
10075,17,2026-08-04T08:10:14Z
10076,18,2026-08-04T08:10:16Z
10077,22,2026-08-04T08:10:18Z
10078,19,2026-08-04T08:10:20Z
10079,20,2026-08-04T08:10:22Z
10080,18,2026-08-04T08:10:24Z
10081,19,2026-08-04T08:10:26Z
10082,18,2026-08-04T08:10:28Z
10083,18,2026-08-04T08:10:30Z
10084,20,2026-08-04T08:10:32Z
10085,19,2026-08-04T08:10:34Z
10086,22,2026-08-04T08:10:37Z
10087,19,2026-08-04T08:10:39Z
10088,19,2026-08-04T08:10:41Z
10089,18,2026-08-04T08:10:42Z
10090,19,2026-08-04T08:10:43Z
10091,16,2026-08-04T08:10:44Z
10092,17,2026-08-04T08:10:46Z
10093,17,2026-08-04T08:10:48Z
10094,18,2026-08-04T08:10:50Z
10095,19,2026-08-04T08:10:52Z
10096,19,2026-08-04T08:10:54Z
10097,18,2026-08-04T08:10:56Z
10098,15,2026-08-04T08:10:57Z
10099,20,2026-08-04T08:10:59Z
10100,19,2026-08-04T08:11:01Z
10101,20,2026-08-04T08:11:04Z
10102,18,2026-08-04T08:11:06Z
10103,18,2026-08-04T08:11:07Z
10104,18,2026-08-04T08:11:08Z
10105,20,2026-08-04T08:11:12Z
10106,21,2026-08-04T08:11:13Z
10107,22,2026-08-04T08:11:15Z
10108,21,2026-08-04T08:11:17Z
10109,22,2026-08-04T08:11:19Z
10110,22,2026-08-04T08:11:22Z
10111,21,2026-08-04T08:11:24Z
10112,23,2026-08-04T08:11:26Z
10113,25,2026-08-04T08:11:28Z
10114,25,2026-08-04T08:11:31Z
10115,22,2026-08-04T08:11:34Z
10116,20,2026-08-04T08:11:36Z
10117,21,2026-08-04T08:11:38Z
10118,21,2026-08-04T08:11:39Z
10119,18,2026-08-04T08:11:40Z
10120,19,2026-08-04T08:11:43Z
10121,20,2026-08-04T08:11:45Z
10122,19,2026-08-04T08:11:47Z
10123,19,2026-08-04T08:11:49Z
10124,17,2026-08-04T08:11:51Z
10125,19,2026-08-04T08:11:53Z
10126,21,2026-08-04T08:11:55Z
10127,21,2026-08-04T08:11:58Z
10128,19,2026-08-04T08:12:00Z
10129,22,2026-08-04T08:12:02Z
10130,21,2026-08-04T08:12:04Z
10131,23,2026-08-04T08:12:06Z
10132,24,2026-08-04T08:12:08Z
10133,24,2026-08-04T08:12:10Z
10134,20,2026-08-04T08:12:12Z
10135,22,2026-08-04T08:12:15Z
10136,24,2026-08-04T08:12:17Z
10137,24,2026-08-04T08:12:18Z
10138,24,2026-08-04T08:12:21Z
10139,23,2026-08-04T08:12:23Z
10140,23,2026-08-04T08:12:24Z
10141,22,2026-08-04T08:12:27Z
10142,23,2026-08-04T08:12:29Z
10143,23,2026-08-04T08:12:30Z
10144,22,2026-08-04T08:12:33Z
10145,18,2026-08-04T08:12:35Z
10146,19,2026-08-04T08:12:37Z
10147,20,2026-08-04T08:12:39Z
10148,19,2026-08-04T08:12:40Z
10149,22,2026-08-04T08:12:42Z
10150,19,2026-08-04T08:12:45Z
10151,23,2026-08-04T08:12:48Z
10152,20,2026-08-04T08:12:50Z
10153,23,2026-08-04T08:12:52Z
10154,21,2026-08-04T08:12:54Z
10155,22,2026-08-04T08:12:55Z
10156,16,2026-08-04T08:12:58Z
10157,16,2026-08-04T08:13:00Z
10158,19,2026-08-04T08:13:02Z
10159,18,2026-08-04T08:13:04Z
10160,18,2026-08-04T08:13:06Z
10161,18,2026-08-04T08:13:08Z
10162,20,2026-08-04T08:13:10Z
10163,20,2026-08-04T08:13:12Z
10164,21,2026-08-04T08:13:13Z
10165,20,2026-08-04T08:13:14Z
10166,21,2026-08-04T08:13:16Z
10167,20,2026-08-04T08:13:18Z
10168,21,2026-08-04T08:13:20Z
10169,21,2026-08-04T08:13:22Z
10170,19,2026-08-04T08:13:24Z
10171,19,2026-08-04T08:13:26Z
10172,19,2026-08-04T08:13:28Z
10173,19,2026-08-04T08:13:30Z
10174,19,2026-08-04T08:13:31Z
10175,20,2026-08-04T08:13:33Z
10176,20,2026-08-04T08:13:35Z
10177,20,2026-08-04T08:13:37Z
10178,20,2026-08-04T08:13:39Z
10179,20,2026-08-04T08:13:41Z
10180,20,2026-08-04T08:13:43Z
10181,20,2026-08-04T08:13:44Z
10182,19,2026-08-04T08:13:46Z
10183,20,2026-08-04T08:13:49Z
10184,20,2026-08-04T08:13:51Z
10185,19,2026-08-04T08:13:53Z
10186,18,2026-08-04T08:13:55Z
10187,18,2026-08-04T08:13:56Z
10188,17,2026-08-04T08:13:57Z
10189,17,2026-08-04T08:13:59Z
10190,19,2026-08-04T08:14:01Z
10191,18,2026-08-04T08:14:03Z
10192,18,2026-08-04T08:14:04Z
10193,16,2026-08-04T08:14:06Z
10194,17,2026-08-04T08:14:07Z
10195,13,2026-08-04T08:14:08Z
10196,15,2026-08-04T08:14:10Z
10197,15,2026-08-04T08:14:11Z
10198,18,2026-08-04T08:14:13Z
10199,17,2026-08-04T08:14:14Z
10200,19,2026-08-04T08:14:16Z
10201,20,2026-08-04T08:14:18Z
10202,22,2026-08-04T08:14:21Z
10203,22,2026-08-04T08:14:23Z
10204,22,2026-08-04T08:14:25Z
10205,20,2026-08-04T08:14:27Z
10206,26,2026-08-04T08:14:28Z
10207,22,2026-08-04T08:14:30Z
10208,24,2026-08-04T08:14:33Z
10209,25,2026-08-04T08:14:34Z
10210,23,2026-08-04T08:14:37Z
10211,22,2026-08-04T08:14:39Z
10212,20,2026-08-04T08:14:41Z
10213,22,2026-08-04T08:14:43Z
10214,21,2026-08-04T08:14:44Z
10215,20,2026-08-04T08:14:48Z
10216,21,2026-08-04T08:14:50Z
10217,18,2026-08-04T08:14:52Z
10218,21,2026-08-04T08:14:54Z
10219,19,2026-08-04T08:14:55Z
10220,22,2026-08-04T08:14:57Z
10221,19,2026-08-04T08:14:59Z
10222,20,2026-08-04T08:15:01Z
10223,20,2026-08-04T08:15:03Z
10224,21,2026-08-04T08:15:06Z
10225,23,2026-08-04T08:15:08Z
10226,18,2026-08-04T08:15:10Z
10227,17,2026-08-04T08:15:12Z
10228,17,2026-08-04T08:15:14Z
10229,18,2026-08-04T08:15:15Z
10230,15,2026-08-04T08:15:16Z
10231,16,2026-08-04T08:15:18Z
10232,18,2026-08-04T08:15:19Z
10233,17,2026-08-04T08:15:21Z
10234,18,2026-08-04T08:15:23Z
10235,17,2026-08-04T08:15:25Z
10236,18,2026-08-04T08:15:27Z
10237,17,2026-08-04T08:15:29Z
10238,22,2026-08-04T08:15:31Z
10239,21,2026-08-04T08:15:33Z
10240,20,2026-08-04T08:15:35Z
10241,20,2026-08-04T08:15:38Z
10242,27,2026-08-04T08:15:40Z
10243,24,2026-08-04T08:15:42Z
10244,23,2026-08-04T08:15:44Z
10245,19,2026-08-04T08:15:46Z
10246,20,2026-08-04T08:15:48Z
10247,21,2026-08-04T08:15:50Z
10248,20,2026-08-04T08:15:51Z
10249,18,2026-08-04T08:15:53Z
10250,18,2026-08-04T08:15:55Z
10251,18,2026-08-04T08:15:57Z
10252,17,2026-08-04T08:15:58Z
10253,18,2026-08-04T08:16:00Z
10254,17,2026-08-04T08:16:02Z
10255,18,2026-08-04T08:16:04Z
10256,18,2026-08-04T08:16:06Z
10257,19,2026-08-04T08:16:08Z
10258,20,2026-08-04T08:16:09Z
10259,20,2026-08-04T08:16:11Z
10260,19,2026-08-04T08:16:13Z
10261,20,2026-08-04T08:16:15Z
10262,17,2026-08-04T08:16:17Z
10263,17,2026-08-04T08:16:18Z
10264,18,2026-08-04T08:16:20Z
10265,18,2026-08-04T08:16:21Z
10266,18,2026-08-04T08:16:23Z
10267,18,2026-08-04T08:16:24Z
10268,20,2026-08-04T08:16:26Z
10269,19,2026-08-04T08:16:28Z
10270,22,2026-08-04T08:16:30Z
10271,22,2026-08-04T08:16:32Z
10272,22,2026-08-04T08:16:36Z
10273,21,2026-08-04T08:16:38Z
10274,22,2026-08-04T08:16:40Z
10275,22,2026-08-04T08:16:42Z
10276,23,2026-08-04T08:16:43Z
10277,23,2026-08-04T08:16:45Z
10278,22,2026-08-04T08:16:47Z
10279,21,2026-08-04T08:16:49Z
10280,21,2026-08-04T08:16:51Z
10281,19,2026-08-04T08:16:54Z
10282,19,2026-08-04T08:16:55Z
10283,20,2026-08-04T08:16:57Z
10284,21,2026-08-04T08:16:59Z
10285,19,2026-08-04T08:17:00Z
10286,19,2026-08-04T08:17:02Z
10287,18,2026-08-04T08:17:04Z
10288,20,2026-08-04T08:17:06Z
10289,18,2026-08-04T08:17:07Z
10290,17,2026-08-04T08:17:09Z
10291,18,2026-08-04T08:17:10Z
10292,19,2026-08-04T08:17:13Z
10293,18,2026-08-04T08:17:15Z
10294,18,2026-08-04T08:17:16Z
10295,15,2026-08-04T08:17:17Z
10296,20,2026-08-04T08:17:19Z
10297,17,2026-08-04T08:17:22Z
10298,18,2026-08-04T08:17:24Z
10299,20,2026-08-04T08:17:25Z
10300,22,2026-08-04T08:17:27Z
10301,19,2026-08-04T08:17:29Z
10302,20,2026-08-04T08:17:30Z
10303,26,2026-08-04T08:17:33Z
10304,18,2026-08-04T08:17:34Z
10305,20,2026-08-04T08:17:36Z
10306,23,2026-08-04T08:17:38Z
10307,21,2026-08-04T08:17:40Z
10308,23,2026-08-04T08:17:42Z
10309,21,2026-08-04T08:17:44Z
10310,22,2026-08-04T08:17:46Z
10311,20,2026-08-04T08:17:47Z
10312,19,2026-08-04T08:17:50Z
10313,20,2026-08-04T08:17:52Z
10314,20,2026-08-04T08:17:54Z
10315,18,2026-08-04T08:17:55Z
10316,15,2026-08-04T08:17:57Z
10317,17,2026-08-04T08:17:59Z
10318,18,2026-08-04T08:18:01Z
10319,18,2026-08-04T08:18:02Z
10320,15,2026-08-04T08:18:04Z
10321,14,2026-08-04T08:18:06Z
10322,14,2026-08-04T08:18:07Z
10323,15,2026-08-04T08:18:09Z
10324,15,2026-08-04T08:18:10Z
10325,15,2026-08-04T08:18:12Z
10326,19,2026-08-04T08:18:15Z
10327,19,2026-08-04T08:18:16Z
10328,18,2026-08-04T08:18:18Z
10329,18,2026-08-04T08:18:20Z
10330,15,2026-08-04T08:18:22Z
10331,17,2026-08-04T08:18:24Z
10332,18,2026-08-04T08:18:25Z
10333,21,2026-08-04T08:18:27Z
10334,18,2026-08-04T08:18:29Z
10335,18,2026-08-04T08:18:32Z
10336,18,2026-08-04T08:18:34Z
10337,18,2026-08-04T08:18:36Z
10338,20,2026-08-04T08:18:37Z
10339,20,2026-08-04T08:18:39Z
10340,19,2026-08-04T08:18:41Z
10341,20,2026-08-04T08:18:43Z
10342,20,2026-08-04T08:18:46Z
10343,19,2026-08-04T08:18:48Z
10344,17,2026-08-04T08:18:50Z
10345,16,2026-08-04T08:18:51Z
10346,17,2026-08-04T08:18:53Z
10347,17,2026-08-04T08:18:55Z
10348,18,2026-08-04T08:18:57Z
10349,19,2026-08-04T08:18:59Z
10350,20,2026-08-04T08:19:01Z
10351,21,2026-08-04T08:19:03Z
10352,20,2026-08-04T08:19:04Z
10353,19,2026-08-04T08:19:06Z
10354,20,2026-08-04T08:19:08Z
10355,24,2026-08-04T08:19:10Z
10356,22,2026-08-04T08:19:12Z
10357,22,2026-08-04T08:19:14Z
10358,24,2026-08-04T08:19:17Z
10359,24,2026-08-04T08:19:19Z
10360,21,2026-08-04T08:19:21Z
10361,25,2026-08-04T08:19:24Z
10362,21,2026-08-04T08:19:26Z
10363,22,2026-08-04T08:19:29Z
10364,21,2026-08-04T08:19:31Z
10365,20,2026-08-04T08:19:32Z
10366,20,2026-08-04T08:19:34Z
10367,20,2026-08-04T08:19:36Z
10368,20,2026-08-04T08:19:39Z
10369,22,2026-08-04T08:19:42Z
10370,24,2026-08-04T08:19:43Z
10371,23,2026-08-04T08:19:45Z
10372,23,2026-08-04T08:19:48Z
10373,22,2026-08-04T08:19:50Z
10374,22,2026-08-04T08:19:52Z
10375,18,2026-08-04T08:19:53Z
10376,19,2026-08-04T08:19:55Z
10377,17,2026-08-04T08:19:56Z
10378,17,2026-08-04T08:19:58Z
10379,19,2026-08-04T08:20:00Z
10380,19,2026-08-04T08:20:02Z
10381,18,2026-08-04T08:20:04Z
10382,16,2026-08-04T08:20:05Z
10383,16,2026-08-04T08:20:07Z
10384,17,2026-08-04T08:20:08Z
10385,16,2026-08-04T08:20:09Z
10386,17,2026-08-04T08:20:11Z
10387,18,2026-08-04T08:20:13Z
10388,19,2026-08-04T08:20:14Z
10389,16,2026-08-04T08:20:16Z
10390,19,2026-08-04T08:20:18Z
10391,17,2026-08-04T08:20:19Z
10392,18,2026-08-04T08:20:21Z
10393,18,2026-08-04T08:20:23Z
10394,16,2026-08-04T08:20:24Z
10395,15,2026-08-04T08:20:26Z
10396,15,2026-08-04T08:20:27Z
10397,15,2026-08-04T08:20:29Z
10398,15,2026-08-04T08:20:30Z
10399,14,2026-08-04T08:20:32Z
10400,14,2026-08-04T08:20:34Z
10401,16,2026-08-04T08:20:35Z
10402,19,2026-08-04T08:20:37Z
10403,17,2026-08-04T08:20:38Z
10404,18,2026-08-04T08:20:42Z
10405,18,2026-08-04T08:20:44Z
10406,19,2026-08-04T08:20:45Z
10407,22,2026-08-04T08:20:47Z
10408,22,2026-08-04T08:20:49Z
10409,23,2026-08-04T08:20:52Z
10410,19,2026-08-04T08:20:54Z
10411,21,2026-08-04T08:20:56Z
10412,19,2026-08-04T08:20:57Z
10413,24,2026-08-04T08:20:59Z
10414,22,2026-08-04T08:21:01Z
10415,22,2026-08-04T08:21:03Z
10416,21,2026-08-04T08:21:06Z
10417,19,2026-08-04T08:21:08Z
10418,21,2026-08-04T08:21:09Z
10419,23,2026-08-04T08:21:11Z
10420,19,2026-08-04T08:21:13Z
10421,18,2026-08-04T08:21:15Z
10422,18,2026-08-04T08:21:16Z
10423,18,2026-08-04T08:21:18Z
10424,17,2026-08-04T08:21:20Z
10425,17,2026-08-04T08:21:21Z
10426,17,2026-08-04T08:21:23Z
10427,17,2026-08-04T08:21:25Z
10428,17,2026-08-04T08:21:26Z
10429,18,2026-08-04T08:21:28Z
10430,25,2026-08-04T08:21:30Z
10431,20,2026-08-04T08:21:31Z
10432,18,2026-08-04T08:21:34Z
10433,21,2026-08-04T08:21:36Z
10434,21,2026-08-04T08:21:37Z
10435,23,2026-08-04T08:21:40Z
10436,22,2026-08-04T08:21:43Z
10437,24,2026-08-04T08:21:44Z
10438,22,2026-08-04T08:21:45Z
10439,20,2026-08-04T08:21:47Z
10440,18,2026-08-04T08:21:49Z
10441,15,2026-08-04T08:21:50Z
10442,17,2026-08-04T08:21:52Z
10443,18,2026-08-04T08:21:55Z
10444,15,2026-08-04T08:21:57Z
10445,15,2026-08-04T08:21:59Z
10446,15,2026-08-04T08:22:01Z
10447,15,2026-08-04T08:22:03Z
10448,15,2026-08-04T08:22:05Z
10449,16,2026-08-04T08:22:06Z
10450,17,2026-08-04T08:22:08Z
10451,18,2026-08-04T08:22:09Z
10452,18,2026-08-04T08:22:11Z
10453,20,2026-08-04T08:22:12Z
10454,22,2026-08-04T08:22:15Z
10455,17,2026-08-04T08:22:17Z
10456,15,2026-08-04T08:22:19Z
10457,15,2026-08-04T08:22:21Z
10458,20,2026-08-04T08:22:23Z
10459,16,2026-08-04T08:22:25Z
10460,17,2026-08-04T08:22:27Z
10461,19,2026-08-04T08:22:29Z
10462,17,2026-08-04T08:22:31Z
10463,17,2026-08-04T08:22:32Z
10464,18,2026-08-04T08:22:34Z
10465,17,2026-08-04T08:22:36Z
10466,16,2026-08-04T08:22:38Z
10467,16,2026-08-04T08:22:40Z
10468,15,2026-08-04T08:22:42Z
10469,15,2026-08-04T08:22:44Z
10470,15,2026-08-04T08:22:46Z
10471,16,2026-08-04T08:22:48Z
10472,15,2026-08-04T08:22:49Z
10473,15,2026-08-04T08:22:51Z
10474,18,2026-08-04T08:22:53Z
10475,23,2026-08-04T08:22:55Z
10476,22,2026-08-04T08:22:57Z
10477,20,2026-08-04T08:22:59Z
10478,20,2026-08-04T08:23:01Z
10479,18,2026-08-04T08:23:03Z
10480,20,2026-08-04T08:23:05Z
10481,18,2026-08-04T08:23:08Z
10482,17,2026-08-04T08:23:09Z
10483,18,2026-08-04T08:23:11Z
10484,20,2026-08-04T08:23:12Z
10485,18,2026-08-04T08:23:14Z
10486,17,2026-08-04T08:23:16Z
10487,20,2026-08-04T08:23:18Z
10488,20,2026-08-04T08:23:19Z
10489,22,2026-08-04T08:23:22Z
10490,25,2026-08-04T08:23:24Z
10491,24,2026-08-04T08:23:26Z
10492,23,2026-08-04T08:23:29Z
10493,25,2026-08-04T08:23:31Z
10494,23,2026-08-04T08:23:33Z
10495,22,2026-08-04T08:23:35Z
10496,19,2026-08-04T08:23:37Z
10497,20,2026-08-04T08:23:39Z
10498,17,2026-08-04T08:23:40Z
10499,18,2026-08-04T08:23:42Z
10500,18,2026-08-04T08:23:44Z
10501,18,2026-08-04T08:23:45Z
10502,19,2026-08-04T08:23:46Z
10503,17,2026-08-04T08:23:48Z
10504,17,2026-08-04T08:23:50Z
10505,16,2026-08-04T08:23:52Z
10506,16,2026-08-04T08:23:53Z
10507,18,2026-08-04T08:23:54Z
10508,20,2026-08-04T08:23:56Z
10509,19,2026-08-04T08:23:58Z
10510,16,2026-08-04T08:24:00Z
10511,16,2026-08-04T08:24:01Z
10512,16,2026-08-04T08:24:03Z
10513,17,2026-08-04T08:24:05Z
10514,18,2026-08-04T08:24:07Z
10515,17,2026-08-04T08:24:09Z
10516,16,2026-08-04T08:24:11Z
10517,15,2026-08-04T08:24:12Z
10518,16,2026-08-04T08:24:14Z
10519,15,2026-08-04T08:24:15Z
10520,13,2026-08-04T08:24:17Z
10521,17,2026-08-04T08:24:18Z
10522,17,2026-08-04T08:24:20Z
10523,15,2026-08-04T08:24:22Z
10524,15,2026-08-04T08:24:23Z
10525,19,2026-08-04T08:24:25Z
10526,17,2026-08-04T08:24:27Z
10527,16,2026-08-04T08:24:29Z
10528,18,2026-08-04T08:24:30Z
10529,19,2026-08-04T08:24:33Z
10530,17,2026-08-04T08:24:34Z
10531,16,2026-08-04T08:24:36Z
10532,16,2026-08-04T08:24:37Z
10533,17,2026-08-04T08:24:38Z
10534,18,2026-08-04T08:24:40Z
10535,17,2026-08-04T08:24:42Z
10536,17,2026-08-04T08:24:44Z
10537,18,2026-08-04T08:24:46Z
10538,19,2026-08-04T08:24:48Z
10539,18,2026-08-04T08:24:50Z
10540,17,2026-08-04T08:24:52Z
10541,20,2026-08-04T08:24:53Z
10542,19,2026-08-04T08:24:56Z
10543,18,2026-08-04T08:24:56Z
10544,17,2026-08-04T08:24:58Z
10545,16,2026-08-04T08:25:00Z
10546,16,2026-08-04T08:25:02Z
10547,15,2026-08-04T08:25:03Z
10548,16,2026-08-04T08:25:05Z
10549,15,2026-08-04T08:25:07Z
10550,15,2026-08-04T08:25:09Z
10551,14,2026-08-04T08:25:10Z
10552,15,2026-08-04T08:25:11Z
10553,12,2026-08-04T08:25:13Z
10554,13,2026-08-04T08:25:15Z
10555,13,2026-08-04T08:25:16Z
10556,14,2026-08-04T08:25:18Z
10557,12,2026-08-04T08:25:19Z
10558,12,2026-08-04T08:25:21Z
10559,15,2026-08-04T08:25:22Z
10560,17,2026-08-04T08:25:24Z
10561,15,2026-08-04T08:25:26Z
10562,14,2026-08-04T08:25:27Z
10563,16,2026-08-04T08:25:29Z
10564,17,2026-08-04T08:25:30Z
10565,15,2026-08-04T08:25:32Z
10566,15,2026-08-04T08:25:34Z
10567,15,2026-08-04T08:25:36Z
10568,17,2026-08-04T08:25:38Z
10569,15,2026-08-04T08:25:39Z
10570,15,2026-08-04T08:25:41Z
10571,16,2026-08-04T08:25:43Z
10572,18,2026-08-04T08:25:45Z
10573,18,2026-08-04T08:25:47Z
10574,21,2026-08-04T08:25:49Z
10575,19,2026-08-04T08:25:51Z
10576,18,2026-08-04T08:25:52Z
10577,18,2026-08-04T08:25:54Z
10578,18,2026-08-04T08:25:56Z
10579,18,2026-08-04T08:25:58Z
10580,19,2026-08-04T08:26:00Z
10581,21,2026-08-04T08:26:02Z
10582,24,2026-08-04T08:26:04Z
10583,23,2026-08-04T08:26:06Z
10584,21,2026-08-04T08:26:08Z
10585,18,2026-08-04T08:26:10Z
10586,19,2026-08-04T08:26:11Z
10587,19,2026-08-04T08:26:13Z
10588,21,2026-08-04T08:26:14Z
10589,19,2026-08-04T08:26:18Z
10590,17,2026-08-04T08:26:19Z
10591,17,2026-08-04T08:26:20Z
10592,18,2026-08-04T08:26:21Z
10593,17,2026-08-04T08:26:23Z
10594,18,2026-08-04T08:26:25Z
10595,20,2026-08-04T08:26:27Z
10596,18,2026-08-04T08:26:29Z
10597,16,2026-08-04T08:26:29Z
10598,16,2026-08-04T08:26:31Z
10599,17,2026-08-04T08:26:33Z
10600,16,2026-08-04T08:26:35Z
10601,17,2026-08-04T08:26:37Z
10602,17,2026-08-04T08:26:39Z
10603,17,2026-08-04T08:26:40Z
10604,17,2026-08-04T08:26:42Z
10605,18,2026-08-04T08:26:43Z
10606,18,2026-08-04T08:26:45Z
10607,18,2026-08-04T08:26:47Z
10608,19,2026-08-04T08:26:49Z
10609,19,2026-08-04T08:26:51Z
10610,18,2026-08-04T08:26:53Z
10611,20,2026-08-04T08:26:54Z
10612,19,2026-08-04T08:26:56Z
10613,21,2026-08-04T08:26:57Z
10614,19,2026-08-04T08:26:58Z
10615,18,2026-08-04T08:27:00Z
10616,19,2026-08-04T08:27:02Z
10617,18,2026-08-04T08:27:04Z
10618,19,2026-08-04T08:27:06Z
10619,16,2026-08-04T08:27:08Z
10620,20,2026-08-04T08:27:09Z
10621,21,2026-08-04T08:27:11Z
10622,18,2026-08-04T08:27:12Z
10623,17,2026-08-04T08:27:14Z
10624,15,2026-08-04T08:27:15Z
10625,16,2026-08-04T08:27:17Z
10626,17,2026-08-04T08:27:18Z
10627,16,2026-08-04T08:27:20Z
10628,17,2026-08-04T08:27:21Z
10629,17,2026-08-04T08:27:23Z
10630,15,2026-08-04T08:27:24Z
10631,16,2026-08-04T08:27:26Z
10632,16,2026-08-04T08:27:28Z
10633,16,2026-08-04T08:27:30Z
10634,18,2026-08-04T08:27:31Z
10635,18,2026-08-04T08:27:33Z
10636,19,2026-08-04T08:27:35Z
10637,17,2026-08-04T08:27:36Z
10638,18,2026-08-04T08:27:38Z
10639,18,2026-08-04T08:27:40Z
10640,16,2026-08-04T08:27:42Z
10641,18,2026-08-04T08:27:43Z
10642,18,2026-08-04T08:27:45Z
10643,19,2026-08-04T08:27:47Z
10644,16,2026-08-04T08:27:48Z
10645,15,2026-08-04T08:27:50Z
10646,18,2026-08-04T08:27:52Z
10647,16,2026-08-04T08:27:53Z
10648,17,2026-08-04T08:27:55Z
10649,19,2026-08-04T08:27:56Z
10650,18,2026-08-04T08:27:58Z
10651,16,2026-08-04T08:28:00Z
10652,17,2026-08-04T08:28:02Z
10653,16,2026-08-04T08:28:03Z
10654,15,2026-08-04T08:28:05Z
10655,14,2026-08-04T08:28:06Z
10656,15,2026-08-04T08:28:08Z
10657,13,2026-08-04T08:28:09Z
10658,13,2026-08-04T08:28:11Z
10659,15,2026-08-04T08:28:12Z
10660,15,2026-08-04T08:28:14Z
10661,14,2026-08-04T08:28:15Z
10662,14,2026-08-04T08:28:17Z
10663,14,2026-08-04T08:28:19Z
10664,15,2026-08-04T08:28:20Z
10665,15,2026-08-04T08:28:22Z
10666,15,2026-08-04T08:28:23Z
10667,19,2026-08-04T08:28:25Z
10668,15,2026-08-04T08:28:25Z
10669,15,2026-08-04T08:28:28Z
10670,16,2026-08-04T08:28:29Z
10671,16,2026-08-04T08:28:31Z
10672,16,2026-08-04T08:28:32Z
10673,18,2026-08-04T08:28:34Z
10674,19,2026-08-04T08:28:36Z
10675,19,2026-08-04T08:28:39Z
10676,22,2026-08-04T08:28:41Z
10677,23,2026-08-04T08:28:44Z
10678,20,2026-08-04T08:28:46Z
10679,21,2026-08-04T08:28:48Z
10680,19,2026-08-04T08:28:50Z
10681,19,2026-08-04T08:28:51Z
10682,19,2026-08-04T08:28:55Z
10683,18,2026-08-04T08:28:57Z
10684,17,2026-08-04T08:28:59Z
10685,14,2026-08-04T08:29:01Z
10686,15,2026-08-04T08:29:02Z
10687,14,2026-08-04T08:29:04Z
10688,13,2026-08-04T08:29:05Z
10689,14,2026-08-04T08:29:06Z
10690,12,2026-08-04T08:29:08Z
10691,12,2026-08-04T08:29:09Z
10692,14,2026-08-04T08:29:10Z
10693,14,2026-08-04T08:29:12Z
10694,15,2026-08-04T08:29:14Z
10695,15,2026-08-04T08:29:15Z
10696,14,2026-08-04T08:29:17Z
10697,19,2026-08-04T08:29:19Z
10698,18,2026-08-04T08:29:21Z
10699,12,2026-08-04T08:29:22Z
10700,13,2026-08-04T08:29:24Z
10701,13,2026-08-04T08:29:26Z
10702,13,2026-08-04T08:29:28Z
10703,14,2026-08-04T08:29:29Z
10704,13,2026-08-04T08:29:31Z
10705,13,2026-08-04T08:29:32Z
10706,16,2026-08-04T08:29:33Z
10707,15,2026-08-04T08:29:35Z
10708,16,2026-08-04T08:29:37Z
10709,16,2026-08-04T08:29:39Z
10710,16,2026-08-04T08:29:41Z
10711,17,2026-08-04T08:29:43Z
10712,19,2026-08-04T08:29:45Z
10713,23,2026-08-04T08:29:47Z
10714,22,2026-08-04T08:29:50Z
10715,24,2026-08-04T08:29:53Z
10716,24,2026-08-04T08:29:55Z
10717,23,2026-08-04T08:29:58Z
10718,22,2026-08-04T08:30:00Z
10719,24,2026-08-04T08:30:03Z
10720,25,2026-08-04T08:30:05Z
10721,24,2026-08-04T08:30:09Z
10722,24,2026-08-04T08:30:11Z
10723,24,2026-08-04T08:30:13Z
10724,24,2026-08-04T08:30:15Z
10725,25,2026-08-04T08:30:18Z
10726,24,2026-08-04T08:30:20Z
10727,22,2026-08-04T08:30:23Z
10728,21,2026-08-04T08:30:26Z
10729,22,2026-08-04T08:30:27Z
10730,21,2026-08-04T08:30:29Z
10731,20,2026-08-04T08:30:32Z
10732,20,2026-08-04T08:30:34Z
10733,18,2026-08-04T08:30:36Z
10734,21,2026-08-04T08:30:39Z
10735,19,2026-08-04T08:30:41Z
10736,20,2026-08-04T08:30:43Z
10737,19,2026-08-04T08:30:44Z
10738,19,2026-08-04T08:30:46Z
10739,20,2026-08-04T08:30:48Z
10740,21,2026-08-04T08:30:49Z
10741,21,2026-08-04T08:30:51Z
10742,20,2026-08-04T08:30:53Z
10743,20,2026-08-04T08:30:56Z
10744,18,2026-08-04T08:30:57Z
10745,18,2026-08-04T08:30:59Z
10746,18,2026-08-04T08:31:01Z
10747,16,2026-08-04T08:31:03Z
10748,16,2026-08-04T08:31:04Z
10749,16,2026-08-04T08:31:06Z
10750,14,2026-08-04T08:31:07Z
10751,14,2026-08-04T08:31:09Z
10752,14,2026-08-04T08:31:11Z
10753,17,2026-08-04T08:31:13Z
10754,17,2026-08-04T08:31:15Z
10755,16,2026-08-04T08:31:16Z
10756,17,2026-08-04T08:31:18Z
10757,18,2026-08-04T08:31:20Z
10758,22,2026-08-04T08:31:22Z
10759,18,2026-08-04T08:31:24Z
10760,19,2026-08-04T08:31:26Z
10761,20,2026-08-04T08:31:28Z
10762,20,2026-08-04T08:31:30Z
10763,21,2026-08-04T08:31:32Z
10764,19,2026-08-04T08:31:33Z
10765,22,2026-08-04T08:31:36Z
10766,22,2026-08-04T08:31:38Z
10767,19,2026-08-04T08:31:40Z
10768,18,2026-08-04T08:31:42Z
10769,17,2026-08-04T08:31:43Z
10770,18,2026-08-04T08:31:45Z
10771,18,2026-08-04T08:31:47Z
10772,17,2026-08-04T08:31:49Z
10773,17,2026-08-04T08:31:50Z
10774,18,2026-08-04T08:31:52Z
10775,16,2026-08-04T08:31:54Z
10776,17,2026-08-04T08:31:55Z
10777,15,2026-08-04T08:31:57Z
10778,14,2026-08-04T08:31:59Z
10779,14,2026-08-04T08:32:01Z
10780,20,2026-08-04T08:32:02Z
10781,21,2026-08-04T08:32:04Z
10782,24,2026-08-04T08:32:06Z
10783,19,2026-08-04T08:32:09Z
10784,17,2026-08-04T08:32:10Z
10785,18,2026-08-04T08:32:12Z
10786,20,2026-08-04T08:32:13Z
10787,19,2026-08-04T08:32:16Z
10788,20,2026-08-04T08:32:18Z
10789,22,2026-08-04T08:32:20Z
10790,19,2026-08-04T08:32:22Z
10791,20,2026-08-04T08:32:24Z
10792,18,2026-08-04T08:32:26Z
10793,19,2026-08-04T08:32:28Z
10794,20,2026-08-04T08:32:30Z
10795,20,2026-08-04T08:32:33Z
10796,21,2026-08-04T08:32:34Z
10797,16,2026-08-04T08:32:36Z
10798,16,2026-08-04T08:32:38Z
10799,20,2026-08-04T08:32:40Z
10800,17,2026-08-04T08:32:42Z
10801,19,2026-08-04T08:32:43Z
10802,18,2026-08-04T08:32:46Z
10803,16,2026-08-04T08:32:46Z
10804,15,2026-08-04T08:32:49Z
10805,16,2026-08-04T08:32:49Z
10806,14,2026-08-04T08:32:51Z
10807,15,2026-08-04T08:32:53Z
10808,15,2026-08-04T08:32:54Z
10809,14,2026-08-04T08:32:56Z
10810,15,2026-08-04T08:32:57Z
10811,16,2026-08-04T08:32:59Z
10812,14,2026-08-04T08:33:01Z
10813,14,2026-08-04T08:33:02Z
10814,15,2026-08-04T08:33:04Z
10815,15,2026-08-04T08:33:06Z
10816,17,2026-08-04T08:33:08Z
10817,17,2026-08-04T08:33:09Z
10818,18,2026-08-04T08:33:12Z
10819,17,2026-08-04T08:33:14Z
10820,14,2026-08-04T08:33:17Z
10821,14,2026-08-04T08:33:18Z
10822,15,2026-08-04T08:33:20Z
10823,14,2026-08-04T08:33:21Z
10824,14,2026-08-04T08:33:23Z
10825,13,2026-08-04T08:33:25Z
10826,15,2026-08-04T08:33:27Z
10827,15,2026-08-04T08:33:29Z
10828,16,2026-08-04T08:33:31Z
10829,13,2026-08-04T08:33:33Z
10830,15,2026-08-04T08:33:36Z
10831,18,2026-08-04T08:33:38Z
10832,15,2026-08-04T08:33:40Z
10833,19,2026-08-04T08:33:42Z
10834,21,2026-08-04T08:33:44Z
10835,20,2026-08-04T08:33:46Z
10836,16,2026-08-04T08:33:48Z
10837,20,2026-08-04T08:33:51Z
10838,18,2026-08-04T08:33:53Z
10839,17,2026-08-04T08:33:55Z
10840,19,2026-08-04T08:33:57Z
10841,20,2026-08-04T08:33:59Z
10842,21,2026-08-04T08:34:02Z
10843,19,2026-08-04T08:34:05Z
10844,19,2026-08-04T08:34:07Z
10845,20,2026-08-04T08:34:09Z
10846,19,2026-08-04T08:34:11Z
10847,19,2026-08-04T08:34:12Z
10848,21,2026-08-04T08:34:14Z
10849,20,2026-08-04T08:34:17Z
10850,19,2026-08-04T08:34:20Z
10851,19,2026-08-04T08:34:22Z
10852,19,2026-08-04T08:34:24Z
10853,20,2026-08-04T08:34:26Z
10854,21,2026-08-04T08:34:28Z
10855,22,2026-08-04T08:34:29Z
10856,22,2026-08-04T08:34:31Z
10857,23,2026-08-04T08:34:33Z
10858,21,2026-08-04T08:34:37Z
10859,19,2026-08-04T08:34:39Z
10860,20,2026-08-04T08:34:41Z
10861,18,2026-08-04T08:34:43Z
10862,16,2026-08-04T08:34:44Z
10863,15,2026-08-04T08:34:46Z
10864,19,2026-08-04T08:34:48Z
10865,17,2026-08-04T08:34:50Z
10866,19,2026-08-04T08:34:51Z
10867,15,2026-08-04T08:34:53Z
10868,16,2026-08-04T08:34:55Z
10869,15,2026-08-04T08:34:56Z
10870,15,2026-08-04T08:34:58Z
10871,14,2026-08-04T08:34:59Z
10872,15,2026-08-04T08:35:01Z
10873,16,2026-08-04T08:35:03Z
10874,17,2026-08-04T08:35:05Z
10875,15,2026-08-04T08:35:06Z
10876,15,2026-08-04T08:35:08Z
10877,15,2026-08-04T08:35:10Z
10878,16,2026-08-04T08:35:12Z
10879,15,2026-08-04T08:35:13Z
10880,21,2026-08-04T08:35:15Z
10881,17,2026-08-04T08:35:17Z
10882,19,2026-08-04T08:35:19Z
10883,20,2026-08-04T08:35:21Z
10884,23,2026-08-04T08:35:24Z
10885,22,2026-08-04T08:35:26Z
10886,23,2026-08-04T08:35:28Z
10887,24,2026-08-04T08:35:31Z
10888,20,2026-08-04T08:35:33Z
10889,21,2026-08-04T08:35:34Z
10890,19,2026-08-04T08:35:36Z
10891,18,2026-08-04T08:35:37Z
10892,19,2026-08-04T08:35:40Z
10893,21,2026-08-04T08:35:42Z
10894,18,2026-08-04T08:35:43Z
10895,17,2026-08-04T08:35:44Z
10896,15,2026-08-04T08:35:46Z
10897,16,2026-08-04T08:35:48Z
10898,17,2026-08-04T08:35:50Z
10899,16,2026-08-04T08:35:52Z
10900,13,2026-08-04T08:35:53Z
10901,13,2026-08-04T08:35:55Z
10902,13,2026-08-04T08:35:56Z
10903,14,2026-08-04T08:35:58Z
10904,13,2026-08-04T08:35:59Z
10905,16,2026-08-04T08:36:01Z
10906,14,2026-08-04T08:36:03Z
10907,14,2026-08-04T08:36:05Z
10908,17,2026-08-04T08:36:06Z
10909,16,2026-08-04T08:36:08Z
10910,17,2026-08-04T08:36:10Z
10911,17,2026-08-04T08:36:11Z
10912,17,2026-08-04T08:36:13Z
10913,16,2026-08-04T08:36:15Z
10914,17,2026-08-04T08:36:17Z
10915,20,2026-08-04T08:36:19Z
10916,19,2026-08-04T08:36:20Z
10917,21,2026-08-04T08:36:22Z
10918,15,2026-08-04T08:36:24Z
10919,17,2026-08-04T08:36:27Z
10920,16,2026-08-04T08:36:29Z
10921,18,2026-08-04T08:36:31Z
10922,19,2026-08-04T08:36:33Z
10923,22,2026-08-04T08:36:35Z
10924,23,2026-08-04T08:36:37Z
10925,22,2026-08-04T08:36:39Z
10926,19,2026-08-04T08:36:41Z
10927,17,2026-08-04T08:36:44Z
10928,19,2026-08-04T08:36:46Z
10929,19,2026-08-04T08:36:48Z
10930,18,2026-08-04T08:36:50Z
10931,19,2026-08-04T08:36:52Z
10932,19,2026-08-04T08:36:54Z
10933,19,2026-08-04T08:36:56Z
10934,18,2026-08-04T08:36:58Z
10935,19,2026-08-04T08:37:00Z
10936,21,2026-08-04T08:37:02Z
10937,18,2026-08-04T08:37:05Z
10938,19,2026-08-04T08:37:07Z
10939,19,2026-08-04T08:37:09Z
10940,19,2026-08-04T08:37:10Z
10941,17,2026-08-04T08:37:13Z
10942,21,2026-08-04T08:37:15Z
10943,22,2026-08-04T08:37:17Z
10944,22,2026-08-04T08:37:19Z
10945,19,2026-08-04T08:37:20Z
10946,18,2026-08-04T08:37:23Z
10947,18,2026-08-04T08:37:24Z
10948,16,2026-08-04T08:37:26Z
10949,14,2026-08-04T08:37:27Z
10950,16,2026-08-04T08:37:30Z
10951,14,2026-08-04T08:37:31Z
10952,13,2026-08-04T08:37:33Z
10953,14,2026-08-04T08:37:35Z
10954,15,2026-08-04T08:37:36Z
10955,16,2026-08-04T08:37:37Z
10956,16,2026-08-04T08:37:39Z
10957,15,2026-08-04T08:37:42Z
10958,16,2026-08-04T08:37:43Z
10959,15,2026-08-04T08:37:46Z
10960,15,2026-08-04T08:37:47Z
10961,17,2026-08-04T08:37:48Z
10962,17,2026-08-04T08:37:50Z
10963,17,2026-08-04T08:37:52Z
10964,18,2026-08-04T08:37:54Z
10965,20,2026-08-04T08:37:56Z
10966,18,2026-08-04T08:37:58Z
10967,18,2026-08-04T08:38:01Z
10968,16,2026-08-04T08:38:03Z
10969,17,2026-08-04T08:38:04Z
10970,17,2026-08-04T08:38:06Z
10971,17,2026-08-04T08:38:07Z
10972,20,2026-08-04T08:38:09Z
10973,18,2026-08-04T08:38:12Z
10974,16,2026-08-04T08:38:14Z
10975,19,2026-08-04T08:38:16Z
10976,16,2026-08-04T08:38:18Z
10977,15,2026-08-04T08:38:20Z
10978,16,2026-08-04T08:38:21Z
10979,13,2026-08-04T08:38:23Z
10980,13,2026-08-04T08:38:25Z
10981,14,2026-08-04T08:38:26Z
10982,14,2026-08-04T08:38:28Z
10983,15,2026-08-04T08:38:29Z
10984,15,2026-08-04T08:38:31Z
10985,14,2026-08-04T08:38:33Z
10986,15,2026-08-04T08:38:35Z
10987,15,2026-08-04T08:38:36Z
10988,14,2026-08-04T08:38:38Z
10989,16,2026-08-04T08:38:40Z
10990,15,2026-08-04T08:38:41Z
10991,15,2026-08-04T08:38:43Z
10992,12,2026-08-04T08:38:44Z
10993,14,2026-08-04T08:38:46Z
10994,16,2026-08-04T08:38:48Z
10995,14,2026-08-04T08:38:49Z
10996,14,2026-08-04T08:38:51Z
10997,14,2026-08-04T08:38:53Z
10998,14,2026-08-04T08:38:55Z
10999,17,2026-08-04T08:38:57Z
11000,16,2026-08-04T08:38:58Z
11001,21,2026-08-04T08:39:00Z
11002,20,2026-08-04T08:39:02Z
11003,18,2026-08-04T08:39:04Z
11004,17,2026-08-04T08:39:06Z
11005,18,2026-08-04T08:39:07Z
11006,18,2026-08-04T08:39:10Z
11007,20,2026-08-04T08:39:12Z
11008,22,2026-08-04T08:39:15Z
11009,24,2026-08-04T08:39:18Z
11010,24,2026-08-04T08:39:20Z
11011,23,2026-08-04T08:39:23Z
11012,24,2026-08-04T08:39:25Z
11013,22,2026-08-04T08:39:27Z
11014,27,2026-08-04T08:39:29Z
11015,24,2026-08-04T08:39:31Z
11016,20,2026-08-04T08:39:33Z
11017,23,2026-08-04T08:39:35Z
11018,18,2026-08-04T08:39:37Z
11019,22,2026-08-04T08:39:39Z
11020,20,2026-08-04T08:39:42Z
11021,17,2026-08-04T08:39:43Z
11022,17,2026-08-04T08:39:45Z
11023,17,2026-08-04T08:39:47Z
11024,18,2026-08-04T08:39:48Z
11025,17,2026-08-04T08:39:50Z
11026,17,2026-08-04T08:39:52Z
11027,19,2026-08-04T08:39:53Z
11028,17,2026-08-04T08:39:55Z
11029,23,2026-08-04T08:39:57Z
11030,17,2026-08-04T08:39:58Z
11031,16,2026-08-04T08:40:00Z
11032,17,2026-08-04T08:40:02Z
11033,16,2026-08-04T08:40:04Z
11034,18,2026-08-04T08:40:06Z
11035,18,2026-08-04T08:40:08Z
11036,17,2026-08-04T08:40:09Z
11037,19,2026-08-04T08:40:11Z
11038,19,2026-08-04T08:40:13Z
11039,19,2026-08-04T08:40:15Z
11040,19,2026-08-04T08:40:16Z
11041,18,2026-08-04T08:40:18Z
11042,18,2026-08-04T08:40:19Z
11043,18,2026-08-04T08:40:21Z
11044,16,2026-08-04T08:40:23Z
11045,17,2026-08-04T08:40:24Z
11046,16,2026-08-04T08:40:26Z
11047,18,2026-08-04T08:40:28Z
11048,17,2026-08-04T08:40:30Z
11049,17,2026-08-04T08:40:31Z
11050,17,2026-08-04T08:40:34Z
11051,16,2026-08-04T08:40:36Z
11052,17,2026-08-04T08:40:37Z
11053,16,2026-08-04T08:40:39Z
11054,17,2026-08-04T08:40:41Z
11055,17,2026-08-04T08:40:44Z
11056,16,2026-08-04T08:40:46Z
11057,17,2026-08-04T08:40:48Z
11058,18,2026-08-04T08:40:50Z
11059,17,2026-08-04T08:40:52Z
11060,19,2026-08-04T08:40:54Z
11061,18,2026-08-04T08:40:55Z
11062,20,2026-08-04T08:40:58Z
11063,17,2026-08-04T08:40:59Z
11064,17,2026-08-04T08:41:01Z
11065,17,2026-08-04T08:41:03Z
11066,17,2026-08-04T08:41:05Z
11067,17,2026-08-04T08:41:07Z
11068,17,2026-08-04T08:41:09Z
11069,18,2026-08-04T08:41:11Z
11070,19,2026-08-04T08:41:13Z
11071,18,2026-08-04T08:41:14Z
11072,14,2026-08-04T08:41:16Z
11073,13,2026-08-04T08:41:17Z
11074,14,2026-08-04T08:41:19Z
11075,15,2026-08-04T08:41:20Z
11076,16,2026-08-04T08:41:22Z
11077,16,2026-08-04T08:41:23Z
11078,16,2026-08-04T08:41:25Z
11079,19,2026-08-04T08:41:26Z
11080,15,2026-08-04T08:41:28Z
11081,15,2026-08-04T08:41:29Z
11082,15,2026-08-04T08:41:31Z
11083,18,2026-08-04T08:41:32Z
11084,19,2026-08-04T08:41:34Z
11085,19,2026-08-04T08:41:38Z
11086,21,2026-08-04T08:41:40Z
11087,18,2026-08-04T08:41:40Z
11088,19,2026-08-04T08:41:44Z
11089,17,2026-08-04T08:41:46Z
11090,17,2026-08-04T08:41:46Z
11091,18,2026-08-04T08:41:48Z
11092,18,2026-08-04T08:41:50Z
11093,16,2026-08-04T08:41:52Z
11094,15,2026-08-04T08:41:54Z
11095,18,2026-08-04T08:41:56Z
11096,16,2026-08-04T08:41:58Z
11097,17,2026-08-04T08:42:00Z
11098,17,2026-08-04T08:42:02Z
11099,16,2026-08-04T08:42:04Z
11100,19,2026-08-04T08:42:06Z
11101,17,2026-08-04T08:42:08Z
11102,17,2026-08-04T08:42:10Z
11103,19,2026-08-04T08:42:12Z
11104,21,2026-08-04T08:42:14Z
11105,19,2026-08-04T08:42:16Z
11106,22,2026-08-04T08:42:18Z
11107,22,2026-08-04T08:42:19Z
11108,22,2026-08-04T08:42:22Z
11109,19,2026-08-04T08:42:24Z
11110,20,2026-08-04T08:42:26Z
11111,21,2026-08-04T08:42:28Z
11112,21,2026-08-04T08:42:31Z
11113,19,2026-08-04T08:42:33Z
11114,19,2026-08-04T08:42:33Z
11115,21,2026-08-04T08:42:36Z
11116,21,2026-08-04T08:42:38Z
11117,21,2026-08-04T08:42:40Z
11118,21,2026-08-04T08:42:41Z
11119,21,2026-08-04T08:42:43Z
11120,18,2026-08-04T08:42:45Z
11121,18,2026-08-04T08:42:47Z
11122,18,2026-08-04T08:42:48Z
11123,18,2026-08-04T08:42:51Z
11124,18,2026-08-04T08:42:53Z
11125,16,2026-08-04T08:42:55Z
11126,18,2026-08-04T08:42:57Z
11127,16,2026-08-04T08:42:58Z
11128,16,2026-08-04T08:42:59Z
11129,16,2026-08-04T08:43:01Z
11130,14,2026-08-04T08:43:03Z
11131,14,2026-08-04T08:43:05Z
11132,15,2026-08-04T08:43:06Z
11133,14,2026-08-04T08:43:08Z
11134,17,2026-08-04T08:43:09Z
11135,15,2026-08-04T08:43:11Z
11136,17,2026-08-04T08:43:13Z
11137,16,2026-08-04T08:43:14Z
11138,20,2026-08-04T08:43:16Z
11139,18,2026-08-04T08:43:17Z
11140,19,2026-08-04T08:43:19Z
11141,18,2026-08-04T08:43:22Z
11142,15,2026-08-04T08:43:23Z
11143,15,2026-08-04T08:43:25Z
11144,19,2026-08-04T08:43:27Z
11145,16,2026-08-04T08:43:28Z
11146,16,2026-08-04T08:43:30Z
11147,17,2026-08-04T08:43:32Z
11148,17,2026-08-04T08:43:34Z
11149,18,2026-08-04T08:43:36Z
11150,19,2026-08-04T08:43:38Z
11151,20,2026-08-04T08:43:39Z
11152,22,2026-08-04T08:43:41Z
11153,20,2026-08-04T08:43:43Z
11154,23,2026-08-04T08:43:45Z
11155,19,2026-08-04T08:43:48Z
11156,19,2026-08-04T08:43:50Z
11157,20,2026-08-04T08:43:51Z
11158,19,2026-08-04T08:43:53Z
11159,17,2026-08-04T08:43:55Z
11160,16,2026-08-04T08:43:57Z
11161,18,2026-08-04T08:43:58Z
11162,16,2026-08-04T08:44:00Z
11163,15,2026-08-04T08:44:02Z
11164,14,2026-08-04T08:44:03Z
11165,15,2026-08-04T08:44:05Z
11166,15,2026-08-04T08:44:07Z
11167,17,2026-08-04T08:44:08Z
11168,18,2026-08-04T08:44:10Z
11169,16,2026-08-04T08:44:12Z
11170,13,2026-08-04T08:44:13Z
11171,14,2026-08-04T08:44:15Z
11172,15,2026-08-04T08:44:16Z
11173,15,2026-08-04T08:44:18Z
11174,17,2026-08-04T08:44:20Z
11175,18,2026-08-04T08:44:21Z
11176,17,2026-08-04T08:44:23Z
11177,17,2026-08-04T08:44:24Z
11178,17,2026-08-04T08:44:26Z
11179,16,2026-08-04T08:44:28Z
11180,16,2026-08-04T08:44:29Z
11181,18,2026-08-04T08:44:31Z
11182,18,2026-08-04T08:44:33Z
11183,22,2026-08-04T08:44:35Z
11184,22,2026-08-04T08:44:37Z
11185,19,2026-08-04T08:44:39Z
11186,21,2026-08-04T08:44:41Z
11187,23,2026-08-04T08:44:43Z
11188,21,2026-08-04T08:44:44Z
11189,18,2026-08-04T08:44:46Z
11190,17,2026-08-04T08:44:47Z
11191,17,2026-08-04T08:44:49Z
11192,17,2026-08-04T08:44:50Z
11193,18,2026-08-04T08:44:52Z
11194,20,2026-08-04T08:44:54Z
11195,19,2026-08-04T08:44:56Z
11196,19,2026-08-04T08:44:57Z
11197,19,2026-08-04T08:44:59Z
11198,19,2026-08-04T08:45:01Z
11199,18,2026-08-04T08:45:03Z
11200,15,2026-08-04T08:45:04Z
11201,17,2026-08-04T08:45:05Z
11202,15,2026-08-04T08:45:07Z
11203,17,2026-08-04T08:45:09Z
11204,15,2026-08-04T08:45:11Z
11205,19,2026-08-04T08:45:13Z
11206,17,2026-08-04T08:45:15Z
11207,16,2026-08-04T08:45:16Z
11208,14,2026-08-04T08:45:18Z
11209,14,2026-08-04T08:45:19Z
11210,16,2026-08-04T08:45:20Z
11211,15,2026-08-04T08:45:22Z
11212,14,2026-08-04T08:45:24Z
11213,15,2026-08-04T08:45:26Z
11214,15,2026-08-04T08:45:27Z
11215,14,2026-08-04T08:45:29Z
11216,15,2026-08-04T08:45:31Z
11217,16,2026-08-04T08:45:33Z
11218,15,2026-08-04T08:45:35Z
11219,16,2026-08-04T08:45:37Z
11220,16,2026-08-04T08:45:39Z
11221,17,2026-08-04T08:45:40Z
11222,15,2026-08-04T08:45:42Z
11223,17,2026-08-04T08:45:44Z
11224,16,2026-08-04T08:45:46Z
11225,16,2026-08-04T08:45:47Z
11226,18,2026-08-04T08:45:49Z
11227,21,2026-08-04T08:45:51Z
11228,19,2026-08-04T08:45:53Z
11229,17,2026-08-04T08:45:54Z
11230,17,2026-08-04T08:45:56Z
11231,17,2026-08-04T08:45:58Z
11232,17,2026-08-04T08:45:59Z
11233,18,2026-08-04T08:46:01Z
11234,16,2026-08-04T08:46:03Z
11235,15,2026-08-04T08:46:05Z
11236,16,2026-08-04T08:46:07Z
11237,16,2026-08-04T08:46:09Z
11238,17,2026-08-04T08:46:11Z
11239,17,2026-08-04T08:46:13Z
11240,15,2026-08-04T08:46:15Z
11241,17,2026-08-04T08:46:16Z
11242,17,2026-08-04T08:46:18Z
11243,17,2026-08-04T08:46:21Z
11244,17,2026-08-04T08:46:23Z
11245,18,2026-08-04T08:46:25Z
11246,16,2026-08-04T08:46:27Z
11247,16,2026-08-04T08:46:29Z
11248,17,2026-08-04T08:46:31Z
11249,16,2026-08-04T08:46:32Z
11250,18,2026-08-04T08:46:34Z
11251,20,2026-08-04T08:46:36Z
11252,16,2026-08-04T08:46:38Z
11253,16,2026-08-04T08:46:39Z
11254,15,2026-08-04T08:46:40Z
11255,15,2026-08-04T08:46:42Z
11256,17,2026-08-04T08:46:44Z
11257,17,2026-08-04T08:46:46Z
11258,21,2026-08-04T08:46:48Z
11259,22,2026-08-04T08:46:49Z
11260,22,2026-08-04T08:46:52Z
11261,21,2026-08-04T08:46:54Z
11262,19,2026-08-04T08:46:56Z
11263,16,2026-08-04T08:46:58Z
11264,16,2026-08-04T08:47:00Z
11265,19,2026-08-04T08:47:02Z
11266,18,2026-08-04T08:47:03Z
11267,17,2026-08-04T08:47:05Z
11268,16,2026-08-04T08:47:07Z
11269,16,2026-08-04T08:47:09Z
11270,13,2026-08-04T08:47:10Z
11271,14,2026-08-04T08:47:11Z
11272,17,2026-08-04T08:47:13Z
11273,15,2026-08-04T08:47:14Z
11274,16,2026-08-04T08:47:16Z
11275,15,2026-08-04T08:47:17Z
11276,16,2026-08-04T08:47:19Z
11277,17,2026-08-04T08:47:20Z
11278,15,2026-08-04T08:47:22Z
11279,16,2026-08-04T08:47:24Z
11280,16,2026-08-04T08:47:26Z
11281,16,2026-08-04T08:47:28Z
11282,16,2026-08-04T08:47:29Z
11283,17,2026-08-04T08:47:31Z
11284,17,2026-08-04T08:47:33Z
11285,19,2026-08-04T08:47:35Z
11286,18,2026-08-04T08:47:37Z
11287,17,2026-08-04T08:47:38Z
11288,14,2026-08-04T08:47:40Z
11289,16,2026-08-04T08:47:43Z
11290,14,2026-08-04T08:47:45Z
11291,14,2026-08-04T08:47:46Z
11292,16,2026-08-04T08:47:48Z
11293,13,2026-08-04T08:47:49Z
11294,13,2026-08-04T08:47:50Z
11295,13,2026-08-04T08:47:52Z
11296,14,2026-08-04T08:47:53Z
11297,13,2026-08-04T08:47:54Z
11298,14,2026-08-04T08:47:55Z
11299,16,2026-08-04T08:47:57Z
11300,14,2026-08-04T08:48:00Z
11301,15,2026-08-04T08:48:01Z
11302,15,2026-08-04T08:48:03Z
11303,16,2026-08-04T08:48:04Z
11304,16,2026-08-04T08:48:06Z
11305,16,2026-08-04T08:48:08Z
11306,17,2026-08-04T08:48:10Z
11307,15,2026-08-04T08:48:12Z
11308,16,2026-08-04T08:48:13Z
11309,16,2026-08-04T08:48:15Z
11310,16,2026-08-04T08:48:17Z
11311,16,2026-08-04T08:48:19Z
11312,17,2026-08-04T08:48:21Z
11313,18,2026-08-04T08:48:23Z
11314,18,2026-08-04T08:48:24Z
11315,21,2026-08-04T08:48:26Z
11316,17,2026-08-04T08:48:28Z
11317,18,2026-08-04T08:48:30Z
11318,19,2026-08-04T08:48:32Z
11319,19,2026-08-04T08:48:33Z
11320,20,2026-08-04T08:48:35Z
11321,19,2026-08-04T08:48:37Z
11322,19,2026-08-04T08:48:39Z
11323,17,2026-08-04T08:48:41Z
11324,18,2026-08-04T08:48:42Z
11325,21,2026-08-04T08:48:44Z
11326,19,2026-08-04T08:48:46Z
11327,21,2026-08-04T08:48:49Z
11328,21,2026-08-04T08:48:51Z
11329,22,2026-08-04T08:48:53Z
11330,22,2026-08-04T08:48:55Z
11331,20,2026-08-04T08:48:57Z
11332,19,2026-08-04T08:48:59Z
11333,18,2026-08-04T08:49:01Z
11334,18,2026-08-04T08:49:03Z
11335,17,2026-08-04T08:49:04Z
11336,17,2026-08-04T08:49:06Z
11337,18,2026-08-04T08:49:08Z
11338,19,2026-08-04T08:49:09Z
11339,17,2026-08-04T08:49:11Z
11340,19,2026-08-04T08:49:13Z
11341,21,2026-08-04T08:49:14Z
11342,19,2026-08-04T08:49:16Z
11343,18,2026-08-04T08:49:18Z
11344,20,2026-08-04T08:49:20Z
11345,18,2026-08-04T08:49:24Z
11346,21,2026-08-04T08:49:25Z
11347,22,2026-08-04T08:49:27Z
11348,21,2026-08-04T08:49:29Z
11349,22,2026-08-04T08:49:31Z
11350,26,2026-08-04T08:49:33Z
11351,26,2026-08-04T08:49:35Z
11352,22,2026-08-04T08:49:37Z
11353,23,2026-08-04T08:49:39Z
11354,21,2026-08-04T08:49:41Z
11355,18,2026-08-04T08:49:42Z
11356,16,2026-08-04T08:49:44Z
11357,16,2026-08-04T08:49:46Z
11358,17,2026-08-04T08:49:48Z
11359,16,2026-08-04T08:49:50Z
11360,15,2026-08-04T08:49:52Z
11361,14,2026-08-04T08:49:54Z
11362,15,2026-08-04T08:49:55Z
11363,17,2026-08-04T08:49:57Z
11364,20,2026-08-04T08:49:59Z
11365,17,2026-08-04T08:50:01Z
11366,15,2026-08-04T08:50:02Z
11367,16,2026-08-04T08:50:04Z
11368,16,2026-08-04T08:50:05Z
11369,17,2026-08-04T08:50:07Z
11370,17,2026-08-04T08:50:08Z
11371,21,2026-08-04T08:50:10Z
11372,17,2026-08-04T08:50:12Z
11373,16,2026-08-04T08:50:14Z
11374,15,2026-08-04T08:50:16Z
11375,15,2026-08-04T08:50:18Z
11376,16,2026-08-04T08:50:19Z
11377,17,2026-08-04T08:50:21Z
11378,16,2026-08-04T08:50:22Z
11379,15,2026-08-04T08:50:23Z
11380,17,2026-08-04T08:50:24Z
11381,15,2026-08-04T08:50:26Z
11382,15,2026-08-04T08:50:28Z
11383,15,2026-08-04T08:50:29Z
11384,14,2026-08-04T08:50:31Z
11385,14,2026-08-04T08:50:33Z
11386,17,2026-08-04T08:50:35Z
11387,15,2026-08-04T08:50:36Z
11388,14,2026-08-04T08:50:38Z
11389,17,2026-08-04T08:50:39Z
11390,16,2026-08-04T08:50:41Z
11391,17,2026-08-04T08:50:42Z
11392,17,2026-08-04T08:50:44Z
11393,15,2026-08-04T08:50:45Z
11394,15,2026-08-04T08:50:47Z
11395,16,2026-08-04T08:50:51Z
11396,15,2026-08-04T08:50:52Z
11397,17,2026-08-04T08:50:54Z
11398,16,2026-08-04T08:50:56Z
11399,19,2026-08-04T08:50:58Z
11400,20,2026-08-04T08:51:00Z
11401,22,2026-08-04T08:51:02Z
11402,20,2026-08-04T08:51:03Z
11403,17,2026-08-04T08:51:05Z
11404,19,2026-08-04T08:51:07Z
11405,20,2026-08-04T08:51:09Z
11406,17,2026-08-04T08:51:11Z
11407,16,2026-08-04T08:51:13Z
11408,17,2026-08-04T08:51:15Z
11409,16,2026-08-04T08:51:16Z
11410,15,2026-08-04T08:51:18Z
11411,15,2026-08-04T08:51:20Z
11412,17,2026-08-04T08:51:22Z
11413,20,2026-08-04T08:51:24Z
11414,16,2026-08-04T08:51:25Z
11415,16,2026-08-04T08:51:27Z
11416,16,2026-08-04T08:51:28Z
11417,20,2026-08-04T08:51:30Z
11418,15,2026-08-04T08:51:31Z
11419,13,2026-08-04T08:51:33Z
11420,15,2026-08-04T08:51:34Z
11421,12,2026-08-04T08:51:36Z
11422,12,2026-08-04T08:51:37Z
11423,12,2026-08-04T08:51:38Z
11424,12,2026-08-04T08:51:40Z
11425,13,2026-08-04T08:51:42Z
11426,13,2026-08-04T08:51:43Z
11427,12,2026-08-04T08:51:45Z
11428,13,2026-08-04T08:51:46Z
11429,13,2026-08-04T08:51:47Z
11430,12,2026-08-04T08:51:48Z
11431,12,2026-08-04T08:51:51Z
11432,12,2026-08-04T08:51:52Z
11433,12,2026-08-04T08:51:54Z
11434,12,2026-08-04T08:51:55Z
11435,12,2026-08-04T08:51:57Z
11436,14,2026-08-04T08:51:58Z
11437,15,2026-08-04T08:52:00Z
11438,14,2026-08-04T08:52:01Z
11439,13,2026-08-04T08:52:03Z
11440,15,2026-08-04T08:52:04Z
11441,17,2026-08-04T08:52:06Z
11442,14,2026-08-04T08:52:07Z
11443,16,2026-08-04T08:52:09Z
11444,16,2026-08-04T08:52:11Z
11445,16,2026-08-04T08:52:14Z
11446,16,2026-08-04T08:52:14Z
11447,14,2026-08-04T08:52:16Z
11448,17,2026-08-04T08:52:18Z
11449,20,2026-08-04T08:52:20Z
11450,20,2026-08-04T08:52:22Z
11451,20,2026-08-04T08:52:24Z
11452,20,2026-08-04T08:52:26Z
11453,17,2026-08-04T08:52:28Z
11454,18,2026-08-04T08:52:30Z
11455,16,2026-08-04T08:52:31Z
11456,14,2026-08-04T08:52:33Z
11457,15,2026-08-04T08:52:35Z
11458,17,2026-08-04T08:52:37Z
11459,16,2026-08-04T08:52:39Z
11460,18,2026-08-04T08:52:40Z
11461,18,2026-08-04T08:52:42Z
11462,17,2026-08-04T08:52:44Z
11463,17,2026-08-04T08:52:45Z
11464,16,2026-08-04T08:52:49Z
11465,17,2026-08-04T08:52:50Z
11466,18,2026-08-04T08:52:52Z
11467,19,2026-08-04T08:52:54Z
11468,17,2026-08-04T08:52:55Z
11469,16,2026-08-04T08:52:57Z
11470,17,2026-08-04T08:52:59Z
11471,18,2026-08-04T08:53:00Z
11472,17,2026-08-04T08:53:02Z
11473,17,2026-08-04T08:53:04Z
11474,17,2026-08-04T08:53:06Z
11475,18,2026-08-04T08:53:09Z
11476,21,2026-08-04T08:53:10Z
11477,19,2026-08-04T08:53:12Z
11478,18,2026-08-04T08:53:14Z
11479,20,2026-08-04T08:53:17Z
11480,21,2026-08-04T08:53:19Z
11481,19,2026-08-04T08:53:21Z
11482,18,2026-08-04T08:53:23Z
11483,16,2026-08-04T08:53:24Z
11484,17,2026-08-04T08:53:26Z
11485,17,2026-08-04T08:53:28Z
11486,14,2026-08-04T08:53:29Z
11487,16,2026-08-04T08:53:31Z
11488,15,2026-08-04T08:53:32Z
11489,14,2026-08-04T08:53:33Z
11490,17,2026-08-04T08:53:35Z
11491,17,2026-08-04T08:53:37Z
11492,15,2026-08-04T08:53:39Z
11493,14,2026-08-04T08:53:41Z
11494,14,2026-08-04T08:53:42Z
11495,16,2026-08-04T08:53:43Z
11496,13,2026-08-04T08:53:45Z
11497,14,2026-08-04T08:53:46Z
11498,15,2026-08-04T08:53:48Z
11499,12,2026-08-04T08:53:49Z
11500,12,2026-08-04T08:53:51Z
11501,13,2026-08-04T08:53:52Z
11502,15,2026-08-04T08:53:53Z
11503,14,2026-08-04T08:53:55Z
11504,12,2026-08-04T08:53:56Z
11505,12,2026-08-04T08:53:58Z
11506,13,2026-08-04T08:53:59Z
11507,13,2026-08-04T08:54:01Z
11508,13,2026-08-04T08:54:02Z
11509,13,2026-08-04T08:54:04Z
11510,14,2026-08-04T08:54:05Z
11511,14,2026-08-04T08:54:07Z
11512,13,2026-08-04T08:54:08Z
11513,14,2026-08-04T08:54:10Z
11514,14,2026-08-04T08:54:11Z
11515,13,2026-08-04T08:54:13Z
11516,13,2026-08-04T08:54:14Z
11517,13,2026-08-04T08:54:16Z
11518,15,2026-08-04T08:54:17Z
11519,16,2026-08-04T08:54:19Z
11520,15,2026-08-04T08:54:20Z
11521,15,2026-08-04T08:54:22Z
11522,15,2026-08-04T08:54:24Z
11523,15,2026-08-04T08:54:26Z
11524,15,2026-08-04T08:54:28Z
11525,16,2026-08-04T08:54:30Z
11526,18,2026-08-04T08:54:32Z
11527,18,2026-08-04T08:54:34Z
11528,19,2026-08-04T08:54:36Z
11529,18,2026-08-04T08:54:38Z
11530,24,2026-08-04T08:54:40Z
11531,22,2026-08-04T08:54:42Z
11532,20,2026-08-04T08:54:44Z
11533,19,2026-08-04T08:54:46Z
11534,17,2026-08-04T08:54:48Z
11535,15,2026-08-04T08:54:50Z
11536,14,2026-08-04T08:54:51Z
11537,17,2026-08-04T08:54:53Z
11538,15,2026-08-04T08:54:54Z
11539,17,2026-08-04T08:54:56Z
11540,16,2026-08-04T08:54:58Z
11541,15,2026-08-04T08:54:59Z
11542,14,2026-08-04T08:55:01Z
11543,14,2026-08-04T08:55:02Z
11544,14,2026-08-04T08:55:04Z
11545,14,2026-08-04T08:55:06Z
11546,16,2026-08-04T08:55:08Z
11547,16,2026-08-04T08:55:10Z
11548,18,2026-08-04T08:55:12Z
11549,18,2026-08-04T08:55:13Z
11550,14,2026-08-04T08:55:15Z
11551,16,2026-08-04T08:55:17Z
11552,14,2026-08-04T08:55:18Z
11553,14,2026-08-04T08:55:20Z
11554,14,2026-08-04T08:55:22Z
11555,14,2026-08-04T08:55:23Z
11556,13,2026-08-04T08:55:25Z
11557,14,2026-08-04T08:55:27Z
11558,12,2026-08-04T08:55:28Z
11559,12,2026-08-04T08:55:29Z
11560,16,2026-08-04T08:55:31Z
11561,17,2026-08-04T08:55:32Z
11562,13,2026-08-04T08:55:34Z
11563,16,2026-08-04T08:55:36Z
11564,17,2026-08-04T08:55:38Z
11565,15,2026-08-04T08:55:40Z
11566,14,2026-08-04T08:55:42Z
11567,14,2026-08-04T08:55:44Z
11568,14,2026-08-04T08:55:45Z
11569,16,2026-08-04T08:55:47Z
11570,16,2026-08-04T08:55:48Z
11571,15,2026-08-04T08:55:50Z
11572,18,2026-08-04T08:55:52Z
11573,15,2026-08-04T08:55:54Z
11574,16,2026-08-04T08:55:56Z
11575,16,2026-08-04T08:55:57Z
11576,17,2026-08-04T08:55:59Z
11577,16,2026-08-04T08:56:01Z
11578,13,2026-08-04T08:56:03Z
11579,13,2026-08-04T08:56:05Z
11580,13,2026-08-04T08:56:06Z
11581,13,2026-08-04T08:56:07Z
11582,14,2026-08-04T08:56:08Z
11583,13,2026-08-04T08:56:10Z
11584,13,2026-08-04T08:56:11Z
11585,16,2026-08-04T08:56:13Z
11586,17,2026-08-04T08:56:15Z
11587,18,2026-08-04T08:56:17Z
11588,19,2026-08-04T08:56:19Z
11589,16,2026-08-04T08:56:21Z
11590,15,2026-08-04T08:56:23Z
11591,15,2026-08-04T08:56:25Z
11592,16,2026-08-04T08:56:27Z
11593,14,2026-08-04T08:56:29Z
11594,14,2026-08-04T08:56:30Z
11595,15,2026-08-04T08:56:32Z
11596,17,2026-08-04T08:56:34Z
11597,17,2026-08-04T08:56:36Z
11598,19,2026-08-04T08:56:38Z
11599,15,2026-08-04T08:56:40Z
11600,17,2026-08-04T08:56:42Z
11601,18,2026-08-04T08:56:44Z
11602,21,2026-08-04T08:56:46Z
11603,18,2026-08-04T08:56:48Z
11604,19,2026-08-04T08:56:50Z
11605,18,2026-08-04T08:56:51Z
11606,17,2026-08-04T08:56:53Z
11607,15,2026-08-04T08:56:55Z
11608,16,2026-08-04T08:56:57Z
11609,17,2026-08-04T08:56:59Z
11610,21,2026-08-04T08:57:01Z
11611,19,2026-08-04T08:57:04Z
11612,20,2026-08-04T08:57:06Z
11613,18,2026-08-04T08:57:09Z
11614,19,2026-08-04T08:57:11Z
11615,19,2026-08-04T08:57:14Z
11616,21,2026-08-04T08:57:16Z
11617,19,2026-08-04T08:57:19Z
11618,17,2026-08-04T08:57:21Z
11619,18,2026-08-04T08:57:23Z
11620,17,2026-08-04T08:57:25Z
11621,20,2026-08-04T08:57:26Z
11622,18,2026-08-04T08:57:28Z
11623,17,2026-08-04T08:57:30Z
11624,17,2026-08-04T08:57:33Z
11625,19,2026-08-04T08:57:35Z
11626,18,2026-08-04T08:57:37Z
11627,19,2026-08-04T08:57:39Z
11628,21,2026-08-04T08:57:42Z
11629,22,2026-08-04T08:57:44Z
11630,24,2026-08-04T08:57:46Z
11631,19,2026-08-04T08:57:48Z
11632,19,2026-08-04T08:57:49Z
11633,18,2026-08-04T08:57:51Z
11634,17,2026-08-04T08:57:53Z
11635,15,2026-08-04T08:57:55Z
11636,14,2026-08-04T08:57:57Z
11637,13,2026-08-04T08:57:58Z
11638,17,2026-08-04T08:58:00Z
11639,14,2026-08-04T08:58:01Z
11640,15,2026-08-04T08:58:03Z
11641,13,2026-08-04T08:58:05Z
11642,14,2026-08-04T08:58:06Z
11643,13,2026-08-04T08:58:07Z
11644,13,2026-08-04T08:58:09Z
11645,13,2026-08-04T08:58:10Z
11646,13,2026-08-04T08:58:12Z
11647,12,2026-08-04T08:58:13Z
11648,12,2026-08-04T08:58:14Z
11649,12,2026-08-04T08:58:16Z
11650,11,2026-08-04T08:58:17Z
11651,11,2026-08-04T08:58:19Z
11652,11,2026-08-04T08:58:20Z
11653,11,2026-08-04T08:58:22Z
11654,11,2026-08-04T08:58:23Z
11655,12,2026-08-04T08:58:25Z
11656,15,2026-08-04T08:58:26Z
11657,17,2026-08-04T08:58:28Z
11658,15,2026-08-04T08:58:29Z
11659,15,2026-08-04T08:58:30Z
11660,16,2026-08-04T08:58:32Z
11661,15,2026-08-04T08:58:33Z
11662,14,2026-08-04T08:58:35Z
11663,15,2026-08-04T08:58:36Z
11664,13,2026-08-04T08:58:38Z
11665,15,2026-08-04T08:58:39Z
11666,19,2026-08-04T08:58:41Z
11667,19,2026-08-04T08:58:43Z
11668,20,2026-08-04T08:58:44Z
11669,16,2026-08-04T08:58:46Z
11670,17,2026-08-04T08:58:48Z
11671,17,2026-08-04T08:58:49Z
11672,15,2026-08-04T08:58:51Z
11673,16,2026-08-04T08:58:52Z
11674,16,2026-08-04T08:58:54Z
11675,17,2026-08-04T08:58:56Z
11676,16,2026-08-04T08:58:58Z
11677,15,2026-08-04T08:59:00Z
11678,16,2026-08-04T08:59:01Z
11679,15,2026-08-04T08:59:03Z
11680,14,2026-08-04T08:59:04Z
11681,12,2026-08-04T08:59:06Z
11682,11,2026-08-04T08:59:08Z
11683,13,2026-08-04T08:59:09Z
11684,13,2026-08-04T08:59:11Z
11685,12,2026-08-04T08:59:12Z
11686,12,2026-08-04T08:59:14Z
11687,15,2026-08-04T08:59:15Z
11688,15,2026-08-04T08:59:16Z
11689,16,2026-08-04T08:59:18Z
11690,16,2026-08-04T08:59:20Z
11691,17,2026-08-04T08:59:22Z
11692,18,2026-08-04T08:59:24Z
11693,19,2026-08-04T08:59:26Z
11694,15,2026-08-04T08:59:28Z
11695,16,2026-08-04T08:59:30Z
11696,16,2026-08-04T08:59:32Z
11697,15,2026-08-04T08:59:34Z
11698,18,2026-08-04T08:59:36Z
11699,16,2026-08-04T08:59:38Z
11700,15,2026-08-04T08:59:40Z
11701,15,2026-08-04T08:59:42Z
11702,16,2026-08-04T08:59:44Z
11703,17,2026-08-04T08:59:46Z
11704,15,2026-08-04T08:59:48Z
11705,18,2026-08-04T08:59:50Z
11706,19,2026-08-04T08:59:53Z
11707,18,2026-08-04T08:59:55Z
11708,18,2026-08-04T08:59:58Z
11709,20,2026-08-04T09:00:00Z
11710,21,2026-08-04T09:00:03Z
11711,22,2026-08-04T09:00:05Z
11712,22,2026-08-04T09:00:08Z
11713,23,2026-08-04T09:00:10Z
11714,24,2026-08-04T09:00:13Z
11715,23,2026-08-04T09:00:15Z
11716,22,2026-08-04T09:00:18Z
11717,19,2026-08-04T09:00:21Z
11718,22,2026-08-04T09:00:23Z
11719,22,2026-08-04T09:00:26Z
11720,20,2026-08-04T09:00:29Z
11721,21,2026-08-04T09:00:31Z
11722,23,2026-08-04T09:00:34Z
11723,23,2026-08-04T09:00:37Z
11724,20,2026-08-04T09:00:39Z
11725,22,2026-08-04T09:00:42Z
11726,21,2026-08-04T09:00:43Z
11727,21,2026-08-04T09:00:45Z
11728,19,2026-08-04T09:00:48Z
11729,20,2026-08-04T09:00:50Z
11730,21,2026-08-04T09:00:53Z
11731,22,2026-08-04T09:00:55Z
11732,18,2026-08-04T09:00:58Z
11733,18,2026-08-04T09:01:00Z
11734,19,2026-08-04T09:01:03Z
11735,19,2026-08-04T09:01:05Z
11736,19,2026-08-04T09:01:08Z
11737,16,2026-08-04T09:01:10Z
11738,18,2026-08-04T09:01:12Z
11739,17,2026-08-04T09:01:15Z
11740,17,2026-08-04T09:01:17Z
11741,18,2026-08-04T09:01:19Z
11742,18,2026-08-04T09:01:21Z
11743,19,2026-08-04T09:01:23Z
11744,21,2026-08-04T09:01:26Z
11745,18,2026-08-04T09:01:28Z
11746,22,2026-08-04T09:01:30Z
11747,18,2026-08-04T09:01:32Z
11748,18,2026-08-04T09:01:33Z
11749,18,2026-08-04T09:01:35Z
11750,16,2026-08-04T09:01:37Z
11751,15,2026-08-04T09:01:39Z
11752,17,2026-08-04T09:01:41Z
11753,17,2026-08-04T09:01:43Z
11754,19,2026-08-04T09:01:45Z
11755,23,2026-08-04T09:01:47Z
11756,22,2026-08-04T09:01:49Z
11757,21,2026-08-04T09:01:51Z
11758,22,2026-08-04T09:01:53Z
11759,19,2026-08-04T09:01:55Z
11760,20,2026-08-04T09:01:57Z
11761,20,2026-08-04T09:01:59Z
11762,20,2026-08-04T09:02:02Z
11763,19,2026-08-04T09:02:04Z
11764,19,2026-08-04T09:02:06Z
11765,20,2026-08-04T09:02:08Z
11766,18,2026-08-04T09:02:10Z
11767,18,2026-08-04T09:02:12Z
11768,18,2026-08-04T09:02:14Z
11769,17,2026-08-04T09:02:16Z
11770,19,2026-08-04T09:02:17Z
11771,20,2026-08-04T09:02:19Z
11772,18,2026-08-04T09:02:21Z
11773,18,2026-08-04T09:02:22Z
11774,17,2026-08-04T09:02:24Z
11775,16,2026-08-04T09:02:26Z
11776,19,2026-08-04T09:02:28Z
11777,21,2026-08-04T09:02:30Z
11778,20,2026-08-04T09:02:32Z
11779,23,2026-08-04T09:02:34Z
11780,22,2026-08-04T09:02:36Z
11781,20,2026-08-04T09:02:37Z
11782,17,2026-08-04T09:02:40Z
11783,18,2026-08-04T09:02:42Z
11784,18,2026-08-04T09:02:44Z
11785,19,2026-08-04T09:02:46Z
11786,19,2026-08-04T09:02:48Z
11787,19,2026-08-04T09:02:50Z
11788,19,2026-08-04T09:02:52Z
11789,19,2026-08-04T09:02:53Z
11790,15,2026-08-04T09:02:55Z
11791,16,2026-08-04T09:02:57Z
11792,17,2026-08-04T09:02:58Z
11793,14,2026-08-04T09:03:00Z
11794,13,2026-08-04T09:03:02Z
11795,15,2026-08-04T09:03:03Z
11796,17,2026-08-04T09:03:05Z
11797,14,2026-08-04T09:03:07Z
11798,12,2026-08-04T09:03:08Z
11799,12,2026-08-04T09:03:10Z
11800,12,2026-08-04T09:03:14Z
11801,14,2026-08-04T09:03:15Z
11802,14,2026-08-04T09:03:17Z
11803,14,2026-08-04T09:03:19Z
11804,16,2026-08-04T09:03:21Z
11805,16,2026-08-04T09:03:23Z
11806,16,2026-08-04T09:03:24Z
11807,14,2026-08-04T09:03:26Z
11808,15,2026-08-04T09:03:28Z
11809,15,2026-08-04T09:03:30Z
11810,19,2026-08-04T09:03:31Z
11811,18,2026-08-04T09:03:33Z
11812,18,2026-08-04T09:03:35Z
11813,18,2026-08-04T09:03:37Z
11814,20,2026-08-04T09:03:39Z
11815,19,2026-08-04T09:03:41Z
11816,21,2026-08-04T09:03:43Z
11817,21,2026-08-04T09:03:45Z
11818,22,2026-08-04T09:03:46Z
11819,24,2026-08-04T09:03:49Z
11820,24,2026-08-04T09:03:51Z
11821,26,2026-08-04T09:03:53Z
11822,26,2026-08-04T09:03:56Z
11823,25,2026-08-04T09:03:58Z
11824,24,2026-08-04T09:04:00Z
11825,22,2026-08-04T09:04:03Z
11826,19,2026-08-04T09:04:05Z
11827,19,2026-08-04T09:04:07Z
11828,18,2026-08-04T09:04:09Z
11829,17,2026-08-04T09:04:12Z
11830,15,2026-08-04T09:04:14Z
11831,16,2026-08-04T09:04:16Z
11832,17,2026-08-04T09:04:18Z
11833,16,2026-08-04T09:04:19Z
11834,17,2026-08-04T09:04:21Z
11835,15,2026-08-04T09:04:23Z
11836,14,2026-08-04T09:04:24Z
11837,14,2026-08-04T09:04:26Z
11838,15,2026-08-04T09:04:28Z
11839,16,2026-08-04T09:04:29Z
11840,14,2026-08-04T09:04:31Z
11841,13,2026-08-04T09:04:33Z
11842,12,2026-08-04T09:04:34Z
11843,12,2026-08-04T09:04:36Z
11844,14,2026-08-04T09:04:38Z
11845,16,2026-08-04T09:04:40Z
11846,14,2026-08-04T09:04:41Z
11847,14,2026-08-04T09:04:43Z
11848,15,2026-08-04T09:04:45Z
11849,13,2026-08-04T09:04:46Z
11850,13,2026-08-04T09:04:48Z
11851,14,2026-08-04T09:04:50Z
11852,13,2026-08-04T09:04:52Z
11853,14,2026-08-04T09:04:53Z
11854,16,2026-08-04T09:04:55Z
11855,18,2026-08-04T09:04:57Z
11856,18,2026-08-04T09:04:59Z
11857,18,2026-08-04T09:05:00Z
11858,15,2026-08-04T09:05:02Z
11859,15,2026-08-04T09:05:04Z
11860,14,2026-08-04T09:05:06Z
11861,13,2026-08-04T09:05:07Z
11862,13,2026-08-04T09:05:09Z
11863,14,2026-08-04T09:05:12Z
11864,14,2026-08-04T09:05:14Z
11865,15,2026-08-04T09:05:16Z
11866,16,2026-08-04T09:05:18Z
11867,16,2026-08-04T09:05:20Z
11868,16,2026-08-04T09:05:22Z
11869,17,2026-08-04T09:05:24Z
11870,21,2026-08-04T09:05:26Z
11871,22,2026-08-04T09:05:28Z
11872,22,2026-08-04T09:05:31Z
11873,23,2026-08-04T09:05:33Z
11874,20,2026-08-04T09:05:36Z
11875,23,2026-08-04T09:05:39Z
11876,24,2026-08-04T09:05:42Z
11877,27,2026-08-04T09:05:44Z
11878,25,2026-08-04T09:05:47Z
11879,27,2026-08-04T09:05:49Z
11880,29,2026-08-04T09:05:52Z
11881,28,2026-08-04T09:05:56Z
11882,28,2026-08-04T09:06:00Z
11883,28,2026-08-04T09:06:03Z
11884,29,2026-08-04T09:06:07Z
11885,28,2026-08-04T09:06:08Z
11886,26,2026-08-04T09:06:11Z
11887,26,2026-08-04T09:06:14Z
11888,28,2026-08-04T09:06:17Z
11889,26,2026-08-04T09:06:19Z
11890,27,2026-08-04T09:06:22Z
11891,29,2026-08-04T09:06:25Z
11892,31,2026-08-04T09:06:27Z
11893,31,2026-08-04T09:06:30Z
11894,30,2026-08-04T09:06:33Z
11895,30,2026-08-04T09:06:36Z
11896,26,2026-08-04T09:06:40Z
11897,26,2026-08-04T09:06:42Z
11898,27,2026-08-04T09:06:44Z
11899,31,2026-08-04T09:06:48Z
11900,26,2026-08-04T09:06:50Z
11901,25,2026-08-04T09:06:52Z
11902,25,2026-08-04T09:06:54Z
11903,21,2026-08-04T09:06:56Z
11904,22,2026-08-04T09:06:58Z
11905,18,2026-08-04T09:07:00Z
11906,19,2026-08-04T09:07:02Z
11907,19,2026-08-04T09:07:04Z
11908,23,2026-08-04T09:07:05Z
11909,19,2026-08-04T09:07:07Z
11910,21,2026-08-04T09:07:09Z
11911,19,2026-08-04T09:07:11Z
11912,18,2026-08-04T09:07:12Z
11913,18,2026-08-04T09:07:14Z
11914,17,2026-08-04T09:07:16Z
11915,15,2026-08-04T09:07:17Z
11916,16,2026-08-04T09:07:19Z
11917,18,2026-08-04T09:07:20Z
11918,17,2026-08-04T09:07:22Z
11919,17,2026-08-04T09:07:24Z
11920,16,2026-08-04T09:07:25Z
11921,17,2026-08-04T09:07:27Z
11922,22,2026-08-04T09:07:29Z
11923,22,2026-08-04T09:07:30Z
11924,21,2026-08-04T09:07:32Z
11925,22,2026-08-04T09:07:34Z
11926,22,2026-08-04T09:07:36Z
11927,22,2026-08-04T09:07:38Z
11928,20,2026-08-04T09:07:40Z
11929,20,2026-08-04T09:07:42Z
11930,19,2026-08-04T09:07:44Z
11931,18,2026-08-04T09:07:46Z
11932,20,2026-08-04T09:07:47Z
11933,18,2026-08-04T09:07:49Z
11934,18,2026-08-04T09:07:51Z
11935,20,2026-08-04T09:07:52Z
11936,20,2026-08-04T09:07:54Z
11937,16,2026-08-04T09:07:56Z
11938,16,2026-08-04T09:07:57Z
11939,17,2026-08-04T09:07:59Z
11940,18,2026-08-04T09:08:01Z
11941,16,2026-08-04T09:08:02Z
11942,16,2026-08-04T09:08:04Z
11943,18,2026-08-04T09:08:05Z
11944,19,2026-08-04T09:08:07Z
11945,19,2026-08-04T09:08:09Z
11946,16,2026-08-04T09:08:11Z
11947,18,2026-08-04T09:08:13Z
11948,20,2026-08-04T09:08:15Z
11949,19,2026-08-04T09:08:18Z
11950,20,2026-08-04T09:08:20Z
11951,20,2026-08-04T09:08:21Z
11952,20,2026-08-04T09:08:24Z
11953,20,2026-08-04T09:08:24Z
11954,22,2026-08-04T09:08:26Z
11955,22,2026-08-04T09:08:28Z
11956,21,2026-08-04T09:08:30Z
11957,21,2026-08-04T09:08:32Z
11958,18,2026-08-04T09:08:34Z
11959,17,2026-08-04T09:08:36Z
11960,15,2026-08-04T09:08:38Z
11961,18,2026-08-04T09:08:41Z
11962,17,2026-08-04T09:08:43Z
11963,18,2026-08-04T09:08:45Z
11964,17,2026-08-04T09:08:47Z
11965,20,2026-08-04T09:08:49Z
11966,20,2026-08-04T09:08:52Z
11967,20,2026-08-04T09:08:54Z
11968,21,2026-08-04T09:08:56Z
11969,23,2026-08-04T09:08:58Z
11970,23,2026-08-04T09:09:00Z
11971,23,2026-08-04T09:09:03Z
11972,22,2026-08-04T09:09:04Z
11973,20,2026-08-04T09:09:06Z
11974,16,2026-08-04T09:09:07Z
11975,21,2026-08-04T09:09:10Z
11976,21,2026-08-04T09:09:13Z
11977,23,2026-08-04T09:09:15Z
11978,23,2026-08-04T09:09:18Z
11979,24,2026-08-04T09:09:21Z
11980,25,2026-08-04T09:09:24Z
11981,23,2026-08-04T09:09:27Z
11982,24,2026-08-04T09:09:30Z
11983,24,2026-08-04T09:09:32Z
11984,25,2026-08-04T09:09:35Z
11985,23,2026-08-04T09:09:38Z
11986,24,2026-08-04T09:09:42Z
11987,24,2026-08-04T09:09:44Z
11988,21,2026-08-04T09:09:46Z
11989,21,2026-08-04T09:09:49Z
11990,22,2026-08-04T09:09:51Z
11991,24,2026-08-04T09:09:54Z
11992,25,2026-08-04T09:09:56Z
11993,23,2026-08-04T09:09:58Z
11994,21,2026-08-04T09:10:01Z
11995,22,2026-08-04T09:10:03Z
11996,22,2026-08-04T09:10:06Z
11997,24,2026-08-04T09:10:08Z
11998,25,2026-08-04T09:10:11Z
11999,24,2026-08-04T09:10:13Z
12000,21,2026-08-04T09:10:16Z
12001,22,2026-08-04T09:10:18Z
12002,22,2026-08-04T09:10:21Z
12003,24,2026-08-04T09:10:23Z
12004,25,2026-08-04T09:10:26Z
12005,25,2026-08-04T09:10:29Z
12006,26,2026-08-04T09:10:32Z
12007,27,2026-08-04T09:10:35Z
12008,25,2026-08-04T09:10:38Z
12009,25,2026-08-04T09:10:42Z
12010,26,2026-08-04T09:10:45Z
12011,28,2026-08-04T09:10:45Z
12012,24,2026-08-04T09:10:49Z
12013,23,2026-08-04T09:10:51Z
12014,25,2026-08-04T09:10:54Z
12015,26,2026-08-04T09:10:56Z
12016,24,2026-08-04T09:10:59Z
12017,24,2026-08-04T09:11:02Z
12018,24,2026-08-04T09:11:04Z
12019,29,2026-08-04T09:11:06Z
12020,30,2026-08-04T09:11:08Z
12021,24,2026-08-04T09:11:10Z
12022,22,2026-08-04T09:11:12Z
12023,24,2026-08-04T09:11:14Z
12024,26,2026-08-04T09:11:16Z
12025,21,2026-08-04T09:11:18Z
12026,22,2026-08-04T09:11:20Z
12027,22,2026-08-04T09:11:22Z
12028,24,2026-08-04T09:11:23Z
12029,25,2026-08-04T09:11:25Z
12030,21,2026-08-04T09:11:27Z
12031,22,2026-08-04T09:11:30Z
12032,23,2026-08-04T09:11:32Z
12033,26,2026-08-04T09:11:34Z
12034,24,2026-08-04T09:11:37Z
12035,24,2026-08-04T09:11:38Z
12036,24,2026-08-04T09:11:40Z
12037,24,2026-08-04T09:11:42Z
12038,25,2026-08-04T09:11:46Z
12039,20,2026-08-04T09:11:48Z
12040,23,2026-08-04T09:11:50Z
12041,21,2026-08-04T09:11:51Z
12042,25,2026-08-04T09:11:53Z
12043,22,2026-08-04T09:11:55Z
12044,22,2026-08-04T09:11:57Z
12045,22,2026-08-04T09:12:00Z
12046,20,2026-08-04T09:12:02Z
12047,22,2026-08-04T09:12:04Z
12048,21,2026-08-04T09:12:06Z
12049,20,2026-08-04T09:12:08Z
12050,20,2026-08-04T09:12:10Z
12051,23,2026-08-04T09:12:12Z
12052,21,2026-08-04T09:12:14Z
12053,20,2026-08-04T09:12:16Z
12054,19,2026-08-04T09:12:18Z
12055,20,2026-08-04T09:12:19Z
12056,23,2026-08-04T09:12:21Z
12057,20,2026-08-04T09:12:23Z
12058,19,2026-08-04T09:12:24Z
12059,20,2026-08-04T09:12:26Z
12060,21,2026-08-04T09:12:28Z
12061,19,2026-08-04T09:12:29Z
12062,20,2026-08-04T09:12:31Z
12063,18,2026-08-04T09:12:33Z
12064,19,2026-08-04T09:12:34Z
12065,18,2026-08-04T09:12:36Z
12066,20,2026-08-04T09:12:38Z
12067,21,2026-08-04T09:12:39Z
12068,20,2026-08-04T09:12:41Z
12069,21,2026-08-04T09:12:43Z
12070,20,2026-08-04T09:12:44Z
12071,21,2026-08-04T09:12:46Z
12072,22,2026-08-04T09:12:48Z
12073,22,2026-08-04T09:12:50Z
12074,24,2026-08-04T09:12:53Z
12075,18,2026-08-04T09:12:53Z
12076,21,2026-08-04T09:12:55Z
12077,21,2026-08-04T09:12:58Z
12078,21,2026-08-04T09:13:00Z
12079,19,2026-08-04T09:13:02Z
12080,20,2026-08-04T09:13:04Z
12081,19,2026-08-04T09:13:06Z
12082,19,2026-08-04T09:13:08Z
12083,20,2026-08-04T09:13:09Z
12084,21,2026-08-04T09:13:11Z
12085,22,2026-08-04T09:13:13Z
12086,23,2026-08-04T09:13:15Z
12087,19,2026-08-04T09:13:17Z
12088,18,2026-08-04T09:13:19Z
12089,21,2026-08-04T09:13:21Z
12090,19,2026-08-04T09:13:22Z
12091,20,2026-08-04T09:13:24Z
12092,20,2026-08-04T09:13:26Z
12093,23,2026-08-04T09:13:28Z
12094,23,2026-08-04T09:13:30Z
12095,25,2026-08-04T09:13:32Z
12096,22,2026-08-04T09:13:33Z
12097,24,2026-08-04T09:13:35Z
12098,26,2026-08-04T09:13:37Z
12099,24,2026-08-04T09:13:39Z
12100,21,2026-08-04T09:13:41Z
12101,18,2026-08-04T09:13:44Z
12102,18,2026-08-04T09:13:46Z
12103,16,2026-08-04T09:13:48Z
12104,18,2026-08-04T09:13:51Z
12105,18,2026-08-04T09:13:51Z
12106,17,2026-08-04T09:13:53Z
12107,17,2026-08-04T09:13:55Z
12108,19,2026-08-04T09:13:57Z
12109,17,2026-08-04T09:13:59Z
12110,19,2026-08-04T09:14:00Z
12111,19,2026-08-04T09:14:02Z
12112,18,2026-08-04T09:14:04Z
12113,18,2026-08-04T09:14:06Z
12114,20,2026-08-04T09:14:07Z
12115,23,2026-08-04T09:14:09Z
12116,22,2026-08-04T09:14:12Z
12117,19,2026-08-04T09:14:14Z
12118,20,2026-08-04T09:14:17Z
12119,20,2026-08-04T09:14:19Z
12120,24,2026-08-04T09:14:22Z
12121,24,2026-08-04T09:14:24Z
12122,22,2026-08-04T09:14:27Z
12123,21,2026-08-04T09:14:29Z
12124,20,2026-08-04T09:14:32Z
12125,22,2026-08-04T09:14:34Z
12126,22,2026-08-04T09:14:36Z
12127,24,2026-08-04T09:14:39Z
12128,22,2026-08-04T09:14:42Z
12129,23,2026-08-04T09:14:44Z
12130,26,2026-08-04T09:14:47Z
12131,25,2026-08-04T09:14:50Z
12132,26,2026-08-04T09:14:54Z
12133,26,2026-08-04T09:14:56Z
12134,25,2026-08-04T09:14:59Z
12135,26,2026-08-04T09:15:02Z
12136,25,2026-08-04T09:15:04Z
12137,27,2026-08-04T09:15:07Z
12138,28,2026-08-04T09:15:10Z
12139,27,2026-08-04T09:15:13Z
12140,26,2026-08-04T09:15:15Z
12141,26,2026-08-04T09:15:18Z
12142,28,2026-08-04T09:15:21Z
12143,30,2026-08-04T09:15:23Z
12144,26,2026-08-04T09:15:26Z
12145,26,2026-08-04T09:15:29Z
12146,27,2026-08-04T09:15:31Z
12147,29,2026-08-04T09:15:34Z
12148,29,2026-08-04T09:15:36Z
12149,31,2026-08-04T09:15:39Z
12150,31,2026-08-04T09:15:41Z
12151,33,2026-08-04T09:15:43Z
12152,30,2026-08-04T09:15:45Z
12153,30,2026-08-04T09:15:48Z
12154,30,2026-08-04T09:15:50Z
12155,28,2026-08-04T09:15:53Z
12156,28,2026-08-04T09:15:55Z
12157,23,2026-08-04T09:15:57Z
12158,20,2026-08-04T09:15:59Z
12159,21,2026-08-04T09:16:02Z
12160,22,2026-08-04T09:16:04Z
12161,24,2026-08-04T09:16:06Z
12162,23,2026-08-04T09:16:08Z
12163,21,2026-08-04T09:16:10Z
12164,20,2026-08-04T09:16:13Z
12165,21,2026-08-04T09:16:15Z
12166,20,2026-08-04T09:16:17Z
12167,21,2026-08-04T09:16:19Z
12168,23,2026-08-04T09:16:21Z
12169,23,2026-08-04T09:16:23Z
12170,18,2026-08-04T09:16:25Z
12171,18,2026-08-04T09:16:27Z
12172,19,2026-08-04T09:16:29Z
12173,15,2026-08-04T09:16:30Z
12174,15,2026-08-04T09:16:31Z
12175,14,2026-08-04T09:16:33Z
12176,19,2026-08-04T09:16:35Z
12177,21,2026-08-04T09:16:37Z
12178,19,2026-08-04T09:16:39Z
12179,19,2026-08-04T09:16:41Z
12180,21,2026-08-04T09:16:43Z
12181,22,2026-08-04T09:16:45Z
12182,21,2026-08-04T09:16:47Z
12183,18,2026-08-04T09:16:49Z
12184,17,2026-08-04T09:16:50Z
12185,18,2026-08-04T09:16:52Z
12186,20,2026-08-04T09:16:54Z
12187,20,2026-08-04T09:16:56Z
12188,15,2026-08-04T09:16:58Z
12189,15,2026-08-04T09:17:00Z
12190,13,2026-08-04T09:17:01Z
12191,14,2026-08-04T09:17:03Z
12192,13,2026-08-04T09:17:04Z
12193,13,2026-08-04T09:17:06Z
12194,14,2026-08-04T09:17:07Z
12195,15,2026-08-04T09:17:09Z
12196,15,2026-08-04T09:17:10Z
12197,13,2026-08-04T09:17:11Z
12198,18,2026-08-04T09:17:13Z
12199,13,2026-08-04T09:17:14Z
12200,15,2026-08-04T09:17:16Z
12201,15,2026-08-04T09:17:18Z
12202,17,2026-08-04T09:17:19Z
12203,14,2026-08-04T09:17:21Z
12204,12,2026-08-04T09:17:23Z
12205,12,2026-08-04T09:17:24Z
12206,12,2026-08-04T09:17:25Z
12207,13,2026-08-04T09:17:27Z
12208,14,2026-08-04T09:17:28Z
12209,15,2026-08-04T09:17:29Z
12210,14,2026-08-04T09:17:31Z
12211,15,2026-08-04T09:17:33Z
12212,15,2026-08-04T09:17:35Z
12213,17,2026-08-04T09:17:37Z
12214,18,2026-08-04T09:17:38Z
12215,13,2026-08-04T09:17:40Z
12216,13,2026-08-04T09:17:41Z
12217,16,2026-08-04T09:17:43Z
12218,17,2026-08-04T09:17:44Z
12219,12,2026-08-04T09:17:45Z
12220,13,2026-08-04T09:17:47Z
12221,12,2026-08-04T09:17:48Z
12222,12,2026-08-04T09:17:50Z
12223,14,2026-08-04T09:17:52Z
12224,15,2026-08-04T09:17:53Z
12225,15,2026-08-04T09:17:55Z
12226,17,2026-08-04T09:17:57Z
12227,15,2026-08-04T09:17:58Z
12228,17,2026-08-04T09:18:00Z
12229,16,2026-08-04T09:18:02Z
12230,17,2026-08-04T09:18:04Z
12231,15,2026-08-04T09:18:05Z
12232,14,2026-08-04T09:18:07Z
12233,14,2026-08-04T09:18:08Z
12234,14,2026-08-04T09:18:10Z
12235,13,2026-08-04T09:18:12Z
12236,14,2026-08-04T09:18:14Z
12237,15,2026-08-04T09:18:16Z
12238,17,2026-08-04T09:18:18Z
12239,16,2026-08-04T09:18:19Z
12240,17,2026-08-04T09:18:21Z
12241,17,2026-08-04T09:18:23Z
12242,16,2026-08-04T09:18:25Z
12243,18,2026-08-04T09:18:27Z
12244,18,2026-08-04T09:18:29Z
12245,19,2026-08-04T09:18:31Z
12246,20,2026-08-04T09:18:32Z
12247,20,2026-08-04T09:18:34Z
12248,19,2026-08-04T09:18:36Z
12249,17,2026-08-04T09:18:38Z
12250,16,2026-08-04T09:18:40Z
12251,16,2026-08-04T09:18:42Z
12252,16,2026-08-04T09:18:44Z
12253,16,2026-08-04T09:18:46Z
12254,19,2026-08-04T09:18:48Z
12255,18,2026-08-04T09:18:51Z
12256,20,2026-08-04T09:18:53Z
12257,19,2026-08-04T09:18:54Z
12258,21,2026-08-04T09:18:56Z
12259,20,2026-08-04T09:18:59Z
12260,21,2026-08-04T09:19:01Z
12261,20,2026-08-04T09:19:03Z
12262,21,2026-08-04T09:19:05Z
12263,23,2026-08-04T09:19:09Z
12264,21,2026-08-04T09:19:11Z
12265,23,2026-08-04T09:19:14Z
12266,23,2026-08-04T09:19:17Z
12267,24,2026-08-04T09:19:20Z
12268,24,2026-08-04T09:19:23Z
12269,24,2026-08-04T09:19:25Z
12270,25,2026-08-04T09:19:28Z
12271,27,2026-08-04T09:19:31Z
12272,29,2026-08-04T09:19:34Z
12273,31,2026-08-04T09:19:37Z
12274,29,2026-08-04T09:19:40Z
12275,28,2026-08-04T09:19:43Z
12276,30,2026-08-04T09:19:46Z
12277,28,2026-08-04T09:19:49Z
12278,29,2026-08-04T09:19:52Z
12279,30,2026-08-04T09:19:55Z
12280,28,2026-08-04T09:19:58Z
12281,29,2026-08-04T09:20:01Z
12282,29,2026-08-04T09:20:04Z
12283,32,2026-08-04T09:20:07Z
12284,29,2026-08-04T09:20:10Z
12285,33,2026-08-04T09:20:14Z
12286,28,2026-08-04T09:20:17Z
12287,28,2026-08-04T09:20:20Z
12288,28,2026-08-04T09:20:23Z
12289,29,2026-08-04T09:20:26Z
12290,28,2026-08-04T09:20:29Z
12291,28,2026-08-04T09:20:31Z
12292,25,2026-08-04T09:20:34Z
12293,28,2026-08-04T09:20:36Z
12294,31,2026-08-04T09:20:39Z
12295,27,2026-08-04T09:20:41Z
12296,26,2026-08-04T09:20:43Z
12297,26,2026-08-04T09:20:46Z
12298,30,2026-08-04T09:20:48Z
12299,25,2026-08-04T09:20:51Z
12300,26,2026-08-04T09:20:53Z
12301,25,2026-08-04T09:20:56Z
12302,25,2026-08-04T09:20:58Z
12303,22,2026-08-04T09:21:00Z
12304,21,2026-08-04T09:21:02Z
12305,20,2026-08-04T09:21:05Z
12306,22,2026-08-04T09:21:07Z
12307,25,2026-08-04T09:21:09Z
12308,23,2026-08-04T09:21:11Z
12309,21,2026-08-04T09:21:13Z
12310,21,2026-08-04T09:21:15Z
12311,21,2026-08-04T09:21:16Z
12312,19,2026-08-04T09:21:18Z
12313,19,2026-08-04T09:21:20Z
12314,23,2026-08-04T09:21:22Z
12315,22,2026-08-04T09:21:25Z
12316,22,2026-08-04T09:21:27Z
12317,21,2026-08-04T09:21:29Z
12318,18,2026-08-04T09:21:31Z
12319,17,2026-08-04T09:21:32Z
12320,18,2026-08-04T09:21:33Z
12321,18,2026-08-04T09:21:35Z
12322,17,2026-08-04T09:21:36Z
12323,19,2026-08-04T09:21:38Z
12324,20,2026-08-04T09:21:40Z
12325,18,2026-08-04T09:21:42Z
12326,19,2026-08-04T09:21:43Z
12327,19,2026-08-04T09:21:45Z
12328,21,2026-08-04T09:21:47Z
12329,18,2026-08-04T09:21:49Z
12330,17,2026-08-04T09:21:50Z
12331,18,2026-08-04T09:21:52Z
12332,19,2026-08-04T09:21:54Z
12333,20,2026-08-04T09:21:56Z
12334,21,2026-08-04T09:21:58Z
12335,22,2026-08-04T09:22:00Z
12336,18,2026-08-04T09:22:02Z
12337,19,2026-08-04T09:22:03Z
12338,20,2026-08-04T09:22:05Z
12339,20,2026-08-04T09:22:06Z
12340,18,2026-08-04T09:22:08Z
12341,20,2026-08-04T09:22:10Z
12342,17,2026-08-04T09:22:11Z
12343,19,2026-08-04T09:22:14Z
12344,19,2026-08-04T09:22:16Z
12345,18,2026-08-04T09:22:17Z
12346,18,2026-08-04T09:22:19Z
12347,21,2026-08-04T09:22:22Z
12348,19,2026-08-04T09:22:24Z
12349,19,2026-08-04T09:22:25Z
12350,18,2026-08-04T09:22:27Z
12351,18,2026-08-04T09:22:29Z
12352,19,2026-08-04T09:22:31Z
12353,18,2026-08-04T09:22:33Z
12354,23,2026-08-04T09:22:34Z
12355,21,2026-08-04T09:22:36Z
12356,22,2026-08-04T09:22:38Z
12357,19,2026-08-04T09:22:40Z
12358,17,2026-08-04T09:22:42Z
12359,18,2026-08-04T09:22:44Z
12360,19,2026-08-04T09:22:45Z
12361,19,2026-08-04T09:22:47Z
12362,19,2026-08-04T09:22:49Z
12363,20,2026-08-04T09:22:51Z
12364,21,2026-08-04T09:22:53Z
12365,23,2026-08-04T09:22:55Z
12366,21,2026-08-04T09:22:57Z
12367,21,2026-08-04T09:23:00Z
12368,21,2026-08-04T09:23:02Z
12369,23,2026-08-04T09:23:03Z
12370,21,2026-08-04T09:23:05Z
12371,19,2026-08-04T09:23:07Z
12372,21,2026-08-04T09:23:10Z
12373,23,2026-08-04T09:23:13Z
12374,23,2026-08-04T09:23:15Z
12375,23,2026-08-04T09:23:18Z
12376,23,2026-08-04T09:23:20Z
12377,21,2026-08-04T09:23:22Z
12378,23,2026-08-04T09:23:25Z
12379,23,2026-08-04T09:23:27Z
12380,22,2026-08-04T09:23:29Z
12381,23,2026-08-04T09:23:31Z
12382,23,2026-08-04T09:23:33Z
12383,25,2026-08-04T09:23:35Z
12384,25,2026-08-04T09:23:38Z
12385,25,2026-08-04T09:23:41Z
12386,25,2026-08-04T09:23:43Z
12387,23,2026-08-04T09:23:46Z
12388,22,2026-08-04T09:23:49Z
12389,22,2026-08-04T09:23:51Z
12390,23,2026-08-04T09:23:54Z
12391,27,2026-08-04T09:23:57Z
12392,24,2026-08-04T09:23:59Z
12393,26,2026-08-04T09:24:01Z
12394,25,2026-08-04T09:24:03Z
12395,25,2026-08-04T09:24:06Z
12396,23,2026-08-04T09:24:08Z
12397,22,2026-08-04T09:24:10Z
12398,21,2026-08-04T09:24:12Z
12399,20,2026-08-04T09:24:14Z
12400,19,2026-08-04T09:24:16Z
12401,19,2026-08-04T09:24:18Z
12402,21,2026-08-04T09:24:20Z
12403,18,2026-08-04T09:24:22Z
12404,18,2026-08-04T09:24:23Z
12405,19,2026-08-04T09:24:25Z
12406,18,2026-08-04T09:24:27Z
12407,18,2026-08-04T09:24:29Z
12408,20,2026-08-04T09:24:31Z
12409,20,2026-08-04T09:24:32Z
12410,22,2026-08-04T09:24:34Z
12411,18,2026-08-04T09:24:36Z
12412,18,2026-08-04T09:24:38Z
12413,19,2026-08-04T09:24:39Z
12414,18,2026-08-04T09:24:41Z
12415,17,2026-08-04T09:24:43Z
12416,19,2026-08-04T09:24:45Z
12417,17,2026-08-04T09:24:47Z
12418,17,2026-08-04T09:24:49Z
12419,16,2026-08-04T09:24:50Z
12420,17,2026-08-04T09:24:52Z
12421,18,2026-08-04T09:24:54Z
12422,18,2026-08-04T09:24:56Z
12423,17,2026-08-04T09:24:57Z
12424,18,2026-08-04T09:25:00Z
12425,19,2026-08-04T09:25:02Z
12426,21,2026-08-04T09:25:05Z
12427,19,2026-08-04T09:25:07Z
12428,17,2026-08-04T09:25:08Z
12429,19,2026-08-04T09:25:10Z
12430,18,2026-08-04T09:25:12Z
12431,18,2026-08-04T09:25:14Z
12432,18,2026-08-04T09:25:16Z
12433,21,2026-08-04T09:25:18Z
12434,19,2026-08-04T09:25:21Z
12435,18,2026-08-04T09:25:23Z
12436,20,2026-08-04T09:25:25Z
12437,20,2026-08-04T09:25:27Z
12438,21,2026-08-04T09:25:29Z
12439,21,2026-08-04T09:25:31Z
12440,20,2026-08-04T09:25:33Z
12441,20,2026-08-04T09:25:35Z
12442,21,2026-08-04T09:25:38Z
12443,16,2026-08-04T09:25:40Z
12444,17,2026-08-04T09:25:42Z
12445,18,2026-08-04T09:25:44Z
12446,17,2026-08-04T09:25:46Z
12447,17,2026-08-04T09:25:48Z
12448,18,2026-08-04T09:25:50Z
12449,16,2026-08-04T09:25:52Z
12450,16,2026-08-04T09:25:54Z
12451,17,2026-08-04T09:25:56Z
12452,16,2026-08-04T09:25:58Z
12453,17,2026-08-04T09:26:00Z
12454,15,2026-08-04T09:26:01Z
12455,15,2026-08-04T09:26:03Z
12456,15,2026-08-04T09:26:04Z
12457,16,2026-08-04T09:26:05Z
12458,15,2026-08-04T09:26:07Z
12459,15,2026-08-04T09:26:09Z
12460,15,2026-08-04T09:26:11Z
12461,14,2026-08-04T09:26:12Z
12462,15,2026-08-04T09:26:14Z
12463,17,2026-08-04T09:26:16Z
12464,18,2026-08-04T09:26:18Z
12465,16,2026-08-04T09:26:19Z
12466,18,2026-08-04T09:26:21Z
12467,16,2026-08-04T09:26:23Z
12468,16,2026-08-04T09:26:25Z
12469,16,2026-08-04T09:26:27Z
12470,19,2026-08-04T09:26:28Z
12471,18,2026-08-04T09:26:30Z
12472,18,2026-08-04T09:26:32Z
12473,17,2026-08-04T09:26:34Z
12474,17,2026-08-04T09:26:36Z
12475,18,2026-08-04T09:26:37Z
12476,17,2026-08-04T09:26:39Z
12477,18,2026-08-04T09:26:41Z
12478,16,2026-08-04T09:26:43Z
12479,16,2026-08-04T09:26:45Z
12480,15,2026-08-04T09:26:46Z
12481,18,2026-08-04T09:26:48Z
12482,17,2026-08-04T09:26:50Z
12483,17,2026-08-04T09:26:53Z
12484,17,2026-08-04T09:26:55Z
12485,18,2026-08-04T09:26:57Z
12486,18,2026-08-04T09:26:59Z
12487,15,2026-08-04T09:27:01Z
12488,17,2026-08-04T09:27:02Z
12489,18,2026-08-04T09:27:04Z
12490,18,2026-08-04T09:27:06Z
12491,15,2026-08-04T09:27:08Z
12492,17,2026-08-04T09:27:10Z
12493,15,2026-08-04T09:27:12Z
12494,15,2026-08-04T09:27:13Z
12495,17,2026-08-04T09:27:15Z
12496,17,2026-08-04T09:27:17Z
12497,17,2026-08-04T09:27:19Z
12498,14,2026-08-04T09:27:21Z
12499,16,2026-08-04T09:27:22Z
12500,13,2026-08-04T09:27:24Z
12501,15,2026-08-04T09:27:26Z
12502,14,2026-08-04T09:27:27Z
12503,15,2026-08-04T09:27:29Z
12504,12,2026-08-04T09:27:30Z
12505,13,2026-08-04T09:27:31Z
12506,13,2026-08-04T09:27:32Z
12507,12,2026-08-04T09:27:34Z
12508,13,2026-08-04T09:27:35Z
12509,14,2026-08-04T09:27:37Z
12510,13,2026-08-04T09:27:39Z
12511,12,2026-08-04T09:27:40Z
12512,13,2026-08-04T09:27:42Z
12513,12,2026-08-04T09:27:44Z
12514,12,2026-08-04T09:27:45Z
12515,13,2026-08-04T09:27:47Z
12516,14,2026-08-04T09:27:48Z
12517,14,2026-08-04T09:27:50Z
12518,15,2026-08-04T09:27:52Z
12519,15,2026-08-04T09:27:53Z
12520,15,2026-08-04T09:27:54Z
12521,17,2026-08-04T09:27:56Z
12522,14,2026-08-04T09:27:58Z
12523,16,2026-08-04T09:28:00Z
12524,16,2026-08-04T09:28:02Z
12525,19,2026-08-04T09:28:04Z
12526,16,2026-08-04T09:28:07Z
12527,19,2026-08-04T09:28:09Z
12528,18,2026-08-04T09:28:12Z
12529,22,2026-08-04T09:28:14Z
12530,23,2026-08-04T09:28:16Z
12531,25,2026-08-04T09:28:19Z
12532,25,2026-08-04T09:28:21Z
12533,24,2026-08-04T09:28:23Z
12534,25,2026-08-04T09:28:26Z
12535,29,2026-08-04T09:28:28Z
12536,28,2026-08-04T09:28:31Z
12537,29,2026-08-04T09:28:33Z
12538,30,2026-08-04T09:28:35Z
12539,26,2026-08-04T09:28:38Z
12540,27,2026-08-04T09:28:40Z
12541,24,2026-08-04T09:28:43Z
12542,28,2026-08-04T09:28:46Z
12543,27,2026-08-04T09:28:49Z
12544,24,2026-08-04T09:28:52Z
12545,25,2026-08-04T09:28:55Z
12546,26,2026-08-04T09:28:59Z
12547,24,2026-08-04T09:29:01Z
12548,23,2026-08-04T09:29:03Z
12549,18,2026-08-04T09:29:06Z
12550,18,2026-08-04T09:29:08Z
12551,21,2026-08-04T09:29:11Z
12552,19,2026-08-04T09:29:14Z
12553,20,2026-08-04T09:29:17Z
12554,18,2026-08-04T09:29:19Z
12555,22,2026-08-04T09:29:22Z
12556,22,2026-08-04T09:29:25Z
12557,23,2026-08-04T09:29:28Z
12558,20,2026-08-04T09:29:30Z
12559,22,2026-08-04T09:29:33Z
12560,27,2026-08-04T09:29:36Z
12561,27,2026-08-04T09:29:39Z
12562,29,2026-08-04T09:29:42Z
12563,25,2026-08-04T09:29:44Z
12564,27,2026-08-04T09:29:47Z
12565,27,2026-08-04T09:29:50Z
12566,24,2026-08-04T09:29:53Z
12567,26,2026-08-04T09:29:56Z
12568,28,2026-08-04T09:29:59Z
12569,24,2026-08-04T09:30:02Z
12570,26,2026-08-04T09:30:04Z
12571,24,2026-08-04T09:30:06Z
12572,28,2026-08-04T09:30:08Z
12573,24,2026-08-04T09:30:10Z
12574,24,2026-08-04T09:30:12Z
12575,24,2026-08-04T09:30:14Z
12576,20,2026-08-04T09:30:16Z
12577,18,2026-08-04T09:30:18Z
12578,22,2026-08-04T09:30:20Z
12579,20,2026-08-04T09:30:22Z
12580,20,2026-08-04T09:30:24Z
12581,18,2026-08-04T09:30:26Z
12582,17,2026-08-04T09:30:28Z
12583,16,2026-08-04T09:30:30Z
12584,17,2026-08-04T09:30:32Z
12585,16,2026-08-04T09:30:34Z
12586,13,2026-08-04T09:30:36Z
12587,14,2026-08-04T09:30:37Z
12588,13,2026-08-04T09:30:39Z
12589,12,2026-08-04T09:30:40Z
12590,14,2026-08-04T09:30:42Z
12591,15,2026-08-04T09:30:43Z
12592,13,2026-08-04T09:30:44Z
12593,15,2026-08-04T09:30:46Z
12594,13,2026-08-04T09:30:47Z
12595,12,2026-08-04T09:30:48Z
12596,12,2026-08-04T09:30:50Z
12597,13,2026-08-04T09:30:51Z
12598,13,2026-08-04T09:30:53Z
12599,12,2026-08-04T09:30:54Z
12600,11,2026-08-04T09:30:56Z
12601,12,2026-08-04T09:30:57Z
12602,11,2026-08-04T09:30:58Z
12603,12,2026-08-04T09:30:59Z
12604,13,2026-08-04T09:31:00Z
12605,13,2026-08-04T09:31:01Z
12606,11,2026-08-04T09:31:03Z
12607,12,2026-08-04T09:31:05Z
12608,13,2026-08-04T09:31:06Z
12609,11,2026-08-04T09:31:07Z
12610,12,2026-08-04T09:31:09Z
12611,13,2026-08-04T09:31:10Z
12612,13,2026-08-04T09:31:11Z
12613,11,2026-08-04T09:31:12Z
12614,12,2026-08-04T09:31:13Z
12615,12,2026-08-04T09:31:15Z
12616,12,2026-08-04T09:31:16Z
12617,13,2026-08-04T09:31:17Z
12618,13,2026-08-04T09:31:18Z
12619,15,2026-08-04T09:31:20Z
12620,11,2026-08-04T09:31:22Z
12621,13,2026-08-04T09:31:23Z
12622,12,2026-08-04T09:31:25Z
12623,12,2026-08-04T09:31:26Z
12624,14,2026-08-04T09:31:28Z
12625,13,2026-08-04T09:31:29Z
12626,12,2026-08-04T09:31:31Z
12627,12,2026-08-04T09:31:32Z
12628,13,2026-08-04T09:31:34Z
12629,13,2026-08-04T09:31:35Z
12630,15,2026-08-04T09:31:37Z
12631,13,2026-08-04T09:31:38Z
12632,14,2026-08-04T09:31:40Z
12633,13,2026-08-04T09:31:42Z
12634,15,2026-08-04T09:31:44Z
12635,15,2026-08-04T09:31:45Z
12636,16,2026-08-04T09:31:47Z
12637,15,2026-08-04T09:31:49Z
12638,17,2026-08-04T09:31:50Z
12639,19,2026-08-04T09:31:52Z
12640,17,2026-08-04T09:31:54Z
12641,18,2026-08-04T09:31:56Z
12642,22,2026-08-04T09:31:57Z
12643,23,2026-08-04T09:31:59Z
12644,23,2026-08-04T09:32:01Z
12645,21,2026-08-04T09:32:03Z
12646,24,2026-08-04T09:32:05Z
12647,24,2026-08-04T09:32:08Z
12648,26,2026-08-04T09:32:10Z
12649,24,2026-08-04T09:32:13Z
12650,27,2026-08-04T09:32:16Z
12651,29,2026-08-04T09:32:18Z
12652,29,2026-08-04T09:32:21Z
12653,27,2026-08-04T09:32:23Z
12654,27,2026-08-04T09:32:26Z
12655,23,2026-08-04T09:32:29Z
12656,25,2026-08-04T09:32:31Z
12657,23,2026-08-04T09:32:34Z
12658,24,2026-08-04T09:32:37Z
12659,22,2026-08-04T09:32:40Z
12660,22,2026-08-04T09:32:42Z
12661,23,2026-08-04T09:32:44Z
12662,23,2026-08-04T09:32:47Z
12663,23,2026-08-04T09:32:49Z
12664,23,2026-08-04T09:32:52Z
12665,25,2026-08-04T09:32:55Z
12666,22,2026-08-04T09:32:58Z
12667,25,2026-08-04T09:33:01Z
12668,25,2026-08-04T09:33:03Z
12669,26,2026-08-04T09:33:06Z
12670,24,2026-08-04T09:33:09Z
12671,26,2026-08-04T09:33:11Z
12672,27,2026-08-04T09:33:14Z
12673,30,2026-08-04T09:33:16Z
12674,27,2026-08-04T09:33:20Z
12675,24,2026-08-04T09:33:22Z
12676,22,2026-08-04T09:33:24Z
12677,24,2026-08-04T09:33:27Z
12678,23,2026-08-04T09:33:29Z
12679,23,2026-08-04T09:33:31Z
12680,24,2026-08-04T09:33:34Z
12681,21,2026-08-04T09:33:36Z
12682,22,2026-08-04T09:33:38Z
12683,24,2026-08-04T09:33:41Z
12684,24,2026-08-04T09:33:43Z
12685,23,2026-08-04T09:33:46Z
12686,23,2026-08-04T09:33:48Z
12687,24,2026-08-04T09:33:51Z
12688,25,2026-08-04T09:33:53Z
12689,25,2026-08-04T09:33:56Z
12690,24,2026-08-04T09:33:58Z
12691,23,2026-08-04T09:34:01Z
12692,26,2026-08-04T09:34:03Z
12693,23,2026-08-04T09:34:06Z
12694,22,2026-08-04T09:34:08Z
12695,21,2026-08-04T09:34:10Z
12696,18,2026-08-04T09:34:12Z
12697,18,2026-08-04T09:34:14Z
12698,19,2026-08-04T09:34:16Z
12699,18,2026-08-04T09:34:17Z
12700,18,2026-08-04T09:34:19Z
12701,19,2026-08-04T09:34:21Z
12702,17,2026-08-04T09:34:22Z
12703,19,2026-08-04T09:34:24Z
12704,19,2026-08-04T09:34:26Z
12705,22,2026-08-04T09:34:28Z
12706,21,2026-08-04T09:34:30Z
12707,22,2026-08-04T09:34:31Z
12708,18,2026-08-04T09:34:33Z
12709,18,2026-08-04T09:34:35Z
12710,18,2026-08-04T09:34:37Z
12711,17,2026-08-04T09:34:39Z
12712,17,2026-08-04T09:34:40Z
12713,20,2026-08-04T09:34:42Z
12714,17,2026-08-04T09:34:44Z
12715,17,2026-08-04T09:34:46Z
12716,15,2026-08-04T09:34:48Z
12717,16,2026-08-04T09:34:49Z
12718,15,2026-08-04T09:34:51Z
12719,15,2026-08-04T09:34:52Z
12720,15,2026-08-04T09:34:54Z
12721,15,2026-08-04T09:34:56Z
12722,15,2026-08-04T09:34:57Z
12723,15,2026-08-04T09:34:59Z
12724,15,2026-08-04T09:35:00Z
12725,15,2026-08-04T09:35:01Z
12726,15,2026-08-04T09:35:03Z
12727,15,2026-08-04T09:35:04Z
12728,16,2026-08-04T09:35:06Z
12729,15,2026-08-04T09:35:07Z
12730,16,2026-08-04T09:35:09Z
12731,18,2026-08-04T09:35:10Z
12732,14,2026-08-04T09:35:11Z
12733,14,2026-08-04T09:35:13Z
12734,15,2026-08-04T09:35:14Z
12735,15,2026-08-04T09:35:16Z
12736,14,2026-08-04T09:35:17Z
12737,14,2026-08-04T09:35:19Z
12738,14,2026-08-04T09:35:19Z
12739,13,2026-08-04T09:35:21Z
12740,13,2026-08-04T09:35:23Z
12741,14,2026-08-04T09:35:24Z
12742,17,2026-08-04T09:35:26Z
12743,16,2026-08-04T09:35:27Z
12744,13,2026-08-04T09:35:28Z
12745,13,2026-08-04T09:35:29Z
12746,14,2026-08-04T09:35:31Z
12747,14,2026-08-04T09:35:32Z
12748,14,2026-08-04T09:35:34Z
12749,15,2026-08-04T09:35:35Z
12750,14,2026-08-04T09:35:37Z
12751,13,2026-08-04T09:35:38Z
12752,13,2026-08-04T09:35:40Z
12753,14,2026-08-04T09:35:41Z
12754,17,2026-08-04T09:35:43Z
12755,16,2026-08-04T09:35:44Z
12756,13,2026-08-04T09:35:46Z
12757,14,2026-08-04T09:35:47Z
12758,16,2026-08-04T09:35:49Z
12759,14,2026-08-04T09:35:50Z
12760,13,2026-08-04T09:35:52Z
12761,14,2026-08-04T09:35:53Z
12762,15,2026-08-04T09:35:54Z
12763,15,2026-08-04T09:35:56Z
12764,15,2026-08-04T09:35:57Z
12765,14,2026-08-04T09:35:58Z
12766,14,2026-08-04T09:35:59Z
12767,13,2026-08-04T09:36:01Z
12768,13,2026-08-04T09:36:02Z
12769,14,2026-08-04T09:36:04Z
12770,14,2026-08-04T09:36:05Z
12771,14,2026-08-04T09:36:07Z
12772,14,2026-08-04T09:36:08Z
12773,17,2026-08-04T09:36:11Z
12774,15,2026-08-04T09:36:13Z
12775,15,2026-08-04T09:36:15Z
12776,15,2026-08-04T09:36:17Z
12777,18,2026-08-04T09:36:19Z
12778,17,2026-08-04T09:36:21Z
12779,18,2026-08-04T09:36:23Z
12780,17,2026-08-04T09:36:25Z
12781,19,2026-08-04T09:36:28Z
12782,22,2026-08-04T09:36:30Z
12783,22,2026-08-04T09:36:32Z
12784,21,2026-08-04T09:36:34Z
12785,22,2026-08-04T09:36:35Z
12786,25,2026-08-04T09:36:36Z
12787,24,2026-08-04T09:36:40Z
12788,26,2026-08-04T09:36:44Z
12789,26,2026-08-04T09:36:49Z
12790,27,2026-08-04T09:36:52Z
12791,27,2026-08-04T09:36:55Z
12792,28,2026-08-04T09:36:58Z
12793,31,2026-08-04T09:37:01Z
12794,29,2026-08-04T09:37:04Z
12795,25,2026-08-04T09:37:07Z
12796,24,2026-08-04T09:37:10Z
12797,23,2026-08-04T09:37:13Z
12798,22,2026-08-04T09:37:15Z
12799,19,2026-08-04T09:37:16Z
12800,19,2026-08-04T09:37:18Z
12801,19,2026-08-04T09:37:20Z
12802,18,2026-08-04T09:37:22Z
12803,19,2026-08-04T09:37:24Z
12804,18,2026-08-04T09:37:26Z
12805,18,2026-08-04T09:37:28Z
12806,19,2026-08-04T09:37:31Z
12807,19,2026-08-04T09:37:32Z
12808,20,2026-08-04T09:37:34Z
12809,20,2026-08-04T09:37:36Z
12810,20,2026-08-04T09:37:39Z
12811,19,2026-08-04T09:37:40Z
12812,20,2026-08-04T09:37:42Z
12813,20,2026-08-04T09:37:44Z
12814,17,2026-08-04T09:37:45Z
12815,16,2026-08-04T09:37:47Z
12816,17,2026-08-04T09:37:49Z
12817,17,2026-08-04T09:37:51Z
12818,15,2026-08-04T09:37:52Z
12819,15,2026-08-04T09:37:54Z
12820,15,2026-08-04T09:37:56Z
12821,15,2026-08-04T09:37:57Z
12822,15,2026-08-04T09:37:59Z
12823,15,2026-08-04T09:38:01Z
12824,15,2026-08-04T09:38:02Z
12825,17,2026-08-04T09:38:04Z
12826,16,2026-08-04T09:38:06Z
12827,16,2026-08-04T09:38:07Z
12828,18,2026-08-04T09:38:09Z
12829,17,2026-08-04T09:38:10Z
12830,16,2026-08-04T09:38:12Z
12831,15,2026-08-04T09:38:14Z
12832,16,2026-08-04T09:38:16Z
12833,16,2026-08-04T09:38:17Z
12834,14,2026-08-04T09:38:19Z
12835,14,2026-08-04T09:38:21Z
12836,15,2026-08-04T09:38:22Z
12837,16,2026-08-04T09:38:24Z
12838,15,2026-08-04T09:38:25Z
12839,14,2026-08-04T09:38:27Z
12840,16,2026-08-04T09:38:28Z
12841,14,2026-08-04T09:38:30Z
12842,15,2026-08-04T09:38:32Z
12843,16,2026-08-04T09:38:34Z
12844,17,2026-08-04T09:38:35Z
12845,17,2026-08-04T09:38:37Z
12846,16,2026-08-04T09:38:38Z
12847,14,2026-08-04T09:38:40Z
12848,14,2026-08-04T09:38:41Z
12849,13,2026-08-04T09:38:43Z
12850,13,2026-08-04T09:38:44Z
12851,12,2026-08-04T09:38:46Z
12852,14,2026-08-04T09:38:47Z
12853,14,2026-08-04T09:38:49Z
12854,12,2026-08-04T09:38:50Z
12855,14,2026-08-04T09:38:52Z
12856,17,2026-08-04T09:38:53Z
12857,15,2026-08-04T09:38:54Z
12858,14,2026-08-04T09:38:56Z
12859,12,2026-08-04T09:38:57Z
12860,14,2026-08-04T09:38:58Z
12861,13,2026-08-04T09:38:59Z
12862,12,2026-08-04T09:39:01Z
12863,13,2026-08-04T09:39:03Z
12864,13,2026-08-04T09:39:05Z
12865,12,2026-08-04T09:39:06Z
12866,12,2026-08-04T09:39:07Z
12867,12,2026-08-04T09:39:08Z
12868,12,2026-08-04T09:39:10Z
12869,12,2026-08-04T09:39:11Z
12870,14,2026-08-04T09:39:12Z
12871,13,2026-08-04T09:39:14Z
12872,14,2026-08-04T09:39:15Z
12873,12,2026-08-04T09:39:17Z
12874,14,2026-08-04T09:39:19Z
12875,15,2026-08-04T09:39:20Z
12876,13,2026-08-04T09:39:22Z
12877,14,2026-08-04T09:39:23Z
12878,14,2026-08-04T09:39:25Z
12879,17,2026-08-04T09:39:26Z
12880,13,2026-08-04T09:39:28Z
12881,14,2026-08-04T09:39:29Z
12882,12,2026-08-04T09:39:30Z
12883,14,2026-08-04T09:39:32Z
12884,13,2026-08-04T09:39:33Z
12885,13,2026-08-04T09:39:34Z
12886,11,2026-08-04T09:39:36Z
12887,13,2026-08-04T09:39:38Z
12888,14,2026-08-04T09:39:40Z
12889,15,2026-08-04T09:39:42Z
12890,15,2026-08-04T09:39:44Z
12891,16,2026-08-04T09:39:46Z
12892,16,2026-08-04T09:39:48Z
12893,17,2026-08-04T09:39:50Z
12894,16,2026-08-04T09:39:52Z
12895,17,2026-08-04T09:39:54Z
12896,18,2026-08-04T09:39:57Z
12897,18,2026-08-04T09:39:59Z
12898,20,2026-08-04T09:40:01Z
12899,18,2026-08-04T09:40:03Z
12900,18,2026-08-04T09:40:05Z
12901,19,2026-08-04T09:40:07Z
12902,19,2026-08-04T09:40:09Z
12903,22,2026-08-04T09:40:11Z
12904,23,2026-08-04T09:40:13Z
12905,21,2026-08-04T09:40:16Z
12906,20,2026-08-04T09:40:18Z
12907,21,2026-08-04T09:40:20Z
12908,20,2026-08-04T09:40:23Z
12909,24,2026-08-04T09:40:26Z
12910,23,2026-08-04T09:40:28Z
12911,27,2026-08-04T09:40:31Z
12912,23,2026-08-04T09:40:35Z
12913,22,2026-08-04T09:40:37Z
12914,24,2026-08-04T09:40:39Z
12915,23,2026-08-04T09:40:40Z
12916,26,2026-08-04T09:40:44Z
12917,24,2026-08-04T09:40:47Z
12918,21,2026-08-04T09:40:51Z
12919,20,2026-08-04T09:40:53Z
12920,22,2026-08-04T09:40:56Z
12921,22,2026-08-04T09:40:57Z
12922,20,2026-08-04T09:40:58Z
12923,18,2026-08-04T09:41:00Z
12924,18,2026-08-04T09:41:02Z
12925,18,2026-08-04T09:41:04Z
12926,18,2026-08-04T09:41:06Z
12927,18,2026-08-04T09:41:08Z
12928,19,2026-08-04T09:41:10Z
12929,19,2026-08-04T09:41:12Z
12930,18,2026-08-04T09:41:14Z
12931,17,2026-08-04T09:41:16Z
12932,18,2026-08-04T09:41:18Z
12933,18,2026-08-04T09:41:20Z
12934,17,2026-08-04T09:41:22Z
12935,17,2026-08-04T09:41:22Z
12936,17,2026-08-04T09:41:24Z
12937,18,2026-08-04T09:41:26Z
12938,17,2026-08-04T09:41:28Z
12939,16,2026-08-04T09:41:29Z
12940,17,2026-08-04T09:41:31Z
12941,16,2026-08-04T09:41:33Z
12942,14,2026-08-04T09:41:35Z
12943,13,2026-08-04T09:41:36Z
12944,13,2026-08-04T09:41:37Z
12945,12,2026-08-04T09:41:38Z
12946,12,2026-08-04T09:41:39Z
12947,12,2026-08-04T09:41:41Z
12948,14,2026-08-04T09:41:42Z
12949,15,2026-08-04T09:41:43Z
12950,12,2026-08-04T09:41:44Z
12951,13,2026-08-04T09:41:46Z
12952,12,2026-08-04T09:41:47Z
12953,13,2026-08-04T09:41:49Z
12954,12,2026-08-04T09:41:50Z
12955,14,2026-08-04T09:41:51Z
12956,12,2026-08-04T09:41:53Z
12957,14,2026-08-04T09:41:54Z
12958,16,2026-08-04T09:41:55Z
12959,12,2026-08-04T09:41:57Z
12960,12,2026-08-04T09:41:58Z
12961,13,2026-08-04T09:42:00Z
12962,15,2026-08-04T09:42:01Z
12963,15,2026-08-04T09:42:03Z
12964,14,2026-08-04T09:42:04Z
12965,15,2026-08-04T09:42:06Z
12966,19,2026-08-04T09:42:07Z
12967,19,2026-08-04T09:42:09Z
12968,17,2026-08-04T09:42:10Z
12969,15,2026-08-04T09:42:11Z
12970,17,2026-08-04T09:42:13Z
12971,14,2026-08-04T09:42:14Z
12972,12,2026-08-04T09:42:16Z
12973,12,2026-08-04T09:42:17Z
12974,13,2026-08-04T09:42:19Z
12975,16,2026-08-04T09:42:20Z
12976,14,2026-08-04T09:42:21Z
12977,14,2026-08-04T09:42:23Z
12978,12,2026-08-04T09:42:24Z
12979,16,2026-08-04T09:42:26Z
12980,15,2026-08-04T09:42:27Z
12981,14,2026-08-04T09:42:29Z
12982,14,2026-08-04T09:42:30Z
12983,15,2026-08-04T09:42:32Z
12984,16,2026-08-04T09:42:33Z
12985,15,2026-08-04T09:42:35Z
12986,14,2026-08-04T09:42:36Z
12987,13,2026-08-04T09:42:38Z
12988,16,2026-08-04T09:42:39Z
12989,12,2026-08-04T09:42:40Z
12990,12,2026-08-04T09:42:42Z
12991,12,2026-08-04T09:42:44Z
12992,14,2026-08-04T09:42:46Z
12993,15,2026-08-04T09:42:48Z
12994,14,2026-08-04T09:42:49Z
12995,14,2026-08-04T09:42:51Z
12996,20,2026-08-04T09:42:53Z
12997,18,2026-08-04T09:42:55Z
12998,18,2026-08-04T09:42:57Z
12999,16,2026-08-04T09:42:58Z
13000,16,2026-08-04T09:43:00Z
13001,20,2026-08-04T09:43:03Z
13002,17,2026-08-04T09:43:05Z
13003,18,2026-08-04T09:43:07Z
13004,19,2026-08-04T09:43:09Z
13005,20,2026-08-04T09:43:11Z
13006,20,2026-08-04T09:43:14Z
13007,21,2026-08-04T09:43:16Z
13008,20,2026-08-04T09:43:19Z
13009,20,2026-08-04T09:43:21Z
13010,23,2026-08-04T09:43:24Z
13011,20,2026-08-04T09:43:26Z
13012,22,2026-08-04T09:43:29Z
13013,22,2026-08-04T09:43:32Z
13014,24,2026-08-04T09:43:35Z
13015,24,2026-08-04T09:43:38Z
13016,23,2026-08-04T09:43:40Z
13017,25,2026-08-04T09:43:43Z
13018,25,2026-08-04T09:43:46Z
13019,24,2026-08-04T09:43:48Z
13020,23,2026-08-04T09:43:51Z
13021,23,2026-08-04T09:43:54Z
13022,22,2026-08-04T09:43:56Z
13023,23,2026-08-04T09:43:59Z
13024,21,2026-08-04T09:44:01Z
13025,23,2026-08-04T09:44:03Z
13026,19,2026-08-04T09:44:05Z
13027,22,2026-08-04T09:44:07Z
13028,22,2026-08-04T09:44:09Z
13029,21,2026-08-04T09:44:11Z
13030,22,2026-08-04T09:44:12Z
13031,20,2026-08-04T09:44:14Z
13032,21,2026-08-04T09:44:17Z
13033,22,2026-08-04T09:44:19Z
13034,21,2026-08-04T09:44:20Z
13035,20,2026-08-04T09:44:21Z
13036,19,2026-08-04T09:44:23Z
13037,20,2026-08-04T09:44:25Z
13038,18,2026-08-04T09:44:27Z
13039,19,2026-08-04T09:44:29Z
13040,19,2026-08-04T09:44:30Z
13041,17,2026-08-04T09:44:31Z
13042,18,2026-08-04T09:44:32Z
13043,18,2026-08-04T09:44:34Z
13044,18,2026-08-04T09:44:36Z
13045,16,2026-08-04T09:44:38Z
13046,16,2026-08-04T09:44:39Z
13047,19,2026-08-04T09:44:41Z
13048,16,2026-08-04T09:44:42Z
13049,16,2026-08-04T09:44:43Z
13050,16,2026-08-04T09:44:45Z
13051,16,2026-08-04T09:44:46Z
13052,17,2026-08-04T09:44:48Z
13053,18,2026-08-04T09:44:49Z
13054,17,2026-08-04T09:44:51Z
13055,16,2026-08-04T09:44:53Z
13056,16,2026-08-04T09:44:54Z
13057,17,2026-08-04T09:44:56Z
13058,19,2026-08-04T09:44:57Z
13059,20,2026-08-04T09:44:59Z
13060,18,2026-08-04T09:45:01Z
13061,16,2026-08-04T09:45:02Z
13062,19,2026-08-04T09:45:04Z
13063,16,2026-08-04T09:45:05Z
13064,16,2026-08-04T09:45:07Z
13065,16,2026-08-04T09:45:08Z
13066,17,2026-08-04T09:45:10Z
13067,17,2026-08-04T09:45:12Z
13068,15,2026-08-04T09:45:14Z
13069,16,2026-08-04T09:45:15Z
13070,14,2026-08-04T09:45:16Z
13071,14,2026-08-04T09:45:18Z
13072,14,2026-08-04T09:45:19Z
13073,17,2026-08-04T09:45:21Z
13074,15,2026-08-04T09:45:22Z
13075,13,2026-08-04T09:45:24Z
13076,13,2026-08-04T09:45:25Z
13077,14,2026-08-04T09:45:27Z
13078,14,2026-08-04T09:45:28Z
13079,15,2026-08-04T09:45:30Z
13080,16,2026-08-04T09:45:31Z
13081,14,2026-08-04T09:45:32Z
13082,14,2026-08-04T09:45:33Z
13083,13,2026-08-04T09:45:34Z
13084,14,2026-08-04T09:45:36Z
13085,13,2026-08-04T09:45:37Z
13086,13,2026-08-04T09:45:39Z
13087,16,2026-08-04T09:45:40Z
13088,13,2026-08-04T09:45:41Z
13089,14,2026-08-04T09:45:43Z
13090,14,2026-08-04T09:45:44Z
13091,15,2026-08-04T09:45:46Z
13092,15,2026-08-04T09:45:48Z
13093,15,2026-08-04T09:45:50Z
13094,16,2026-08-04T09:45:52Z
13095,18,2026-08-04T09:45:53Z
13096,20,2026-08-04T09:45:55Z
13097,19,2026-08-04T09:45:57Z
13098,21,2026-08-04T09:45:59Z
13099,19,2026-08-04T09:46:01Z
13100,24,2026-08-04T09:46:03Z
13101,21,2026-08-04T09:46:06Z
13102,22,2026-08-04T09:46:08Z
13103,23,2026-08-04T09:46:10Z
13104,22,2026-08-04T09:46:13Z
13105,23,2026-08-04T09:46:15Z
13106,23,2026-08-04T09:46:18Z
13107,27,2026-08-04T09:46:21Z
13108,24,2026-08-04T09:46:23Z
13109,27,2026-08-04T09:46:28Z
13110,24,2026-08-04T09:46:30Z
13111,27,2026-08-04T09:46:32Z
13112,26,2026-08-04T09:46:35Z
13113,27,2026-08-04T09:46:38Z
13114,28,2026-08-04T09:46:41Z
13115,28,2026-08-04T09:46:44Z
13116,29,2026-08-04T09:46:47Z
13117,28,2026-08-04T09:46:50Z
13118,30,2026-08-04T09:46:53Z
13119,28,2026-08-04T09:46:55Z
13120,28,2026-08-04T09:46:57Z
13121,28,2026-08-04T09:47:00Z
13122,29,2026-08-04T09:47:02Z
13123,29,2026-08-04T09:47:05Z
13124,27,2026-08-04T09:47:07Z
13125,27,2026-08-04T09:47:10Z
13126,24,2026-08-04T09:47:12Z
13127,23,2026-08-04T09:47:14Z
13128,23,2026-08-04T09:47:16Z
13129,22,2026-08-04T09:47:18Z
13130,22,2026-08-04T09:47:21Z
13131,21,2026-08-04T09:47:21Z
13132,20,2026-08-04T09:47:23Z
13133,21,2026-08-04T09:47:25Z
13134,21,2026-08-04T09:47:27Z
13135,20,2026-08-04T09:47:29Z
13136,18,2026-08-04T09:47:31Z
13137,19,2026-08-04T09:47:32Z
13138,19,2026-08-04T09:47:34Z
13139,19,2026-08-04T09:47:36Z
13140,18,2026-08-04T09:47:38Z
13141,18,2026-08-04T09:47:39Z
13142,18,2026-08-04T09:47:41Z
13143,16,2026-08-04T09:47:42Z
13144,17,2026-08-04T09:47:44Z
13145,18,2026-08-04T09:47:45Z
13146,17,2026-08-04T09:47:47Z
13147,17,2026-08-04T09:47:48Z
13148,19,2026-08-04T09:47:50Z
13149,19,2026-08-04T09:47:52Z
13150,16,2026-08-04T09:47:53Z
13151,18,2026-08-04T09:47:55Z
13152,16,2026-08-04T09:47:57Z
13153,16,2026-08-04T09:47:58Z
13154,16,2026-08-04T09:48:00Z
13155,16,2026-08-04T09:48:01Z
13156,16,2026-08-04T09:48:03Z
13157,15,2026-08-04T09:48:04Z
13158,15,2026-08-04T09:48:06Z
13159,17,2026-08-04T09:48:07Z
13160,15,2026-08-04T09:48:09Z
13161,15,2026-08-04T09:48:10Z
13162,15,2026-08-04T09:48:12Z
13163,15,2026-08-04T09:48:13Z
13164,14,2026-08-04T09:48:15Z
13165,14,2026-08-04T09:48:17Z
13166,14,2026-08-04T09:48:18Z
13167,16,2026-08-04T09:48:20Z
13168,15,2026-08-04T09:48:22Z
13169,12,2026-08-04T09:48:23Z
13170,14,2026-08-04T09:48:25Z
13171,13,2026-08-04T09:48:26Z
13172,13,2026-08-04T09:48:27Z
13173,13,2026-08-04T09:48:29Z
13174,14,2026-08-04T09:48:30Z
13175,14,2026-08-04T09:48:31Z
13176,12,2026-08-04T09:48:32Z
13177,12,2026-08-04T09:48:34Z
13178,11,2026-08-04T09:48:35Z
13179,13,2026-08-04T09:48:37Z
13180,12,2026-08-04T09:48:38Z
13181,12,2026-08-04T09:48:39Z
13182,12,2026-08-04T09:48:40Z
13183,12,2026-08-04T09:48:42Z
13184,11,2026-08-04T09:48:43Z
13185,11,2026-08-04T09:48:44Z
13186,12,2026-08-04T09:48:46Z
13187,12,2026-08-04T09:48:47Z
13188,11,2026-08-04T09:48:49Z
13189,12,2026-08-04T09:48:50Z
13190,14,2026-08-04T09:48:52Z
13191,11,2026-08-04T09:48:53Z
13192,11,2026-08-04T09:48:55Z
13193,11,2026-08-04T09:48:56Z
13194,12,2026-08-04T09:48:58Z
13195,11,2026-08-04T09:48:59Z
13196,11,2026-08-04T09:49:01Z
13197,11,2026-08-04T09:49:02Z
13198,14,2026-08-04T09:49:04Z
13199,12,2026-08-04T09:49:06Z
13200,12,2026-08-04T09:49:07Z
13201,11,2026-08-04T09:49:08Z
13202,13,2026-08-04T09:49:09Z
13203,11,2026-08-04T09:49:11Z
13204,11,2026-08-04T09:49:12Z
13205,11,2026-08-04T09:49:14Z
13206,13,2026-08-04T09:49:16Z
13207,14,2026-08-04T09:49:18Z
13208,16,2026-08-04T09:49:20Z
13209,17,2026-08-04T09:49:21Z
13210,18,2026-08-04T09:49:23Z
13211,19,2026-08-04T09:49:25Z
13212,18,2026-08-04T09:49:27Z
13213,21,2026-08-04T09:49:28Z
13214,22,2026-08-04T09:49:30Z
13215,21,2026-08-04T09:49:32Z
13216,23,2026-08-04T09:49:34Z
13217,20,2026-08-04T09:49:37Z
13218,21,2026-08-04T09:49:40Z
13219,24,2026-08-04T09:49:43Z
13220,23,2026-08-04T09:49:45Z
13221,20,2026-08-04T09:49:47Z
13222,23,2026-08-04T09:49:49Z
13223,21,2026-08-04T09:49:51Z
13224,22,2026-08-04T09:49:53Z
13225,24,2026-08-04T09:49:55Z
13226,24,2026-08-04T09:49:57Z
13227,25,2026-08-04T09:49:59Z
13228,27,2026-08-04T09:50:01Z
13229,30,2026-08-04T09:50:03Z
13230,30,2026-08-04T09:50:05Z
13231,32,2026-08-04T09:50:07Z
13232,28,2026-08-04T09:50:09Z
13233,25,2026-08-04T09:50:11Z
13234,28,2026-08-04T09:50:13Z
13235,27,2026-08-04T09:50:15Z
13236,25,2026-08-04T09:50:17Z
13237,25,2026-08-04T09:50:19Z
13238,25,2026-08-04T09:50:21Z
13239,25,2026-08-04T09:50:23Z
13240,27,2026-08-04T09:50:25Z
13241,25,2026-08-04T09:50:27Z
13242,24,2026-08-04T09:50:29Z
13243,27,2026-08-04T09:50:31Z
13244,27,2026-08-04T09:50:33Z
13245,26,2026-08-04T09:50:35Z
13246,24,2026-08-04T09:50:37Z
13247,28,2026-08-04T09:50:39Z
13248,23,2026-08-04T09:50:41Z
13249,25,2026-08-04T09:50:43Z
13250,22,2026-08-04T09:50:45Z
13251,21,2026-08-04T09:50:47Z
13252,20,2026-08-04T09:50:49Z
13253,20,2026-08-04T09:50:51Z
13254,20,2026-08-04T09:50:53Z
13255,18,2026-08-04T09:50:55Z
13256,19,2026-08-04T09:50:57Z
13257,19,2026-08-04T09:50:59Z
13258,17,2026-08-04T09:51:01Z
13259,18,2026-08-04T09:51:03Z
13260,17,2026-08-04T09:51:05Z
13261,20,2026-08-04T09:51:07Z
13262,21,2026-08-04T09:51:09Z
13263,19,2026-08-04T09:51:11Z
13264,20,2026-08-04T09:51:13Z
13265,19,2026-08-04T09:51:15Z
13266,20,2026-08-04T09:51:17Z
13267,18,2026-08-04T09:51:19Z
13268,19,2026-08-04T09:51:21Z
13269,19,2026-08-04T09:51:23Z
13270,18,2026-08-04T09:51:25Z
13271,18,2026-08-04T09:51:27Z
13272,18,2026-08-04T09:51:29Z
13273,19,2026-08-04T09:51:31Z
13274,16,2026-08-04T09:51:33Z
13275,15,2026-08-04T09:51:35Z
13276,17,2026-08-04T09:51:37Z
13277,18,2026-08-04T09:51:39Z
13278,15,2026-08-04T09:51:41Z
13279,14,2026-08-04T09:51:43Z
13280,15,2026-08-04T09:51:45Z
13281,14,2026-08-04T09:51:48Z
13282,14,2026-08-04T09:51:50Z
13283,15,2026-08-04T09:51:52Z
13284,14,2026-08-04T09:51:54Z
13285,14,2026-08-04T09:51:56Z
13286,14,2026-08-04T09:51:58Z
13287,15,2026-08-04T09:52:00Z
13288,15,2026-08-04T09:52:02Z
13289,17,2026-08-04T09:52:04Z
13290,14,2026-08-04T09:52:06Z
13291,14,2026-08-04T09:52:08Z
13292,15,2026-08-04T09:52:10Z
13293,14,2026-08-04T09:52:12Z
13294,14,2026-08-04T09:52:14Z
13295,17,2026-08-04T09:52:16Z
13296,16,2026-08-04T09:52:18Z
13297,16,2026-08-04T09:52:20Z
13298,17,2026-08-04T09:52:22Z
13299,19,2026-08-04T09:52:24Z
13300,19,2026-08-04T09:52:26Z
13301,18,2026-08-04T09:52:28Z
13302,19,2026-08-04T09:52:30Z
13303,19,2026-08-04T09:52:32Z
13304,19,2026-08-04T09:52:34Z
13305,20,2026-08-04T09:52:36Z
13306,22,2026-08-04T09:52:38Z
13307,21,2026-08-04T09:52:40Z
13308,22,2026-08-04T09:52:42Z
13309,22,2026-08-04T09:52:44Z
13310,24,2026-08-04T09:52:46Z
13311,23,2026-08-04T09:52:48Z
13312,22,2026-08-04T09:52:50Z
13313,23,2026-08-04T09:52:52Z
13314,23,2026-08-04T09:52:54Z
13315,23,2026-08-04T09:52:56Z
13316,22,2026-08-04T09:52:58Z
13317,21,2026-08-04T09:53:00Z
13318,21,2026-08-04T09:53:02Z
13319,20,2026-08-04T09:53:04Z
13320,20,2026-08-04T09:53:06Z
13321,20,2026-08-04T09:53:08Z
13322,21,2026-08-04T09:53:10Z
13323,20,2026-08-04T09:53:12Z
13324,19,2026-08-04T09:53:14Z
13325,19,2026-08-04T09:53:16Z
13326,19,2026-08-04T09:53:18Z
13327,19,2026-08-04T09:53:20Z
13328,20,2026-08-04T09:53:22Z
13329,19,2026-08-04T09:53:24Z
13330,18,2026-08-04T09:53:26Z
13331,17,2026-08-04T09:53:28Z
13332,17,2026-08-04T09:53:30Z
13333,17,2026-08-04T09:53:32Z
13334,19,2026-08-04T09:53:34Z
13335,18,2026-08-04T09:53:36Z
13336,18,2026-08-04T09:53:38Z
13337,19,2026-08-04T09:53:40Z
13338,18,2026-08-04T09:53:42Z
13339,17,2026-08-04T09:53:44Z
13340,17,2026-08-04T09:53:46Z
13341,16,2026-08-04T09:53:48Z
13342,16,2026-08-04T09:53:50Z
13343,18,2026-08-04T09:53:52Z
13344,15,2026-08-04T09:53:54Z
13345,16,2026-08-04T09:53:56Z
13346,16,2026-08-04T09:53:58Z
13347,17,2026-08-04T09:54:00Z
13348,17,2026-08-04T09:54:02Z
13349,18,2026-08-04T09:54:04Z
13350,16,2026-08-04T09:54:06Z
13351,17,2026-08-04T09:54:08Z
13352,19,2026-08-04T09:54:10Z
13353,20,2026-08-04T09:54:12Z
13354,20,2026-08-04T09:54:14Z
13355,19,2026-08-04T09:54:16Z
13356,17,2026-08-04T09:54:18Z
13357,16,2026-08-04T09:54:20Z
13358,18,2026-08-04T09:54:22Z
13359,17,2026-08-04T09:54:24Z
13360,17,2026-08-04T09:54:26Z
13361,17,2026-08-04T09:54:28Z
13362,16,2026-08-04T09:54:30Z
13363,18,2026-08-04T09:54:32Z
13364,18,2026-08-04T09:54:34Z
13365,20,2026-08-04T09:54:36Z
13366,19,2026-08-04T09:54:38Z
13367,20,2026-08-04T09:54:40Z
13368,16,2026-08-04T09:54:42Z
13369,15,2026-08-04T09:54:44Z
13370,16,2026-08-04T09:54:46Z
13371,15,2026-08-04T09:54:48Z
13372,16,2026-08-04T09:54:50Z
13373,17,2026-08-04T09:54:52Z
13374,15,2026-08-04T09:54:54Z
13375,14,2026-08-04T09:54:56Z
13376,16,2026-08-04T09:54:58Z
13377,15,2026-08-04T09:55:00Z
13378,14,2026-08-04T09:55:02Z
13379,14,2026-08-04T09:55:04Z
13380,14,2026-08-04T09:55:06Z
13381,14,2026-08-04T09:55:08Z
13382,14,2026-08-04T09:55:10Z
13383,14,2026-08-04T09:55:12Z
13384,15,2026-08-04T09:55:14Z
13385,14,2026-08-04T09:55:16Z
13386,14,2026-08-04T09:55:18Z
13387,15,2026-08-04T09:55:20Z
13388,14,2026-08-04T09:55:22Z
13389,14,2026-08-04T09:55:24Z
13390,16,2026-08-04T09:55:26Z
13391,15,2026-08-04T09:55:28Z
13392,15,2026-08-04T09:55:30Z
13393,15,2026-08-04T09:55:32Z
13394,16,2026-08-04T09:55:34Z
13395,17,2026-08-04T09:55:36Z
13396,17,2026-08-04T09:55:38Z
13397,17,2026-08-04T09:55:40Z
13398,16,2026-08-04T09:55:42Z
13399,18,2026-08-04T09:55:44Z
13400,20,2026-08-04T09:55:46Z
13401,19,2026-08-04T09:55:48Z
13402,17,2026-08-04T09:55:50Z
13403,19,2026-08-04T09:55:52Z
13404,20,2026-08-04T09:55:54Z
13405,20,2026-08-04T09:55:56Z
13406,23,2026-08-04T09:55:58Z
13407,24,2026-08-04T09:56:00Z
13408,25,2026-08-04T09:56:02Z
13409,22,2026-08-04T09:56:04Z
13410,23,2026-08-04T09:56:06Z
13411,23,2026-08-04T09:56:08Z
13412,21,2026-08-04T09:56:10Z
13413,22,2026-08-04T09:56:12Z
13414,22,2026-08-04T09:56:14Z
13415,20,2026-08-04T09:56:16Z
13416,20,2026-08-04T09:56:18Z
13417,21,2026-08-04T09:56:20Z
13418,24,2026-08-04T09:56:22Z
13419,25,2026-08-04T09:56:24Z
13420,26,2026-08-04T09:56:26Z
13421,24,2026-08-04T09:56:28Z
13422,21,2026-08-04T09:56:30Z
13423,23,2026-08-04T09:56:32Z
13424,21,2026-08-04T09:56:34Z
13425,20,2026-08-04T09:56:36Z
13426,21,2026-08-04T09:56:38Z
13427,22,2026-08-04T09:56:40Z
13428,22,2026-08-04T09:56:42Z
13429,23,2026-08-04T09:56:44Z
13430,19,2026-08-04T09:56:46Z
13431,18,2026-08-04T09:56:48Z
13432,18,2026-08-04T09:56:50Z
13433,18,2026-08-04T09:56:52Z
13434,18,2026-08-04T09:56:54Z
13435,19,2026-08-04T09:56:56Z
13436,17,2026-08-04T09:56:58Z
13437,17,2026-08-04T09:57:00Z
13438,17,2026-08-04T09:57:02Z
13439,19,2026-08-04T09:57:04Z
13440,17,2026-08-04T09:57:06Z
13441,17,2026-08-04T09:57:08Z
13442,17,2026-08-04T09:57:10Z
13443,17,2026-08-04T09:57:12Z
13444,17,2026-08-04T09:57:14Z
13445,17,2026-08-04T09:57:16Z
13446,17,2026-08-04T09:57:18Z
13447,16,2026-08-04T09:57:20Z
13448,19,2026-08-04T09:57:22Z
13449,17,2026-08-04T09:57:24Z
13450,16,2026-08-04T09:57:26Z
13451,16,2026-08-04T09:57:28Z
13452,16,2026-08-04T09:57:30Z
13453,17,2026-08-04T09:57:32Z
13454,18,2026-08-04T09:57:34Z
13455,18,2026-08-04T09:57:36Z
13456,18,2026-08-04T09:57:38Z
13457,18,2026-08-04T09:57:40Z
13458,17,2026-08-04T09:57:42Z
13459,17,2026-08-04T09:57:44Z
13460,17,2026-08-04T09:57:46Z
13461,16,2026-08-04T09:57:48Z
13462,16,2026-08-04T09:57:50Z
13463,16,2026-08-04T09:57:52Z
13464,15,2026-08-04T09:57:54Z
13465,15,2026-08-04T09:57:56Z
13466,14,2026-08-04T09:57:58Z
13467,14,2026-08-04T09:58:00Z
13468,14,2026-08-04T09:58:02Z
13469,13,2026-08-04T09:58:04Z
13470,12,2026-08-04T09:58:06Z
13471,12,2026-08-04T09:58:08Z
13472,14,2026-08-04T09:58:10Z
13473,12,2026-08-04T09:58:12Z
13474,13,2026-08-04T09:58:14Z
13475,12,2026-08-04T09:58:16Z
13476,11,2026-08-04T09:58:18Z
13477,11,2026-08-04T09:58:20Z
13478,12,2026-08-04T09:58:22Z
13479,12,2026-08-04T09:58:24Z
13480,12,2026-08-04T09:58:26Z
13481,12,2026-08-04T09:58:28Z
13482,12,2026-08-04T09:58:30Z
13483,12,2026-08-04T09:58:32Z
13484,13,2026-08-04T09:58:34Z
13485,13,2026-08-04T09:58:36Z
13486,13,2026-08-04T09:58:38Z
13487,14,2026-08-04T09:58:40Z
13488,15,2026-08-04T09:58:42Z
13489,13,2026-08-04T09:58:44Z
13490,13,2026-08-04T09:58:46Z
13491,13,2026-08-04T09:58:48Z
13492,14,2026-08-04T09:58:50Z
13493,13,2026-08-04T09:58:52Z
13494,14,2026-08-04T09:58:54Z
13495,17,2026-08-04T09:58:56Z
13496,17,2026-08-04T09:58:58Z
13497,18,2026-08-04T09:59:00Z
13498,19,2026-08-04T09:59:02Z
13499,19,2026-08-04T09:59:04Z
13500,19,2026-08-04T09:59:06Z
13501,21,2026-08-04T09:59:08Z
13502,21,2026-08-04T09:59:10Z
13503,23,2026-08-04T09:59:12Z
13504,22,2026-08-04T09:59:14Z
13505,25,2026-08-04T09:59:16Z
13506,25,2026-08-04T09:59:18Z
13507,28,2026-08-04T09:59:20Z
13508,30,2026-08-04T09:59:22Z
13509,30,2026-08-04T09:59:24Z
13510,30,2026-08-04T09:59:26Z
13511,29,2026-08-04T09:59:28Z
13512,30,2026-08-04T09:59:30Z
13513,29,2026-08-04T09:59:32Z
13514,28,2026-08-04T09:59:34Z
13515,26,2026-08-04T09:59:36Z
13516,27,2026-08-04T09:59:38Z
13517,26,2026-08-04T09:59:40Z
13518,26,2026-08-04T09:59:42Z
13519,25,2026-08-04T09:59:44Z
13520,24,2026-08-04T09:59:46Z
13521,25,2026-08-04T09:59:48Z
13522,26,2026-08-04T09:59:50Z
13523,21,2026-08-04T09:59:52Z
13524,22,2026-08-04T09:59:54Z
13525,22,2026-08-04T09:59:56Z
13526,21,2026-08-04T09:59:58Z
13527,22,2026-08-04T10:00:00Z
13528,24,2026-08-04T10:00:02Z
13529,22,2026-08-04T10:00:04Z
13530,24,2026-08-04T10:00:06Z
13531,21,2026-08-04T10:00:08Z
13532,21,2026-08-04T10:00:10Z
13533,20,2026-08-04T10:00:12Z
13534,20,2026-08-04T10:00:14Z
13535,18,2026-08-04T10:00:16Z
13536,17,2026-08-04T10:00:18Z
13537,16,2026-08-04T10:00:20Z
13538,17,2026-08-04T10:00:22Z
13539,19,2026-08-04T10:00:24Z
13540,18,2026-08-04T10:00:26Z
13541,16,2026-08-04T10:00:28Z
13542,16,2026-08-04T10:00:30Z
13543,16,2026-08-04T10:00:32Z
13544,16,2026-08-04T10:00:34Z
13545,17,2026-08-04T10:00:36Z
13546,18,2026-08-04T10:00:38Z
13547,16,2026-08-04T10:00:40Z
13548,16,2026-08-04T10:00:42Z
13549,18,2026-08-04T10:00:44Z
13550,17,2026-08-04T10:00:46Z
13551,17,2026-08-04T10:00:48Z
13552,16,2026-08-04T10:00:50Z
13553,16,2026-08-04T10:00:52Z
13554,15,2026-08-04T10:00:54Z
13555,17,2026-08-04T10:00:56Z
13556,19,2026-08-04T10:00:58Z
13557,16,2026-08-04T10:01:00Z
13558,16,2026-08-04T10:01:02Z
13559,17,2026-08-04T10:01:04Z
13560,16,2026-08-04T10:01:06Z
13561,16,2026-08-04T10:01:08Z
13562,16,2026-08-04T10:01:10Z
13563,16,2026-08-04T10:01:12Z
13564,19,2026-08-04T10:01:14Z
13565,15,2026-08-04T10:01:16Z
13566,16,2026-08-04T10:01:18Z
13567,16,2026-08-04T10:01:20Z
13568,18,2026-08-04T10:01:23Z
13569,17,2026-08-04T10:01:25Z
13570,19,2026-08-04T10:01:27Z
13571,16,2026-08-04T10:01:29Z
13572,16,2026-08-04T10:01:31Z
13573,17,2026-08-04T10:01:33Z
13574,18,2026-08-04T10:01:35Z
13575,15,2026-08-04T10:01:37Z
13576,16,2026-08-04T10:01:39Z
13577,14,2026-08-04T10:01:41Z
13578,14,2026-08-04T10:01:43Z
13579,15,2026-08-04T10:01:45Z
13580,14,2026-08-04T10:01:47Z
13581,15,2026-08-04T10:01:49Z
13582,15,2026-08-04T10:01:51Z
13583,16,2026-08-04T10:01:53Z
13584,14,2026-08-04T10:01:55Z
13585,13,2026-08-04T10:01:57Z
13586,13,2026-08-04T10:01:59Z
13587,13,2026-08-04T10:02:01Z
13588,13,2026-08-04T10:02:03Z
13589,12,2026-08-04T10:02:05Z
13590,14,2026-08-04T10:02:07Z
13591,12,2026-08-04T10:02:09Z
13592,14,2026-08-04T10:02:11Z
13593,12,2026-08-04T10:02:13Z
13594,12,2026-08-04T10:02:15Z
13595,15,2026-08-04T10:02:17Z
13596,15,2026-08-04T10:02:19Z
13597,15,2026-08-04T10:02:21Z
13598,15,2026-08-04T10:02:23Z
13599,18,2026-08-04T10:02:25Z
13600,17,2026-08-04T10:02:27Z
13601,18,2026-08-04T10:02:29Z
13602,18,2026-08-04T10:02:31Z
13603,18,2026-08-04T10:02:33Z
13604,20,2026-08-04T10:02:35Z
13605,20,2026-08-04T10:02:37Z
13606,19,2026-08-04T10:02:39Z
13607,22,2026-08-04T10:02:41Z
13608,21,2026-08-04T10:02:43Z
13609,20,2026-08-04T10:02:45Z
13610,19,2026-08-04T10:02:47Z
13611,19,2026-08-04T10:02:49Z
13612,17,2026-08-04T10:02:51Z
13613,17,2026-08-04T10:02:53Z
13614,17,2026-08-04T10:02:55Z
13615,17,2026-08-04T10:02:57Z
13616,18,2026-08-04T10:02:59Z
13617,16,2026-08-04T10:03:01Z
13618,16,2026-08-04T10:03:03Z
13619,16,2026-08-04T10:03:05Z
13620,17,2026-08-04T10:03:07Z
13621,16,2026-08-04T10:03:09Z
13622,16,2026-08-04T10:03:11Z
13623,17,2026-08-04T10:03:13Z
13624,16,2026-08-04T10:03:15Z
13625,17,2026-08-04T10:03:17Z
13626,17,2026-08-04T10:03:19Z
13627,15,2026-08-04T10:03:21Z
13628,15,2026-08-04T10:03:23Z
13629,16,2026-08-04T10:03:25Z
13630,15,2026-08-04T10:03:27Z
13631,16,2026-08-04T10:03:29Z
13632,16,2026-08-04T10:03:31Z
13633,17,2026-08-04T10:03:33Z
13634,17,2026-08-04T10:03:35Z
13635,16,2026-08-04T10:03:37Z
13636,20,2026-08-04T10:03:39Z
13637,17,2026-08-04T10:03:41Z
13638,16,2026-08-04T10:03:43Z
13639,16,2026-08-04T10:03:45Z
13640,16,2026-08-04T10:03:47Z
13641,17,2026-08-04T10:03:49Z
13642,16,2026-08-04T10:03:51Z
13643,16,2026-08-04T10:03:53Z
13644,15,2026-08-04T10:03:55Z
13645,17,2026-08-04T10:03:57Z
13646,15,2026-08-04T10:03:59Z
13647,16,2026-08-04T10:04:01Z
13648,17,2026-08-04T10:04:03Z
13649,19,2026-08-04T10:04:05Z
13650,16,2026-08-04T10:04:07Z
13651,17,2026-08-04T10:04:09Z
13652,17,2026-08-04T10:04:11Z
13653,18,2026-08-04T10:04:13Z
13654,20,2026-08-04T10:04:15Z
13655,19,2026-08-04T10:04:17Z
13656,18,2026-08-04T10:04:19Z
13657,17,2026-08-04T10:04:21Z
13658,19,2026-08-04T10:04:23Z
13659,19,2026-08-04T10:04:25Z
13660,21,2026-08-04T10:04:27Z
13661,21,2026-08-04T10:04:29Z
13662,20,2026-08-04T10:04:31Z
13663,21,2026-08-04T10:04:33Z
13664,19,2026-08-04T10:04:35Z
13665,19,2026-08-04T10:04:37Z
13666,20,2026-08-04T10:04:39Z
13667,21,2026-08-04T10:04:41Z
13668,19,2026-08-04T10:04:43Z
13669,19,2026-08-04T10:04:45Z
13670,19,2026-08-04T10:04:47Z
13671,16,2026-08-04T10:04:49Z
13672,16,2026-08-04T10:04:51Z
13673,16,2026-08-04T10:04:53Z
13674,16,2026-08-04T10:04:55Z
13675,17,2026-08-04T10:04:57Z
13676,16,2026-08-04T10:04:59Z
13677,16,2026-08-04T10:05:01Z
13678,18,2026-08-04T10:05:03Z
13679,20,2026-08-04T10:05:05Z
13680,16,2026-08-04T10:05:07Z
13681,16,2026-08-04T10:05:09Z
13682,17,2026-08-04T10:05:11Z
13683,16,2026-08-04T10:05:13Z
13684,16,2026-08-04T10:05:15Z
13685,16,2026-08-04T10:05:17Z
13686,17,2026-08-04T10:05:19Z
13687,17,2026-08-04T10:05:21Z
13688,16,2026-08-04T10:05:23Z
13689,14,2026-08-04T10:05:25Z
13690,16,2026-08-04T10:05:27Z
13691,17,2026-08-04T10:05:29Z
13692,18,2026-08-04T10:05:31Z
13693,20,2026-08-04T10:05:33Z
13694,19,2026-08-04T10:05:35Z
13695,17,2026-08-04T10:05:37Z
13696,17,2026-08-04T10:05:39Z
13697,15,2026-08-04T10:05:41Z
13698,16,2026-08-04T10:05:43Z
13699,15,2026-08-04T10:05:45Z
13700,19,2026-08-04T10:05:47Z
13701,17,2026-08-04T10:05:49Z
13702,17,2026-08-04T10:05:51Z
13703,16,2026-08-04T10:05:53Z
13704,17,2026-08-04T10:05:55Z
13705,21,2026-08-04T10:05:57Z
13706,17,2026-08-04T10:05:59Z
13707,17,2026-08-04T10:06:01Z
13708,17,2026-08-04T10:06:03Z
13709,22,2026-08-04T10:06:05Z
13710,20,2026-08-04T10:06:07Z
13711,16,2026-08-04T10:06:09Z
13712,16,2026-08-04T10:06:11Z
13713,16,2026-08-04T10:06:13Z
13714,18,2026-08-04T10:06:15Z
13715,17,2026-08-04T10:06:17Z
13716,18,2026-08-04T10:06:19Z
13717,16,2026-08-04T10:06:21Z
13718,15,2026-08-04T10:06:23Z
13719,16,2026-08-04T10:06:25Z
13720,16,2026-08-04T10:06:27Z
13721,17,2026-08-04T10:06:29Z
13722,19,2026-08-04T10:06:31Z
13723,18,2026-08-04T10:06:33Z
13724,19,2026-08-04T10:06:35Z
13725,22,2026-08-04T10:06:37Z
13726,25,2026-08-04T10:06:39Z
13727,23,2026-08-04T10:06:41Z
13728,24,2026-08-04T10:06:43Z
13729,26,2026-08-04T10:06:45Z
13730,28,2026-08-04T10:06:47Z
13731,29,2026-08-04T10:06:49Z
13732,26,2026-08-04T10:06:51Z
13733,24,2026-08-04T10:06:53Z
13734,22,2026-08-04T10:06:55Z
13735,23,2026-08-04T10:06:57Z
13736,25,2026-08-04T10:06:59Z
13737,24,2026-08-04T10:07:01Z
13738,26,2026-08-04T10:07:03Z
13739,21,2026-08-04T10:07:05Z
13740,22,2026-08-04T10:07:07Z
13741,26,2026-08-04T10:07:09Z
13742,20,2026-08-04T10:07:11Z
13743,20,2026-08-04T10:07:13Z
13744,21,2026-08-04T10:07:15Z
13745,23,2026-08-04T10:07:17Z
13746,20,2026-08-04T10:07:19Z
13747,17,2026-08-04T10:07:21Z
13748,17,2026-08-04T10:07:23Z
13749,17,2026-08-04T10:07:25Z
13750,18,2026-08-04T10:07:27Z
13751,18,2026-08-04T10:07:29Z
13752,15,2026-08-04T10:07:31Z
13753,16,2026-08-04T10:07:33Z
13754,15,2026-08-04T10:07:35Z
13755,16,2026-08-04T10:07:37Z
13756,15,2026-08-04T10:07:39Z
13757,15,2026-08-04T10:07:41Z
13758,17,2026-08-04T10:07:43Z
13759,15,2026-08-04T10:07:45Z
13760,16,2026-08-04T10:07:47Z
13761,16,2026-08-04T10:07:49Z
13762,15,2026-08-04T10:07:51Z
13763,15,2026-08-04T10:07:53Z
13764,15,2026-08-04T10:07:55Z
13765,16,2026-08-04T10:07:57Z
13766,17,2026-08-04T10:07:59Z
13767,17,2026-08-04T10:08:01Z
13768,16,2026-08-04T10:08:03Z
13769,15,2026-08-04T10:08:05Z
13770,17,2026-08-04T10:08:07Z
13771,16,2026-08-04T10:08:09Z
13772,16,2026-08-04T10:08:11Z
13773,18,2026-08-04T10:08:13Z
13774,16,2026-08-04T10:08:15Z
13775,15,2026-08-04T10:08:17Z
13776,15,2026-08-04T10:08:19Z
13777,15,2026-08-04T10:08:21Z
13778,15,2026-08-04T10:08:23Z
13779,14,2026-08-04T10:08:25Z
13780,14,2026-08-04T10:08:27Z
13781,16,2026-08-04T10:08:29Z
13782,15,2026-08-04T10:08:31Z
13783,14,2026-08-04T10:08:33Z
13784,16,2026-08-04T10:08:35Z
13785,16,2026-08-04T10:08:37Z
13786,18,2026-08-04T10:08:39Z
13787,19,2026-08-04T10:08:41Z
13788,18,2026-08-04T10:08:43Z
13789,22,2026-08-04T10:08:45Z
13790,23,2026-08-04T10:08:47Z
13791,24,2026-08-04T10:08:49Z
13792,24,2026-08-04T10:08:51Z
13793,26,2026-08-04T10:08:53Z
13794,21,2026-08-04T10:08:55Z
13795,23,2026-08-04T10:08:57Z
13796,22,2026-08-04T10:08:59Z
13797,21,2026-08-04T10:09:01Z
13798,19,2026-08-04T10:09:03Z
13799,18,2026-08-04T10:09:05Z
13800,19,2026-08-04T10:09:07Z
13801,19,2026-08-04T10:09:09Z
13802,19,2026-08-04T10:09:11Z
13803,18,2026-08-04T10:09:13Z
13804,18,2026-08-04T10:09:15Z
13805,18,2026-08-04T10:09:17Z
13806,16,2026-08-04T10:09:19Z
13807,16,2026-08-04T10:09:21Z
13808,16,2026-08-04T10:09:23Z
13809,15,2026-08-04T10:09:25Z
13810,17,2026-08-04T10:09:27Z
13811,15,2026-08-04T10:09:29Z
13812,15,2026-08-04T10:09:31Z
13813,16,2026-08-04T10:09:33Z
13814,17,2026-08-04T10:09:35Z
13815,16,2026-08-04T10:09:37Z
13816,16,2026-08-04T10:09:39Z
13817,18,2026-08-04T10:09:41Z
13818,19,2026-08-04T10:09:43Z
13819,19,2026-08-04T10:09:45Z
13820,18,2026-08-04T10:09:47Z
13821,19,2026-08-04T10:09:49Z
13822,20,2026-08-04T10:09:51Z
13823,19,2026-08-04T10:09:53Z
13824,18,2026-08-04T10:09:55Z
13825,21,2026-08-04T10:09:57Z
13826,20,2026-08-04T10:09:59Z
13827,21,2026-08-04T10:10:01Z
13828,23,2026-08-04T10:10:03Z
13829,22,2026-08-04T10:10:05Z
13830,23,2026-08-04T10:10:07Z
13831,25,2026-08-04T10:10:09Z
13832,27,2026-08-04T10:10:11Z
13833,27,2026-08-04T10:10:13Z
13834,26,2026-08-04T10:10:15Z
13835,29,2026-08-04T10:10:17Z
13836,26,2026-08-04T10:10:19Z
13837,30,2026-08-04T10:10:21Z
13838,27,2026-08-04T10:10:23Z
13839,25,2026-08-04T10:10:25Z
13840,26,2026-08-04T10:10:27Z
13841,27,2026-08-04T10:10:29Z
13842,26,2026-08-04T10:10:31Z
13843,23,2026-08-04T10:10:33Z
13844,22,2026-08-04T10:10:35Z
13845,22,2026-08-04T10:10:37Z
13846,21,2026-08-04T10:10:39Z
13847,22,2026-08-04T10:10:41Z
13848,20,2026-08-04T10:10:43Z
13849,20,2026-08-04T10:10:45Z
13850,18,2026-08-04T10:10:47Z
13851,18,2026-08-04T10:10:49Z
13852,18,2026-08-04T10:10:51Z
13853,16,2026-08-04T10:10:53Z
13854,17,2026-08-04T10:10:55Z
13855,16,2026-08-04T10:10:57Z
13856,16,2026-08-04T10:11:00Z
13857,19,2026-08-04T10:11:02Z
13858,17,2026-08-04T10:11:04Z
13859,17,2026-08-04T10:11:06Z
13860,19,2026-08-04T10:11:08Z
13861,16,2026-08-04T10:11:10Z
13862,17,2026-08-04T10:11:12Z
13863,16,2026-08-04T10:11:14Z
13864,16,2026-08-04T10:11:16Z
13865,16,2026-08-04T10:11:18Z
13866,16,2026-08-04T10:11:20Z
13867,17,2026-08-04T10:11:22Z
13868,18,2026-08-04T10:11:24Z
13869,18,2026-08-04T10:11:26Z
13870,16,2026-08-04T10:11:28Z
13871,19,2026-08-04T10:11:30Z
13872,20,2026-08-04T10:11:32Z
13873,17,2026-08-04T10:11:34Z
13874,16,2026-08-04T10:11:36Z
13875,19,2026-08-04T10:11:38Z
13876,19,2026-08-04T10:11:40Z
13877,17,2026-08-04T10:11:42Z
13878,18,2026-08-04T10:11:44Z
13879,18,2026-08-04T10:11:46Z
13880,18,2026-08-04T10:11:48Z
13881,17,2026-08-04T10:11:50Z
13882,18,2026-08-04T10:11:52Z
13883,17,2026-08-04T10:11:54Z
13884,16,2026-08-04T10:11:56Z
13885,15,2026-08-04T10:11:58Z
13886,17,2026-08-04T10:12:00Z
13887,16,2026-08-04T10:12:02Z
13888,16,2026-08-04T10:12:04Z
13889,16,2026-08-04T10:12:06Z
13890,19,2026-08-04T10:12:08Z
13891,17,2026-08-04T10:12:10Z
13892,19,2026-08-04T10:12:12Z
13893,18,2026-08-04T10:12:14Z
13894,18,2026-08-04T10:12:16Z
13895,20,2026-08-04T10:12:18Z
13896,19,2026-08-04T10:12:20Z
13897,20,2026-08-04T10:12:22Z
13898,21,2026-08-04T10:12:24Z
13899,24,2026-08-04T10:12:26Z
13900,25,2026-08-04T10:12:28Z
13901,23,2026-08-04T10:12:30Z
13902,21,2026-08-04T10:12:32Z
13903,24,2026-08-04T10:12:34Z
13904,26,2026-08-04T10:12:36Z
13905,25,2026-08-04T10:12:38Z
13906,24,2026-08-04T10:12:40Z
13907,26,2026-08-04T10:12:42Z
13908,26,2026-08-04T10:12:44Z
13909,29,2026-08-04T10:12:46Z
13910,28,2026-08-04T10:12:48Z
13911,27,2026-08-04T10:12:50Z
13912,28,2026-08-04T10:12:52Z
13913,27,2026-08-04T10:12:54Z
13914,27,2026-08-04T10:12:56Z
13915,25,2026-08-04T10:12:58Z
13916,26,2026-08-04T10:13:00Z
13917,23,2026-08-04T10:13:02Z
13918,23,2026-08-04T10:13:04Z
13919,23,2026-08-04T10:13:06Z
13920,24,2026-08-04T10:13:08Z
13921,25,2026-08-04T10:13:10Z
13922,25,2026-08-04T10:13:12Z
13923,21,2026-08-04T10:13:14Z
13924,22,2026-08-04T10:13:16Z
13925,22,2026-08-04T10:13:18Z
13926,20,2026-08-04T10:13:20Z
13927,20,2026-08-04T10:13:22Z
13928,20,2026-08-04T10:13:24Z
13929,20,2026-08-04T10:13:26Z
13930,19,2026-08-04T10:13:28Z
13931,19,2026-08-04T10:13:30Z
13932,20,2026-08-04T10:13:32Z
13933,23,2026-08-04T10:13:34Z
13934,24,2026-08-04T10:13:36Z
13935,21,2026-08-04T10:13:38Z
13936,18,2026-08-04T10:13:40Z
13937,18,2026-08-04T10:13:42Z
13938,17,2026-08-04T10:13:44Z
13939,17,2026-08-04T10:13:46Z
13940,16,2026-08-04T10:13:48Z
13941,15,2026-08-04T10:13:50Z
13942,15,2026-08-04T10:13:52Z
13943,15,2026-08-04T10:13:54Z
13944,15,2026-08-04T10:13:56Z
13945,14,2026-08-04T10:13:58Z
13946,17,2026-08-04T10:14:00Z
13947,15,2026-08-04T10:14:02Z
13948,15,2026-08-04T10:14:04Z
13949,16,2026-08-04T10:14:06Z
13950,18,2026-08-04T10:14:08Z
13951,17,2026-08-04T10:14:10Z
13952,18,2026-08-04T10:14:12Z
13953,16,2026-08-04T10:14:14Z
13954,15,2026-08-04T10:14:16Z
13955,16,2026-08-04T10:14:18Z
13956,18,2026-08-04T10:14:20Z
13957,15,2026-08-04T10:14:22Z
13958,14,2026-08-04T10:14:24Z
13959,18,2026-08-04T10:14:26Z
13960,18,2026-08-04T10:14:28Z
13961,19,2026-08-04T10:14:30Z
13962,18,2026-08-04T10:14:32Z
13963,20,2026-08-04T10:14:34Z
13964,21,2026-08-04T10:14:36Z
13965,23,2026-08-04T10:14:38Z
13966,25,2026-08-04T10:14:40Z
13967,23,2026-08-04T10:14:42Z
13968,24,2026-08-04T10:14:44Z
13969,23,2026-08-04T10:14:46Z
13970,24,2026-08-04T10:14:48Z
13971,22,2026-08-04T10:14:50Z
13972,26,2026-08-04T10:14:52Z
13973,21,2026-08-04T10:14:54Z
13974,21,2026-08-04T10:14:56Z
13975,22,2026-08-04T10:14:58Z
13976,23,2026-08-04T10:15:00Z
13977,24,2026-08-04T10:15:02Z
13978,26,2026-08-04T10:15:04Z
13979,23,2026-08-04T10:15:06Z
13980,26,2026-08-04T10:15:08Z
13981,26,2026-08-04T10:15:10Z
13982,24,2026-08-04T10:15:12Z
13983,27,2026-08-04T10:15:14Z
13984,28,2026-08-04T10:15:16Z
13985,29,2026-08-04T10:15:18Z
13986,25,2026-08-04T10:15:20Z
13987,23,2026-08-04T10:15:22Z
13988,23,2026-08-04T10:15:24Z
13989,22,2026-08-04T10:15:26Z
13990,21,2026-08-04T10:15:28Z
13991,21,2026-08-04T10:15:30Z
13992,20,2026-08-04T10:15:32Z
13993,19,2026-08-04T10:15:34Z
13994,22,2026-08-04T10:15:36Z
13995,21,2026-08-04T10:15:38Z
13996,21,2026-08-04T10:15:40Z
13997,21,2026-08-04T10:15:42Z
13998,23,2026-08-04T10:15:44Z
13999,22,2026-08-04T10:15:46Z
14000,22,2026-08-04T10:15:48Z
14001,22,2026-08-04T10:15:50Z
14002,22,2026-08-04T10:15:52Z
14003,23,2026-08-04T10:15:54Z
14004,21,2026-08-04T10:15:56Z
14005,22,2026-08-04T10:15:58Z
14006,24,2026-08-04T10:16:00Z
14007,24,2026-08-04T10:16:02Z
14008,20,2026-08-04T10:16:04Z
14009,20,2026-08-04T10:16:06Z
14010,21,2026-08-04T10:16:08Z
14011,21,2026-08-04T10:16:10Z
14012,19,2026-08-04T10:16:12Z
14013,22,2026-08-04T10:16:14Z
14014,22,2026-08-04T10:16:16Z
14015,21,2026-08-04T10:16:18Z
14016,22,2026-08-04T10:16:20Z
14017,22,2026-08-04T10:16:22Z
14018,22,2026-08-04T10:16:24Z
14019,21,2026-08-04T10:16:26Z
14020,22,2026-08-04T10:16:28Z
14021,22,2026-08-04T10:16:30Z
14022,21,2026-08-04T10:16:32Z
14023,21,2026-08-04T10:16:34Z
14024,23,2026-08-04T10:16:36Z
14025,24,2026-08-04T10:16:38Z
14026,21,2026-08-04T10:16:40Z
14027,22,2026-08-04T10:16:42Z
14028,22,2026-08-04T10:16:44Z
14029,22,2026-08-04T10:16:46Z
14030,24,2026-08-04T10:16:48Z
14031,21,2026-08-04T10:16:50Z
14032,22,2026-08-04T10:16:52Z
14033,22,2026-08-04T10:16:54Z
14034,20,2026-08-04T10:16:56Z
14035,21,2026-08-04T10:16:58Z
14036,20,2026-08-04T10:17:00Z
14037,21,2026-08-04T10:17:02Z
14038,22,2026-08-04T10:17:04Z
14039,22,2026-08-04T10:17:06Z
14040,23,2026-08-04T10:17:08Z
14041,19,2026-08-04T10:17:10Z
14042,18,2026-08-04T10:17:12Z
14043,17,2026-08-04T10:17:14Z
14044,17,2026-08-04T10:17:16Z
14045,16,2026-08-04T10:17:18Z
14046,17,2026-08-04T10:17:20Z
14047,16,2026-08-04T10:17:22Z
14048,15,2026-08-04T10:17:24Z
14049,18,2026-08-04T10:17:26Z
14050,17,2026-08-04T10:17:28Z
14051,20,2026-08-04T10:17:30Z
14052,17,2026-08-04T10:17:32Z
14053,18,2026-08-04T10:17:34Z
14054,18,2026-08-04T10:17:36Z
14055,20,2026-08-04T10:17:38Z
14056,22,2026-08-04T10:17:40Z
14057,19,2026-08-04T10:17:42Z
14058,21,2026-08-04T10:17:44Z
14059,19,2026-08-04T10:17:46Z
14060,21,2026-08-04T10:17:48Z
14061,20,2026-08-04T10:17:50Z
14062,22,2026-08-04T10:17:52Z
14063,24,2026-08-04T10:17:54Z
14064,22,2026-08-04T10:17:56Z
14065,23,2026-08-04T10:17:58Z
14066,19,2026-08-04T10:18:00Z
14067,21,2026-08-04T10:18:02Z
14068,20,2026-08-04T10:18:04Z
14069,20,2026-08-04T10:18:06Z
14070,20,2026-08-04T10:18:08Z
14071,22,2026-08-04T10:18:10Z
14072,21,2026-08-04T10:18:12Z
14073,22,2026-08-04T10:18:14Z
14074,23,2026-08-04T10:18:16Z
14075,23,2026-08-04T10:18:18Z
14076,25,2026-08-04T10:18:20Z
14077,24,2026-08-04T10:18:22Z
14078,26,2026-08-04T10:18:24Z
14079,25,2026-08-04T10:18:26Z
14080,25,2026-08-04T10:18:28Z
14081,28,2026-08-04T10:18:30Z
14082,27,2026-08-04T10:18:32Z
14083,26,2026-08-04T10:18:34Z
14084,25,2026-08-04T10:18:36Z
14085,24,2026-08-04T10:18:38Z
14086,23,2026-08-04T10:18:40Z
14087,25,2026-08-04T10:18:42Z
14088,25,2026-08-04T10:18:44Z
14089,21,2026-08-04T10:18:46Z
14090,20,2026-08-04T10:18:48Z
14091,19,2026-08-04T10:18:50Z
14092,18,2026-08-04T10:18:52Z
14093,18,2026-08-04T10:18:54Z
14094,18,2026-08-04T10:18:56Z
14095,20,2026-08-04T10:18:58Z
14096,17,2026-08-04T10:19:00Z
14097,17,2026-08-04T10:19:02Z
14098,15,2026-08-04T10:19:04Z
14099,17,2026-08-04T10:19:06Z
14100,16,2026-08-04T10:19:08Z
14101,16,2026-08-04T10:19:10Z
14102,16,2026-08-04T10:19:12Z
14103,14,2026-08-04T10:19:14Z
14104,14,2026-08-04T10:19:16Z
14105,17,2026-08-04T10:19:18Z
14106,16,2026-08-04T10:19:20Z
14107,16,2026-08-04T10:19:22Z
14108,15,2026-08-04T10:19:24Z
14109,17,2026-08-04T10:19:26Z
14110,18,2026-08-04T10:19:28Z
14111,17,2026-08-04T10:19:30Z
14112,18,2026-08-04T10:19:32Z
14113,15,2026-08-04T10:19:34Z
14114,16,2026-08-04T10:19:36Z
14115,16,2026-08-04T10:19:38Z
14116,16,2026-08-04T10:19:40Z
14117,18,2026-08-04T10:19:42Z
14118,19,2026-08-04T10:19:44Z
14119,19,2026-08-04T10:19:46Z
14120,18,2026-08-04T10:19:48Z
14121,18,2026-08-04T10:19:50Z
14122,18,2026-08-04T10:19:52Z
14123,17,2026-08-04T10:19:54Z
14124,17,2026-08-04T10:19:56Z
14125,17,2026-08-04T10:19:58Z
14126,20,2026-08-04T10:20:00Z
14127,17,2026-08-04T10:20:02Z
14128,16,2026-08-04T10:20:04Z
14129,18,2026-08-04T10:20:06Z
14130,18,2026-08-04T10:20:08Z
14131,18,2026-08-04T10:20:10Z
14132,18,2026-08-04T10:20:12Z
14133,17,2026-08-04T10:20:14Z
14134,16,2026-08-04T10:20:16Z
14135,18,2026-08-04T10:20:18Z
14136,17,2026-08-04T10:20:20Z
14137,16,2026-08-04T10:20:22Z
14138,17,2026-08-04T10:20:24Z
14139,16,2026-08-04T10:20:26Z
14140,17,2026-08-04T10:20:28Z
14141,18,2026-08-04T10:20:30Z
14142,19,2026-08-04T10:20:32Z
14143,17,2026-08-04T10:20:35Z
14144,19,2026-08-04T10:20:37Z
14145,18,2026-08-04T10:20:39Z
14146,16,2026-08-04T10:20:41Z
14147,16,2026-08-04T10:20:43Z
14148,19,2026-08-04T10:20:45Z
14149,18,2026-08-04T10:20:47Z
14150,18,2026-08-04T10:20:49Z
14151,17,2026-08-04T10:20:51Z
14152,16,2026-08-04T10:20:53Z
14153,16,2026-08-04T10:20:55Z
14154,18,2026-08-04T10:20:57Z
14155,22,2026-08-04T10:20:59Z
14156,21,2026-08-04T10:21:01Z
14157,22,2026-08-04T10:21:03Z
14158,22,2026-08-04T10:21:05Z
14159,22,2026-08-04T10:21:07Z
14160,24,2026-08-04T10:21:09Z
14161,24,2026-08-04T10:21:11Z
14162,23,2026-08-04T10:21:13Z
14163,22,2026-08-04T10:21:15Z
14164,24,2026-08-04T10:21:17Z
14165,21,2026-08-04T10:21:19Z
14166,20,2026-08-04T10:21:21Z
14167,19,2026-08-04T10:21:23Z
14168,18,2026-08-04T10:21:25Z
14169,19,2026-08-04T10:21:27Z
14170,20,2026-08-04T10:21:29Z
14171,21,2026-08-04T10:21:31Z
14172,22,2026-08-04T10:21:33Z
14173,20,2026-08-04T10:21:35Z
14174,22,2026-08-04T10:21:37Z
14175,26,2026-08-04T10:21:39Z
14176,24,2026-08-04T10:21:41Z
14177,25,2026-08-04T10:21:43Z
14178,25,2026-08-04T10:21:45Z
14179,25,2026-08-04T10:21:47Z
14180,24,2026-08-04T10:21:49Z
14181,24,2026-08-04T10:21:51Z
14182,20,2026-08-04T10:21:53Z
14183,19,2026-08-04T10:21:55Z
14184,20,2026-08-04T10:21:57Z
14185,21,2026-08-04T10:21:59Z
14186,21,2026-08-04T10:22:01Z
14187,21,2026-08-04T10:22:03Z
14188,20,2026-08-04T10:22:05Z
14189,21,2026-08-04T10:22:07Z
14190,23,2026-08-04T10:22:09Z
14191,20,2026-08-04T10:22:11Z
14192,18,2026-08-04T10:22:13Z
14193,18,2026-08-04T10:22:15Z
14194,17,2026-08-04T10:22:17Z
14195,18,2026-08-04T10:22:19Z
14196,17,2026-08-04T10:22:21Z
14197,19,2026-08-04T10:22:23Z
14198,18,2026-08-04T10:22:25Z
14199,18,2026-08-04T10:22:27Z
14200,18,2026-08-04T10:22:29Z
14201,19,2026-08-04T10:22:31Z
14202,19,2026-08-04T10:22:33Z
14203,19,2026-08-04T10:22:35Z
14204,18,2026-08-04T10:22:37Z
14205,20,2026-08-04T10:22:39Z
14206,19,2026-08-04T10:22:41Z
14207,20,2026-08-04T10:22:43Z
14208,23,2026-08-04T10:22:45Z
14209,17,2026-08-04T10:22:47Z
14210,20,2026-08-04T10:22:49Z
14211,19,2026-08-04T10:22:51Z
14212,19,2026-08-04T10:22:53Z
14213,21,2026-08-04T10:22:55Z
14214,21,2026-08-04T10:22:57Z
14215,22,2026-08-04T10:22:59Z
14216,19,2026-08-04T10:23:01Z
14217,20,2026-08-04T10:23:03Z
14218,19,2026-08-04T10:23:05Z
14219,20,2026-08-04T10:23:07Z
14220,19,2026-08-04T10:23:09Z
14221,18,2026-08-04T10:23:11Z
14222,19,2026-08-04T10:23:13Z
14223,17,2026-08-04T10:23:15Z
14224,19,2026-08-04T10:23:17Z
14225,18,2026-08-04T10:23:19Z
14226,17,2026-08-04T10:23:21Z
14227,15,2026-08-04T10:23:23Z
14228,15,2026-08-04T10:23:25Z
14229,15,2026-08-04T10:23:27Z
14230,16,2026-08-04T10:23:29Z
14231,14,2026-08-04T10:23:31Z
14232,14,2026-08-04T10:23:33Z
14233,16,2026-08-04T10:23:35Z
14234,14,2026-08-04T10:23:37Z
14235,13,2026-08-04T10:23:39Z
14236,13,2026-08-04T10:23:41Z
14237,14,2026-08-04T10:23:43Z
14238,13,2026-08-04T10:23:45Z
14239,13,2026-08-04T10:23:47Z
14240,16,2026-08-04T10:23:49Z
14241,16,2026-08-04T10:23:51Z
14242,14,2026-08-04T10:23:53Z
14243,16,2026-08-04T10:23:55Z
14244,16,2026-08-04T10:23:57Z
14245,17,2026-08-04T10:23:59Z
14246,14,2026-08-04T10:24:01Z
14247,14,2026-08-04T10:24:03Z
14248,13,2026-08-04T10:24:05Z
14249,14,2026-08-04T10:24:07Z
14250,14,2026-08-04T10:24:09Z
14251,12,2026-08-04T10:24:11Z
14252,13,2026-08-04T10:24:13Z
14253,13,2026-08-04T10:24:15Z
14254,14,2026-08-04T10:24:17Z
14255,13,2026-08-04T10:24:19Z
14256,12,2026-08-04T10:24:21Z
14257,12,2026-08-04T10:24:23Z
14258,13,2026-08-04T10:24:25Z
14259,14,2026-08-04T10:24:27Z
14260,16,2026-08-04T10:24:29Z
14261,14,2026-08-04T10:24:31Z
14262,15,2026-08-04T10:24:33Z
14263,16,2026-08-04T10:24:35Z
14264,15,2026-08-04T10:24:37Z
14265,18,2026-08-04T10:24:39Z
14266,15,2026-08-04T10:24:41Z
14267,17,2026-08-04T10:24:43Z
14268,18,2026-08-04T10:24:45Z
14269,17,2026-08-04T10:24:47Z
14270,16,2026-08-04T10:24:49Z
14271,17,2026-08-04T10:24:51Z
14272,21,2026-08-04T10:24:53Z
14273,20,2026-08-04T10:24:55Z
14274,20,2026-08-04T10:24:57Z
14275,19,2026-08-04T10:24:59Z
14276,21,2026-08-04T10:25:01Z
14277,23,2026-08-04T10:25:03Z
14278,24,2026-08-04T10:25:05Z
14279,24,2026-08-04T10:25:07Z
14280,23,2026-08-04T10:25:09Z
14281,24,2026-08-04T10:25:11Z
14282,23,2026-08-04T10:25:13Z
14283,24,2026-08-04T10:25:15Z
14284,21,2026-08-04T10:25:17Z
14285,21,2026-08-04T10:25:19Z
14286,22,2026-08-04T10:25:21Z
14287,24,2026-08-04T10:25:23Z
14288,24,2026-08-04T10:25:25Z
14289,22,2026-08-04T10:25:27Z
14290,22,2026-08-04T10:25:29Z
14291,22,2026-08-04T10:25:31Z
14292,22,2026-08-04T10:25:33Z
14293,23,2026-08-04T10:25:35Z
14294,23,2026-08-04T10:25:37Z
14295,21,2026-08-04T10:25:39Z
14296,22,2026-08-04T10:25:41Z
14297,23,2026-08-04T10:25:43Z
14298,24,2026-08-04T10:25:45Z
14299,23,2026-08-04T10:25:47Z
14300,20,2026-08-04T10:25:49Z
14301,20,2026-08-04T10:25:51Z
14302,21,2026-08-04T10:25:53Z
14303,21,2026-08-04T10:25:55Z
14304,23,2026-08-04T10:25:57Z
14305,21,2026-08-04T10:25:59Z
14306,21,2026-08-04T10:26:01Z
14307,21,2026-08-04T10:26:03Z
14308,20,2026-08-04T10:26:05Z
14309,22,2026-08-04T10:26:07Z
14310,22,2026-08-04T10:26:09Z
14311,24,2026-08-04T10:26:11Z
14312,23,2026-08-04T10:26:13Z
14313,19,2026-08-04T10:26:15Z
14314,22,2026-08-04T10:26:17Z
14315,18,2026-08-04T10:26:19Z
14316,19,2026-08-04T10:26:21Z
14317,15,2026-08-04T10:26:23Z
14318,17,2026-08-04T10:26:25Z
14319,18,2026-08-04T10:26:27Z
14320,17,2026-08-04T10:26:29Z
14321,18,2026-08-04T10:26:31Z
14322,17,2026-08-04T10:26:33Z
14323,16,2026-08-04T10:26:35Z
14324,16,2026-08-04T10:26:37Z
14325,17,2026-08-04T10:26:39Z
14326,17,2026-08-04T10:26:41Z
14327,16,2026-08-04T10:26:43Z
14328,16,2026-08-04T10:26:45Z
14329,16,2026-08-04T10:26:47Z
14330,15,2026-08-04T10:26:49Z
14331,16,2026-08-04T10:26:51Z
14332,16,2026-08-04T10:26:53Z
14333,16,2026-08-04T10:26:55Z
14334,14,2026-08-04T10:26:57Z
14335,17,2026-08-04T10:26:59Z
14336,13,2026-08-04T10:27:01Z
14337,15,2026-08-04T10:27:03Z
14338,13,2026-08-04T10:27:05Z
14339,14,2026-08-04T10:27:07Z
14340,12,2026-08-04T10:27:09Z
14341,12,2026-08-04T10:27:11Z
14342,12,2026-08-04T10:27:13Z
14343,12,2026-08-04T10:27:15Z
14344,13,2026-08-04T10:27:17Z
14345,12,2026-08-04T10:27:19Z
14346,12,2026-08-04T10:27:21Z
14347,14,2026-08-04T10:27:23Z
14348,14,2026-08-04T10:27:25Z
14349,11,2026-08-04T10:27:27Z
14350,11,2026-08-04T10:27:29Z
14351,12,2026-08-04T10:27:31Z
14352,12,2026-08-04T10:27:33Z
14353,13,2026-08-04T10:27:35Z
14354,12,2026-08-04T10:27:37Z
14355,14,2026-08-04T10:27:39Z
14356,13,2026-08-04T10:27:41Z
14357,13,2026-08-04T10:27:43Z
14358,15,2026-08-04T10:27:45Z
14359,15,2026-08-04T10:27:47Z
14360,15,2026-08-04T10:27:49Z
14361,17,2026-08-04T10:27:51Z
14362,19,2026-08-04T10:27:53Z
14363,19,2026-08-04T10:27:55Z
14364,19,2026-08-04T10:27:57Z
14365,19,2026-08-04T10:27:59Z
14366,19,2026-08-04T10:28:01Z
14367,19,2026-08-04T10:28:03Z
14368,20,2026-08-04T10:28:05Z
14369,16,2026-08-04T10:28:07Z
14370,18,2026-08-04T10:28:09Z
14371,19,2026-08-04T10:28:11Z
14372,18,2026-08-04T10:28:13Z
14373,20,2026-08-04T10:28:15Z
14374,19,2026-08-04T10:28:17Z
14375,18,2026-08-04T10:28:19Z
14376,20,2026-08-04T10:28:21Z
14377,21,2026-08-04T10:28:23Z
14378,21,2026-08-04T10:28:25Z
14379,23,2026-08-04T10:28:27Z
14380,23,2026-08-04T10:28:29Z
14381,21,2026-08-04T10:28:31Z
14382,20,2026-08-04T10:28:33Z
14383,20,2026-08-04T10:28:35Z
14384,21,2026-08-04T10:28:37Z
14385,22,2026-08-04T10:28:39Z
14386,24,2026-08-04T10:28:41Z
14387,22,2026-08-04T10:28:43Z
14388,24,2026-08-04T10:28:45Z
14389,24,2026-08-04T10:28:47Z
14390,23,2026-08-04T10:28:49Z
14391,24,2026-08-04T10:28:51Z
14392,20,2026-08-04T10:28:53Z
14393,22,2026-08-04T10:28:55Z
14394,20,2026-08-04T10:28:57Z
14395,19,2026-08-04T10:28:59Z
14396,17,2026-08-04T10:29:01Z
14397,17,2026-08-04T10:29:03Z
14398,18,2026-08-04T10:29:05Z
14399,18,2026-08-04T10:29:07Z
14400,20,2026-08-04T10:29:09Z
14401,19,2026-08-04T10:29:11Z
14402,21,2026-08-04T10:29:13Z
14403,21,2026-08-04T10:29:15Z
14404,21,2026-08-04T10:29:17Z
14405,19,2026-08-04T10:29:19Z
14406,20,2026-08-04T10:29:21Z
14407,20,2026-08-04T10:29:23Z
14408,20,2026-08-04T10:29:25Z
14409,20,2026-08-04T10:29:27Z
14410,19,2026-08-04T10:29:29Z
14411,20,2026-08-04T10:29:31Z
14412,22,2026-08-04T10:29:33Z
14413,21,2026-08-04T10:29:35Z
14414,23,2026-08-04T10:29:37Z
14415,24,2026-08-04T10:29:39Z
14416,25,2026-08-04T10:29:41Z
14417,23,2026-08-04T10:29:43Z
14418,26,2026-08-04T10:29:45Z
14419,25,2026-08-04T10:29:47Z
14420,27,2026-08-04T10:29:49Z
14421,27,2026-08-04T10:29:51Z
14422,24,2026-08-04T10:29:53Z
14423,28,2026-08-04T10:29:55Z
14424,30,2026-08-04T10:29:57Z
14425,30,2026-08-04T10:29:59Z
14426,26,2026-08-04T10:30:01Z
14427,28,2026-08-04T10:30:03Z
14428,28,2026-08-04T10:30:05Z
14429,26,2026-08-04T10:30:07Z
14430,25,2026-08-04T10:30:10Z
14431,27,2026-08-04T10:30:12Z
14432,27,2026-08-04T10:30:14Z
14433,27,2026-08-04T10:30:16Z
14434,23,2026-08-04T10:30:18Z
14435,22,2026-08-04T10:30:20Z
14436,23,2026-08-04T10:30:22Z
14437,24,2026-08-04T10:30:24Z
14438,23,2026-08-04T10:30:26Z
14439,22,2026-08-04T10:30:28Z
14440,23,2026-08-04T10:30:30Z
14441,22,2026-08-04T10:30:32Z
14442,21,2026-08-04T10:30:34Z
14443,18,2026-08-04T10:30:36Z
14444,18,2026-08-04T10:30:38Z
14445,21,2026-08-04T10:30:40Z
14446,20,2026-08-04T10:30:42Z
14447,19,2026-08-04T10:30:44Z
14448,21,2026-08-04T10:30:46Z
14449,17,2026-08-04T10:30:48Z
14450,16,2026-08-04T10:30:50Z
14451,16,2026-08-04T10:30:52Z
14452,14,2026-08-04T10:30:54Z
14453,15,2026-08-04T10:30:56Z
14454,18,2026-08-04T10:30:58Z
14455,15,2026-08-04T10:31:00Z
14456,12,2026-08-04T10:31:02Z
14457,13,2026-08-04T10:31:04Z
14458,14,2026-08-04T10:31:06Z
14459,16,2026-08-04T10:31:08Z
14460,15,2026-08-04T10:31:10Z
14461,13,2026-08-04T10:31:12Z
14462,14,2026-08-04T10:31:14Z
14463,13,2026-08-04T10:31:16Z
14464,12,2026-08-04T10:31:18Z
14465,13,2026-08-04T10:31:20Z
14466,13,2026-08-04T10:31:22Z
14467,14,2026-08-04T10:31:24Z
14468,14,2026-08-04T10:31:26Z
14469,16,2026-08-04T10:31:28Z
14470,16,2026-08-04T10:31:30Z
14471,17,2026-08-04T10:31:32Z
14472,16,2026-08-04T10:31:34Z
14473,15,2026-08-04T10:31:36Z
14474,15,2026-08-04T10:31:38Z
14475,16,2026-08-04T10:31:40Z
14476,15,2026-08-04T10:31:42Z
14477,15,2026-08-04T10:31:44Z
14478,15,2026-08-04T10:31:46Z
14479,14,2026-08-04T10:31:48Z
14480,14,2026-08-04T10:31:50Z
14481,14,2026-08-04T10:31:52Z
14482,15,2026-08-04T10:31:54Z
14483,14,2026-08-04T10:31:56Z
14484,16,2026-08-04T10:31:58Z
14485,16,2026-08-04T10:32:00Z
14486,15,2026-08-04T10:32:02Z
14487,17,2026-08-04T10:32:04Z
14488,17,2026-08-04T10:32:06Z
14489,16,2026-08-04T10:32:08Z
14490,14,2026-08-04T10:32:10Z
14491,15,2026-08-04T10:32:12Z
14492,16,2026-08-04T10:32:14Z
14493,14,2026-08-04T10:32:16Z
14494,15,2026-08-04T10:32:18Z
14495,15,2026-08-04T10:32:20Z
14496,16,2026-08-04T10:32:22Z
14497,15,2026-08-04T10:32:24Z
14498,16,2026-08-04T10:32:26Z
14499,15,2026-08-04T10:32:28Z
14500,15,2026-08-04T10:32:30Z
14501,15,2026-08-04T10:32:32Z
14502,17,2026-08-04T10:32:34Z
14503,18,2026-08-04T10:32:36Z
14504,15,2026-08-04T10:32:38Z
14505,17,2026-08-04T10:32:40Z
14506,14,2026-08-04T10:32:42Z
14507,16,2026-08-04T10:32:44Z
14508,16,2026-08-04T10:32:46Z
14509,15,2026-08-04T10:32:48Z
14510,14,2026-08-04T10:32:50Z
14511,13,2026-08-04T10:32:52Z
14512,16,2026-08-04T10:32:54Z
14513,12,2026-08-04T10:32:56Z
14514,13,2026-08-04T10:32:58Z
14515,11,2026-08-04T10:33:00Z
14516,12,2026-08-04T10:33:02Z
14517,12,2026-08-04T10:33:04Z
14518,14,2026-08-04T10:33:06Z
14519,12,2026-08-04T10:33:08Z
14520,11,2026-08-04T10:33:10Z
14521,12,2026-08-04T10:33:12Z
14522,11,2026-08-04T10:33:14Z
14523,11,2026-08-04T10:33:16Z
14524,11,2026-08-04T10:33:18Z
14525,12,2026-08-04T10:33:20Z
14526,13,2026-08-04T10:33:22Z
14527,13,2026-08-04T10:33:24Z
14528,14,2026-08-04T10:33:26Z
14529,13,2026-08-04T10:33:28Z
14530,18,2026-08-04T10:33:30Z
14531,16,2026-08-04T10:33:32Z
14532,17,2026-08-04T10:33:34Z
14533,18,2026-08-04T10:33:36Z
14534,18,2026-08-04T10:33:38Z
14535,19,2026-08-04T10:33:40Z
14536,20,2026-08-04T10:33:42Z
14537,15,2026-08-04T10:33:44Z
14538,15,2026-08-04T10:33:46Z
14539,19,2026-08-04T10:33:48Z
14540,19,2026-08-04T10:33:50Z
14541,19,2026-08-04T10:33:52Z
14542,18,2026-08-04T10:33:54Z
14543,21,2026-08-04T10:33:56Z
14544,20,2026-08-04T10:33:58Z
14545,20,2026-08-04T10:34:00Z
14546,20,2026-08-04T10:34:02Z
14547,20,2026-08-04T10:34:04Z
14548,22,2026-08-04T10:34:06Z
14549,21,2026-08-04T10:34:08Z
14550,24,2026-08-04T10:34:10Z
14551,23,2026-08-04T10:34:12Z
14552,22,2026-08-04T10:34:14Z
14553,22,2026-08-04T10:34:16Z
14554,25,2026-08-04T10:34:18Z
14555,25,2026-08-04T10:34:20Z
14556,24,2026-08-04T10:34:22Z
14557,23,2026-08-04T10:34:24Z
14558,24,2026-08-04T10:34:26Z
14559,22,2026-08-04T10:34:28Z
14560,23,2026-08-04T10:34:30Z
14561,23,2026-08-04T10:34:32Z
14562,21,2026-08-04T10:34:34Z
14563,23,2026-08-04T10:34:36Z
14564,20,2026-08-04T10:34:38Z
14565,20,2026-08-04T10:34:40Z
14566,19,2026-08-04T10:34:42Z
14567,20,2026-08-04T10:34:44Z
14568,21,2026-08-04T10:34:46Z
14569,20,2026-08-04T10:34:48Z
14570,20,2026-08-04T10:34:50Z
14571,19,2026-08-04T10:34:52Z
14572,19,2026-08-04T10:34:54Z
14573,18,2026-08-04T10:34:56Z
14574,19,2026-08-04T10:34:58Z
14575,18,2026-08-04T10:35:00Z
14576,17,2026-08-04T10:35:02Z
14577,17,2026-08-04T10:35:04Z
14578,17,2026-08-04T10:35:06Z
14579,17,2026-08-04T10:35:08Z
14580,17,2026-08-04T10:35:10Z
14581,17,2026-08-04T10:35:12Z
14582,19,2026-08-04T10:35:14Z
14583,17,2026-08-04T10:35:16Z
14584,19,2026-08-04T10:35:18Z
14585,17,2026-08-04T10:35:20Z
14586,16,2026-08-04T10:35:22Z
14587,15,2026-08-04T10:35:24Z
14588,14,2026-08-04T10:35:26Z
14589,14,2026-08-04T10:35:28Z
14590,14,2026-08-04T10:35:30Z
14591,14,2026-08-04T10:35:32Z
14592,15,2026-08-04T10:35:34Z
14593,15,2026-08-04T10:35:36Z
14594,14,2026-08-04T10:35:38Z
14595,14,2026-08-04T10:35:40Z
14596,14,2026-08-04T10:35:42Z
14597,14,2026-08-04T10:35:44Z
14598,16,2026-08-04T10:35:46Z
14599,14,2026-08-04T10:35:48Z
14600,15,2026-08-04T10:35:50Z
14601,14,2026-08-04T10:35:52Z
14602,13,2026-08-04T10:35:54Z
14603,12,2026-08-04T10:35:56Z
14604,12,2026-08-04T10:35:58Z
14605,13,2026-08-04T10:36:00Z
14606,12,2026-08-04T10:36:02Z
14607,12,2026-08-04T10:36:04Z
14608,13,2026-08-04T10:36:06Z
14609,12,2026-08-04T10:36:08Z
14610,12,2026-08-04T10:36:10Z
14611,12,2026-08-04T10:36:12Z
14612,13,2026-08-04T10:36:14Z
14613,12,2026-08-04T10:36:16Z
14614,12,2026-08-04T10:36:18Z
14615,13,2026-08-04T10:36:20Z
14616,15,2026-08-04T10:36:22Z
14617,14,2026-08-04T10:36:24Z
14618,15,2026-08-04T10:36:26Z
14619,14,2026-08-04T10:36:28Z
14620,18,2026-08-04T10:36:30Z
14621,17,2026-08-04T10:36:32Z
14622,13,2026-08-04T10:36:34Z
14623,13,2026-08-04T10:36:36Z
14624,13,2026-08-04T10:36:38Z
14625,17,2026-08-04T10:36:40Z
14626,13,2026-08-04T10:36:42Z
14627,14,2026-08-04T10:36:44Z
14628,13,2026-08-04T10:36:46Z
14629,15,2026-08-04T10:36:48Z
14630,14,2026-08-04T10:36:50Z
14631,15,2026-08-04T10:36:52Z
14632,14,2026-08-04T10:36:54Z
14633,15,2026-08-04T10:36:56Z
14634,17,2026-08-04T10:36:58Z
14635,15,2026-08-04T10:37:00Z
14636,15,2026-08-04T10:37:02Z
14637,14,2026-08-04T10:37:04Z
14638,16,2026-08-04T10:37:06Z
14639,16,2026-08-04T10:37:08Z
14640,17,2026-08-04T10:37:10Z
14641,15,2026-08-04T10:37:12Z
14642,15,2026-08-04T10:37:14Z
14643,18,2026-08-04T10:37:16Z
14644,15,2026-08-04T10:37:18Z
14645,16,2026-08-04T10:37:20Z
14646,15,2026-08-04T10:37:22Z
14647,16,2026-08-04T10:37:24Z
14648,17,2026-08-04T10:37:26Z
14649,17,2026-08-04T10:37:28Z
14650,16,2026-08-04T10:37:30Z
14651,17,2026-08-04T10:37:32Z
14652,18,2026-08-04T10:37:34Z
14653,15,2026-08-04T10:37:36Z
14654,16,2026-08-04T10:37:38Z
14655,15,2026-08-04T10:37:40Z
14656,18,2026-08-04T10:37:42Z
14657,18,2026-08-04T10:37:44Z
14658,17,2026-08-04T10:37:46Z
14659,15,2026-08-04T10:37:48Z
14660,16,2026-08-04T10:37:50Z
14661,19,2026-08-04T10:37:52Z
14662,19,2026-08-04T10:37:54Z
14663,19,2026-08-04T10:37:56Z
14664,18,2026-08-04T10:37:58Z
14665,23,2026-08-04T10:38:00Z
14666,21,2026-08-04T10:38:02Z
14667,22,2026-08-04T10:38:04Z
14668,20,2026-08-04T10:38:06Z
14669,24,2026-08-04T10:38:08Z
14670,24,2026-08-04T10:38:10Z
14671,24,2026-08-04T10:38:12Z
14672,21,2026-08-04T10:38:14Z
14673,21,2026-08-04T10:38:16Z
14674,23,2026-08-04T10:38:18Z
14675,24,2026-08-04T10:38:20Z
14676,24,2026-08-04T10:38:22Z
14677,22,2026-08-04T10:38:24Z
14678,23,2026-08-04T10:38:26Z
14679,24,2026-08-04T10:38:28Z
14680,21,2026-08-04T10:38:30Z
14681,22,2026-08-04T10:38:32Z
14682,20,2026-08-04T10:38:34Z
14683,22,2026-08-04T10:38:36Z
14684,21,2026-08-04T10:38:38Z
14685,23,2026-08-04T10:38:40Z
14686,20,2026-08-04T10:38:42Z
14687,19,2026-08-04T10:38:44Z
14688,21,2026-08-04T10:38:46Z
14689,20,2026-08-04T10:38:48Z
14690,19,2026-08-04T10:38:50Z
14691,20,2026-08-04T10:38:52Z
14692,21,2026-08-04T10:38:54Z
14693,21,2026-08-04T10:38:56Z
14694,22,2026-08-04T10:38:58Z
14695,23,2026-08-04T10:39:00Z
14696,22,2026-08-04T10:39:02Z
14697,19,2026-08-04T10:39:04Z
14698,21,2026-08-04T10:39:06Z
14699,17,2026-08-04T10:39:08Z
14700,17,2026-08-04T10:39:10Z
14701,18,2026-08-04T10:39:12Z
14702,19,2026-08-04T10:39:14Z
14703,17,2026-08-04T10:39:16Z
14704,18,2026-08-04T10:39:18Z
14705,19,2026-08-04T10:39:20Z
14706,21,2026-08-04T10:39:22Z
14707,17,2026-08-04T10:39:24Z
14708,18,2026-08-04T10:39:26Z
14709,18,2026-08-04T10:39:28Z
14710,20,2026-08-04T10:39:30Z
14711,19,2026-08-04T10:39:32Z
14712,20,2026-08-04T10:39:34Z
14713,22,2026-08-04T10:39:36Z
14714,18,2026-08-04T10:39:38Z
14715,18,2026-08-04T10:39:40Z
14716,19,2026-08-04T10:39:42Z
14717,17,2026-08-04T10:39:44Z
14718,16,2026-08-04T10:39:47Z
14719,17,2026-08-04T10:39:49Z
14720,16,2026-08-04T10:39:51Z
14721,17,2026-08-04T10:39:53Z
14722,15,2026-08-04T10:39:55Z
14723,17,2026-08-04T10:39:57Z
14724,15,2026-08-04T10:39:59Z
14725,17,2026-08-04T10:40:01Z
14726,14,2026-08-04T10:40:03Z
14727,14,2026-08-04T10:40:05Z
14728,13,2026-08-04T10:40:07Z
14729,13,2026-08-04T10:40:09Z
14730,13,2026-08-04T10:40:11Z
14731,13,2026-08-04T10:40:13Z
14732,13,2026-08-04T10:40:15Z
14733,13,2026-08-04T10:40:17Z
14734,13,2026-08-04T10:40:19Z
14735,14,2026-08-04T10:40:21Z
14736,12,2026-08-04T10:40:23Z
14737,14,2026-08-04T10:40:25Z
14738,13,2026-08-04T10:40:27Z
14739,13,2026-08-04T10:40:29Z
14740,11,2026-08-04T10:40:31Z
14741,15,2026-08-04T10:40:33Z
14742,11,2026-08-04T10:40:35Z
14743,11,2026-08-04T10:40:37Z
14744,11,2026-08-04T10:40:39Z
14745,12,2026-08-04T10:40:41Z
14746,12,2026-08-04T10:40:43Z
14747,11,2026-08-04T10:40:45Z
14748,11,2026-08-04T10:40:47Z
14749,12,2026-08-04T10:40:49Z
14750,13,2026-08-04T10:40:51Z
14751,12,2026-08-04T10:40:53Z
14752,13,2026-08-04T10:40:55Z
14753,13,2026-08-04T10:40:57Z
14754,12,2026-08-04T10:40:59Z
14755,12,2026-08-04T10:41:01Z
14756,12,2026-08-04T10:41:03Z
14757,12,2026-08-04T10:41:05Z
14758,11,2026-08-04T10:41:07Z
14759,11,2026-08-04T10:41:09Z
14760,11,2026-08-04T10:41:11Z
14761,12,2026-08-04T10:41:13Z
14762,12,2026-08-04T10:41:15Z
14763,14,2026-08-04T10:41:17Z
14764,13,2026-08-04T10:41:19Z
14765,13,2026-08-04T10:41:21Z
14766,12,2026-08-04T10:41:23Z
14767,15,2026-08-04T10:41:25Z
14768,14,2026-08-04T10:41:27Z
14769,12,2026-08-04T10:41:29Z
14770,13,2026-08-04T10:41:31Z
14771,15,2026-08-04T10:41:33Z
14772,16,2026-08-04T10:41:35Z
14773,15,2026-08-04T10:41:37Z
14774,15,2026-08-04T10:41:39Z
14775,17,2026-08-04T10:41:41Z
14776,20,2026-08-04T10:41:43Z
14777,20,2026-08-04T10:41:45Z
14778,19,2026-08-04T10:41:47Z
14779,19,2026-08-04T10:41:49Z
14780,21,2026-08-04T10:41:51Z
14781,23,2026-08-04T10:41:53Z
14782,22,2026-08-04T10:41:55Z
14783,21,2026-08-04T10:41:57Z
14784,23,2026-08-04T10:41:59Z
14785,25,2026-08-04T10:42:01Z
14786,24,2026-08-04T10:42:03Z
14787,20,2026-08-04T10:42:05Z
14788,20,2026-08-04T10:42:07Z
14789,20,2026-08-04T10:42:09Z
14790,18,2026-08-04T10:42:11Z
14791,18,2026-08-04T10:42:13Z
14792,19,2026-08-04T10:42:15Z
14793,21,2026-08-04T10:42:17Z
14794,21,2026-08-04T10:42:19Z
14795,21,2026-08-04T10:42:21Z
14796,18,2026-08-04T10:42:23Z
14797,20,2026-08-04T10:42:25Z
14798,20,2026-08-04T10:42:27Z
14799,19,2026-08-04T10:42:29Z
14800,19,2026-08-04T10:42:31Z
14801,20,2026-08-04T10:42:33Z
14802,22,2026-08-04T10:42:35Z
14803,19,2026-08-04T10:42:37Z
14804,19,2026-08-04T10:42:39Z
14805,19,2026-08-04T10:42:41Z
14806,20,2026-08-04T10:42:43Z
14807,21,2026-08-04T10:42:45Z
14808,17,2026-08-04T10:42:47Z
14809,16,2026-08-04T10:42:49Z
14810,15,2026-08-04T10:42:51Z
14811,15,2026-08-04T10:42:53Z
14812,15,2026-08-04T10:42:55Z
14813,15,2026-08-04T10:42:57Z
14814,16,2026-08-04T10:42:59Z
14815,18,2026-08-04T10:43:01Z
14816,16,2026-08-04T10:43:03Z
14817,15,2026-08-04T10:43:05Z
14818,16,2026-08-04T10:43:07Z
14819,15,2026-08-04T10:43:09Z
14820,16,2026-08-04T10:43:11Z
14821,15,2026-08-04T10:43:13Z
14822,16,2026-08-04T10:43:15Z
14823,17,2026-08-04T10:43:17Z
14824,18,2026-08-04T10:43:19Z
14825,16,2026-08-04T10:43:21Z
14826,14,2026-08-04T10:43:23Z
14827,14,2026-08-04T10:43:25Z
14828,15,2026-08-04T10:43:27Z
14829,13,2026-08-04T10:43:29Z
14830,13,2026-08-04T10:43:31Z
14831,15,2026-08-04T10:43:33Z
14832,14,2026-08-04T10:43:35Z
14833,15,2026-08-04T10:43:37Z
14834,15,2026-08-04T10:43:39Z
14835,16,2026-08-04T10:43:41Z
14836,13,2026-08-04T10:43:43Z
14837,13,2026-08-04T10:43:45Z
14838,14,2026-08-04T10:43:47Z
14839,16,2026-08-04T10:43:49Z
14840,14,2026-08-04T10:43:51Z
14841,14,2026-08-04T10:43:53Z
14842,14,2026-08-04T10:43:55Z
14843,15,2026-08-04T10:43:57Z
14844,16,2026-08-04T10:43:59Z
14845,14,2026-08-04T10:44:01Z
14846,13,2026-08-04T10:44:03Z
14847,11,2026-08-04T10:44:05Z
14848,12,2026-08-04T10:44:07Z
14849,11,2026-08-04T10:44:09Z
14850,11,2026-08-04T10:44:11Z
14851,11,2026-08-04T10:44:13Z
14852,10,2026-08-04T10:44:15Z
14853,12,2026-08-04T10:44:17Z
14854,12,2026-08-04T10:44:19Z
14855,12,2026-08-04T10:44:21Z
14856,11,2026-08-04T10:44:23Z
14857,13,2026-08-04T10:44:25Z
14858,13,2026-08-04T10:44:27Z
14859,14,2026-08-04T10:44:29Z
14860,13,2026-08-04T10:44:31Z
14861,13,2026-08-04T10:44:33Z
14862,14,2026-08-04T10:44:35Z
14863,11,2026-08-04T10:44:37Z
14864,12,2026-08-04T10:44:39Z
14865,12,2026-08-04T10:44:41Z
14866,14,2026-08-04T10:44:43Z
14867,15,2026-08-04T10:44:45Z
14868,15,2026-08-04T10:44:47Z
14869,13,2026-08-04T10:44:49Z
14870,14,2026-08-04T10:44:51Z
14871,16,2026-08-04T10:44:53Z
14872,14,2026-08-04T10:44:55Z
14873,16,2026-08-04T10:44:57Z
14874,17,2026-08-04T10:44:59Z
14875,19,2026-08-04T10:45:01Z
14876,18,2026-08-04T10:45:03Z
14877,20,2026-08-04T10:45:05Z
14878,19,2026-08-04T10:45:07Z
14879,19,2026-08-04T10:45:09Z
14880,20,2026-08-04T10:45:11Z
14881,21,2026-08-04T10:45:13Z
14882,21,2026-08-04T10:45:15Z
14883,22,2026-08-04T10:45:17Z
14884,22,2026-08-04T10:45:19Z
14885,20,2026-08-04T10:45:21Z
14886,21,2026-08-04T10:45:23Z
14887,22,2026-08-04T10:45:25Z
14888,22,2026-08-04T10:45:27Z
14889,23,2026-08-04T10:45:29Z
14890,22,2026-08-04T10:45:31Z
14891,22,2026-08-04T10:45:33Z
14892,22,2026-08-04T10:45:35Z
14893,20,2026-08-04T10:45:37Z
14894,20,2026-08-04T10:45:39Z
14895,26,2026-08-04T10:45:41Z
14896,26,2026-08-04T10:45:43Z
14897,24,2026-08-04T10:45:45Z
14898,23,2026-08-04T10:45:47Z
14899,25,2026-08-04T10:45:49Z
14900,27,2026-08-04T10:45:51Z
14901,24,2026-08-04T10:45:53Z
14902,21,2026-08-04T10:45:55Z
14903,22,2026-08-04T10:45:57Z
14904,23,2026-08-04T10:45:59Z
14905,22,2026-08-04T10:46:01Z
14906,23,2026-08-04T10:46:03Z
14907,23,2026-08-04T10:46:05Z
14908,22,2026-08-04T10:46:07Z
14909,23,2026-08-04T10:46:09Z
14910,23,2026-08-04T10:46:11Z
14911,21,2026-08-04T10:46:13Z
14912,22,2026-08-04T10:46:15Z
14913,22,2026-08-04T10:46:17Z
14914,22,2026-08-04T10:46:19Z
14915,21,2026-08-04T10:46:21Z
14916,20,2026-08-04T10:46:23Z
14917,19,2026-08-04T10:46:25Z
14918,18,2026-08-04T10:46:27Z
14919,17,2026-08-04T10:46:29Z
14920,16,2026-08-04T10:46:31Z
14921,16,2026-08-04T10:46:33Z
14922,16,2026-08-04T10:46:35Z
14923,16,2026-08-04T10:46:37Z
14924,16,2026-08-04T10:46:39Z
14925,16,2026-08-04T10:46:41Z
14926,17,2026-08-04T10:46:43Z
14927,17,2026-08-04T10:46:45Z
14928,15,2026-08-04T10:46:47Z
14929,14,2026-08-04T10:46:49Z
14930,14,2026-08-04T10:46:51Z
14931,15,2026-08-04T10:46:53Z
14932,13,2026-08-04T10:46:55Z
14933,14,2026-08-04T10:46:57Z
14934,13,2026-08-04T10:46:59Z
14935,13,2026-08-04T10:47:01Z
14936,13,2026-08-04T10:47:03Z
14937,13,2026-08-04T10:47:05Z
14938,13,2026-08-04T10:47:07Z
14939,14,2026-08-04T10:47:09Z
14940,13,2026-08-04T10:47:11Z
14941,13,2026-08-04T10:47:13Z
14942,13,2026-08-04T10:47:15Z
14943,14,2026-08-04T10:47:17Z
14944,15,2026-08-04T10:47:19Z
14945,16,2026-08-04T10:47:21Z
14946,12,2026-08-04T10:47:23Z
14947,13,2026-08-04T10:47:25Z
14948,12,2026-08-04T10:47:27Z
14949,12,2026-08-04T10:47:29Z
14950,12,2026-08-04T10:47:31Z
14951,12,2026-08-04T10:47:33Z
14952,12,2026-08-04T10:47:35Z
14953,11,2026-08-04T10:47:37Z
14954,11,2026-08-04T10:47:39Z
14955,13,2026-08-04T10:47:41Z
14956,11,2026-08-04T10:47:43Z
14957,11,2026-08-04T10:47:45Z
14958,12,2026-08-04T10:47:47Z
14959,13,2026-08-04T10:47:49Z
14960,12,2026-08-04T10:47:51Z
14961,12,2026-08-04T10:47:53Z
14962,12,2026-08-04T10:47:55Z
14963,13,2026-08-04T10:47:57Z
14964,11,2026-08-04T10:47:59Z
14965,11,2026-08-04T10:48:01Z
14966,12,2026-08-04T10:48:03Z
14967,12,2026-08-04T10:48:05Z
14968,12,2026-08-04T10:48:07Z
14969,12,2026-08-04T10:48:09Z
14970,14,2026-08-04T10:48:11Z
14971,15,2026-08-04T10:48:13Z
14972,15,2026-08-04T10:48:15Z
14973,16,2026-08-04T10:48:17Z
14974,17,2026-08-04T10:48:19Z
14975,16,2026-08-04T10:48:21Z
14976,15,2026-08-04T10:48:23Z
14977,15,2026-08-04T10:48:25Z
14978,15,2026-08-04T10:48:27Z
14979,15,2026-08-04T10:48:29Z
14980,18,2026-08-04T10:48:31Z
14981,15,2026-08-04T10:48:33Z
14982,16,2026-08-04T10:48:35Z
14983,15,2026-08-04T10:48:37Z
14984,16,2026-08-04T10:48:39Z
14985,16,2026-08-04T10:48:41Z
14986,18,2026-08-04T10:48:43Z
14987,17,2026-08-04T10:48:45Z
14988,18,2026-08-04T10:48:47Z
14989,19,2026-08-04T10:48:49Z
14990,16,2026-08-04T10:48:51Z
14991,18,2026-08-04T10:48:53Z
14992,18,2026-08-04T10:48:55Z
14993,18,2026-08-04T10:48:57Z
14994,19,2026-08-04T10:48:59Z
14995,21,2026-08-04T10:49:01Z
14996,19,2026-08-04T10:49:03Z
14997,20,2026-08-04T10:49:05Z
14998,21,2026-08-04T10:49:07Z
14999,21,2026-08-04T10:49:09Z
15000,22,2026-08-04T10:49:11Z
15001,23,2026-08-04T10:49:13Z
15002,21,2026-08-04T10:49:15Z
15003,20,2026-08-04T10:49:17Z
15004,20,2026-08-04T10:49:19Z
15005,20,2026-08-04T10:49:22Z
15006,22,2026-08-04T10:49:24Z
15007,19,2026-08-04T10:49:26Z
15008,22,2026-08-04T10:49:28Z
15009,21,2026-08-04T10:49:30Z
15010,22,2026-08-04T10:49:32Z
15011,22,2026-08-04T10:49:34Z
15012,23,2026-08-04T10:49:36Z
15013,23,2026-08-04T10:49:38Z
15014,23,2026-08-04T10:49:40Z
15015,20,2026-08-04T10:49:42Z
15016,20,2026-08-04T10:49:44Z
15017,21,2026-08-04T10:49:46Z
15018,20,2026-08-04T10:49:48Z
15019,19,2026-08-04T10:49:50Z
15020,20,2026-08-04T10:49:52Z
15021,18,2026-08-04T10:49:54Z
15022,19,2026-08-04T10:49:56Z
15023,18,2026-08-04T10:49:58Z
15024,21,2026-08-04T10:50:00Z
15025,17,2026-08-04T10:50:02Z
15026,16,2026-08-04T10:50:04Z
15027,16,2026-08-04T10:50:06Z
15028,17,2026-08-04T10:50:08Z
15029,16,2026-08-04T10:50:10Z
15030,15,2026-08-04T10:50:12Z
15031,15,2026-08-04T10:50:14Z
15032,18,2026-08-04T10:50:16Z
15033,17,2026-08-04T10:50:18Z
15034,17,2026-08-04T10:50:20Z
15035,17,2026-08-04T10:50:22Z
15036,20,2026-08-04T10:50:24Z
15037,15,2026-08-04T10:50:26Z
15038,15,2026-08-04T10:50:28Z
15039,15,2026-08-04T10:50:30Z
15040,17,2026-08-04T10:50:32Z
15041,18,2026-08-04T10:50:34Z
15042,16,2026-08-04T10:50:36Z
15043,16,2026-08-04T10:50:38Z
15044,16,2026-08-04T10:50:40Z
15045,14,2026-08-04T10:50:42Z
15046,14,2026-08-04T10:50:44Z
15047,14,2026-08-04T10:50:46Z
15048,15,2026-08-04T10:50:48Z
15049,13,2026-08-04T10:50:50Z
15050,13,2026-08-04T10:50:52Z
15051,15,2026-08-04T10:50:54Z
15052,14,2026-08-04T10:50:56Z
15053,13,2026-08-04T10:50:58Z
15054,13,2026-08-04T10:51:00Z
15055,12,2026-08-04T10:51:02Z
15056,12,2026-08-04T10:51:04Z
15057,12,2026-08-04T10:51:06Z
15058,14,2026-08-04T10:51:08Z
15059,13,2026-08-04T10:51:10Z
15060,14,2026-08-04T10:51:12Z
15061,14,2026-08-04T10:51:14Z
15062,13,2026-08-04T10:51:16Z
15063,11,2026-08-04T10:51:18Z
15064,12,2026-08-04T10:51:20Z
15065,14,2026-08-04T10:51:22Z
15066,13,2026-08-04T10:51:24Z
15067,14,2026-08-04T10:51:26Z
15068,16,2026-08-04T10:51:28Z
15069,17,2026-08-04T10:51:30Z
15070,17,2026-08-04T10:51:32Z
15071,16,2026-08-04T10:51:34Z
15072,15,2026-08-04T10:51:36Z
15073,17,2026-08-04T10:51:38Z
15074,19,2026-08-04T10:51:40Z
15075,16,2026-08-04T10:51:42Z
15076,17,2026-08-04T10:51:44Z
15077,17,2026-08-04T10:51:46Z
15078,19,2026-08-04T10:51:48Z
15079,15,2026-08-04T10:51:50Z
15080,16,2026-08-04T10:51:52Z
15081,12,2026-08-04T10:51:54Z
15082,15,2026-08-04T10:51:56Z
15083,14,2026-08-04T10:51:58Z
15084,13,2026-08-04T10:52:00Z
15085,14,2026-08-04T10:52:02Z
15086,15,2026-08-04T10:52:04Z
15087,17,2026-08-04T10:52:06Z
15088,15,2026-08-04T10:52:08Z
15089,17,2026-08-04T10:52:10Z
15090,17,2026-08-04T10:52:12Z
15091,23,2026-08-04T10:52:14Z
15092,22,2026-08-04T10:52:16Z
15093,21,2026-08-04T10:52:18Z
15094,22,2026-08-04T10:52:20Z
15095,24,2026-08-04T10:52:22Z
15096,27,2026-08-04T10:52:24Z
15097,25,2026-08-04T10:52:26Z
15098,24,2026-08-04T10:52:28Z
15099,26,2026-08-04T10:52:30Z
15100,27,2026-08-04T10:52:32Z
15101,22,2026-08-04T10:52:34Z
15102,22,2026-08-04T10:52:36Z
15103,23,2026-08-04T10:52:38Z
15104,21,2026-08-04T10:52:40Z
15105,23,2026-08-04T10:52:42Z
15106,24,2026-08-04T10:52:44Z
15107,24,2026-08-04T10:52:46Z
15108,23,2026-08-04T10:52:48Z
15109,23,2026-08-04T10:52:50Z
15110,23,2026-08-04T10:52:52Z
15111,25,2026-08-04T10:52:54Z
15112,24,2026-08-04T10:52:56Z
15113,24,2026-08-04T10:52:58Z
15114,24,2026-08-04T10:53:00Z
15115,24,2026-08-04T10:53:02Z
15116,23,2026-08-04T10:53:04Z
15117,25,2026-08-04T10:53:06Z
15118,25,2026-08-04T10:53:08Z
15119,23,2026-08-04T10:53:10Z
15120,24,2026-08-04T10:53:12Z
15121,20,2026-08-04T10:53:14Z
15122,24,2026-08-04T10:53:16Z
15123,22,2026-08-04T10:53:18Z
15124,24,2026-08-04T10:53:20Z
15125,20,2026-08-04T10:53:22Z
15126,20,2026-08-04T10:53:24Z
15127,17,2026-08-04T10:53:26Z
15128,18,2026-08-04T10:53:28Z
15129,17,2026-08-04T10:53:30Z
15130,18,2026-08-04T10:53:32Z
15131,21,2026-08-04T10:53:34Z
15132,18,2026-08-04T10:53:36Z
15133,17,2026-08-04T10:53:38Z
15134,16,2026-08-04T10:53:40Z
15135,18,2026-08-04T10:53:42Z
15136,16,2026-08-04T10:53:44Z
15137,16,2026-08-04T10:53:46Z
15138,15,2026-08-04T10:53:48Z
15139,16,2026-08-04T10:53:50Z
15140,15,2026-08-04T10:53:52Z
15141,17,2026-08-04T10:53:54Z
15142,17,2026-08-04T10:53:56Z
15143,18,2026-08-04T10:53:58Z
15144,15,2026-08-04T10:54:00Z
15145,16,2026-08-04T10:54:02Z
15146,14,2026-08-04T10:54:04Z
15147,15,2026-08-04T10:54:06Z
15148,15,2026-08-04T10:54:08Z
15149,16,2026-08-04T10:54:10Z
15150,15,2026-08-04T10:54:12Z
15151,20,2026-08-04T10:54:14Z
15152,17,2026-08-04T10:54:16Z
15153,17,2026-08-04T10:54:18Z
15154,18,2026-08-04T10:54:20Z
15155,16,2026-08-04T10:54:22Z
15156,19,2026-08-04T10:54:24Z
15157,20,2026-08-04T10:54:26Z
15158,20,2026-08-04T10:54:28Z
15159,19,2026-08-04T10:54:30Z
15160,18,2026-08-04T10:54:32Z
15161,19,2026-08-04T10:54:34Z
15162,19,2026-08-04T10:54:36Z
15163,20,2026-08-04T10:54:38Z
15164,20,2026-08-04T10:54:40Z
15165,21,2026-08-04T10:54:42Z
15166,20,2026-08-04T10:54:44Z
15167,19,2026-08-04T10:54:46Z
15168,20,2026-08-04T10:54:48Z
15169,22,2026-08-04T10:54:50Z
15170,21,2026-08-04T10:54:52Z
15171,18,2026-08-04T10:54:54Z
15172,18,2026-08-04T10:54:56Z
15173,18,2026-08-04T10:54:58Z
15174,15,2026-08-04T10:55:00Z
15175,15,2026-08-04T10:55:02Z
15176,16,2026-08-04T10:55:04Z
15177,15,2026-08-04T10:55:06Z
15178,17,2026-08-04T10:55:08Z
15179,16,2026-08-04T10:55:10Z
15180,16,2026-08-04T10:55:12Z
15181,17,2026-08-04T10:55:14Z
15182,21,2026-08-04T10:55:16Z
15183,20,2026-08-04T10:55:18Z
15184,19,2026-08-04T10:55:20Z
15185,20,2026-08-04T10:55:22Z
15186,22,2026-08-04T10:55:24Z
15187,24,2026-08-04T10:55:26Z
15188,21,2026-08-04T10:55:28Z
15189,23,2026-08-04T10:55:30Z
15190,23,2026-08-04T10:55:32Z
15191,23,2026-08-04T10:55:34Z
15192,24,2026-08-04T10:55:36Z
15193,24,2026-08-04T10:55:38Z
15194,26,2026-08-04T10:55:40Z
15195,24,2026-08-04T10:55:42Z
15196,27,2026-08-04T10:55:44Z
15197,29,2026-08-04T10:55:46Z
15198,24,2026-08-04T10:55:48Z
15199,23,2026-08-04T10:55:50Z
15200,23,2026-08-04T10:55:52Z
15201,24,2026-08-04T10:55:54Z
15202,24,2026-08-04T10:55:56Z
15203,25,2026-08-04T10:55:58Z
15204,26,2026-08-04T10:56:00Z
15205,26,2026-08-04T10:56:02Z
15206,26,2026-08-04T10:56:04Z
15207,26,2026-08-04T10:56:06Z
15208,27,2026-08-04T10:56:08Z
15209,30,2026-08-04T10:56:10Z
15210,23,2026-08-04T10:56:12Z
15211,23,2026-08-04T10:56:14Z
15212,26,2026-08-04T10:56:16Z
15213,26,2026-08-04T10:56:18Z
15214,24,2026-08-04T10:56:20Z
15215,26,2026-08-04T10:56:22Z
15216,26,2026-08-04T10:56:24Z
15217,26,2026-08-04T10:56:26Z
15218,24,2026-08-04T10:56:28Z
15219,26,2026-08-04T10:56:30Z
15220,28,2026-08-04T10:56:32Z
15221,29,2026-08-04T10:56:34Z
15222,29,2026-08-04T10:56:36Z
15223,28,2026-08-04T10:56:38Z
15224,22,2026-08-04T10:56:40Z
15225,22,2026-08-04T10:56:42Z
15226,22,2026-08-04T10:56:44Z
15227,22,2026-08-04T10:56:46Z
15228,21,2026-08-04T10:56:48Z
15229,22,2026-08-04T10:56:50Z
15230,23,2026-08-04T10:56:52Z
15231,23,2026-08-04T10:56:54Z
15232,20,2026-08-04T10:56:56Z
15233,19,2026-08-04T10:56:58Z
15234,22,2026-08-04T10:57:00Z
15235,21,2026-08-04T10:57:02Z
15236,20,2026-08-04T10:57:04Z
15237,20,2026-08-04T10:57:06Z
15238,20,2026-08-04T10:57:08Z
15239,21,2026-08-04T10:57:10Z
15240,19,2026-08-04T10:57:12Z
15241,21,2026-08-04T10:57:14Z
15242,19,2026-08-04T10:57:16Z
15243,20,2026-08-04T10:57:18Z
15244,18,2026-08-04T10:57:20Z
15245,19,2026-08-04T10:57:22Z
15246,17,2026-08-04T10:57:24Z
15247,18,2026-08-04T10:57:26Z
15248,17,2026-08-04T10:57:28Z
15249,20,2026-08-04T10:57:30Z
15250,18,2026-08-04T10:57:32Z
15251,18,2026-08-04T10:57:34Z
15252,19,2026-08-04T10:57:36Z
15253,19,2026-08-04T10:57:38Z
15254,18,2026-08-04T10:57:40Z
15255,19,2026-08-04T10:57:42Z
15256,19,2026-08-04T10:57:44Z
15257,19,2026-08-04T10:57:46Z
15258,21,2026-08-04T10:57:48Z
15259,17,2026-08-04T10:57:50Z
15260,18,2026-08-04T10:57:52Z
15261,19,2026-08-04T10:57:54Z
15262,21,2026-08-04T10:57:56Z
15263,18,2026-08-04T10:57:58Z
15264,20,2026-08-04T10:58:00Z
15265,16,2026-08-04T10:58:02Z
15266,16,2026-08-04T10:58:04Z
15267,16,2026-08-04T10:58:06Z
15268,18,2026-08-04T10:58:08Z
15269,18,2026-08-04T10:58:10Z
15270,20,2026-08-04T10:58:12Z
15271,22,2026-08-04T10:58:14Z
15272,21,2026-08-04T10:58:16Z
15273,21,2026-08-04T10:58:18Z
15274,21,2026-08-04T10:58:20Z
15275,20,2026-08-04T10:58:22Z
15276,22,2026-08-04T10:58:24Z
15277,22,2026-08-04T10:58:26Z
15278,21,2026-08-04T10:58:28Z
15279,21,2026-08-04T10:58:30Z
15280,21,2026-08-04T10:58:32Z
15281,22,2026-08-04T10:58:34Z
15282,22,2026-08-04T10:58:36Z
15283,24,2026-08-04T10:58:38Z
15284,25,2026-08-04T10:58:40Z
15285,23,2026-08-04T10:58:42Z
15286,23,2026-08-04T10:58:44Z
15287,24,2026-08-04T10:58:46Z
15288,22,2026-08-04T10:58:48Z
15289,21,2026-08-04T10:58:50Z
15290,20,2026-08-04T10:58:52Z
15291,21,2026-08-04T10:58:54Z
15292,20,2026-08-04T10:58:57Z
15293,22,2026-08-04T10:58:59Z
15294,19,2026-08-04T10:59:01Z
15295,20,2026-08-04T10:59:03Z
15296,20,2026-08-04T10:59:05Z
15297,20,2026-08-04T10:59:07Z
15298,20,2026-08-04T10:59:09Z
15299,19,2026-08-04T10:59:11Z
15300,22,2026-08-04T10:59:13Z
15301,20,2026-08-04T10:59:15Z
15302,24,2026-08-04T10:59:17Z
15303,21,2026-08-04T10:59:19Z
15304,23,2026-08-04T10:59:21Z
15305,22,2026-08-04T10:59:23Z
15306,23,2026-08-04T10:59:25Z
15307,21,2026-08-04T10:59:27Z
15308,21,2026-08-04T10:59:29Z
15309,21,2026-08-04T10:59:31Z
15310,23,2026-08-04T10:59:33Z
15311,26,2026-08-04T10:59:35Z
15312,23,2026-08-04T10:59:37Z
15313,23,2026-08-04T10:59:39Z
15314,24,2026-08-04T10:59:41Z
15315,26,2026-08-04T10:59:43Z
15316,27,2026-08-04T10:59:45Z
15317,27,2026-08-04T10:59:47Z
15318,24,2026-08-04T10:59:49Z
15319,32,2026-08-04T10:59:51Z
15320,25,2026-08-04T10:59:53Z
15321,24,2026-08-04T10:59:55Z
15322,25,2026-08-04T10:59:57Z
15323,26,2026-08-04T10:59:59Z
15324,25,2026-08-04T11:00:01Z
15325,24,2026-08-04T11:00:03Z
15326,24,2026-08-04T11:00:05Z
15327,26,2026-08-04T11:00:07Z
15328,25,2026-08-04T11:00:09Z
15329,23,2026-08-04T11:00:11Z
15330,23,2026-08-04T11:00:13Z
15331,25,2026-08-04T11:00:15Z
15332,22,2026-08-04T11:00:17Z
15333,24,2026-08-04T11:00:19Z
15334,23,2026-08-04T11:00:21Z
15335,24,2026-08-04T11:00:23Z
15336,24,2026-08-04T11:00:25Z
15337,27,2026-08-04T11:00:27Z
15338,25,2026-08-04T11:00:29Z
15339,24,2026-08-04T11:00:31Z
15340,24,2026-08-04T11:00:33Z
15341,24,2026-08-04T11:00:35Z
15342,24,2026-08-04T11:00:37Z
15343,21,2026-08-04T11:00:39Z
15344,21,2026-08-04T11:00:41Z
15345,24,2026-08-04T11:00:43Z
15346,26,2026-08-04T11:00:45Z
15347,24,2026-08-04T11:00:47Z
15348,25,2026-08-04T11:00:49Z
15349,24,2026-08-04T11:00:51Z
15350,23,2026-08-04T11:00:53Z
15351,25,2026-08-04T11:00:55Z
15352,25,2026-08-04T11:00:57Z
15353,24,2026-08-04T11:00:59Z
15354,23,2026-08-04T11:01:01Z
15355,23,2026-08-04T11:01:03Z
15356,23,2026-08-04T11:01:05Z
15357,19,2026-08-04T11:01:07Z
15358,20,2026-08-04T11:01:09Z
15359,19,2026-08-04T11:01:11Z
15360,23,2026-08-04T11:01:13Z
15361,21,2026-08-04T11:01:15Z
15362,19,2026-08-04T11:01:17Z
15363,20,2026-08-04T11:01:19Z
15364,21,2026-08-04T11:01:21Z
15365,22,2026-08-04T11:01:23Z
15366,20,2026-08-04T11:01:25Z
15367,20,2026-08-04T11:01:27Z
15368,21,2026-08-04T11:01:29Z
15369,23,2026-08-04T11:01:31Z
15370,19,2026-08-04T11:01:33Z
15371,20,2026-08-04T11:01:35Z
15372,22,2026-08-04T11:01:37Z
15373,27,2026-08-04T11:01:39Z
15374,23,2026-08-04T11:01:41Z
15375,22,2026-08-04T11:01:43Z
15376,24,2026-08-04T11:01:45Z
15377,26,2026-08-04T11:01:47Z
15378,25,2026-08-04T11:01:49Z
15379,25,2026-08-04T11:01:51Z
15380,24,2026-08-04T11:01:53Z
15381,27,2026-08-04T11:01:55Z
15382,24,2026-08-04T11:01:57Z
15383,24,2026-08-04T11:01:59Z
15384,24,2026-08-04T11:02:01Z
15385,25,2026-08-04T11:02:03Z
15386,25,2026-08-04T11:02:05Z
15387,23,2026-08-04T11:02:07Z
15388,24,2026-08-04T11:02:09Z
15389,23,2026-08-04T11:02:11Z
15390,25,2026-08-04T11:02:13Z
15391,26,2026-08-04T11:02:15Z
15392,22,2026-08-04T11:02:17Z
15393,22,2026-08-04T11:02:19Z
15394,25,2026-08-04T11:02:21Z
15395,20,2026-08-04T11:02:23Z
15396,20,2026-08-04T11:02:25Z
15397,22,2026-08-04T11:02:27Z
15398,23,2026-08-04T11:02:29Z
15399,21,2026-08-04T11:02:31Z
15400,20,2026-08-04T11:02:33Z
15401,21,2026-08-04T11:02:35Z
15402,19,2026-08-04T11:02:37Z
15403,19,2026-08-04T11:02:39Z
15404,20,2026-08-04T11:02:41Z
15405,21,2026-08-04T11:02:43Z
15406,20,2026-08-04T11:02:45Z
15407,20,2026-08-04T11:02:47Z
15408,24,2026-08-04T11:02:49Z
15409,21,2026-08-04T11:02:51Z
15410,20,2026-08-04T11:02:53Z
15411,18,2026-08-04T11:02:55Z
15412,19,2026-08-04T11:02:57Z
15413,18,2026-08-04T11:02:59Z
15414,17,2026-08-04T11:03:01Z
15415,19,2026-08-04T11:03:03Z
15416,19,2026-08-04T11:03:05Z
15417,16,2026-08-04T11:03:07Z
15418,17,2026-08-04T11:03:09Z
15419,18,2026-08-04T11:03:11Z
15420,16,2026-08-04T11:03:13Z
15421,16,2026-08-04T11:03:15Z
15422,17,2026-08-04T11:03:17Z
15423,19,2026-08-04T11:03:19Z
15424,17,2026-08-04T11:03:21Z
15425,18,2026-08-04T11:03:23Z
15426,22,2026-08-04T11:03:25Z
15427,20,2026-08-04T11:03:27Z
15428,19,2026-08-04T11:03:29Z
15429,21,2026-08-04T11:03:31Z
15430,20,2026-08-04T11:03:33Z
15431,20,2026-08-04T11:03:35Z
15432,19,2026-08-04T11:03:37Z
15433,20,2026-08-04T11:03:39Z
15434,21,2026-08-04T11:03:41Z
15435,21,2026-08-04T11:03:43Z
15436,20,2026-08-04T11:03:45Z
15437,20,2026-08-04T11:03:47Z
15438,21,2026-08-04T11:03:49Z
15439,20,2026-08-04T11:03:51Z
15440,20,2026-08-04T11:03:53Z
15441,21,2026-08-04T11:03:55Z
15442,21,2026-08-04T11:03:57Z
15443,22,2026-08-04T11:03:59Z
15444,22,2026-08-04T11:04:01Z
15445,25,2026-08-04T11:04:03Z
15446,23,2026-08-04T11:04:05Z
15447,23,2026-08-04T11:04:07Z
15448,24,2026-08-04T11:04:09Z
15449,21,2026-08-04T11:04:11Z
15450,21,2026-08-04T11:04:13Z
15451,18,2026-08-04T11:04:15Z
15452,22,2026-08-04T11:04:17Z
15453,18,2026-08-04T11:04:19Z
15454,17,2026-08-04T11:04:21Z
15455,17,2026-08-04T11:04:23Z
15456,19,2026-08-04T11:04:25Z
15457,19,2026-08-04T11:04:27Z
15458,17,2026-08-04T11:04:29Z
15459,19,2026-08-04T11:04:31Z
15460,23,2026-08-04T11:04:33Z
15461,21,2026-08-04T11:04:35Z
15462,18,2026-08-04T11:04:37Z
15463,19,2026-08-04T11:04:39Z
15464,18,2026-08-04T11:04:41Z
15465,17,2026-08-04T11:04:43Z
15466,16,2026-08-04T11:04:45Z
15467,16,2026-08-04T11:04:47Z
15468,17,2026-08-04T11:04:49Z
15469,15,2026-08-04T11:04:51Z
15470,16,2026-08-04T11:04:53Z
15471,16,2026-08-04T11:04:55Z
15472,16,2026-08-04T11:04:57Z
15473,14,2026-08-04T11:04:59Z
15474,16,2026-08-04T11:05:01Z
15475,18,2026-08-04T11:05:03Z
15476,17,2026-08-04T11:05:05Z
15477,16,2026-08-04T11:05:07Z
15478,17,2026-08-04T11:05:09Z
15479,18,2026-08-04T11:05:11Z
15480,17,2026-08-04T11:05:13Z
15481,14,2026-08-04T11:05:15Z
15482,13,2026-08-04T11:05:17Z
15483,15,2026-08-04T11:05:19Z
15484,16,2026-08-04T11:05:21Z
15485,14,2026-08-04T11:05:23Z
15486,14,2026-08-04T11:05:25Z
15487,14,2026-08-04T11:05:27Z
15488,14,2026-08-04T11:05:29Z
15489,14,2026-08-04T11:05:31Z
15490,15,2026-08-04T11:05:33Z
15491,15,2026-08-04T11:05:35Z
15492,14,2026-08-04T11:05:37Z
15493,14,2026-08-04T11:05:39Z
15494,13,2026-08-04T11:05:41Z
15495,12,2026-08-04T11:05:43Z
15496,12,2026-08-04T11:05:45Z
15497,14,2026-08-04T11:05:47Z
15498,15,2026-08-04T11:05:49Z
15499,13,2026-08-04T11:05:51Z
15500,15,2026-08-04T11:05:53Z
15501,16,2026-08-04T11:05:55Z
15502,13,2026-08-04T11:05:57Z
15503,14,2026-08-04T11:05:59Z
15504,12,2026-08-04T11:06:01Z
15505,14,2026-08-04T11:06:03Z
15506,16,2026-08-04T11:06:05Z
15507,17,2026-08-04T11:06:07Z
15508,15,2026-08-04T11:06:09Z
15509,19,2026-08-04T11:06:11Z
15510,17,2026-08-04T11:06:13Z
15511,18,2026-08-04T11:06:15Z
15512,18,2026-08-04T11:06:17Z
15513,17,2026-08-04T11:06:19Z
15514,20,2026-08-04T11:06:21Z
15515,21,2026-08-04T11:06:23Z
15516,22,2026-08-04T11:06:25Z
15517,19,2026-08-04T11:06:27Z
15518,19,2026-08-04T11:06:29Z
15519,17,2026-08-04T11:06:31Z
15520,17,2026-08-04T11:06:33Z
15521,17,2026-08-04T11:06:35Z
15522,16,2026-08-04T11:06:37Z
15523,17,2026-08-04T11:06:39Z
15524,15,2026-08-04T11:06:41Z
15525,16,2026-08-04T11:06:43Z
15526,16,2026-08-04T11:06:45Z
15527,17,2026-08-04T11:06:47Z
15528,16,2026-08-04T11:06:49Z
15529,17,2026-08-04T11:06:51Z
15530,17,2026-08-04T11:06:53Z
15531,15,2026-08-04T11:06:55Z
15532,16,2026-08-04T11:06:57Z
15533,17,2026-08-04T11:06:59Z
15534,21,2026-08-04T11:07:01Z
15535,19,2026-08-04T11:07:03Z
15536,19,2026-08-04T11:07:05Z
15537,19,2026-08-04T11:07:07Z
15538,21,2026-08-04T11:07:09Z
15539,16,2026-08-04T11:07:11Z
15540,16,2026-08-04T11:07:13Z
15541,18,2026-08-04T11:07:15Z
15542,17,2026-08-04T11:07:17Z
15543,19,2026-08-04T11:07:19Z
15544,21,2026-08-04T11:07:21Z
15545,21,2026-08-04T11:07:23Z
15546,18,2026-08-04T11:07:25Z
15547,18,2026-08-04T11:07:27Z
15548,18,2026-08-04T11:07:29Z
15549,17,2026-08-04T11:07:31Z
15550,16,2026-08-04T11:07:33Z
15551,15,2026-08-04T11:07:35Z
15552,18,2026-08-04T11:07:37Z
15553,17,2026-08-04T11:07:39Z
15554,17,2026-08-04T11:07:41Z
15555,15,2026-08-04T11:07:43Z
15556,18,2026-08-04T11:07:45Z
15557,17,2026-08-04T11:07:47Z
15558,17,2026-08-04T11:07:49Z
15559,17,2026-08-04T11:07:51Z
15560,16,2026-08-04T11:07:53Z
15561,19,2026-08-04T11:07:55Z
15562,18,2026-08-04T11:07:57Z
15563,17,2026-08-04T11:07:59Z
15564,19,2026-08-04T11:08:01Z
15565,21,2026-08-04T11:08:03Z
15566,17,2026-08-04T11:08:05Z
15567,19,2026-08-04T11:08:07Z
15568,20,2026-08-04T11:08:09Z
15569,21,2026-08-04T11:08:11Z
15570,21,2026-08-04T11:08:13Z
15571,20,2026-08-04T11:08:15Z
15572,21,2026-08-04T11:08:17Z
15573,25,2026-08-04T11:08:19Z
15574,23,2026-08-04T11:08:21Z
15575,22,2026-08-04T11:08:23Z
15576,22,2026-08-04T11:08:25Z
15577,22,2026-08-04T11:08:27Z
15578,22,2026-08-04T11:08:29Z
15579,22,2026-08-04T11:08:31Z
15580,22,2026-08-04T11:08:34Z
15581,23,2026-08-04T11:08:36Z
15582,25,2026-08-04T11:08:38Z
15583,25,2026-08-04T11:08:40Z
15584,24,2026-08-04T11:08:42Z
15585,23,2026-08-04T11:08:44Z
15586,21,2026-08-04T11:08:46Z
15587,21,2026-08-04T11:08:48Z
15588,22,2026-08-04T11:08:50Z
15589,19,2026-08-04T11:08:52Z
15590,21,2026-08-04T11:08:54Z
15591,19,2026-08-04T11:08:56Z
15592,20,2026-08-04T11:08:58Z
15593,18,2026-08-04T11:09:00Z
15594,19,2026-08-04T11:09:02Z
15595,20,2026-08-04T11:09:04Z
15596,22,2026-08-04T11:09:06Z
15597,22,2026-08-04T11:09:08Z
15598,22,2026-08-04T11:09:10Z
15599,22,2026-08-04T11:09:12Z
15600,21,2026-08-04T11:09:14Z
15601,21,2026-08-04T11:09:16Z
15602,22,2026-08-04T11:09:18Z
15603,24,2026-08-04T11:09:20Z
15604,27,2026-08-04T11:09:22Z
15605,27,2026-08-04T11:09:24Z
15606,28,2026-08-04T11:09:26Z
15607,28,2026-08-04T11:09:28Z
15608,25,2026-08-04T11:09:30Z
15609,28,2026-08-04T11:09:32Z
15610,26,2026-08-04T11:09:34Z
15611,22,2026-08-04T11:09:36Z
15612,26,2026-08-04T11:09:38Z
15613,29,2026-08-04T11:09:40Z
15614,27,2026-08-04T11:09:42Z
15615,24,2026-08-04T11:09:44Z
15616,27,2026-08-04T11:09:46Z
15617,29,2026-08-04T11:09:48Z
15618,27,2026-08-04T11:09:50Z
15619,25,2026-08-04T11:09:52Z
15620,25,2026-08-04T11:09:54Z
15621,28,2026-08-04T11:09:56Z
15622,27,2026-08-04T11:09:58Z
15623,24,2026-08-04T11:10:00Z
15624,22,2026-08-04T11:10:02Z
15625,27,2026-08-04T11:10:04Z
15626,27,2026-08-04T11:10:06Z
15627,27,2026-08-04T11:10:08Z
15628,29,2026-08-04T11:10:10Z
15629,28,2026-08-04T11:10:12Z
15630,32,2026-08-04T11:10:14Z
15631,26,2026-08-04T11:10:16Z
15632,26,2026-08-04T11:10:18Z
15633,24,2026-08-04T11:10:20Z
15634,28,2026-08-04T11:10:22Z
15635,26,2026-08-04T11:10:24Z
15636,25,2026-08-04T11:10:26Z
15637,25,2026-08-04T11:10:28Z
15638,28,2026-08-04T11:10:30Z
15639,25,2026-08-04T11:10:32Z
15640,26,2026-08-04T11:10:34Z
15641,26,2026-08-04T11:10:36Z
15642,28,2026-08-04T11:10:38Z
15643,27,2026-08-04T11:10:40Z
15644,27,2026-08-04T11:10:42Z
15645,29,2026-08-04T11:10:44Z
15646,27,2026-08-04T11:10:46Z
15647,28,2026-08-04T11:10:48Z
15648,29,2026-08-04T11:10:50Z
15649,33,2026-08-04T11:10:52Z
15650,35,2026-08-04T11:10:54Z
15651,33,2026-08-04T11:10:56Z
15652,35,2026-08-04T11:10:58Z
15653,32,2026-08-04T11:11:00Z
15654,30,2026-08-04T11:11:02Z
15655,31,2026-08-04T11:11:04Z
15656,29,2026-08-04T11:11:06Z
15657,30,2026-08-04T11:11:08Z
15658,27,2026-08-04T11:11:10Z
15659,28,2026-08-04T11:11:12Z
15660,28,2026-08-04T11:11:14Z
15661,27,2026-08-04T11:11:16Z
15662,27,2026-08-04T11:11:18Z
15663,30,2026-08-04T11:11:20Z
15664,31,2026-08-04T11:11:22Z
15665,31,2026-08-04T11:11:24Z
15666,28,2026-08-04T11:11:26Z
15667,30,2026-08-04T11:11:28Z
15668,27,2026-08-04T11:11:30Z
15669,31,2026-08-04T11:11:32Z
15670,28,2026-08-04T11:11:34Z
15671,31,2026-08-04T11:11:36Z
15672,35,2026-08-04T11:11:38Z
15673,33,2026-08-04T11:11:40Z
15674,29,2026-08-04T11:11:42Z
15675,29,2026-08-04T11:11:44Z
15676,32,2026-08-04T11:11:46Z
15677,30,2026-08-04T11:11:48Z
15678,31,2026-08-04T11:11:50Z
15679,26,2026-08-04T11:11:52Z
15680,30,2026-08-04T11:11:54Z
15681,27,2026-08-04T11:11:56Z
15682,31,2026-08-04T11:11:58Z
15683,28,2026-08-04T11:12:00Z
15684,30,2026-08-04T11:12:02Z
15685,26,2026-08-04T11:12:04Z
15686,31,2026-08-04T11:12:06Z
15687,25,2026-08-04T11:12:08Z
15688,27,2026-08-04T11:12:10Z
15689,30,2026-08-04T11:12:12Z
15690,30,2026-08-04T11:12:14Z
15691,28,2026-08-04T11:12:16Z
15692,29,2026-08-04T11:12:18Z
15693,32,2026-08-04T11:12:20Z
15694,30,2026-08-04T11:12:22Z
15695,28,2026-08-04T11:12:24Z
15696,28,2026-08-04T11:12:26Z
15697,29,2026-08-04T11:12:28Z
15698,29,2026-08-04T11:12:30Z
15699,32,2026-08-04T11:12:32Z
15700,34,2026-08-04T11:12:34Z
15701,29,2026-08-04T11:12:36Z
15702,29,2026-08-04T11:12:38Z
15703,32,2026-08-04T11:12:40Z
15704,33,2026-08-04T11:12:42Z
15705,28,2026-08-04T11:12:44Z
15706,25,2026-08-04T11:12:46Z
15707,28,2026-08-04T11:12:48Z
15708,24,2026-08-04T11:12:50Z
15709,23,2026-08-04T11:12:52Z
15710,23,2026-08-04T11:12:54Z
15711,26,2026-08-04T11:12:56Z
15712,22,2026-08-04T11:12:58Z
15713,22,2026-08-04T11:13:00Z
15714,20,2026-08-04T11:13:02Z
15715,25,2026-08-04T11:13:04Z
15716,21,2026-08-04T11:13:06Z
15717,22,2026-08-04T11:13:08Z
15718,20,2026-08-04T11:13:10Z
15719,22,2026-08-04T11:13:12Z
15720,21,2026-08-04T11:13:14Z
15721,22,2026-08-04T11:13:16Z
15722,19,2026-08-04T11:13:18Z
15723,22,2026-08-04T11:13:20Z
15724,20,2026-08-04T11:13:22Z
15725,18,2026-08-04T11:13:24Z
15726,20,2026-08-04T11:13:26Z
15727,20,2026-08-04T11:13:28Z
15728,22,2026-08-04T11:13:30Z
15729,19,2026-08-04T11:13:32Z
15730,24,2026-08-04T11:13:34Z
15731,22,2026-08-04T11:13:36Z
15732,23,2026-08-04T11:13:38Z
15733,21,2026-08-04T11:13:40Z
15734,22,2026-08-04T11:13:42Z
15735,25,2026-08-04T11:13:44Z
15736,24,2026-08-04T11:13:46Z
15737,24,2026-08-04T11:13:48Z
15738,24,2026-08-04T11:13:50Z
15739,25,2026-08-04T11:13:52Z
15740,23,2026-08-04T11:13:54Z
15741,22,2026-08-04T11:13:56Z
15742,24,2026-08-04T11:13:58Z
15743,24,2026-08-04T11:14:00Z
15744,26,2026-08-04T11:14:02Z
15745,26,2026-08-04T11:14:04Z
15746,28,2026-08-04T11:14:06Z
15747,30,2026-08-04T11:14:08Z
15748,27,2026-08-04T11:14:10Z
15749,25,2026-08-04T11:14:12Z
15750,27,2026-08-04T11:14:14Z
15751,29,2026-08-04T11:14:16Z
15752,27,2026-08-04T11:14:18Z
15753,27,2026-08-04T11:14:20Z
15754,28,2026-08-04T11:14:22Z
15755,31,2026-08-04T11:14:24Z
15756,31,2026-08-04T11:14:26Z
15757,29,2026-08-04T11:14:28Z
15758,31,2026-08-04T11:14:30Z
15759,31,2026-08-04T11:14:32Z
15760,28,2026-08-04T11:14:34Z
15761,30,2026-08-04T11:14:36Z
15762,31,2026-08-04T11:14:38Z
15763,30,2026-08-04T11:14:40Z
15764,27,2026-08-04T11:14:42Z
15765,28,2026-08-04T11:14:44Z
15766,26,2026-08-04T11:14:46Z
15767,29,2026-08-04T11:14:48Z
15768,25,2026-08-04T11:14:50Z
15769,25,2026-08-04T11:14:52Z
15770,24,2026-08-04T11:14:54Z
15771,27,2026-08-04T11:14:56Z
15772,25,2026-08-04T11:14:58Z
15773,25,2026-08-04T11:15:00Z
15774,27,2026-08-04T11:15:02Z
15775,31,2026-08-04T11:15:04Z
15776,27,2026-08-04T11:15:06Z
15777,26,2026-08-04T11:15:08Z
15778,26,2026-08-04T11:15:10Z
15779,29,2026-08-04T11:15:12Z
15780,26,2026-08-04T11:15:14Z
15781,28,2026-08-04T11:15:16Z
15782,27,2026-08-04T11:15:18Z
15783,29,2026-08-04T11:15:20Z
15784,26,2026-08-04T11:15:22Z
15785,27,2026-08-04T11:15:24Z
15786,29,2026-08-04T11:15:26Z
15787,32,2026-08-04T11:15:28Z
15788,29,2026-08-04T11:15:30Z
15789,29,2026-08-04T11:15:32Z
15790,31,2026-08-04T11:15:34Z
15791,31,2026-08-04T11:15:36Z
15792,33,2026-08-04T11:15:38Z
15793,30,2026-08-04T11:15:40Z
15794,31,2026-08-04T11:15:42Z
15795,32,2026-08-04T11:15:44Z
15796,32,2026-08-04T11:15:46Z
15797,29,2026-08-04T11:15:48Z
15798,29,2026-08-04T11:15:50Z
15799,28,2026-08-04T11:15:52Z
15800,30,2026-08-04T11:15:54Z
15801,33,2026-08-04T11:15:56Z
15802,29,2026-08-04T11:15:58Z
15803,28,2026-08-04T11:16:00Z
15804,31,2026-08-04T11:16:02Z
15805,30,2026-08-04T11:16:04Z
15806,30,2026-08-04T11:16:06Z
15807,29,2026-08-04T11:16:08Z
15808,30,2026-08-04T11:16:10Z
15809,29,2026-08-04T11:16:12Z
15810,28,2026-08-04T11:16:14Z
15811,26,2026-08-04T11:16:16Z
15812,28,2026-08-04T11:16:18Z
15813,33,2026-08-04T11:16:20Z
15814,27,2026-08-04T11:16:22Z
15815,24,2026-08-04T11:16:24Z
15816,25,2026-08-04T11:16:26Z
15817,28,2026-08-04T11:16:28Z
15818,25,2026-08-04T11:16:30Z
15819,26,2026-08-04T11:16:32Z
15820,28,2026-08-04T11:16:34Z
15821,30,2026-08-04T11:16:36Z
15822,28,2026-08-04T11:16:38Z
15823,28,2026-08-04T11:16:40Z
15824,26,2026-08-04T11:16:42Z
15825,25,2026-08-04T11:16:44Z
15826,28,2026-08-04T11:16:46Z
15827,29,2026-08-04T11:16:48Z
15828,26,2026-08-04T11:16:50Z
15829,27,2026-08-04T11:16:52Z
15830,24,2026-08-04T11:16:54Z
15831,24,2026-08-04T11:16:56Z
15832,21,2026-08-04T11:16:58Z
15833,23,2026-08-04T11:17:00Z
15834,20,2026-08-04T11:17:02Z
15835,23,2026-08-04T11:17:04Z
15836,22,2026-08-04T11:17:06Z
15837,20,2026-08-04T11:17:08Z
15838,20,2026-08-04T11:17:10Z
15839,23,2026-08-04T11:17:12Z
15840,19,2026-08-04T11:17:14Z
15841,22,2026-08-04T11:17:16Z
15842,24,2026-08-04T11:17:18Z
15843,23,2026-08-04T11:17:20Z
15844,22,2026-08-04T11:17:22Z
15845,22,2026-08-04T11:17:24Z
15846,24,2026-08-04T11:17:26Z
15847,22,2026-08-04T11:17:28Z
15848,21,2026-08-04T11:17:30Z
15849,24,2026-08-04T11:17:32Z
15850,25,2026-08-04T11:17:34Z
15851,25,2026-08-04T11:17:36Z
15852,28,2026-08-04T11:17:38Z
15853,26,2026-08-04T11:17:40Z
15854,25,2026-08-04T11:17:42Z
15855,25,2026-08-04T11:17:44Z
15856,26,2026-08-04T11:17:46Z
15857,25,2026-08-04T11:17:48Z
15858,26,2026-08-04T11:17:50Z
15859,24,2026-08-04T11:17:52Z
15860,24,2026-08-04T11:17:54Z
15861,21,2026-08-04T11:17:56Z
15862,21,2026-08-04T11:17:58Z
15863,24,2026-08-04T11:18:00Z
15864,26,2026-08-04T11:18:02Z
15865,23,2026-08-04T11:18:04Z
15866,24,2026-08-04T11:18:06Z
15867,25,2026-08-04T11:18:09Z
15868,28,2026-08-04T11:18:11Z
15869,27,2026-08-04T11:18:13Z
15870,26,2026-08-04T11:18:15Z
15871,25,2026-08-04T11:18:17Z
15872,26,2026-08-04T11:18:19Z
15873,29,2026-08-04T11:18:21Z
15874,27,2026-08-04T11:18:23Z
15875,27,2026-08-04T11:18:25Z
15876,28,2026-08-04T11:18:27Z
15877,28,2026-08-04T11:18:29Z
15878,26,2026-08-04T11:18:31Z
15879,26,2026-08-04T11:18:33Z
15880,28,2026-08-04T11:18:35Z
15881,25,2026-08-04T11:18:37Z
15882,26,2026-08-04T11:18:39Z
15883,27,2026-08-04T11:18:41Z
15884,30,2026-08-04T11:18:43Z
15885,30,2026-08-04T11:18:45Z
15886,30,2026-08-04T11:18:47Z
15887,31,2026-08-04T11:18:49Z
15888,32,2026-08-04T11:18:51Z
15889,28,2026-08-04T11:18:53Z
15890,27,2026-08-04T11:18:55Z
15891,25,2026-08-04T11:18:57Z
15892,26,2026-08-04T11:18:59Z
15893,26,2026-08-04T11:19:01Z
15894,28,2026-08-04T11:19:03Z
15895,30,2026-08-04T11:19:05Z
15896,28,2026-08-04T11:19:07Z
15897,27,2026-08-04T11:19:09Z
15898,29,2026-08-04T11:19:11Z
15899,31,2026-08-04T11:19:13Z
15900,27,2026-08-04T11:19:15Z
15901,27,2026-08-04T11:19:17Z
15902,27,2026-08-04T11:19:19Z
15903,28,2026-08-04T11:19:21Z
15904,23,2026-08-04T11:19:23Z
15905,25,2026-08-04T11:19:25Z
15906,25,2026-08-04T11:19:27Z
15907,27,2026-08-04T11:19:29Z
15908,27,2026-08-04T11:19:31Z
15909,27,2026-08-04T11:19:33Z
15910,27,2026-08-04T11:19:35Z
15911,26,2026-08-04T11:19:37Z
15912,29,2026-08-04T11:19:39Z
15913,28,2026-08-04T11:19:41Z
15914,27,2026-08-04T11:19:43Z
15915,27,2026-08-04T11:19:45Z
15916,30,2026-08-04T11:19:47Z
15917,27,2026-08-04T11:19:49Z
15918,28,2026-08-04T11:19:51Z
15919,26,2026-08-04T11:19:53Z
15920,29,2026-08-04T11:19:55Z
15921,29,2026-08-04T11:19:57Z
15922,27,2026-08-04T11:19:59Z
15923,26,2026-08-04T11:20:01Z
15924,28,2026-08-04T11:20:03Z
15925,27,2026-08-04T11:20:05Z
15926,27,2026-08-04T11:20:07Z
15927,26,2026-08-04T11:20:09Z
15928,27,2026-08-04T11:20:11Z
15929,25,2026-08-04T11:20:13Z
15930,27,2026-08-04T11:20:15Z
15931,24,2026-08-04T11:20:17Z
15932,26,2026-08-04T11:20:19Z
15933,24,2026-08-04T11:20:21Z
15934,27,2026-08-04T11:20:23Z
15935,26,2026-08-04T11:20:25Z
15936,25,2026-08-04T11:20:27Z
15937,26,2026-08-04T11:20:29Z
15938,27,2026-08-04T11:20:31Z
15939,25,2026-08-04T11:20:33Z
15940,26,2026-08-04T11:20:35Z
15941,24,2026-08-04T11:20:37Z
15942,21,2026-08-04T11:20:39Z
15943,22,2026-08-04T11:20:41Z
15944,20,2026-08-04T11:20:43Z
15945,19,2026-08-04T11:20:45Z
15946,19,2026-08-04T11:20:47Z
15947,20,2026-08-04T11:20:49Z
15948,18,2026-08-04T11:20:51Z
15949,19,2026-08-04T11:20:53Z
15950,18,2026-08-04T11:20:55Z
15951,19,2026-08-04T11:20:57Z
15952,18,2026-08-04T11:20:59Z
15953,18,2026-08-04T11:21:01Z
15954,17,2026-08-04T11:21:03Z
15955,18,2026-08-04T11:21:05Z
15956,18,2026-08-04T11:21:07Z
15957,21,2026-08-04T11:21:09Z
15958,16,2026-08-04T11:21:11Z
15959,16,2026-08-04T11:21:13Z
15960,16,2026-08-04T11:21:15Z
15961,17,2026-08-04T11:21:17Z
15962,18,2026-08-04T11:21:19Z
15963,21,2026-08-04T11:21:21Z
15964,16,2026-08-04T11:21:23Z
15965,17,2026-08-04T11:21:25Z
15966,18,2026-08-04T11:21:27Z
15967,18,2026-08-04T11:21:29Z
15968,18,2026-08-04T11:21:31Z
15969,20,2026-08-04T11:21:33Z
15970,21,2026-08-04T11:21:35Z
15971,19,2026-08-04T11:21:37Z
15972,22,2026-08-04T11:21:39Z
15973,22,2026-08-04T11:21:41Z
15974,23,2026-08-04T11:21:43Z
15975,20,2026-08-04T11:21:45Z
15976,21,2026-08-04T11:21:47Z
15977,22,2026-08-04T11:21:49Z
15978,22,2026-08-04T11:21:51Z
15979,19,2026-08-04T11:21:53Z
15980,20,2026-08-04T11:21:55Z
15981,19,2026-08-04T11:21:57Z
15982,21,2026-08-04T11:21:59Z
15983,23,2026-08-04T11:22:01Z
15984,23,2026-08-04T11:22:03Z
15985,22,2026-08-04T11:22:05Z
15986,22,2026-08-04T11:22:07Z
15987,22,2026-08-04T11:22:09Z
15988,19,2026-08-04T11:22:11Z
15989,18,2026-08-04T11:22:13Z
15990,18,2026-08-04T11:22:15Z
15991,19,2026-08-04T11:22:17Z
15992,19,2026-08-04T11:22:19Z
15993,22,2026-08-04T11:22:21Z
15994,22,2026-08-04T11:22:23Z
15995,24,2026-08-04T11:22:25Z
15996,27,2026-08-04T11:22:27Z
15997,27,2026-08-04T11:22:29Z
15998,25,2026-08-04T11:22:31Z
15999,28,2026-08-04T11:22:33Z
16000,24,2026-08-04T11:22:35Z
16001,23,2026-08-04T11:22:37Z
16002,23,2026-08-04T11:22:39Z
16003,24,2026-08-04T11:22:41Z
16004,24,2026-08-04T11:22:43Z
16005,22,2026-08-04T11:22:45Z
16006,23,2026-08-04T11:22:47Z
16007,21,2026-08-04T11:22:49Z
16008,22,2026-08-04T11:22:51Z
16009,21,2026-08-04T11:22:53Z
16010,20,2026-08-04T11:22:55Z
16011,22,2026-08-04T11:22:57Z
16012,22,2026-08-04T11:22:59Z
16013,22,2026-08-04T11:23:01Z
16014,20,2026-08-04T11:23:03Z
16015,21,2026-08-04T11:23:05Z
16016,22,2026-08-04T11:23:07Z
16017,22,2026-08-04T11:23:09Z
16018,21,2026-08-04T11:23:11Z
16019,21,2026-08-04T11:23:13Z
16020,25,2026-08-04T11:23:15Z
16021,25,2026-08-04T11:23:17Z
16022,26,2026-08-04T11:23:19Z
16023,27,2026-08-04T11:23:21Z
16024,25,2026-08-04T11:23:23Z
16025,24,2026-08-04T11:23:25Z
16026,25,2026-08-04T11:23:27Z
16027,24,2026-08-04T11:23:29Z
16028,25,2026-08-04T11:23:31Z
16029,24,2026-08-04T11:23:33Z
16030,26,2026-08-04T11:23:35Z
16031,26,2026-08-04T11:23:37Z
16032,27,2026-08-04T11:23:39Z
16033,24,2026-08-04T11:23:41Z
16034,24,2026-08-04T11:23:43Z
16035,27,2026-08-04T11:23:45Z
16036,23,2026-08-04T11:23:47Z
16037,23,2026-08-04T11:23:49Z
16038,22,2026-08-04T11:23:51Z
16039,23,2026-08-04T11:23:53Z
16040,25,2026-08-04T11:23:55Z
16041,23,2026-08-04T11:23:57Z
16042,21,2026-08-04T11:23:59Z
16043,22,2026-08-04T11:24:01Z
16044,24,2026-08-04T11:24:03Z
16045,22,2026-08-04T11:24:05Z
16046,23,2026-08-04T11:24:07Z
16047,23,2026-08-04T11:24:09Z
16048,27,2026-08-04T11:24:11Z
16049,25,2026-08-04T11:24:13Z
16050,21,2026-08-04T11:24:15Z
16051,22,2026-08-04T11:24:17Z
16052,26,2026-08-04T11:24:19Z
16053,28,2026-08-04T11:24:21Z
16054,25,2026-08-04T11:24:23Z
16055,24,2026-08-04T11:24:25Z
16056,23,2026-08-04T11:24:27Z
16057,28,2026-08-04T11:24:29Z
16058,23,2026-08-04T11:24:31Z
16059,24,2026-08-04T11:24:33Z
16060,22,2026-08-04T11:24:35Z
16061,22,2026-08-04T11:24:37Z
16062,23,2026-08-04T11:24:39Z
16063,22,2026-08-04T11:24:41Z
16064,21,2026-08-04T11:24:43Z
16065,21,2026-08-04T11:24:45Z
16066,23,2026-08-04T11:24:47Z
16067,27,2026-08-04T11:24:49Z
16068,24,2026-08-04T11:24:51Z
16069,24,2026-08-04T11:24:53Z
16070,23,2026-08-04T11:24:55Z
16071,27,2026-08-04T11:24:57Z
16072,26,2026-08-04T11:24:59Z
16073,23,2026-08-04T11:25:01Z
16074,22,2026-08-04T11:25:03Z
16075,25,2026-08-04T11:25:05Z
16076,22,2026-08-04T11:25:07Z
16077,22,2026-08-04T11:25:09Z
16078,22,2026-08-04T11:25:11Z
16079,24,2026-08-04T11:25:13Z
16080,22,2026-08-04T11:25:15Z
16081,22,2026-08-04T11:25:17Z
16082,25,2026-08-04T11:25:19Z
16083,26,2026-08-04T11:25:21Z
16084,27,2026-08-04T11:25:23Z
16085,26,2026-08-04T11:25:25Z
16086,31,2026-08-04T11:25:27Z
16087,28,2026-08-04T11:25:29Z
16088,24,2026-08-04T11:25:31Z
16089,24,2026-08-04T11:25:33Z
16090,29,2026-08-04T11:25:35Z
16091,29,2026-08-04T11:25:37Z
16092,24,2026-08-04T11:25:39Z
16093,23,2026-08-04T11:25:41Z
16094,28,2026-08-04T11:25:43Z
16095,28,2026-08-04T11:25:45Z
16096,24,2026-08-04T11:25:47Z
16097,27,2026-08-04T11:25:49Z
16098,31,2026-08-04T11:25:51Z
16099,33,2026-08-04T11:25:53Z
16100,33,2026-08-04T11:25:55Z
16101,33,2026-08-04T11:25:57Z
16102,36,2026-08-04T11:25:59Z
16103,31,2026-08-04T11:26:01Z
16104,30,2026-08-04T11:26:03Z
16105,32,2026-08-04T11:26:05Z
16106,32,2026-08-04T11:26:07Z
16107,31,2026-08-04T11:26:09Z
16108,34,2026-08-04T11:26:11Z
16109,34,2026-08-04T11:26:13Z
16110,30,2026-08-04T11:26:15Z
16111,27,2026-08-04T11:26:17Z
16112,25,2026-08-04T11:26:19Z
16113,26,2026-08-04T11:26:21Z
16114,24,2026-08-04T11:26:23Z
16115,24,2026-08-04T11:26:25Z
16116,24,2026-08-04T11:26:27Z
16117,25,2026-08-04T11:26:29Z
16118,27,2026-08-04T11:26:31Z
16119,26,2026-08-04T11:26:33Z
16120,23,2026-08-04T11:26:35Z
16121,23,2026-08-04T11:26:37Z
16122,22,2026-08-04T11:26:39Z
16123,21,2026-08-04T11:26:41Z
16124,26,2026-08-04T11:26:43Z
16125,28,2026-08-04T11:26:45Z
16126,29,2026-08-04T11:26:47Z
16127,26,2026-08-04T11:26:49Z
16128,27,2026-08-04T11:26:51Z
16129,24,2026-08-04T11:26:53Z
16130,23,2026-08-04T11:26:55Z
16131,24,2026-08-04T11:26:57Z
16132,27,2026-08-04T11:26:59Z
16133,27,2026-08-04T11:27:01Z
16134,26,2026-08-04T11:27:03Z
16135,24,2026-08-04T11:27:05Z
16136,28,2026-08-04T11:27:07Z
16137,23,2026-08-04T11:27:09Z
16138,25,2026-08-04T11:27:11Z
16139,24,2026-08-04T11:27:13Z
16140,29,2026-08-04T11:27:15Z
16141,25,2026-08-04T11:27:17Z
16142,27,2026-08-04T11:27:19Z
16143,25,2026-08-04T11:27:21Z
16144,21,2026-08-04T11:27:23Z
16145,20,2026-08-04T11:27:25Z
16146,22,2026-08-04T11:27:27Z
16147,20,2026-08-04T11:27:29Z
16148,24,2026-08-04T11:27:31Z
16149,21,2026-08-04T11:27:33Z
16150,23,2026-08-04T11:27:35Z
16151,23,2026-08-04T11:27:37Z
16152,22,2026-08-04T11:27:39Z
16153,24,2026-08-04T11:27:41Z
16154,25,2026-08-04T11:27:44Z
16155,27,2026-08-04T11:27:46Z
16156,26,2026-08-04T11:27:48Z
16157,27,2026-08-04T11:27:50Z
16158,25,2026-08-04T11:27:52Z
16159,25,2026-08-04T11:27:54Z
16160,25,2026-08-04T11:27:56Z
16161,26,2026-08-04T11:27:58Z
16162,27,2026-08-04T11:28:00Z
16163,30,2026-08-04T11:28:02Z
16164,29,2026-08-04T11:28:04Z
16165,30,2026-08-04T11:28:06Z
16166,31,2026-08-04T11:28:08Z
16167,29,2026-08-04T11:28:10Z
16168,28,2026-08-04T11:28:12Z
16169,32,2026-08-04T11:28:14Z
16170,26,2026-08-04T11:28:16Z
16171,28,2026-08-04T11:28:18Z
16172,25,2026-08-04T11:28:20Z
16173,29,2026-08-04T11:28:22Z
16174,26,2026-08-04T11:28:24Z
16175,26,2026-08-04T11:28:26Z
16176,26,2026-08-04T11:28:28Z
16177,21,2026-08-04T11:28:30Z
16178,23,2026-08-04T11:28:32Z
16179,23,2026-08-04T11:28:34Z
16180,25,2026-08-04T11:28:36Z
16181,24,2026-08-04T11:28:38Z
16182,26,2026-08-04T11:28:40Z
16183,25,2026-08-04T11:28:42Z
16184,26,2026-08-04T11:28:44Z
16185,24,2026-08-04T11:28:46Z
16186,26,2026-08-04T11:28:48Z
16187,27,2026-08-04T11:28:50Z
16188,24,2026-08-04T11:28:52Z
16189,26,2026-08-04T11:28:54Z
16190,24,2026-08-04T11:28:56Z
16191,26,2026-08-04T11:28:58Z
16192,25,2026-08-04T11:29:00Z
16193,25,2026-08-04T11:29:02Z
16194,27,2026-08-04T11:29:04Z
16195,27,2026-08-04T11:29:06Z
16196,27,2026-08-04T11:29:08Z
16197,27,2026-08-04T11:29:10Z
16198,28,2026-08-04T11:29:12Z
16199,28,2026-08-04T11:29:14Z
16200,27,2026-08-04T11:29:16Z
16201,25,2026-08-04T11:29:18Z
16202,25,2026-08-04T11:29:20Z
16203,25,2026-08-04T11:29:22Z
16204,24,2026-08-04T11:29:24Z
16205,22,2026-08-04T11:29:26Z
16206,22,2026-08-04T11:29:28Z
16207,20,2026-08-04T11:29:30Z
16208,23,2026-08-04T11:29:32Z
16209,22,2026-08-04T11:29:34Z
16210,23,2026-08-04T11:29:36Z
16211,21,2026-08-04T11:29:38Z
16212,23,2026-08-04T11:29:40Z
16213,23,2026-08-04T11:29:42Z
16214,22,2026-08-04T11:29:44Z
16215,21,2026-08-04T11:29:46Z
16216,21,2026-08-04T11:29:48Z
16217,23,2026-08-04T11:29:50Z
16218,22,2026-08-04T11:29:52Z
16219,23,2026-08-04T11:29:54Z
16220,23,2026-08-04T11:29:56Z
16221,24,2026-08-04T11:29:58Z
16222,23,2026-08-04T11:30:00Z
16223,22,2026-08-04T11:30:02Z
16224,22,2026-08-04T11:30:04Z
16225,23,2026-08-04T11:30:06Z
16226,21,2026-08-04T11:30:08Z
16227,23,2026-08-04T11:30:10Z
16228,24,2026-08-04T11:30:12Z
16229,24,2026-08-04T11:30:14Z
16230,24,2026-08-04T11:30:16Z
16231,26,2026-08-04T11:30:18Z
16232,28,2026-08-04T11:30:20Z
16233,25,2026-08-04T11:30:22Z
16234,21,2026-08-04T11:30:24Z
16235,22,2026-08-04T11:30:26Z
16236,26,2026-08-04T11:30:28Z
16237,25,2026-08-04T11:30:30Z
16238,21,2026-08-04T11:30:32Z
16239,21,2026-08-04T11:30:34Z
16240,25,2026-08-04T11:30:36Z
16241,20,2026-08-04T11:30:38Z
16242,22,2026-08-04T11:30:40Z
16243,22,2026-08-04T11:30:42Z
16244,23,2026-08-04T11:30:44Z
16245,24,2026-08-04T11:30:46Z
16246,24,2026-08-04T11:30:48Z
16247,26,2026-08-04T11:30:50Z
16248,26,2026-08-04T11:30:52Z
16249,28,2026-08-04T11:30:54Z
16250,24,2026-08-04T11:30:56Z
16251,25,2026-08-04T11:30:58Z
16252,24,2026-08-04T11:31:00Z
16253,22,2026-08-04T11:31:02Z
16254,22,2026-08-04T11:31:04Z
16255,27,2026-08-04T11:31:06Z
16256,28,2026-08-04T11:31:08Z
16257,26,2026-08-04T11:31:10Z
16258,24,2026-08-04T11:31:12Z
16259,25,2026-08-04T11:31:14Z
16260,25,2026-08-04T11:31:16Z
16261,24,2026-08-04T11:31:18Z
16262,25,2026-08-04T11:31:20Z
16263,25,2026-08-04T11:31:22Z
16264,27,2026-08-04T11:31:24Z
16265,24,2026-08-04T11:31:26Z
16266,26,2026-08-04T11:31:28Z
16267,27,2026-08-04T11:31:30Z
16268,25,2026-08-04T11:31:32Z
16269,27,2026-08-04T11:31:34Z
16270,30,2026-08-04T11:31:36Z
16271,28,2026-08-04T11:31:38Z
16272,28,2026-08-04T11:31:40Z
16273,30,2026-08-04T11:31:42Z
16274,31,2026-08-04T11:31:44Z
16275,32,2026-08-04T11:31:46Z
16276,36,2026-08-04T11:31:48Z
16277,37,2026-08-04T11:31:50Z
16278,37,2026-08-04T11:31:52Z
16279,36,2026-08-04T11:31:54Z
16280,37,2026-08-04T11:31:56Z
16281,38,2026-08-04T11:31:58Z
16282,42,2026-08-04T11:32:00Z
16283,41,2026-08-04T11:32:02Z
16284,38,2026-08-04T11:32:04Z
16285,36,2026-08-04T11:32:06Z
16286,32,2026-08-04T11:32:08Z
16287,32,2026-08-04T11:32:10Z
16288,31,2026-08-04T11:32:12Z
16289,32,2026-08-04T11:32:14Z
16290,28,2026-08-04T11:32:16Z
16291,28,2026-08-04T11:32:18Z
16292,28,2026-08-04T11:32:20Z
16293,29,2026-08-04T11:32:22Z
16294,26,2026-08-04T11:32:24Z
16295,26,2026-08-04T11:32:26Z
16296,30,2026-08-04T11:32:28Z
16297,26,2026-08-04T11:32:30Z
16298,26,2026-08-04T11:32:32Z
16299,23,2026-08-04T11:32:34Z
16300,24,2026-08-04T11:32:36Z
16301,25,2026-08-04T11:32:38Z
16302,25,2026-08-04T11:32:40Z
16303,23,2026-08-04T11:32:42Z
16304,23,2026-08-04T11:32:44Z
16305,22,2026-08-04T11:32:46Z
16306,20,2026-08-04T11:32:48Z
16307,21,2026-08-04T11:32:50Z
16308,21,2026-08-04T11:32:52Z
16309,22,2026-08-04T11:32:54Z
16310,18,2026-08-04T11:32:56Z
16311,17,2026-08-04T11:32:58Z
16312,18,2026-08-04T11:33:00Z
16313,19,2026-08-04T11:33:02Z
16314,22,2026-08-04T11:33:04Z
16315,22,2026-08-04T11:33:06Z
16316,20,2026-08-04T11:33:08Z
16317,21,2026-08-04T11:33:10Z
16318,27,2026-08-04T11:33:12Z
16319,27,2026-08-04T11:33:14Z
16320,26,2026-08-04T11:33:16Z
16321,26,2026-08-04T11:33:18Z
16322,29,2026-08-04T11:33:20Z
16323,26,2026-08-04T11:33:22Z
16324,26,2026-08-04T11:33:24Z
16325,24,2026-08-04T11:33:26Z
16326,25,2026-08-04T11:33:28Z
16327,24,2026-08-04T11:33:30Z
16328,24,2026-08-04T11:33:32Z
16329,22,2026-08-04T11:33:34Z
16330,24,2026-08-04T11:33:36Z
16331,26,2026-08-04T11:33:38Z
16332,24,2026-08-04T11:33:40Z
16333,26,2026-08-04T11:33:42Z
16334,26,2026-08-04T11:33:44Z
16335,25,2026-08-04T11:33:46Z
16336,26,2026-08-04T11:33:48Z
16337,25,2026-08-04T11:33:50Z
16338,26,2026-08-04T11:33:52Z
16339,26,2026-08-04T11:33:54Z
16340,29,2026-08-04T11:33:56Z
16341,27,2026-08-04T11:33:58Z
16342,28,2026-08-04T11:34:00Z
16343,31,2026-08-04T11:34:02Z
16344,31,2026-08-04T11:34:04Z
16345,35,2026-08-04T11:34:06Z
16346,30,2026-08-04T11:34:08Z
16347,34,2026-08-04T11:34:10Z
16348,32,2026-08-04T11:34:12Z
16349,30,2026-08-04T11:34:14Z
16350,27,2026-08-04T11:34:16Z
16351,27,2026-08-04T11:34:18Z
16352,30,2026-08-04T11:34:20Z
16353,28,2026-08-04T11:34:22Z
16354,29,2026-08-04T11:34:24Z
16355,32,2026-08-04T11:34:26Z
16356,35,2026-08-04T11:34:28Z
16357,34,2026-08-04T11:34:30Z
16358,33,2026-08-04T11:34:32Z
16359,30,2026-08-04T11:34:34Z
16360,31,2026-08-04T11:34:36Z
16361,31,2026-08-04T11:34:38Z
16362,32,2026-08-04T11:34:40Z
16363,30,2026-08-04T11:34:42Z
16364,29,2026-08-04T11:34:44Z
16365,33,2026-08-04T11:34:46Z
16366,33,2026-08-04T11:34:48Z
16367,32,2026-08-04T11:34:50Z
16368,31,2026-08-04T11:34:52Z
16369,33,2026-08-04T11:34:54Z
16370,29,2026-08-04T11:34:56Z
16371,28,2026-08-04T11:34:58Z
16372,29,2026-08-04T11:35:00Z
16373,30,2026-08-04T11:35:02Z
16374,30,2026-08-04T11:35:04Z
16375,30,2026-08-04T11:35:06Z
16376,29,2026-08-04T11:35:08Z
16377,27,2026-08-04T11:35:10Z
16378,29,2026-08-04T11:35:12Z
16379,29,2026-08-04T11:35:14Z
16380,28,2026-08-04T11:35:16Z
16381,29,2026-08-04T11:35:18Z
16382,30,2026-08-04T11:35:20Z
16383,29,2026-08-04T11:35:22Z
16384,25,2026-08-04T11:35:24Z
16385,26,2026-08-04T11:35:26Z
16386,24,2026-08-04T11:35:28Z
16387,23,2026-08-04T11:35:30Z
16388,23,2026-08-04T11:35:32Z
16389,22,2026-08-04T11:35:34Z
16390,24,2026-08-04T11:35:36Z
16391,28,2026-08-04T11:35:38Z
16392,28,2026-08-04T11:35:40Z
16393,26,2026-08-04T11:35:42Z
16394,25,2026-08-04T11:35:44Z
16395,20,2026-08-04T11:35:46Z
16396,19,2026-08-04T11:35:48Z
16397,21,2026-08-04T11:35:50Z
16398,24,2026-08-04T11:35:52Z
16399,24,2026-08-04T11:35:54Z
16400,24,2026-08-04T11:35:56Z
16401,28,2026-08-04T11:35:58Z
16402,31,2026-08-04T11:36:00Z
16403,28,2026-08-04T11:36:02Z
16404,30,2026-08-04T11:36:04Z
16405,27,2026-08-04T11:36:06Z
16406,29,2026-08-04T11:36:08Z
16407,25,2026-08-04T11:36:10Z
16408,26,2026-08-04T11:36:12Z
16409,22,2026-08-04T11:36:14Z
16410,22,2026-08-04T11:36:16Z
16411,23,2026-08-04T11:36:18Z
16412,24,2026-08-04T11:36:20Z
16413,26,2026-08-04T11:36:22Z
16414,25,2026-08-04T11:36:24Z
16415,25,2026-08-04T11:36:26Z
16416,26,2026-08-04T11:36:28Z
16417,27,2026-08-04T11:36:30Z
16418,27,2026-08-04T11:36:32Z
16419,28,2026-08-04T11:36:34Z
16420,28,2026-08-04T11:36:36Z
16421,30,2026-08-04T11:36:38Z
16422,28,2026-08-04T11:36:40Z
16423,29,2026-08-04T11:36:42Z
16424,30,2026-08-04T11:36:44Z
16425,27,2026-08-04T11:36:46Z
16426,25,2026-08-04T11:36:48Z
16427,26,2026-08-04T11:36:50Z
16428,27,2026-08-04T11:36:52Z
16429,26,2026-08-04T11:36:54Z
16430,23,2026-08-04T11:36:56Z
16431,23,2026-08-04T11:36:58Z
16432,23,2026-08-04T11:37:00Z
16433,22,2026-08-04T11:37:02Z
16434,23,2026-08-04T11:37:04Z
16435,23,2026-08-04T11:37:06Z
16436,24,2026-08-04T11:37:08Z
16437,27,2026-08-04T11:37:10Z
16438,29,2026-08-04T11:37:12Z
16439,29,2026-08-04T11:37:14Z
16440,29,2026-08-04T11:37:16Z
16441,27,2026-08-04T11:37:18Z
16442,27,2026-08-04T11:37:21Z
16443,25,2026-08-04T11:37:23Z
16444,25,2026-08-04T11:37:25Z
16445,24,2026-08-04T11:37:27Z
16446,29,2026-08-04T11:37:29Z
16447,29,2026-08-04T11:37:31Z
16448,29,2026-08-04T11:37:33Z
16449,30,2026-08-04T11:37:35Z
16450,28,2026-08-04T11:37:37Z
16451,31,2026-08-04T11:37:39Z
16452,30,2026-08-04T11:37:41Z
16453,29,2026-08-04T11:37:43Z
16454,27,2026-08-04T11:37:45Z
16455,28,2026-08-04T11:37:47Z
16456,26,2026-08-04T11:37:49Z
16457,24,2026-08-04T11:37:51Z
16458,26,2026-08-04T11:37:53Z
16459,26,2026-08-04T11:37:55Z
16460,25,2026-08-04T11:37:57Z
16461,25,2026-08-04T11:37:59Z
16462,26,2026-08-04T11:38:01Z
16463,26,2026-08-04T11:38:03Z
16464,25,2026-08-04T11:38:05Z
16465,27,2026-08-04T11:38:07Z
16466,25,2026-08-04T11:38:09Z
16467,27,2026-08-04T11:38:11Z
16468,27,2026-08-04T11:38:13Z
16469,28,2026-08-04T11:38:15Z
16470,32,2026-08-04T11:38:17Z
16471,33,2026-08-04T11:38:19Z
16472,34,2026-08-04T11:38:21Z
16473,31,2026-08-04T11:38:23Z
16474,33,2026-08-04T11:38:25Z
16475,32,2026-08-04T11:38:27Z
16476,28,2026-08-04T11:38:29Z
16477,28,2026-08-04T11:38:31Z
16478,30,2026-08-04T11:38:33Z
16479,28,2026-08-04T11:38:35Z
16480,28,2026-08-04T11:38:37Z
16481,28,2026-08-04T11:38:39Z
16482,27,2026-08-04T11:38:41Z
16483,25,2026-08-04T11:38:43Z
16484,26,2026-08-04T11:38:45Z
16485,23,2026-08-04T11:38:47Z
16486,27,2026-08-04T11:38:49Z
16487,28,2026-08-04T11:38:51Z
16488,28,2026-08-04T11:38:53Z
16489,28,2026-08-04T11:38:55Z
16490,28,2026-08-04T11:38:57Z
16491,29,2026-08-04T11:38:59Z
16492,27,2026-08-04T11:39:01Z
16493,27,2026-08-04T11:39:03Z
16494,25,2026-08-04T11:39:05Z
16495,26,2026-08-04T11:39:07Z
16496,27,2026-08-04T11:39:09Z
16497,26,2026-08-04T11:39:11Z
16498,25,2026-08-04T11:39:13Z
16499,26,2026-08-04T11:39:15Z
16500,26,2026-08-04T11:39:17Z
16501,28,2026-08-04T11:39:19Z
16502,26,2026-08-04T11:39:21Z
16503,25,2026-08-04T11:39:23Z
16504,25,2026-08-04T11:39:25Z
16505,23,2026-08-04T11:39:27Z
16506,21,2026-08-04T11:39:29Z
16507,21,2026-08-04T11:39:31Z
16508,21,2026-08-04T11:39:33Z
16509,20,2026-08-04T11:39:35Z
16510,23,2026-08-04T11:39:37Z
16511,20,2026-08-04T11:39:39Z
16512,22,2026-08-04T11:39:41Z
16513,21,2026-08-04T11:39:43Z
16514,25,2026-08-04T11:39:45Z
16515,26,2026-08-04T11:39:47Z
16516,25,2026-08-04T11:39:49Z
16517,22,2026-08-04T11:39:51Z
16518,23,2026-08-04T11:39:53Z
16519,22,2026-08-04T11:39:55Z
16520,21,2026-08-04T11:39:57Z
16521,20,2026-08-04T11:39:59Z
16522,20,2026-08-04T11:40:01Z
16523,23,2026-08-04T11:40:03Z
16524,24,2026-08-04T11:40:05Z
16525,24,2026-08-04T11:40:07Z
16526,27,2026-08-04T11:40:09Z
16527,30,2026-08-04T11:40:11Z
16528,29,2026-08-04T11:40:13Z
16529,30,2026-08-04T11:40:15Z
16530,28,2026-08-04T11:40:17Z
16531,30,2026-08-04T11:40:19Z
16532,33,2026-08-04T11:40:21Z
16533,30,2026-08-04T11:40:23Z
16534,32,2026-08-04T11:40:25Z
16535,34,2026-08-04T11:40:27Z
16536,29,2026-08-04T11:40:29Z
16537,32,2026-08-04T11:40:31Z
16538,29,2026-08-04T11:40:33Z
16539,33,2026-08-04T11:40:35Z
16540,32,2026-08-04T11:40:37Z
16541,30,2026-08-04T11:40:39Z
16542,33,2026-08-04T11:40:41Z
16543,30,2026-08-04T11:40:43Z
16544,29,2026-08-04T11:40:45Z
16545,29,2026-08-04T11:40:47Z
16546,31,2026-08-04T11:40:49Z
16547,30,2026-08-04T11:40:51Z
16548,31,2026-08-04T11:40:53Z
16549,33,2026-08-04T11:40:55Z
16550,32,2026-08-04T11:40:57Z
16551,29,2026-08-04T11:40:59Z
16552,29,2026-08-04T11:41:01Z
16553,31,2026-08-04T11:41:03Z
16554,30,2026-08-04T11:41:05Z
16555,28,2026-08-04T11:41:07Z
16556,27,2026-08-04T11:41:09Z
16557,27,2026-08-04T11:41:11Z
16558,27,2026-08-04T11:41:13Z
16559,31,2026-08-04T11:41:15Z
16560,28,2026-08-04T11:41:17Z
16561,26,2026-08-04T11:41:19Z
16562,26,2026-08-04T11:41:21Z
16563,24,2026-08-04T11:41:23Z
16564,22,2026-08-04T11:41:25Z
16565,22,2026-08-04T11:41:27Z
16566,22,2026-08-04T11:41:29Z
16567,23,2026-08-04T11:41:31Z
16568,21,2026-08-04T11:41:33Z
16569,22,2026-08-04T11:41:35Z
16570,21,2026-08-04T11:41:37Z
16571,22,2026-08-04T11:41:39Z
16572,22,2026-08-04T11:41:41Z
16573,21,2026-08-04T11:41:43Z
16574,20,2026-08-04T11:41:45Z
16575,20,2026-08-04T11:41:47Z
16576,20,2026-08-04T11:41:49Z
16577,21,2026-08-04T11:41:51Z
16578,20,2026-08-04T11:41:53Z
16579,21,2026-08-04T11:41:55Z
16580,21,2026-08-04T11:41:57Z
16581,20,2026-08-04T11:41:59Z
16582,20,2026-08-04T11:42:01Z
16583,19,2026-08-04T11:42:03Z
16584,18,2026-08-04T11:42:05Z
16585,23,2026-08-04T11:42:07Z
16586,19,2026-08-04T11:42:09Z
16587,21,2026-08-04T11:42:11Z
16588,20,2026-08-04T11:42:13Z
16589,21,2026-08-04T11:42:15Z
16590,21,2026-08-04T11:42:17Z
16591,22,2026-08-04T11:42:19Z
16592,22,2026-08-04T11:42:21Z
16593,24,2026-08-04T11:42:23Z
16594,23,2026-08-04T11:42:25Z
16595,26,2026-08-04T11:42:27Z
16596,24,2026-08-04T11:42:29Z
16597,26,2026-08-04T11:42:31Z
16598,25,2026-08-04T11:42:33Z
16599,25,2026-08-04T11:42:35Z
16600,26,2026-08-04T11:42:37Z
16601,27,2026-08-04T11:42:39Z
16602,26,2026-08-04T11:42:41Z
16603,26,2026-08-04T11:42:43Z
16604,24,2026-08-04T11:42:45Z
16605,28,2026-08-04T11:42:47Z
16606,29,2026-08-04T11:42:49Z
16607,28,2026-08-04T11:42:51Z
16608,31,2026-08-04T11:42:53Z
16609,26,2026-08-04T11:42:55Z
16610,28,2026-08-04T11:42:57Z
16611,29,2026-08-04T11:42:59Z
16612,29,2026-08-04T11:43:01Z
16613,30,2026-08-04T11:43:03Z
16614,32,2026-08-04T11:43:05Z
16615,27,2026-08-04T11:43:07Z
16616,25,2026-08-04T11:43:09Z
16617,30,2026-08-04T11:43:11Z
16618,27,2026-08-04T11:43:13Z
16619,27,2026-08-04T11:43:15Z
16620,23,2026-08-04T11:43:17Z
16621,25,2026-08-04T11:43:19Z
16622,23,2026-08-04T11:43:21Z
16623,22,2026-08-04T11:43:23Z
16624,28,2026-08-04T11:43:25Z
16625,28,2026-08-04T11:43:27Z
16626,28,2026-08-04T11:43:29Z
16627,26,2026-08-04T11:43:31Z
16628,24,2026-08-04T11:43:33Z
16629,27,2026-08-04T11:43:35Z
16630,25,2026-08-04T11:43:37Z
16631,27,2026-08-04T11:43:39Z
16632,23,2026-08-04T11:43:41Z
16633,24,2026-08-04T11:43:43Z
16634,27,2026-08-04T11:43:45Z
16635,25,2026-08-04T11:43:47Z
16636,24,2026-08-04T11:43:49Z
16637,27,2026-08-04T11:43:51Z
16638,28,2026-08-04T11:43:53Z
16639,26,2026-08-04T11:43:55Z
16640,25,2026-08-04T11:43:57Z
16641,27,2026-08-04T11:43:59Z
16642,30,2026-08-04T11:44:01Z
16643,27,2026-08-04T11:44:03Z
16644,29,2026-08-04T11:44:05Z
16645,29,2026-08-04T11:44:07Z
16646,29,2026-08-04T11:44:09Z
16647,25,2026-08-04T11:44:11Z
16648,24,2026-08-04T11:44:13Z
16649,24,2026-08-04T11:44:15Z
16650,25,2026-08-04T11:44:17Z
16651,28,2026-08-04T11:44:19Z
16652,30,2026-08-04T11:44:21Z
16653,30,2026-08-04T11:44:23Z
16654,29,2026-08-04T11:44:25Z
16655,34,2026-08-04T11:44:27Z
16656,31,2026-08-04T11:44:29Z
16657,33,2026-08-04T11:44:31Z
16658,34,2026-08-04T11:44:33Z
16659,33,2026-08-04T11:44:35Z
16660,34,2026-08-04T11:44:37Z
16661,29,2026-08-04T11:44:39Z
16662,27,2026-08-04T11:44:41Z
16663,31,2026-08-04T11:44:43Z
16664,28,2026-08-04T11:44:45Z
16665,25,2026-08-04T11:44:47Z
16666,26,2026-08-04T11:44:49Z
16667,27,2026-08-04T11:44:51Z
16668,28,2026-08-04T11:44:53Z
16669,28,2026-08-04T11:44:55Z
16670,30,2026-08-04T11:44:57Z
16671,30,2026-08-04T11:44:59Z
16672,29,2026-08-04T11:45:01Z
16673,31,2026-08-04T11:45:03Z
16674,30,2026-08-04T11:45:05Z
16675,32,2026-08-04T11:45:07Z
16676,32,2026-08-04T11:45:09Z
16677,36,2026-08-04T11:45:11Z
16678,35,2026-08-04T11:45:13Z
16679,31,2026-08-04T11:45:15Z
16680,29,2026-08-04T11:45:17Z
16681,32,2026-08-04T11:45:19Z
16682,29,2026-08-04T11:45:21Z
16683,31,2026-08-04T11:45:23Z
16684,29,2026-08-04T11:45:25Z
16685,34,2026-08-04T11:45:27Z
16686,35,2026-08-04T11:45:29Z
16687,33,2026-08-04T11:45:31Z
16688,34,2026-08-04T11:45:33Z
16689,29,2026-08-04T11:45:35Z
16690,31,2026-08-04T11:45:37Z
16691,31,2026-08-04T11:45:39Z
16692,30,2026-08-04T11:45:41Z
16693,30,2026-08-04T11:45:43Z
16694,28,2026-08-04T11:45:45Z
16695,30,2026-08-04T11:45:47Z
16696,28,2026-08-04T11:45:49Z
16697,29,2026-08-04T11:45:51Z
16698,30,2026-08-04T11:45:53Z
16699,30,2026-08-04T11:45:55Z
16700,31,2026-08-04T11:45:57Z
16701,30,2026-08-04T11:45:59Z
16702,28,2026-08-04T11:46:01Z
16703,31,2026-08-04T11:46:03Z
16704,28,2026-08-04T11:46:05Z
16705,27,2026-08-04T11:46:07Z
16706,26,2026-08-04T11:46:09Z
16707,30,2026-08-04T11:46:11Z
16708,29,2026-08-04T11:46:13Z
16709,26,2026-08-04T11:46:15Z
16710,29,2026-08-04T11:46:17Z
16711,28,2026-08-04T11:46:19Z
16712,27,2026-08-04T11:46:21Z
16713,29,2026-08-04T11:46:23Z
16714,30,2026-08-04T11:46:25Z
16715,27,2026-08-04T11:46:27Z
16716,27,2026-08-04T11:46:29Z
16717,30,2026-08-04T11:46:31Z
16718,29,2026-08-04T11:46:33Z
16719,25,2026-08-04T11:46:35Z
16720,29,2026-08-04T11:46:37Z
16721,26,2026-08-04T11:46:39Z
16722,25,2026-08-04T11:46:41Z
16723,30,2026-08-04T11:46:43Z
16724,28,2026-08-04T11:46:45Z
16725,26,2026-08-04T11:46:47Z
16726,30,2026-08-04T11:46:50Z
16727,33,2026-08-04T11:46:53Z
16728,30,2026-08-04T11:46:56Z
16729,30,2026-08-04T11:46:59Z
16730,32,2026-08-04T11:47:02Z
16731,29,2026-08-04T11:47:04Z
16732,27,2026-08-04T11:47:07Z
16733,31,2026-08-04T11:47:10Z
16734,31,2026-08-04T11:47:13Z
16735,33,2026-08-04T11:47:16Z
16736,30,2026-08-04T11:47:19Z
16737,29,2026-08-04T11:47:21Z
16738,30,2026-08-04T11:47:23Z
16739,24,2026-08-04T11:47:26Z
16740,23,2026-08-04T11:47:28Z
16741,23,2026-08-04T11:47:30Z
16742,23,2026-08-04T11:47:33Z
16743,23,2026-08-04T11:47:35Z
16744,26,2026-08-04T11:47:38Z
16745,23,2026-08-04T11:47:39Z
16746,22,2026-08-04T11:47:41Z
16747,23,2026-08-04T11:47:43Z
16748,23,2026-08-04T11:47:44Z
16749,21,2026-08-04T11:47:47Z
16750,25,2026-08-04T11:47:50Z
16751,24,2026-08-04T11:47:52Z
16752,25,2026-08-04T11:47:55Z
16753,26,2026-08-04T11:47:58Z
16754,29,2026-08-04T11:48:01Z
16755,28,2026-08-04T11:48:03Z
16756,27,2026-08-04T11:48:06Z
16757,32,2026-08-04T11:48:09Z
16758,28,2026-08-04T11:48:11Z
16759,30,2026-08-04T11:48:14Z
16760,30,2026-08-04T11:48:16Z
16761,28,2026-08-04T11:48:18Z
16762,26,2026-08-04T11:48:21Z
16763,27,2026-08-04T11:48:24Z
16764,26,2026-08-04T11:48:27Z
16765,27,2026-08-04T11:48:30Z
16766,28,2026-08-04T11:48:32Z
16767,29,2026-08-04T11:48:34Z
16768,29,2026-08-04T11:48:36Z
16769,30,2026-08-04T11:48:39Z
16770,29,2026-08-04T11:48:43Z
16771,33,2026-08-04T11:48:46Z
16772,33,2026-08-04T11:48:49Z
16773,30,2026-08-04T11:48:53Z
16774,29,2026-08-04T11:48:54Z
16775,29,2026-08-04T11:48:57Z
16776,27,2026-08-04T11:48:59Z
16777,27,2026-08-04T11:49:02Z
16778,29,2026-08-04T11:49:05Z
16779,27,2026-08-04T11:49:07Z
16780,28,2026-08-04T11:49:10Z
16781,30,2026-08-04T11:49:13Z
16782,32,2026-08-04T11:49:16Z
16783,31,2026-08-04T11:49:19Z
16784,34,2026-08-04T11:49:21Z
16785,33,2026-08-04T11:49:24Z
16786,31,2026-08-04T11:49:27Z
16787,31,2026-08-04T11:49:29Z
16788,31,2026-08-04T11:49:32Z
16789,32,2026-08-04T11:49:34Z
16790,25,2026-08-04T11:49:37Z
16791,27,2026-08-04T11:49:39Z
16792,26,2026-08-04T11:49:41Z
16793,25,2026-08-04T11:49:44Z
16794,29,2026-08-04T11:49:46Z
16795,26,2026-08-04T11:49:49Z
16796,26,2026-08-04T11:49:52Z
16797,24,2026-08-04T11:49:55Z
16798,22,2026-08-04T11:49:57Z
16799,21,2026-08-04T11:50:00Z
16800,23,2026-08-04T11:50:02Z
16801,22,2026-08-04T11:50:04Z
16802,26,2026-08-04T11:50:07Z
16803,23,2026-08-04T11:50:09Z
16804,25,2026-08-04T11:50:12Z
16805,23,2026-08-04T11:50:14Z
16806,24,2026-08-04T11:50:17Z
16807,24,2026-08-04T11:50:19Z
16808,26,2026-08-04T11:50:21Z
16809,24,2026-08-04T11:50:23Z
16810,24,2026-08-04T11:50:25Z
16811,24,2026-08-04T11:50:33Z
16812,22,2026-08-04T11:50:40Z
16813,25,2026-08-04T11:50:48Z
16814,21,2026-08-04T11:50:56Z
16815,20,2026-08-04T11:51:03Z
16816,22,2026-08-04T11:51:11Z
16817,25,2026-08-04T11:51:19Z
16818,24,2026-08-04T11:51:26Z
16819,25,2026-08-04T11:51:29Z
16820,22,2026-08-04T11:51:31Z
16821,28,2026-08-04T11:51:32Z
16822,27,2026-08-04T11:51:35Z
16823,29,2026-08-04T11:51:38Z
16824,26,2026-08-04T11:51:41Z
16825,27,2026-08-04T11:51:44Z
16826,30,2026-08-04T11:51:47Z
16827,30,2026-08-04T11:51:48Z
16828,31,2026-08-04T11:51:50Z
16829,25,2026-08-04T11:51:53Z
16830,27,2026-08-04T11:51:56Z
16831,28,2026-08-04T11:51:59Z
16832,31,2026-08-04T11:52:02Z
16833,30,2026-08-04T11:52:05Z
16834,32,2026-08-04T11:52:08Z
16835,32,2026-08-04T11:52:11Z
16836,32,2026-08-04T11:52:14Z
16837,31,2026-08-04T11:52:17Z
16838,33,2026-08-04T11:52:20Z
16839,36,2026-08-04T11:52:23Z
16840,33,2026-08-04T11:52:26Z
16841,32,2026-08-04T11:52:28Z
16842,35,2026-08-04T11:52:31Z
16843,28,2026-08-04T11:52:34Z
16844,29,2026-08-04T11:52:36Z
16845,30,2026-08-04T11:52:39Z
16846,30,2026-08-04T11:52:42Z
16847,27,2026-08-04T11:52:44Z
16848,29,2026-08-04T11:52:47Z
16849,29,2026-08-04T11:52:49Z
16850,27,2026-08-04T11:52:52Z
16851,27,2026-08-04T11:52:54Z
16852,27,2026-08-04T11:52:57Z
16853,23,2026-08-04T11:52:59Z
16854,25,2026-08-04T11:53:02Z
16855,23,2026-08-04T11:53:04Z
16856,24,2026-08-04T11:53:06Z
16857,27,2026-08-04T11:53:08Z
16858,24,2026-08-04T11:53:10Z
16859,25,2026-08-04T11:53:12Z
16860,28,2026-08-04T11:53:15Z
16861,28,2026-08-04T11:53:18Z
16862,28,2026-08-04T11:53:20Z
16863,26,2026-08-04T11:53:22Z
16864,27,2026-08-04T11:53:24Z
16865,23,2026-08-04T11:53:26Z
16866,23,2026-08-04T11:53:28Z
16867,24,2026-08-04T11:53:30Z
16868,25,2026-08-04T11:53:33Z
16869,23,2026-08-04T11:53:36Z
16870,22,2026-08-04T11:53:38Z
16871,23,2026-08-04T11:53:41Z
16872,23,2026-08-04T11:53:43Z
16873,26,2026-08-04T11:53:46Z
16874,30,2026-08-04T11:53:48Z
16875,31,2026-08-04T11:53:50Z
16876,30,2026-08-04T11:53:53Z
16877,29,2026-08-04T11:53:55Z
16878,28,2026-08-04T11:53:58Z
16879,28,2026-08-04T11:54:02Z
16880,30,2026-08-04T11:54:07Z
16881,25,2026-08-04T11:54:12Z
16882,25,2026-08-04T11:54:16Z
16883,26,2026-08-04T11:54:21Z
16884,24,2026-08-04T11:54:25Z
16885,27,2026-08-04T11:54:29Z
16886,26,2026-08-04T11:54:33Z
16887,26,2026-08-04T11:54:38Z
16888,27,2026-08-04T11:54:42Z
16889,24,2026-08-04T11:54:45Z
16890,24,2026-08-04T11:54:47Z
16891,25,2026-08-04T11:54:50Z
16892,27,2026-08-04T11:54:53Z
16893,24,2026-08-04T11:54:56Z
16894,28,2026-08-04T11:54:59Z
16895,27,2026-08-04T11:55:02Z
16896,25,2026-08-04T11:55:06Z
16897,28,2026-08-04T11:55:10Z
16898,26,2026-08-04T11:55:11Z
16899,26,2026-08-04T11:55:15Z
16900,25,2026-08-04T11:55:19Z
16901,23,2026-08-04T11:55:23Z
16902,24,2026-08-04T11:55:25Z
16903,26,2026-08-04T11:55:29Z
16904,27,2026-08-04T11:55:33Z
16905,27,2026-08-04T11:55:37Z
16906,28,2026-08-04T11:55:41Z
16907,28,2026-08-04T11:55:44Z
16908,28,2026-08-04T11:55:46Z
16909,29,2026-08-04T11:55:50Z
16910,32,2026-08-04T11:55:53Z
16911,26,2026-08-04T11:55:56Z
16912,30,2026-08-04T11:56:00Z
16913,26,2026-08-04T11:56:03Z
16914,23,2026-08-04T11:56:06Z
16915,28,2026-08-04T11:56:09Z
16916,25,2026-08-04T11:56:12Z
16917,23,2026-08-04T11:56:15Z
16918,23,2026-08-04T11:56:18Z
16919,24,2026-08-04T11:56:20Z
16920,24,2026-08-04T11:56:23Z
16921,26,2026-08-04T11:56:26Z
16922,25,2026-08-04T11:56:27Z
16923,26,2026-08-04T11:56:29Z
16924,29,2026-08-04T11:56:32Z
16925,27,2026-08-04T11:56:35Z
16926,29,2026-08-04T11:56:39Z
16927,28,2026-08-04T11:56:42Z
16928,26,2026-08-04T11:56:45Z
16929,28,2026-08-04T11:56:47Z
16930,29,2026-08-04T11:56:50Z
16931,28,2026-08-04T11:56:52Z
16932,27,2026-08-04T11:56:54Z
16933,28,2026-08-04T11:56:57Z
16934,28,2026-08-04T11:56:59Z
16935,28,2026-08-04T11:57:02Z
16936,28,2026-08-04T11:57:05Z
16937,27,2026-08-04T11:57:09Z
16938,28,2026-08-04T11:57:13Z
16939,24,2026-08-04T11:57:16Z
16940,26,2026-08-04T11:57:19Z
16941,28,2026-08-04T11:57:22Z
16942,25,2026-08-04T11:57:25Z
16943,25,2026-08-04T11:57:28Z
16944,27,2026-08-04T11:57:31Z
16945,27,2026-08-04T11:57:34Z
16946,24,2026-08-04T11:57:37Z
16947,27,2026-08-04T11:57:40Z
16948,26,2026-08-04T11:57:41Z
16949,27,2026-08-04T11:57:44Z
16950,27,2026-08-04T11:57:47Z
16951,26,2026-08-04T11:57:51Z
16952,28,2026-08-04T11:57:55Z
16953,32,2026-08-04T11:57:58Z
16954,27,2026-08-04T11:57:58Z
16955,27,2026-08-04T11:58:02Z
16956,31,2026-08-04T11:58:06Z
16957,27,2026-08-04T11:58:09Z
16958,26,2026-08-04T11:58:11Z
16959,27,2026-08-04T11:58:16Z
16960,26,2026-08-04T11:58:19Z
16961,23,2026-08-04T11:58:22Z
16962,26,2026-08-04T11:58:25Z
16963,26,2026-08-04T11:58:28Z
16964,23,2026-08-04T11:58:31Z
16965,26,2026-08-04T11:58:34Z
16966,28,2026-08-04T11:58:37Z
16967,24,2026-08-04T11:58:40Z
16968,23,2026-08-04T11:58:43Z
16969,24,2026-08-04T11:58:46Z
16970,23,2026-08-04T11:58:49Z
16971,27,2026-08-04T11:58:52Z
16972,25,2026-08-04T11:58:54Z
16973,26,2026-08-04T11:58:56Z
16974,27,2026-08-04T11:59:00Z
16975,30,2026-08-04T11:59:03Z
16976,24,2026-08-04T11:59:06Z
16977,27,2026-08-04T11:59:10Z
16978,30,2026-08-04T11:59:13Z
16979,30,2026-08-04T11:59:16Z
16980,30,2026-08-04T11:59:20Z
16981,30,2026-08-04T11:59:23Z
16982,29,2026-08-04T11:59:26Z
16983,30,2026-08-04T11:59:30Z
16984,31,2026-08-04T11:59:33Z
16985,30,2026-08-04T11:59:36Z
16986,31,2026-08-04T11:59:39Z
16987,33,2026-08-04T11:59:43Z
16988,33,2026-08-04T11:59:46Z
16989,32,2026-08-04T11:59:49Z
16990,33,2026-08-04T11:59:53Z
16991,30,2026-08-04T11:59:56Z
16992,29,2026-08-04T11:59:59Z
16993,27,2026-08-04T12:00:02Z
16994,25,2026-08-04T12:00:04Z
16995,27,2026-08-04T12:00:07Z
16996,29,2026-08-04T12:00:10Z
16997,26,2026-08-04T12:00:14Z
16998,21,2026-08-04T12:00:16Z
16999,23,2026-08-04T12:00:17Z
17000,22,2026-08-04T12:00:19Z
17001,22,2026-08-04T12:00:22Z
17002,23,2026-08-04T12:00:24Z
17003,21,2026-08-04T12:00:27Z
17004,21,2026-08-04T12:00:30Z
17005,20,2026-08-04T12:00:33Z
17006,21,2026-08-04T12:00:35Z
17007,22,2026-08-04T12:00:38Z
17008,22,2026-08-04T12:00:41Z
17009,25,2026-08-04T12:00:43Z
17010,27,2026-08-04T12:00:46Z
17011,25,2026-08-04T12:00:49Z
17012,23,2026-08-04T12:00:51Z
17013,26,2026-08-04T12:00:52Z
17014,23,2026-08-04T12:00:55Z
17015,24,2026-08-04T12:00:57Z
17016,23,2026-08-04T12:01:00Z
17017,23,2026-08-04T12:01:02Z
17018,24,2026-08-04T12:01:04Z
17019,23,2026-08-04T12:01:07Z
17020,24,2026-08-04T12:01:10Z
17021,24,2026-08-04T12:01:12Z
17022,22,2026-08-04T12:01:15Z
17023,22,2026-08-04T12:01:18Z
17024,23,2026-08-04T12:01:20Z
17025,22,2026-08-04T12:01:22Z
17026,22,2026-08-04T12:01:25Z
17027,25,2026-08-04T12:01:27Z
17028,24,2026-08-04T12:01:29Z
17029,23,2026-08-04T12:01:33Z
17030,23,2026-08-04T12:01:36Z
17031,26,2026-08-04T12:01:39Z
17032,24,2026-08-04T12:01:42Z
17033,24,2026-08-04T12:01:45Z
17034,28,2026-08-04T12:01:48Z
17035,26,2026-08-04T12:01:51Z
17036,28,2026-08-04T12:01:54Z
17037,27,2026-08-04T12:01:58Z
17038,27,2026-08-04T12:02:00Z
17039,27,2026-08-04T12:02:03Z
17040,28,2026-08-04T12:02:06Z
17041,29,2026-08-04T12:02:08Z
17042,29,2026-08-04T12:02:11Z
17043,26,2026-08-04T12:02:14Z
17044,27,2026-08-04T12:02:17Z
17045,26,2026-08-04T12:02:19Z
17046,27,2026-08-04T12:02:22Z
17047,29,2026-08-04T12:02:25Z
17048,29,2026-08-04T12:02:27Z
17049,30,2026-08-04T12:02:30Z
17050,27,2026-08-04T12:02:33Z
17051,28,2026-08-04T12:02:36Z
17052,30,2026-08-04T12:02:38Z
17053,28,2026-08-04T12:02:41Z
17054,29,2026-08-04T12:02:44Z
17055,30,2026-08-04T12:02:47Z
17056,28,2026-08-04T12:02:50Z
17057,35,2026-08-04T12:02:54Z
17058,32,2026-08-04T12:02:57Z
17059,29,2026-08-04T12:02:59Z
17060,31,2026-08-04T12:03:02Z
17061,31,2026-08-04T12:03:05Z
17062,30,2026-08-04T12:03:07Z
17063,26,2026-08-04T12:03:10Z
17064,30,2026-08-04T12:03:16Z
17065,29,2026-08-04T12:03:22Z
17066,29,2026-08-04T12:03:27Z
17067,29,2026-08-04T12:03:31Z
17068,30,2026-08-04T12:03:33Z
17069,26,2026-08-04T12:03:37Z
17070,25,2026-08-04T12:03:42Z
17071,27,2026-08-04T12:03:46Z
17072,27,2026-08-04T12:03:50Z
17073,29,2026-08-04T12:03:53Z
17074,27,2026-08-04T12:03:56Z
17075,28,2026-08-04T12:03:59Z
17076,28,2026-08-04T12:04:02Z
17077,29,2026-08-04T12:04:05Z
17078,27,2026-08-04T12:04:08Z
17079,29,2026-08-04T12:04:12Z
17080,29,2026-08-04T12:04:16Z
17081,30,2026-08-04T12:04:20Z
17082,31,2026-08-04T12:04:24Z
17083,32,2026-08-04T12:04:27Z
17084,30,2026-08-04T12:04:30Z
17085,34,2026-08-04T12:04:35Z
17086,35,2026-08-04T12:04:36Z
17087,30,2026-08-04T12:04:40Z
17088,30,2026-08-04T12:04:44Z
17089,34,2026-08-04T12:04:48Z
17090,29,2026-08-04T12:04:52Z
17091,32,2026-08-04T12:04:56Z
17092,31,2026-08-04T12:04:59Z
17093,34,2026-08-04T12:05:02Z
17094,33,2026-08-04T12:05:06Z
17095,33,2026-08-04T12:05:09Z
17096,32,2026-08-04T12:05:13Z
17097,30,2026-08-04T12:05:18Z
17098,33,2026-08-04T12:05:22Z
17099,29,2026-08-04T12:05:25Z
17100,32,2026-08-04T12:05:28Z
17101,28,2026-08-04T12:05:30Z
17102,30,2026-08-04T12:05:33Z
17103,27,2026-08-04T12:05:35Z
17104,28,2026-08-04T12:05:37Z
17105,30,2026-08-04T12:05:40Z
17106,28,2026-08-04T12:05:42Z
17107,30,2026-08-04T12:05:45Z
17108,30,2026-08-04T12:05:47Z
17109,28,2026-08-04T12:05:50Z
17110,30,2026-08-04T12:05:53Z
17111,28,2026-08-04T12:05:56Z
17112,30,2026-08-04T12:05:59Z
17113,28,2026-08-04T12:06:03Z
17114,26,2026-08-04T12:06:04Z
17115,27,2026-08-04T12:06:06Z
17116,28,2026-08-04T12:06:10Z
17117,29,2026-08-04T12:06:12Z
17118,26,2026-08-04T12:06:14Z
17119,32,2026-08-04T12:06:17Z
17120,30,2026-08-04T12:06:20Z
17121,32,2026-08-04T12:06:22Z
17122,28,2026-08-04T12:06:26Z
17123,32,2026-08-04T12:06:29Z
17124,29,2026-08-04T12:06:32Z
17125,29,2026-08-04T12:06:34Z
17126,32,2026-08-04T12:06:36Z
17127,32,2026-08-04T12:06:38Z
17128,29,2026-08-04T12:06:40Z
17129,31,2026-08-04T12:06:44Z
17130,31,2026-08-04T12:06:47Z
17131,30,2026-08-04T12:06:50Z
17132,31,2026-08-04T12:06:53Z
17133,33,2026-08-04T12:06:56Z
17134,28,2026-08-04T12:06:58Z
17135,26,2026-08-04T12:07:01Z
17136,31,2026-08-04T12:07:04Z
17137,29,2026-08-04T12:07:07Z
17138,28,2026-08-04T12:07:10Z
17139,27,2026-08-04T12:07:12Z
17140,31,2026-08-04T12:07:15Z
17141,27,2026-08-04T12:07:18Z
17142,24,2026-08-04T12:07:20Z
17143,26,2026-08-04T12:07:22Z
17144,28,2026-08-04T12:07:25Z
17145,25,2026-08-04T12:07:27Z
17146,26,2026-08-04T12:07:29Z
17147,25,2026-08-04T12:07:32Z
17148,27,2026-08-04T12:07:34Z
17149,24,2026-08-04T12:07:36Z
17150,21,2026-08-04T12:07:39Z
17151,24,2026-08-04T12:07:41Z
17152,21,2026-08-04T12:07:44Z
17153,21,2026-08-04T12:07:47Z
17154,26,2026-08-04T12:07:49Z
17155,22,2026-08-04T12:07:50Z
17156,20,2026-08-04T12:07:52Z
17157,20,2026-08-04T12:07:55Z
17158,26,2026-08-04T12:07:57Z
17159,23,2026-08-04T12:08:00Z
17160,23,2026-08-04T12:08:02Z
17161,23,2026-08-04T12:08:05Z
17162,24,2026-08-04T12:08:07Z
17163,26,2026-08-04T12:08:09Z
17164,25,2026-08-04T12:08:11Z
17165,24,2026-08-04T12:08:14Z
17166,25,2026-08-04T12:08:16Z
17167,26,2026-08-04T12:08:19Z
17168,24,2026-08-04T12:08:22Z
17169,24,2026-08-04T12:08:24Z
17170,25,2026-08-04T12:08:27Z
17171,26,2026-08-04T12:08:29Z
17172,24,2026-08-04T12:08:32Z
17173,24,2026-08-04T12:08:34Z
17174,26,2026-08-04T12:08:36Z
17175,29,2026-08-04T12:08:38Z
17176,28,2026-08-04T12:08:40Z
17177,31,2026-08-04T12:08:42Z
17178,24,2026-08-04T12:08:45Z
17179,25,2026-08-04T12:08:48Z
17180,28,2026-08-04T12:08:52Z
17181,25,2026-08-04T12:08:56Z
17182,27,2026-08-04T12:09:00Z
17183,31,2026-08-04T12:09:03Z
17184,26,2026-08-04T12:09:07Z
17185,27,2026-08-04T12:09:10Z
17186,26,2026-08-04T12:09:12Z
17187,27,2026-08-04T12:09:15Z
17188,29,2026-08-04T12:09:18Z
17189,25,2026-08-04T12:09:20Z
17190,29,2026-08-04T12:09:23Z
17191,26,2026-08-04T12:09:26Z
17192,33,2026-08-04T12:09:30Z
17193,29,2026-08-04T12:09:35Z
17194,29,2026-08-04T12:09:39Z
17195,26,2026-08-04T12:09:43Z
17196,32,2026-08-04T12:09:48Z
17197,29,2026-08-04T12:09:52Z
17198,26,2026-08-04T12:09:57Z
17199,25,2026-08-04T12:10:01Z
17200,27,2026-08-04T12:10:06Z
17201,26,2026-08-04T12:10:09Z
17202,22,2026-08-04T12:10:13Z
17203,25,2026-08-04T12:10:16Z
17204,24,2026-08-04T12:10:19Z
17205,27,2026-08-04T12:10:22Z
17206,25,2026-08-04T12:10:24Z
17207,25,2026-08-04T12:10:27Z
17208,25,2026-08-04T12:10:30Z
17209,29,2026-08-04T12:10:33Z
17210,26,2026-08-04T12:10:37Z
17211,27,2026-08-04T12:10:40Z
17212,28,2026-08-04T12:10:43Z
17213,27,2026-08-04T12:10:46Z
17214,27,2026-08-04T12:10:50Z
17215,25,2026-08-04T12:10:53Z
17216,27,2026-08-04T12:10:56Z
17217,27,2026-08-04T12:10:59Z
17218,25,2026-08-04T12:11:03Z
17219,28,2026-08-04T12:11:06Z
17220,31,2026-08-04T12:11:09Z
17221,28,2026-08-04T12:11:12Z
17222,31,2026-08-04T12:11:16Z
17223,32,2026-08-04T12:11:20Z
17224,34,2026-08-04T12:11:23Z
17225,35,2026-08-04T12:11:26Z
17226,38,2026-08-04T12:11:30Z
17227,37,2026-08-04T12:11:34Z
17228,36,2026-08-04T12:11:37Z
17229,39,2026-08-04T12:11:41Z
17230,33,2026-08-04T12:11:44Z
17231,32,2026-08-04T12:11:48Z
17232,33,2026-08-04T12:11:51Z
17233,30,2026-08-04T12:11:54Z
17234,32,2026-08-04T12:11:58Z
17235,33,2026-08-04T12:12:03Z
17236,34,2026-08-04T12:12:07Z
17237,33,2026-08-04T12:12:10Z
17238,34,2026-08-04T12:12:12Z
17239,33,2026-08-04T12:12:15Z
17240,33,2026-08-04T12:12:17Z
17241,30,2026-08-04T12:12:21Z
17242,36,2026-08-04T12:12:24Z
17243,32,2026-08-04T12:12:28Z
17244,33,2026-08-04T12:12:31Z
17245,33,2026-08-04T12:12:34Z
17246,29,2026-08-04T12:12:37Z
17247,31,2026-08-04T12:12:41Z
17248,31,2026-08-04T12:12:44Z
17249,28,2026-08-04T12:12:48Z
17250,31,2026-08-04T12:12:50Z
17251,30,2026-08-04T12:12:53Z
17252,32,2026-08-04T12:12:56Z
17253,30,2026-08-04T12:12:59Z
17254,29,2026-08-04T12:13:02Z
17255,30,2026-08-04T12:13:05Z
17256,26,2026-08-04T12:13:08Z
17257,28,2026-08-04T12:13:12Z
17258,27,2026-08-04T12:13:16Z
17259,30,2026-08-04T12:13:18Z
17260,26,2026-08-04T12:13:20Z
17261,28,2026-08-04T12:13:23Z
17262,29,2026-08-04T12:13:26Z
17263,28,2026-08-04T12:13:28Z
17264,29,2026-08-04T12:13:31Z
17265,28,2026-08-04T12:13:34Z
17266,28,2026-08-04T12:13:36Z
17267,27,2026-08-04T12:13:39Z
17268,27,2026-08-04T12:13:43Z
17269,31,2026-08-04T12:13:48Z
17270,26,2026-08-04T12:13:48Z
17271,27,2026-08-04T12:13:51Z
17272,27,2026-08-04T12:13:54Z
17273,27,2026-08-04T12:13:57Z
17274,27,2026-08-04T12:14:00Z
17275,27,2026-08-04T12:14:02Z
17276,28,2026-08-04T12:14:05Z
17277,26,2026-08-04T12:14:08Z
17278,26,2026-08-04T12:14:11Z
17279,26,2026-08-04T12:14:14Z
17280,28,2026-08-04T12:14:17Z
17281,26,2026-08-04T12:14:19Z
17282,27,2026-08-04T12:14:22Z
17283,25,2026-08-04T12:14:25Z
17284,24,2026-08-04T12:14:28Z
17285,23,2026-08-04T12:14:31Z
17286,23,2026-08-04T12:14:32Z
17287,23,2026-08-04T12:14:35Z
17288,23,2026-08-04T12:14:37Z
17289,24,2026-08-04T12:14:40Z
17290,24,2026-08-04T12:14:43Z
17291,24,2026-08-04T12:14:46Z
17292,26,2026-08-04T12:14:49Z
17293,27,2026-08-04T12:14:51Z
17294,26,2026-08-04T12:14:54Z
17295,24,2026-08-04T12:14:57Z
17296,24,2026-08-04T12:14:58Z
17297,23,2026-08-04T12:15:00Z
17298,26,2026-08-04T12:15:03Z
17299,29,2026-08-04T12:15:05Z
17300,27,2026-08-04T12:15:08Z
17301,27,2026-08-04T12:15:11Z
17302,27,2026-08-04T12:15:15Z
17303,27,2026-08-04T12:15:17Z
17304,26,2026-08-04T12:15:20Z
17305,26,2026-08-04T12:15:22Z
17306,26,2026-08-04T12:15:25Z
17307,29,2026-08-04T12:15:28Z
17308,25,2026-08-04T12:15:31Z
17309,25,2026-08-04T12:15:33Z
17310,26,2026-08-04T12:15:36Z
17311,26,2026-08-04T12:15:39Z
17312,24,2026-08-04T12:15:42Z
17313,27,2026-08-04T12:15:45Z
17314,24,2026-08-04T12:15:48Z
17315,24,2026-08-04T12:15:51Z
17316,24,2026-08-04T12:15:54Z
17317,27,2026-08-04T12:15:56Z
17318,25,2026-08-04T12:15:58Z
17319,30,2026-08-04T12:16:01Z
17320,29,2026-08-04T12:16:04Z
17321,25,2026-08-04T12:16:06Z
17322,25,2026-08-04T12:16:08Z
17323,26,2026-08-04T12:16:11Z
17324,27,2026-08-04T12:16:14Z
17325,21,2026-08-04T12:16:17Z
17326,23,2026-08-04T12:16:20Z
17327,21,2026-08-04T12:16:24Z
17328,20,2026-08-04T12:16:26Z
17329,22,2026-08-04T12:16:29Z
17330,23,2026-08-04T12:16:31Z
17331,25,2026-08-04T12:16:34Z
17332,21,2026-08-04T12:16:37Z
17333,20,2026-08-04T12:16:39Z
17334,22,2026-08-04T12:16:42Z
17335,22,2026-08-04T12:16:45Z
17336,22,2026-08-04T12:16:48Z
17337,24,2026-08-04T12:16:51Z
17338,26,2026-08-04T12:16:54Z
17339,26,2026-08-04T12:16:57Z
17340,29,2026-08-04T12:17:00Z
17341,26,2026-08-04T12:17:03Z
17342,24,2026-08-04T12:17:05Z
17343,24,2026-08-04T12:17:08Z
17344,24,2026-08-04T12:17:10Z
17345,24,2026-08-04T12:17:13Z
17346,26,2026-08-04T12:17:15Z
17347,25,2026-08-04T12:17:19Z
17348,23,2026-08-04T12:17:21Z
17349,24,2026-08-04T12:17:23Z
17350,24,2026-08-04T12:17:26Z
17351,25,2026-08-04T12:17:28Z
17352,27,2026-08-04T12:17:31Z
17353,26,2026-08-04T12:17:33Z
17354,23,2026-08-04T12:17:36Z
17355,23,2026-08-04T12:17:38Z
17356,27,2026-08-04T12:17:41Z
17357,23,2026-08-04T12:17:43Z
17358,25,2026-08-04T12:17:46Z
17359,25,2026-08-04T12:17:48Z
17360,26,2026-08-04T12:17:51Z
17361,20,2026-08-04T12:17:53Z
17362,22,2026-08-04T12:17:55Z
17363,20,2026-08-04T12:17:57Z
17364,20,2026-08-04T12:18:00Z
17365,18,2026-08-04T12:18:02Z
17366,22,2026-08-04T12:18:04Z
17367,20,2026-08-04T12:18:07Z
17368,21,2026-08-04T12:18:10Z
17369,22,2026-08-04T12:18:12Z
17370,24,2026-08-04T12:18:15Z
17371,24,2026-08-04T12:18:17Z
17372,26,2026-08-04T12:18:20Z
17373,22,2026-08-04T12:18:23Z
17374,22,2026-08-04T12:18:26Z
17375,22,2026-08-04T12:18:28Z
17376,22,2026-08-04T12:18:30Z
17377,21,2026-08-04T12:18:32Z
17378,21,2026-08-04T12:18:34Z
17379,19,2026-08-04T12:18:37Z
17380,19,2026-08-04T12:18:39Z
17381,17,2026-08-04T12:18:40Z
17382,19,2026-08-04T12:18:42Z
17383,17,2026-08-04T12:18:44Z
17384,19,2026-08-04T12:18:46Z
17385,17,2026-08-04T12:18:49Z
17386,15,2026-08-04T12:18:51Z
17387,18,2026-08-04T12:18:53Z
17388,18,2026-08-04T12:18:56Z
17389,16,2026-08-04T12:18:58Z
17390,18,2026-08-04T12:19:01Z
17391,24,2026-08-04T12:19:03Z
17392,22,2026-08-04T12:19:05Z
17393,22,2026-08-04T12:19:08Z
17394,23,2026-08-04T12:19:10Z
17395,23,2026-08-04T12:19:13Z
17396,21,2026-08-04T12:19:15Z
17397,22,2026-08-04T12:19:18Z
17398,26,2026-08-04T12:19:20Z
17399,26,2026-08-04T12:19:22Z
17400,27,2026-08-04T12:19:26Z
17401,29,2026-08-04T12:19:29Z
17402,30,2026-08-04T12:19:32Z
17403,26,2026-08-04T12:19:35Z
17404,30,2026-08-04T12:19:38Z
17405,28,2026-08-04T12:19:41Z
17406,27,2026-08-04T12:19:44Z
17407,26,2026-08-04T12:19:47Z
17408,29,2026-08-04T12:19:50Z
17409,28,2026-08-04T12:19:53Z
17410,27,2026-08-04T12:19:56Z
17411,30,2026-08-04T12:20:00Z
17412,28,2026-08-04T12:20:03Z
17413,25,2026-08-04T12:20:06Z
17414,26,2026-08-04T12:20:10Z
17415,28,2026-08-04T12:20:13Z
17416,28,2026-08-04T12:20:15Z
17417,25,2026-08-04T12:20:18Z
17418,24,2026-08-04T12:20:20Z
17419,25,2026-08-04T12:20:23Z
17420,27,2026-08-04T12:20:26Z
17421,22,2026-08-04T12:20:29Z
17422,24,2026-08-04T12:20:31Z
17423,24,2026-08-04T12:20:33Z
17424,25,2026-08-04T12:20:36Z
17425,21,2026-08-04T12:20:38Z
17426,21,2026-08-04T12:20:40Z
17427,21,2026-08-04T12:20:43Z
17428,21,2026-08-04T12:20:45Z
17429,24,2026-08-04T12:20:48Z
17430,25,2026-08-04T12:20:50Z
17431,24,2026-08-04T12:20:52Z
17432,22,2026-08-04T12:20:55Z
17433,25,2026-08-04T12:20:57Z
17434,23,2026-08-04T12:21:00Z
17435,21,2026-08-04T12:21:02Z
17436,22,2026-08-04T12:21:04Z
17437,24,2026-08-04T12:21:07Z
17438,27,2026-08-04T12:21:09Z
17439,22,2026-08-04T12:21:11Z
17440,25,2026-08-04T12:21:13Z
17441,25,2026-08-04T12:21:15Z
17442,23,2026-08-04T12:21:17Z
17443,25,2026-08-04T12:21:21Z
17444,27,2026-08-04T12:21:24Z
17445,25,2026-08-04T12:21:27Z
17446,23,2026-08-04T12:21:31Z
17447,23,2026-08-04T12:21:34Z
17448,24,2026-08-04T12:21:37Z
17449,22,2026-08-04T12:21:39Z
17450,24,2026-08-04T12:21:42Z
17451,19,2026-08-04T12:21:45Z
17452,19,2026-08-04T12:21:47Z
17453,20,2026-08-04T12:21:49Z
17454,19,2026-08-04T12:21:52Z
17455,20,2026-08-04T12:21:54Z
17456,19,2026-08-04T12:21:56Z
17457,20,2026-08-04T12:21:59Z
17458,22,2026-08-04T12:22:01Z
17459,21,2026-08-04T12:22:03Z
17460,20,2026-08-04T12:22:06Z
17461,19,2026-08-04T12:22:08Z
17462,20,2026-08-04T12:22:10Z
17463,20,2026-08-04T12:22:13Z
17464,22,2026-08-04T12:22:17Z
17465,22,2026-08-04T12:22:20Z
17466,22,2026-08-04T12:22:23Z
17467,22,2026-08-04T12:22:25Z
17468,26,2026-08-04T12:22:28Z
17469,30,2026-08-04T12:22:31Z
17470,30,2026-08-04T12:22:34Z
17471,30,2026-08-04T12:22:37Z
17472,28,2026-08-04T12:22:40Z
17473,30,2026-08-04T12:22:42Z
17474,29,2026-08-04T12:22:45Z
17475,30,2026-08-04T12:22:48Z
17476,26,2026-08-04T12:22:51Z
17477,24,2026-08-04T12:22:54Z
17478,27,2026-08-04T12:22:56Z
17479,28,2026-08-04T12:22:59Z
17480,25,2026-08-04T12:23:01Z
17481,27,2026-08-04T12:23:03Z
17482,26,2026-08-04T12:23:06Z
17483,27,2026-08-04T12:23:08Z
17484,25,2026-08-04T12:23:10Z
17485,25,2026-08-04T12:23:14Z
17486,24,2026-08-04T12:23:17Z
17487,24,2026-08-04T12:23:19Z
17488,24,2026-08-04T12:23:21Z
17489,25,2026-08-04T12:23:24Z
17490,24,2026-08-04T12:23:26Z
17491,25,2026-08-04T12:23:29Z
17492,26,2026-08-04T12:23:31Z
17493,25,2026-08-04T12:23:34Z
17494,24,2026-08-04T12:23:36Z
17495,26,2026-08-04T12:23:39Z
17496,22,2026-08-04T12:23:41Z
17497,22,2026-08-04T12:23:43Z
17498,18,2026-08-04T12:23:45Z
17499,18,2026-08-04T12:23:47Z
17500,18,2026-08-04T12:23:50Z
17501,21,2026-08-04T12:23:52Z
17502,19,2026-08-04T12:23:54Z
17503,20,2026-08-04T12:23:56Z
17504,21,2026-08-04T12:23:56Z
17505,21,2026-08-04T12:23:59Z
17506,20,2026-08-04T12:24:02Z
17507,21,2026-08-04T12:24:04Z
17508,18,2026-08-04T12:24:07Z
17509,22,2026-08-04T12:24:09Z
17510,20,2026-08-04T12:24:12Z
17511,22,2026-08-04T12:24:15Z
17512,23,2026-08-04T12:24:16Z
17513,24,2026-08-04T12:24:18Z
17514,21,2026-08-04T12:24:20Z
17515,24,2026-08-04T12:24:22Z
17516,23,2026-08-04T12:24:25Z
17517,23,2026-08-04T12:24:27Z
17518,21,2026-08-04T12:24:30Z
17519,21,2026-08-04T12:24:33Z
17520,22,2026-08-04T12:24:35Z
17521,21,2026-08-04T12:24:36Z
17522,20,2026-08-04T12:24:39Z
17523,21,2026-08-04T12:24:41Z
17524,20,2026-08-04T12:24:43Z
17525,21,2026-08-04T12:24:46Z
17526,21,2026-08-04T12:24:48Z
17527,20,2026-08-04T12:24:50Z
17528,22,2026-08-04T12:24:52Z
17529,25,2026-08-04T12:24:53Z
17530,24,2026-08-04T12:24:56Z
17531,23,2026-08-04T12:24:59Z
17532,24,2026-08-04T12:25:01Z
17533,22,2026-08-04T12:25:04Z
17534,21,2026-08-04T12:25:06Z
17535,23,2026-08-04T12:25:08Z
17536,22,2026-08-04T12:25:11Z
17537,21,2026-08-04T12:25:12Z
17538,22,2026-08-04T12:25:15Z
17539,22,2026-08-04T12:25:18Z
17540,24,2026-08-04T12:25:20Z
17541,24,2026-08-04T12:25:22Z
17542,24,2026-08-04T12:25:23Z
17543,24,2026-08-04T12:25:26Z
17544,23,2026-08-04T12:25:30Z
17545,27,2026-08-04T12:25:32Z
17546,25,2026-08-04T12:25:34Z
17547,25,2026-08-04T12:25:37Z
17548,25,2026-08-04T12:25:39Z
17549,26,2026-08-04T12:25:41Z
17550,25,2026-08-04T12:25:44Z
17551,24,2026-08-04T12:25:46Z
17552,27,2026-08-04T12:25:48Z
17553,25,2026-08-04T12:25:51Z
17554,25,2026-08-04T12:25:53Z
17555,22,2026-08-04T12:25:56Z
17556,20,2026-08-04T12:25:58Z
17557,21,2026-08-04T12:26:00Z
17558,20,2026-08-04T12:26:02Z
17559,20,2026-08-04T12:26:03Z
17560,25,2026-08-04T12:26:07Z
17561,21,2026-08-04T12:26:09Z
17562,23,2026-08-04T12:26:11Z
17563,21,2026-08-04T12:26:14Z
17564,23,2026-08-04T12:26:16Z
17565,19,2026-08-04T12:26:19Z
17566,22,2026-08-04T12:26:21Z
17567,23,2026-08-04T12:26:24Z
17568,23,2026-08-04T12:26:26Z
17569,22,2026-08-04T12:26:29Z
17570,26,2026-08-04T12:26:31Z
17571,26,2026-08-04T12:26:34Z
17572,24,2026-08-04T12:26:36Z
17573,23,2026-08-04T12:26:39Z
17574,26,2026-08-04T12:26:42Z
17575,29,2026-08-04T12:26:44Z
17576,28,2026-08-04T12:26:47Z
17577,26,2026-08-04T12:26:50Z
17578,26,2026-08-04T12:26:53Z
17579,26,2026-08-04T12:26:56Z
17580,24,2026-08-04T12:26:59Z
17581,24,2026-08-04T12:27:02Z
17582,28,2026-08-04T12:27:05Z
17583,26,2026-08-04T12:27:08Z
17584,25,2026-08-04T12:27:11Z
17585,25,2026-08-04T12:27:14Z
17586,22,2026-08-04T12:27:17Z
17587,23,2026-08-04T12:27:20Z
17588,24,2026-08-04T12:27:22Z
17589,22,2026-08-04T12:27:23Z
17590,25,2026-08-04T12:27:26Z
17591,28,2026-08-04T12:27:29Z
17592,25,2026-08-04T12:27:32Z
17593,24,2026-08-04T12:27:34Z
17594,27,2026-08-04T12:27:36Z
17595,26,2026-08-04T12:27:38Z
17596,24,2026-08-04T12:27:41Z
17597,20,2026-08-04T12:27:44Z
17598,21,2026-08-04T12:27:46Z
17599,20,2026-08-04T12:27:49Z
17600,21,2026-08-04T12:27:52Z
17601,20,2026-08-04T12:27:53Z
17602,20,2026-08-04T12:27:55Z
17603,23,2026-08-04T12:27:57Z
17604,19,2026-08-04T12:27:59Z
17605,20,2026-08-04T12:28:01Z
17606,22,2026-08-04T12:28:04Z
17607,23,2026-08-04T12:28:07Z
17608,23,2026-08-04T12:28:11Z
17609,24,2026-08-04T12:28:14Z
17610,24,2026-08-04T12:28:16Z
17611,20,2026-08-04T12:28:18Z
17612,22,2026-08-04T12:28:18Z
17613,25,2026-08-04T12:28:21Z
17614,24,2026-08-04T12:28:24Z
17615,24,2026-08-04T12:28:27Z
17616,24,2026-08-04T12:28:30Z
17617,25,2026-08-04T12:28:32Z
17618,24,2026-08-04T12:28:35Z
17619,23,2026-08-04T12:28:36Z
17620,25,2026-08-04T12:28:39Z
17621,24,2026-08-04T12:28:42Z
17622,25,2026-08-04T12:28:45Z
17623,26,2026-08-04T12:28:47Z
17624,23,2026-08-04T12:28:49Z
17625,22,2026-08-04T12:28:52Z
17626,24,2026-08-04T12:28:55Z
17627,25,2026-08-04T12:28:57Z
17628,22,2026-08-04T12:29:00Z
17629,25,2026-08-04T12:29:03Z
17630,29,2026-08-04T12:29:06Z
17631,26,2026-08-04T12:29:08Z
17632,25,2026-08-04T12:29:11Z
17633,27,2026-08-04T12:29:13Z
17634,25,2026-08-04T12:29:15Z
17635,21,2026-08-04T12:29:18Z
17636,23,2026-08-04T12:29:21Z
17637,22,2026-08-04T12:29:24Z
17638,24,2026-08-04T12:29:25Z
17639,23,2026-08-04T12:29:27Z
17640,25,2026-08-04T12:29:29Z
17641,24,2026-08-04T12:29:32Z
17642,23,2026-08-04T12:29:35Z
17643,22,2026-08-04T12:29:37Z
17644,23,2026-08-04T12:29:40Z
17645,27,2026-08-04T12:29:42Z
17646,26,2026-08-04T12:29:45Z
17647,24,2026-08-04T12:29:47Z
17648,25,2026-08-04T12:29:50Z
17649,28,2026-08-04T12:29:52Z
17650,25,2026-08-04T12:29:55Z
17651,26,2026-08-04T12:29:59Z
17652,26,2026-08-04T12:30:02Z
17653,27,2026-08-04T12:30:05Z
17654,25,2026-08-04T12:30:08Z
17655,26,2026-08-04T12:30:11Z
17656,27,2026-08-04T12:30:12Z
17657,26,2026-08-04T12:30:14Z
17658,25,2026-08-04T12:30:17Z
17659,27,2026-08-04T12:30:20Z
17660,23,2026-08-04T12:30:23Z
17661,25,2026-08-04T12:30:25Z
17662,23,2026-08-04T12:30:27Z
17663,22,2026-08-04T12:30:29Z
17664,23,2026-08-04T12:30:32Z
17665,24,2026-08-04T12:30:35Z
17666,23,2026-08-04T12:30:37Z
17667,26,2026-08-04T12:30:40Z
17668,23,2026-08-04T12:30:42Z
17669,25,2026-08-04T12:30:44Z
17670,23,2026-08-04T12:30:47Z
17671,25,2026-08-04T12:30:49Z
17672,24,2026-08-04T12:30:52Z
17673,20,2026-08-04T12:30:54Z
17674,21,2026-08-04T12:30:57Z
17675,22,2026-08-04T12:30:59Z
17676,22,2026-08-04T12:31:03Z
17677,25,2026-08-04T12:31:05Z
17678,23,2026-08-04T12:31:07Z
17679,26,2026-08-04T12:31:09Z
17680,23,2026-08-04T12:31:11Z
17681,25,2026-08-04T12:31:13Z
17682,21,2026-08-04T12:31:16Z
17683,21,2026-08-04T12:31:18Z
17684,23,2026-08-04T12:31:20Z
17685,23,2026-08-04T12:31:22Z
17686,24,2026-08-04T12:31:25Z
17687,27,2026-08-04T12:31:27Z
17688,29,2026-08-04T12:31:29Z
17689,26,2026-08-04T12:31:31Z
17690,29,2026-08-04T12:31:33Z
17691,28,2026-08-04T12:31:36Z
17692,26,2026-08-04T12:31:38Z
17693,27,2026-08-04T12:31:41Z
17694,28,2026-08-04T12:31:43Z
17695,27,2026-08-04T12:31:45Z
17696,26,2026-08-04T12:31:49Z
17697,26,2026-08-04T12:31:52Z
17698,25,2026-08-04T12:31:55Z
17699,24,2026-08-04T12:31:58Z
17700,24,2026-08-04T12:32:00Z
17701,22,2026-08-04T12:32:02Z
17702,23,2026-08-04T12:32:05Z
17703,26,2026-08-04T12:32:07Z
17704,25,2026-08-04T12:32:09Z
17705,25,2026-08-04T12:32:11Z
17706,24,2026-08-04T12:32:13Z
17707,25,2026-08-04T12:32:15Z
17708,23,2026-08-04T12:32:22Z
17709,21,2026-08-04T12:32:25Z
17710,24,2026-08-04T12:32:28Z
17711,21,2026-08-04T12:32:30Z
17712,20,2026-08-04T12:32:32Z
17713,22,2026-08-04T12:32:33Z
17714,22,2026-08-04T12:32:35Z
17715,23,2026-08-04T12:32:40Z
17716,24,2026-08-04T12:32:41Z
17717,26,2026-08-04T12:32:45Z
17718,25,2026-08-04T12:32:48Z
17719,28,2026-08-04T12:32:51Z
17720,26,2026-08-04T12:32:54Z
17721,28,2026-08-04T12:32:58Z
17722,25,2026-08-04T12:33:01Z
17723,24,2026-08-04T12:33:04Z
17724,25,2026-08-04T12:33:08Z
17725,28,2026-08-04T12:33:11Z
17726,26,2026-08-04T12:33:14Z
17727,25,2026-08-04T12:33:16Z
17728,23,2026-08-04T12:33:18Z
17729,25,2026-08-04T12:33:21Z
17730,23,2026-08-04T12:33:23Z
17731,23,2026-08-04T12:33:26Z
17732,22,2026-08-04T12:33:28Z
17733,24,2026-08-04T12:33:31Z
17734,27,2026-08-04T12:33:33Z
17735,22,2026-08-04T12:33:36Z
17736,21,2026-08-04T12:33:38Z
17737,19,2026-08-04T12:33:41Z
17738,21,2026-08-04T12:33:43Z
17739,19,2026-08-04T12:33:45Z
17740,20,2026-08-04T12:33:48Z
17741,18,2026-08-04T12:33:50Z
17742,19,2026-08-04T12:33:53Z
17743,19,2026-08-04T12:33:55Z
17744,20,2026-08-04T12:33:57Z
17745,21,2026-08-04T12:34:00Z
17746,20,2026-08-04T12:34:02Z
17747,22,2026-08-04T12:34:04Z
17748,19,2026-08-04T12:34:06Z
17749,18,2026-08-04T12:34:08Z
17750,20,2026-08-04T12:34:11Z
17751,19,2026-08-04T12:34:14Z
17752,20,2026-08-04T12:34:16Z
17753,18,2026-08-04T12:34:18Z
17754,18,2026-08-04T12:34:21Z
17755,20,2026-08-04T12:34:24Z
17756,20,2026-08-04T12:34:27Z
17757,20,2026-08-04T12:34:30Z
17758,20,2026-08-04T12:34:31Z
17759,22,2026-08-04T12:34:32Z
17760,21,2026-08-04T12:34:35Z
17761,21,2026-08-04T12:34:37Z
17762,21,2026-08-04T12:34:40Z
17763,20,2026-08-04T12:34:42Z
17764,20,2026-08-04T12:34:44Z
17765,20,2026-08-04T12:34:47Z
17766,18,2026-08-04T12:34:49Z
17767,20,2026-08-04T12:34:52Z
17768,19,2026-08-04T12:34:55Z
17769,20,2026-08-04T12:34:57Z
17770,22,2026-08-04T12:35:00Z
17771,25,2026-08-04T12:35:02Z
17772,24,2026-08-04T12:35:05Z
17773,19,2026-08-04T12:35:07Z
17774,19,2026-08-04T12:35:09Z
17775,22,2026-08-04T12:35:11Z
17776,20,2026-08-04T12:35:14Z
17777,21,2026-08-04T12:35:16Z
17778,25,2026-08-04T12:35:18Z
17779,28,2026-08-04T12:35:20Z
17780,24,2026-08-04T12:35:22Z
17781,22,2026-08-04T12:35:27Z
17782,21,2026-08-04T12:35:29Z
17783,24,2026-08-04T12:35:31Z
17784,22,2026-08-04T12:35:33Z
17785,25,2026-08-04T12:35:35Z
17786,23,2026-08-04T12:35:38Z
17787,21,2026-08-04T12:35:41Z
17788,23,2026-08-04T12:35:43Z
17789,23,2026-08-04T12:35:45Z
17790,22,2026-08-04T12:35:48Z
17791,24,2026-08-04T12:35:50Z
17792,25,2026-08-04T12:35:53Z
17793,25,2026-08-04T12:35:55Z
17794,24,2026-08-04T12:35:58Z
17795,24,2026-08-04T12:36:00Z
17796,22,2026-08-04T12:36:03Z
17797,25,2026-08-04T12:36:06Z
17798,25,2026-08-04T12:36:09Z
17799,25,2026-08-04T12:36:11Z
17800,25,2026-08-04T12:36:14Z
17801,26,2026-08-04T12:36:16Z
17802,26,2026-08-04T12:36:18Z
17803,27,2026-08-04T12:36:20Z
17804,26,2026-08-04T12:36:22Z
17805,28,2026-08-04T12:36:25Z
17806,27,2026-08-04T12:36:28Z
17807,27,2026-08-04T12:36:31Z
17808,28,2026-08-04T12:36:35Z
17809,29,2026-08-04T12:36:38Z
17810,28,2026-08-04T12:36:41Z
17811,28,2026-08-04T12:36:44Z
17812,28,2026-08-04T12:36:46Z
17813,28,2026-08-04T12:36:48Z
17814,27,2026-08-04T12:36:51Z
17815,26,2026-08-04T12:36:54Z
17816,26,2026-08-04T12:36:57Z
17817,23,2026-08-04T12:37:00Z
17818,24,2026-08-04T12:37:03Z
17819,23,2026-08-04T12:37:06Z
17820,24,2026-08-04T12:37:08Z
17821,22,2026-08-04T12:37:10Z
17822,23,2026-08-04T12:37:13Z
17823,23,2026-08-04T12:37:15Z
17824,23,2026-08-04T12:37:18Z
17825,25,2026-08-04T12:37:20Z
17826,24,2026-08-04T12:37:23Z
17827,22,2026-08-04T12:37:26Z
17828,21,2026-08-04T12:37:28Z
17829,18,2026-08-04T12:37:30Z
17830,20,2026-08-04T12:37:32Z
17831,19,2026-08-04T12:37:35Z
17832,19,2026-08-04T12:37:37Z
17833,20,2026-08-04T12:37:39Z
17834,21,2026-08-04T12:37:41Z
17835,24,2026-08-04T12:37:43Z
17836,20,2026-08-04T12:37:46Z
17837,22,2026-08-04T12:37:49Z
17838,22,2026-08-04T12:37:52Z
17839,21,2026-08-04T12:37:55Z
17840,20,2026-08-04T12:37:56Z
17841,22,2026-08-04T12:37:59Z
17842,22,2026-08-04T12:38:02Z
17843,22,2026-08-04T12:38:05Z
17844,26,2026-08-04T12:38:08Z
17845,25,2026-08-04T12:38:12Z
17846,23,2026-08-04T12:38:13Z
17847,26,2026-08-04T12:38:15Z
17848,26,2026-08-04T12:38:18Z
17849,25,2026-08-04T12:38:21Z
17850,25,2026-08-04T12:38:22Z
17851,26,2026-08-04T12:38:25Z
17852,25,2026-08-04T12:38:27Z
17853,29,2026-08-04T12:38:29Z
17854,30,2026-08-04T12:38:33Z
17855,31,2026-08-04T12:38:37Z
17856,29,2026-08-04T12:38:39Z
17857,28,2026-08-04T12:38:42Z
17858,30,2026-08-04T12:38:46Z
17859,28,2026-08-04T12:38:49Z
17860,30,2026-08-04T12:38:52Z
17861,31,2026-08-04T12:38:54Z
17862,31,2026-08-04T12:38:57Z
17863,31,2026-08-04T12:39:00Z
17864,29,2026-08-04T12:39:04Z
17865,28,2026-08-04T12:39:07Z
17866,31,2026-08-04T12:39:10Z
17867,32,2026-08-04T12:39:13Z
17868,27,2026-08-04T12:39:15Z
17869,29,2026-08-04T12:39:18Z
17870,29,2026-08-04T12:39:22Z
17871,32,2026-08-04T12:39:25Z
17872,35,2026-08-04T12:39:29Z
17873,33,2026-08-04T12:39:32Z
17874,31,2026-08-04T12:39:35Z
17875,30,2026-08-04T12:39:38Z
17876,28,2026-08-04T12:39:40Z
17877,29,2026-08-04T12:39:43Z
17878,27,2026-08-04T12:39:45Z
17879,23,2026-08-04T12:39:47Z
17880,23,2026-08-04T12:39:50Z
17881,25,2026-08-04T12:39:52Z
17882,24,2026-08-04T12:39:53Z
17883,23,2026-08-04T12:39:55Z
17884,20,2026-08-04T12:39:57Z
17885,20,2026-08-04T12:39:59Z
17886,21,2026-08-04T12:40:02Z
17887,21,2026-08-04T12:40:05Z
17888,23,2026-08-04T12:40:07Z
17889,24,2026-08-04T12:40:10Z
17890,24,2026-08-04T12:40:14Z
17891,21,2026-08-04T12:40:16Z
17892,21,2026-08-04T12:40:18Z
17893,21,2026-08-04T12:40:20Z
17894,20,2026-08-04T12:40:22Z
17895,21,2026-08-04T12:40:24Z
17896,19,2026-08-04T12:40:27Z
17897,18,2026-08-04T12:40:29Z
17898,18,2026-08-04T12:40:31Z
17899,19,2026-08-04T12:40:32Z
17900,20,2026-08-04T12:40:34Z
17901,17,2026-08-04T12:40:37Z
17902,20,2026-08-04T12:40:40Z
17903,20,2026-08-04T12:40:43Z
17904,20,2026-08-04T12:40:46Z
17905,20,2026-08-04T12:40:48Z
17906,21,2026-08-04T12:40:51Z
17907,23,2026-08-04T12:40:53Z
17908,25,2026-08-04T12:40:56Z
17909,25,2026-08-04T12:40:58Z
17910,24,2026-08-04T12:41:01Z
17911,23,2026-08-04T12:41:03Z
17912,25,2026-08-04T12:41:06Z
17913,22,2026-08-04T12:41:09Z
17914,23,2026-08-04T12:41:13Z
17915,25,2026-08-04T12:41:16Z
17916,26,2026-08-04T12:41:19Z
17917,24,2026-08-04T12:41:22Z
17918,25,2026-08-04T12:41:25Z
17919,28,2026-08-04T12:41:28Z
17920,26,2026-08-04T12:41:31Z
17921,26,2026-08-04T12:41:34Z
17922,28,2026-08-04T12:41:37Z
17923,29,2026-08-04T12:41:40Z
17924,28,2026-08-04T12:41:42Z
17925,29,2026-08-04T12:41:45Z
17926,33,2026-08-04T12:41:48Z
17927,32,2026-08-04T12:41:51Z
17928,32,2026-08-04T12:41:54Z
17929,28,2026-08-04T12:41:56Z
17930,25,2026-08-04T12:42:00Z
17931,24,2026-08-04T12:42:03Z
17932,25,2026-08-04T12:42:06Z
17933,25,2026-08-04T12:42:09Z
17934,25,2026-08-04T12:42:12Z
17935,24,2026-08-04T12:42:14Z
17936,24,2026-08-04T12:42:17Z
17937,26,2026-08-04T12:42:19Z
17938,25,2026-08-04T12:42:21Z
17939,23,2026-08-04T12:42:23Z
17940,22,2026-08-04T12:42:26Z
17941,23,2026-08-04T12:42:28Z
17942,24,2026-08-04T12:42:30Z
17943,25,2026-08-04T12:42:33Z
17944,28,2026-08-04T12:42:35Z
17945,22,2026-08-04T12:42:38Z
17946,22,2026-08-04T12:42:40Z
17947,22,2026-08-04T12:42:43Z
17948,25,2026-08-04T12:42:45Z
17949,23,2026-08-04T12:42:47Z
17950,23,2026-08-04T12:42:50Z
17951,24,2026-08-04T12:42:52Z
17952,28,2026-08-04T12:42:54Z
17953,26,2026-08-04T12:42:57Z
17954,26,2026-08-04T12:42:59Z
17955,26,2026-08-04T12:43:02Z
17956,25,2026-08-04T12:43:02Z
17957,27,2026-08-04T12:43:05Z
17958,26,2026-08-04T12:43:08Z
17959,27,2026-08-04T12:43:10Z
17960,27,2026-08-04T12:43:13Z
17961,28,2026-08-04T12:43:17Z
17962,26,2026-08-04T12:43:20Z
17963,24,2026-08-04T12:43:22Z
17964,24,2026-08-04T12:43:25Z
17965,25,2026-08-04T12:43:26Z
17966,27,2026-08-04T12:43:28Z
17967,27,2026-08-04T12:43:30Z
17968,27,2026-08-04T12:43:32Z
17969,27,2026-08-04T12:43:35Z
17970,25,2026-08-04T12:43:37Z
17971,26,2026-08-04T12:43:39Z
17972,26,2026-08-04T12:43:41Z
17973,24,2026-08-04T12:43:44Z
17974,26,2026-08-04T12:43:46Z
17975,25,2026-08-04T12:43:49Z
17976,26,2026-08-04T12:43:52Z
17977,25,2026-08-04T12:43:55Z
17978,25,2026-08-04T12:43:58Z
17979,26,2026-08-04T12:44:01Z
17980,27,2026-08-04T12:44:02Z
17981,28,2026-08-04T12:44:05Z
17982,27,2026-08-04T12:44:08Z
17983,28,2026-08-04T12:44:11Z
17984,30,2026-08-04T12:44:14Z
17985,31,2026-08-04T12:44:17Z
17986,29,2026-08-04T12:44:20Z
17987,30,2026-08-04T12:44:22Z
17988,30,2026-08-04T12:44:26Z
17989,29,2026-08-04T12:44:30Z
17990,28,2026-08-04T12:44:33Z
17991,30,2026-08-04T12:44:35Z
17992,26,2026-08-04T12:44:38Z
17993,26,2026-08-04T12:44:40Z
17994,25,2026-08-04T12:44:43Z
17995,29,2026-08-04T12:44:46Z
17996,25,2026-08-04T12:44:51Z
17997,27,2026-08-04T12:44:57Z
17998,28,2026-08-04T12:44:59Z
17999,27,2026-08-04T12:45:01Z
18000,29,2026-08-04T12:45:02Z
18001,28,2026-08-04T12:45:06Z
18002,30,2026-08-04T12:45:08Z
18003,29,2026-08-04T12:45:10Z
18004,26,2026-08-04T12:45:12Z
18005,24,2026-08-04T12:45:15Z
18006,25,2026-08-04T12:45:17Z
18007,27,2026-08-04T12:45:20Z
18008,27,2026-08-04T12:45:23Z
18009,27,2026-08-04T12:45:26Z
18010,29,2026-08-04T12:45:29Z
18011,29,2026-08-04T12:45:31Z
18012,27,2026-08-04T12:45:33Z
18013,24,2026-08-04T12:45:35Z
18014,21,2026-08-04T12:45:38Z
18015,22,2026-08-04T12:45:40Z
18016,20,2026-08-04T12:45:42Z
18017,17,2026-08-04T12:45:44Z
18018,17,2026-08-04T12:45:45Z
18019,16,2026-08-04T12:45:47Z
18020,15,2026-08-04T12:45:48Z
18021,16,2026-08-04T12:45:52Z
18022,19,2026-08-04T12:45:53Z
18023,19,2026-08-04T12:45:55Z
18024,19,2026-08-04T12:45:57Z
18025,19,2026-08-04T12:45:59Z
18026,21,2026-08-04T12:46:02Z
18027,20,2026-08-04T12:46:04Z
18028,21,2026-08-04T12:46:06Z
18029,21,2026-08-04T12:46:09Z
18030,20,2026-08-04T12:46:11Z
18031,18,2026-08-04T12:46:14Z
18032,20,2026-08-04T12:46:17Z
18033,19,2026-08-04T12:46:20Z
18034,16,2026-08-04T12:46:23Z
18035,18,2026-08-04T12:46:26Z
18036,22,2026-08-04T12:46:28Z
18037,21,2026-08-04T12:46:31Z
18038,21,2026-08-04T12:46:33Z
18039,22,2026-08-04T12:46:36Z
18040,22,2026-08-04T12:46:39Z
18041,22,2026-08-04T12:46:43Z
18042,21,2026-08-04T12:46:47Z
18043,21,2026-08-04T12:46:50Z
18044,22,2026-08-04T12:46:54Z
18045,23,2026-08-04T12:46:57Z
18046,26,2026-08-04T12:47:01Z
18047,24,2026-08-04T12:47:04Z
18048,26,2026-08-04T12:47:06Z
18049,24,2026-08-04T12:47:10Z
18050,24,2026-08-04T12:47:14Z
18051,24,2026-08-04T12:47:19Z
18052,25,2026-08-04T12:47:22Z
18053,23,2026-08-04T12:47:26Z
18054,25,2026-08-04T12:47:29Z
18055,25,2026-08-04T12:47:33Z
18056,26,2026-08-04T12:47:37Z
18057,26,2026-08-04T12:47:40Z
18058,26,2026-08-04T12:47:43Z
18059,26,2026-08-04T12:47:46Z
18060,25,2026-08-04T12:47:49Z
18061,26,2026-08-04T12:47:53Z
18062,26,2026-08-04T12:47:56Z
18063,25,2026-08-04T12:47:59Z
18064,28,2026-08-04T12:48:02Z
18065,27,2026-08-04T12:48:06Z
18066,27,2026-08-04T12:48:09Z
18067,26,2026-08-04T12:48:13Z
18068,26,2026-08-04T12:48:16Z
18069,26,2026-08-04T12:48:20Z
18070,27,2026-08-04T12:48:21Z
18071,27,2026-08-04T12:48:25Z
18072,26,2026-08-04T12:48:28Z
18073,26,2026-08-04T12:48:32Z
18074,26,2026-08-04T12:48:34Z
18075,26,2026-08-04T12:48:39Z
18076,26,2026-08-04T12:48:40Z
18077,21,2026-08-04T12:48:42Z
18078,23,2026-08-04T12:48:44Z
18079,22,2026-08-04T12:48:47Z
18080,25,2026-08-04T12:48:50Z
18081,22,2026-08-04T12:48:52Z
18082,24,2026-08-04T12:48:55Z
18083,23,2026-08-04T12:48:58Z
18084,23,2026-08-04T12:49:01Z
18085,21,2026-08-04T12:49:04Z
18086,22,2026-08-04T12:49:06Z
18087,21,2026-08-04T12:49:09Z
18088,22,2026-08-04T12:49:12Z
18089,23,2026-08-04T12:49:15Z
18090,21,2026-08-04T12:49:18Z
18091,19,2026-08-04T12:49:20Z
18092,20,2026-08-04T12:49:22Z
18093,19,2026-08-04T12:49:25Z
18094,18,2026-08-04T12:49:28Z
18095,20,2026-08-04T12:49:30Z
18096,20,2026-08-04T12:49:33Z
18097,22,2026-08-04T12:49:36Z
18098,21,2026-08-04T12:49:38Z
18099,18,2026-08-04T12:49:41Z
18100,19,2026-08-04T12:49:43Z
18101,19,2026-08-04T12:49:46Z
18102,20,2026-08-04T12:49:48Z
18103,20,2026-08-04T12:49:51Z
18104,21,2026-08-04T12:49:54Z
18105,18,2026-08-04T12:49:56Z
18106,19,2026-08-04T12:49:58Z
18107,18,2026-08-04T12:50:00Z
18108,17,2026-08-04T12:50:03Z
18109,16,2026-08-04T12:50:05Z
18110,17,2026-08-04T12:50:08Z
18111,17,2026-08-04T12:50:10Z
18112,18,2026-08-04T12:50:13Z
18113,22,2026-08-04T12:50:15Z
18114,23,2026-08-04T12:50:18Z
18115,21,2026-08-04T12:50:20Z
18116,21,2026-08-04T12:50:24Z
18117,22,2026-08-04T12:50:26Z
18118,24,2026-08-04T12:50:28Z
18119,20,2026-08-04T12:50:31Z
18120,22,2026-08-04T12:50:33Z
18121,21,2026-08-04T12:50:36Z
18122,20,2026-08-04T12:50:38Z
18123,20,2026-08-04T12:50:40Z
18124,19,2026-08-04T12:50:42Z
18125,20,2026-08-04T12:50:44Z
18126,21,2026-08-04T12:50:47Z
18127,21,2026-08-04T12:50:49Z
18128,22,2026-08-04T12:50:53Z
18129,21,2026-08-04T12:50:56Z
18130,24,2026-08-04T12:50:59Z
18131,24,2026-08-04T12:51:01Z
18132,24,2026-08-04T12:51:04Z
18133,23,2026-08-04T12:51:07Z
18134,25,2026-08-04T12:51:08Z
18135,25,2026-08-04T12:51:11Z
18136,26,2026-08-04T12:51:14Z
18137,26,2026-08-04T12:51:17Z
18138,26,2026-08-04T12:51:20Z
18139,25,2026-08-04T12:51:23Z
18140,25,2026-08-04T12:51:26Z
18141,25,2026-08-04T12:51:29Z
18142,25,2026-08-04T12:51:32Z
18143,29,2026-08-04T12:51:35Z
18144,28,2026-08-04T12:51:38Z
18145,26,2026-08-04T12:51:41Z
18146,26,2026-08-04T12:51:44Z
18147,25,2026-08-04T12:51:47Z
18148,24,2026-08-04T12:51:50Z
18149,24,2026-08-04T12:51:54Z
18150,27,2026-08-04T12:51:57Z
18151,25,2026-08-04T12:52:00Z
18152,23,2026-08-04T12:52:04Z
18153,26,2026-08-04T12:52:07Z
18154,26,2026-08-04T12:52:11Z
18155,25,2026-08-04T12:52:14Z
18156,24,2026-08-04T12:52:17Z
18157,26,2026-08-04T12:52:20Z
18158,27,2026-08-04T12:52:24Z
18159,30,2026-08-04T12:52:27Z
18160,30,2026-08-04T12:52:30Z
18161,30,2026-08-04T12:52:33Z
18162,31,2026-08-04T12:52:37Z
18163,28,2026-08-04T12:52:40Z
18164,27,2026-08-04T12:52:43Z
18165,29,2026-08-04T12:52:46Z
18166,28,2026-08-04T12:52:49Z
18167,26,2026-08-04T12:52:51Z
18168,25,2026-08-04T12:52:53Z
18169,27,2026-08-04T12:52:56Z
18170,26,2026-08-04T12:52:58Z
18171,23,2026-08-04T12:53:01Z
18172,22,2026-08-04T12:53:04Z
18173,24,2026-08-04T12:53:07Z
18174,23,2026-08-04T12:53:09Z
18175,24,2026-08-04T12:53:14Z
18176,24,2026-08-04T12:53:17Z
18177,30,2026-08-04T12:53:19Z
18178,28,2026-08-04T12:53:21Z
18179,24,2026-08-04T12:53:24Z
18180,25,2026-08-04T12:53:26Z
18181,23,2026-08-04T12:53:28Z
18182,22,2026-08-04T12:53:31Z
18183,23,2026-08-04T12:53:33Z
18184,23,2026-08-04T12:53:36Z
18185,23,2026-08-04T12:53:38Z
18186,24,2026-08-04T12:53:41Z
18187,22,2026-08-04T12:53:44Z
18188,22,2026-08-04T12:53:47Z
18189,23,2026-08-04T12:53:49Z
18190,21,2026-08-04T12:53:50Z
18191,23,2026-08-04T12:53:54Z
18192,21,2026-08-04T12:53:55Z
18193,21,2026-08-04T12:53:58Z
18194,21,2026-08-04T12:54:01Z
18195,23,2026-08-04T12:54:04Z
18196,20,2026-08-04T12:54:06Z
18197,24,2026-08-04T12:54:09Z
18198,23,2026-08-04T12:54:12Z
18199,26,2026-08-04T12:54:15Z
18200,25,2026-08-04T12:54:19Z
18201,26,2026-08-04T12:54:23Z
18202,24,2026-08-04T12:54:26Z
18203,28,2026-08-04T12:54:30Z
18204,28,2026-08-04T12:54:34Z
18205,26,2026-08-04T12:54:36Z
18206,26,2026-08-04T12:54:39Z
18207,27,2026-08-04T12:54:42Z
18208,24,2026-08-04T12:54:45Z
18209,24,2026-08-04T12:54:48Z
18210,23,2026-08-04T12:54:51Z
18211,24,2026-08-04T12:54:54Z
18212,22,2026-08-04T12:54:58Z
18213,23,2026-08-04T12:55:01Z
18214,23,2026-08-04T12:55:04Z
18215,21,2026-08-04T12:55:06Z
18216,23,2026-08-04T12:55:08Z
18217,22,2026-08-04T12:55:11Z
18218,22,2026-08-04T12:55:13Z
18219,21,2026-08-04T12:55:15Z
18220,21,2026-08-04T12:55:18Z
18221,22,2026-08-04T12:55:20Z
18222,23,2026-08-04T12:55:22Z
18223,19,2026-08-04T12:55:25Z
18224,18,2026-08-04T12:55:28Z
18225,19,2026-08-04T12:55:30Z
18226,20,2026-08-04T12:55:33Z
18227,20,2026-08-04T12:55:35Z
18228,21,2026-08-04T12:55:38Z
18229,25,2026-08-04T12:55:41Z
18230,24,2026-08-04T12:55:44Z
18231,23,2026-08-04T12:55:47Z
18232,25,2026-08-04T12:55:50Z
18233,27,2026-08-04T12:55:53Z
18234,27,2026-08-04T12:55:56Z
18235,29,2026-08-04T12:55:59Z
18236,25,2026-08-04T12:56:02Z
18237,28,2026-08-04T12:56:05Z
18238,27,2026-08-04T12:56:06Z
18239,26,2026-08-04T12:56:10Z
18240,23,2026-08-04T12:56:13Z
18241,24,2026-08-04T12:56:17Z
18242,25,2026-08-04T12:56:20Z
18243,24,2026-08-04T12:56:24Z
18244,23,2026-08-04T12:56:25Z
18245,27,2026-08-04T12:56:28Z
18246,28,2026-08-04T12:56:31Z
18247,27,2026-08-04T12:56:34Z
18248,28,2026-08-04T12:56:37Z
18249,29,2026-08-04T12:56:41Z
18250,26,2026-08-04T12:56:44Z
18251,27,2026-08-04T12:56:48Z
18252,26,2026-08-04T12:56:49Z
18253,26,2026-08-04T12:56:51Z
18254,23,2026-08-04T12:56:53Z
18255,23,2026-08-04T12:56:55Z
18256,21,2026-08-04T12:56:58Z
18257,23,2026-08-04T12:57:00Z
18258,22,2026-08-04T12:57:03Z
18259,23,2026-08-04T12:57:06Z
18260,25,2026-08-04T12:57:08Z
18261,24,2026-08-04T12:57:11Z
18262,24,2026-08-04T12:57:13Z
18263,24,2026-08-04T12:57:15Z
18264,26,2026-08-04T12:57:18Z
18265,29,2026-08-04T12:57:20Z
18266,25,2026-08-04T12:57:22Z
18267,25,2026-08-04T12:57:24Z
18268,26,2026-08-04T12:57:27Z
18269,27,2026-08-04T12:57:29Z
18270,24,2026-08-04T12:57:31Z
18271,24,2026-08-04T12:57:34Z
18272,23,2026-08-04T12:57:36Z
18273,24,2026-08-04T12:57:38Z
18274,22,2026-08-04T12:57:41Z
18275,23,2026-08-04T12:57:44Z
18276,23,2026-08-04T12:57:47Z
18277,24,2026-08-04T12:57:50Z
18278,21,2026-08-04T12:57:53Z
18279,24,2026-08-04T12:57:55Z
18280,26,2026-08-04T12:57:58Z
18281,24,2026-08-04T12:58:00Z
18282,25,2026-08-04T12:58:02Z
18283,24,2026-08-04T12:58:04Z
18284,25,2026-08-04T12:58:07Z
18285,26,2026-08-04T12:58:09Z
18286,26,2026-08-04T12:58:12Z
18287,23,2026-08-04T12:58:14Z
18288,25,2026-08-04T12:58:16Z
18289,20,2026-08-04T12:58:19Z
18290,22,2026-08-04T12:58:21Z
18291,21,2026-08-04T12:58:23Z
18292,22,2026-08-04T12:58:25Z
18293,21,2026-08-04T12:58:28Z
18294,21,2026-08-04T12:58:30Z
18295,21,2026-08-04T12:58:32Z
18296,25,2026-08-04T12:58:34Z
18297,24,2026-08-04T12:58:38Z
18298,24,2026-08-04T12:58:40Z
18299,24,2026-08-04T12:58:42Z
18300,23,2026-08-04T12:58:45Z
18301,23,2026-08-04T12:58:48Z
18302,23,2026-08-04T12:58:50Z
18303,22,2026-08-04T12:58:53Z
18304,22,2026-08-04T12:58:55Z
18305,23,2026-08-04T12:58:58Z
18306,24,2026-08-04T12:59:01Z
18307,25,2026-08-04T12:59:04Z
18308,26,2026-08-04T12:59:07Z
18309,23,2026-08-04T12:59:10Z
18310,22,2026-08-04T12:59:13Z
18311,25,2026-08-04T12:59:17Z
18312,27,2026-08-04T12:59:20Z
18313,24,2026-08-04T12:59:20Z
18314,25,2026-08-04T12:59:23Z
18315,21,2026-08-04T12:59:26Z
18316,23,2026-08-04T12:59:29Z
18317,23,2026-08-04T12:59:32Z
18318,23,2026-08-04T12:59:34Z
18319,23,2026-08-04T12:59:37Z
18320,23,2026-08-04T12:59:39Z
18321,23,2026-08-04T12:59:42Z
18322,23,2026-08-04T12:59:45Z
18323,24,2026-08-04T12:59:47Z
18324,22,2026-08-04T12:59:48Z
18325,21,2026-08-04T12:59:52Z
18326,23,2026-08-04T12:59:55Z
18327,22,2026-08-04T12:59:56Z
18328,24,2026-08-04T12:59:59Z
18329,25,2026-08-04T13:00:02Z
18330,26,2026-08-04T13:00:05Z
18331,24,2026-08-04T13:00:06Z
18332,20,2026-08-04T13:00:11Z
18333,21,2026-08-04T13:00:14Z
18334,23,2026-08-04T13:00:16Z
18335,25,2026-08-04T13:00:18Z
18336,25,2026-08-04T13:00:20Z
18337,25,2026-08-04T13:00:22Z
18338,24,2026-08-04T13:00:26Z
18339,23,2026-08-04T13:00:29Z
18340,23,2026-08-04T13:00:31Z
18341,26,2026-08-04T13:00:33Z
18342,24,2026-08-04T13:00:35Z
18343,25,2026-08-04T13:00:37Z
18344,24,2026-08-04T13:00:40Z
18345,26,2026-08-04T13:00:42Z
18346,28,2026-08-04T13:00:45Z
18347,26,2026-08-04T13:00:48Z
18348,29,2026-08-04T13:00:50Z
18349,25,2026-08-04T13:00:52Z
18350,25,2026-08-04T13:00:56Z
18351,26,2026-08-04T13:00:58Z
18352,27,2026-08-04T13:01:00Z
18353,25,2026-08-04T13:01:02Z
18354,26,2026-08-04T13:01:05Z
18355,26,2026-08-04T13:01:07Z
18356,26,2026-08-04T13:01:09Z
18357,23,2026-08-04T13:01:11Z
18358,24,2026-08-04T13:01:14Z
18359,26,2026-08-04T13:01:16Z
18360,25,2026-08-04T13:01:19Z
18361,26,2026-08-04T13:01:22Z
18362,24,2026-08-04T13:01:24Z
18363,24,2026-08-04T13:01:27Z
18364,26,2026-08-04T13:01:29Z
18365,23,2026-08-04T13:01:32Z
18366,22,2026-08-04T13:01:35Z
18367,25,2026-08-04T13:01:36Z
18368,23,2026-08-04T13:01:39Z
18369,22,2026-08-04T13:01:42Z
18370,22,2026-08-04T13:01:45Z
18371,25,2026-08-04T13:01:47Z
18372,28,2026-08-04T13:01:50Z
18373,24,2026-08-04T13:01:53Z
18374,24,2026-08-04T13:01:57Z
18375,25,2026-08-04T13:02:00Z
18376,25,2026-08-04T13:02:03Z
18377,26,2026-08-04T13:02:05Z
18378,24,2026-08-04T13:02:08Z
18379,24,2026-08-04T13:02:11Z
18380,24,2026-08-04T13:02:14Z
18381,21,2026-08-04T13:02:17Z
18382,21,2026-08-04T13:02:19Z
18383,20,2026-08-04T13:02:22Z
18384,20,2026-08-04T13:02:24Z
18385,19,2026-08-04T13:02:27Z
18386,19,2026-08-04T13:02:29Z
18387,18,2026-08-04T13:02:32Z
18388,18,2026-08-04T13:02:34Z
18389,24,2026-08-04T13:02:37Z
18390,18,2026-08-04T13:02:39Z
18391,19,2026-08-04T13:02:42Z
18392,19,2026-08-04T13:02:44Z
18393,20,2026-08-04T13:02:47Z
18394,19,2026-08-04T13:02:49Z
18395,23,2026-08-04T13:02:52Z
18396,23,2026-08-04T13:02:55Z
18397,24,2026-08-04T13:02:58Z
18398,23,2026-08-04T13:03:00Z
18399,24,2026-08-04T13:03:03Z
18400,27,2026-08-04T13:03:06Z
18401,24,2026-08-04T13:03:08Z
18402,23,2026-08-04T13:03:11Z
18403,23,2026-08-04T13:03:14Z
18404,27,2026-08-04T13:03:16Z
18405,25,2026-08-04T13:03:18Z
18406,28,2026-08-04T13:03:21Z
18407,27,2026-08-04T13:03:24Z
18408,28,2026-08-04T13:03:28Z
18409,28,2026-08-04T13:03:32Z
18410,28,2026-08-04T13:03:36Z
18411,29,2026-08-04T13:03:40Z
18412,30,2026-08-04T13:03:44Z
18413,28,2026-08-04T13:03:48Z
18414,28,2026-08-04T13:03:49Z
18415,28,2026-08-04T13:03:52Z
18416,27,2026-08-04T13:03:56Z
18417,27,2026-08-04T13:03:59Z
18418,26,2026-08-04T13:04:03Z
18419,27,2026-08-04T13:04:06Z
18420,24,2026-08-04T13:04:09Z
18421,22,2026-08-04T13:04:11Z
18422,22,2026-08-04T13:04:14Z
18423,24,2026-08-04T13:04:17Z
18424,22,2026-08-04T13:04:21Z
18425,25,2026-08-04T13:04:22Z
18426,26,2026-08-04T13:04:24Z
18427,24,2026-08-04T13:04:27Z
18428,24,2026-08-04T13:04:30Z
18429,24,2026-08-04T13:04:33Z
18430,25,2026-08-04T13:04:36Z
18431,24,2026-08-04T13:04:38Z
18432,24,2026-08-04T13:04:41Z
18433,28,2026-08-04T13:04:43Z
18434,28,2026-08-04T13:04:46Z
18435,28,2026-08-04T13:04:49Z
18436,26,2026-08-04T13:04:54Z
18437,28,2026-08-04T13:04:59Z
18438,27,2026-08-04T13:05:01Z
18439,25,2026-08-04T13:05:02Z
18440,24,2026-08-04T13:05:08Z
18441,20,2026-08-04T13:05:10Z
18442,20,2026-08-04T13:05:13Z
18443,18,2026-08-04T13:05:15Z
18444,17,2026-08-04T13:05:17Z
18445,18,2026-08-04T13:05:20Z
18446,17,2026-08-04T13:05:22Z
18447,17,2026-08-04T13:05:24Z
18448,17,2026-08-04T13:05:27Z
18449,20,2026-08-04T13:05:29Z
18450,24,2026-08-04T13:05:31Z
18451,24,2026-08-04T13:05:34Z
18452,20,2026-08-04T13:05:37Z
18453,20,2026-08-04T13:05:39Z
18454,19,2026-08-04T13:05:41Z
18455,19,2026-08-04T13:05:43Z
18456,19,2026-08-04T13:05:47Z
18457,18,2026-08-04T13:05:50Z
18458,17,2026-08-04T13:05:51Z
18459,15,2026-08-04T13:05:53Z
18460,18,2026-08-04T13:05:55Z
18461,21,2026-08-04T13:05:57Z
18462,17,2026-08-04T13:06:00Z
18463,18,2026-08-04T13:06:03Z
18464,18,2026-08-04T13:06:06Z
18465,19,2026-08-04T13:06:09Z
18466,18,2026-08-04T13:06:12Z
18467,19,2026-08-04T13:06:16Z
18468,18,2026-08-04T13:06:19Z
18469,18,2026-08-04T13:06:22Z
18470,20,2026-08-04T13:06:25Z
18471,23,2026-08-04T13:06:28Z
18472,21,2026-08-04T13:06:30Z
18473,21,2026-08-04T13:06:33Z
18474,23,2026-08-04T13:06:36Z
18475,23,2026-08-04T13:06:39Z
18476,20,2026-08-04T13:06:42Z
18477,22,2026-08-04T13:06:43Z
18478,23,2026-08-04T13:06:46Z
18479,23,2026-08-04T13:06:49Z
18480,24,2026-08-04T13:06:53Z
18481,24,2026-08-04T13:06:56Z
18482,26,2026-08-04T13:07:00Z
18483,24,2026-08-04T13:07:03Z
18484,26,2026-08-04T13:07:06Z
18485,22,2026-08-04T13:07:11Z
18486,24,2026-08-04T13:07:15Z
18487,23,2026-08-04T13:07:16Z
18488,20,2026-08-04T13:07:19Z
18489,18,2026-08-04T13:07:22Z
18490,18,2026-08-04T13:07:25Z
18491,19,2026-08-04T13:07:29Z
18492,19,2026-08-04T13:07:32Z
18493,19,2026-08-04T13:07:35Z
18494,20,2026-08-04T13:07:38Z
18495,25,2026-08-04T13:07:41Z
18496,23,2026-08-04T13:07:44Z
18497,23,2026-08-04T13:07:47Z
18498,23,2026-08-04T13:07:50Z
18499,24,2026-08-04T13:07:53Z
18500,26,2026-08-04T13:07:56Z
18501,22,2026-08-04T13:07:58Z
18502,22,2026-08-04T13:08:00Z
18503,25,2026-08-04T13:08:04Z
18504,23,2026-08-04T13:08:10Z
18505,23,2026-08-04T13:08:14Z
18506,22,2026-08-04T13:08:18Z
18507,26,2026-08-04T13:08:22Z
18508,25,2026-08-04T13:08:25Z
18509,27,2026-08-04T13:08:29Z
18510,27,2026-08-04T13:08:32Z
18511,28,2026-08-04T13:08:36Z
18512,29,2026-08-04T13:08:38Z
18513,28,2026-08-04T13:08:41Z
18514,28,2026-08-04T13:08:45Z
18515,27,2026-08-04T13:08:49Z
18516,26,2026-08-04T13:08:53Z
18517,25,2026-08-04T13:08:56Z
18518,27,2026-08-04T13:08:59Z
18519,27,2026-08-04T13:09:03Z
18520,26,2026-08-04T13:09:06Z
18521,26,2026-08-04T13:09:09Z
18522,27,2026-08-04T13:09:13Z
18523,25,2026-08-04T13:09:13Z
18524,24,2026-08-04T13:09:19Z
18525,22,2026-08-04T13:09:23Z
18526,23,2026-08-04T13:09:25Z
18527,23,2026-08-04T13:09:28Z
18528,22,2026-08-04T13:09:31Z
18529,22,2026-08-04T13:09:34Z
18530,22,2026-08-04T13:09:36Z
18531,21,2026-08-04T13:09:39Z
18532,20,2026-08-04T13:09:42Z
18533,22,2026-08-04T13:09:45Z
18534,22,2026-08-04T13:09:49Z
18535,22,2026-08-04T13:09:52Z
18536,22,2026-08-04T13:09:56Z
18537,23,2026-08-04T13:09:59Z
18538,22,2026-08-04T13:10:02Z
18539,21,2026-08-04T13:10:04Z
18540,19,2026-08-04T13:10:07Z
18541,21,2026-08-04T13:10:09Z
18542,24,2026-08-04T13:10:12Z
18543,22,2026-08-04T13:10:15Z
18544,19,2026-08-04T13:10:18Z
18545,20,2026-08-04T13:10:21Z
18546,21,2026-08-04T13:10:24Z
18547,22,2026-08-04T13:10:28Z
18548,22,2026-08-04T13:10:30Z
18549,22,2026-08-04T13:10:32Z
18550,22,2026-08-04T13:10:34Z
18551,22,2026-08-04T13:10:36Z
18552,20,2026-08-04T13:10:38Z
18553,20,2026-08-04T13:10:41Z
18554,19,2026-08-04T13:10:43Z
18555,18,2026-08-04T13:10:46Z
18556,19,2026-08-04T13:10:49Z
18557,18,2026-08-04T13:10:52Z
18558,18,2026-08-04T13:10:55Z
18559,17,2026-08-04T13:10:57Z
18560,17,2026-08-04T13:10:58Z
18561,17,2026-08-04T13:11:00Z
18562,17,2026-08-04T13:11:03Z
18563,17,2026-08-04T13:11:05Z
18564,16,2026-08-04T13:11:08Z
18565,17,2026-08-04T13:11:11Z
18566,20,2026-08-04T13:11:13Z
18567,19,2026-08-04T13:11:16Z
18568,18,2026-08-04T13:11:18Z
18569,19,2026-08-04T13:11:21Z
18570,20,2026-08-04T13:11:24Z
18571,20,2026-08-04T13:11:26Z
18572,21,2026-08-04T13:11:29Z
18573,22,2026-08-04T13:11:31Z
18574,20,2026-08-04T13:11:34Z
18575,21,2026-08-04T13:11:36Z
18576,21,2026-08-04T13:11:39Z
18577,21,2026-08-04T13:11:41Z
18578,21,2026-08-04T13:11:44Z
18579,21,2026-08-04T13:11:47Z
18580,22,2026-08-04T13:11:52Z
18581,21,2026-08-04T13:11:53Z
18582,23,2026-08-04T13:11:57Z
18583,25,2026-08-04T13:11:59Z
18584,23,2026-08-04T13:12:02Z
18585,21,2026-08-04T13:12:04Z
18586,23,2026-08-04T13:12:06Z
18587,21,2026-08-04T13:12:08Z
18588,20,2026-08-04T13:12:11Z
18589,25,2026-08-04T13:12:14Z
18590,25,2026-08-04T13:12:16Z
18591,23,2026-08-04T13:12:19Z
18592,20,2026-08-04T13:12:21Z
18593,23,2026-08-04T13:12:24Z
18594,26,2026-08-04T13:12:27Z
18595,22,2026-08-04T13:12:31Z
18596,22,2026-08-04T13:12:34Z
18597,22,2026-08-04T13:12:36Z
18598,21,2026-08-04T13:12:38Z
18599,22,2026-08-04T13:12:40Z
18600,24,2026-08-04T13:12:43Z
18601,24,2026-08-04T13:12:47Z
18602,24,2026-08-04T13:12:50Z
18603,25,2026-08-04T13:12:52Z
18604,23,2026-08-04T13:12:55Z
18605,23,2026-08-04T13:12:57Z
18606,22,2026-08-04T13:13:00Z
18607,25,2026-08-04T13:13:02Z
18608,23,2026-08-04T13:13:05Z
18609,21,2026-08-04T13:13:06Z
18610,21,2026-08-04T13:13:10Z
18611,20,2026-08-04T13:13:12Z
18612,20,2026-08-04T13:13:15Z
18613,24,2026-08-04T13:13:18Z
18614,24,2026-08-04T13:13:21Z
18615,20,2026-08-04T13:13:23Z
18616,24,2026-08-04T13:13:27Z
18617,25,2026-08-04T13:13:31Z
18618,20,2026-08-04T13:13:34Z
18619,19,2026-08-04T13:13:36Z
18620,19,2026-08-04T13:13:38Z
18621,21,2026-08-04T13:13:40Z
18622,20,2026-08-04T13:13:42Z
18623,19,2026-08-04T13:13:44Z
18624,19,2026-08-04T13:13:47Z
18625,24,2026-08-04T13:13:48Z
18626,20,2026-08-04T13:13:51Z
18627,19,2026-08-04T13:13:54Z
18628,20,2026-08-04T13:13:57Z
18629,21,2026-08-04T13:14:00Z
18630,22,2026-08-04T13:14:03Z
18631,20,2026-08-04T13:14:04Z
18632,17,2026-08-04T13:14:05Z
18633,15,2026-08-04T13:14:07Z
18634,18,2026-08-04T13:14:09Z
18635,17,2026-08-04T13:14:11Z
18636,19,2026-08-04T13:14:13Z
18637,18,2026-08-04T13:14:15Z
18638,21,2026-08-04T13:14:17Z
18639,22,2026-08-04T13:14:19Z
18640,20,2026-08-04T13:14:22Z
18641,22,2026-08-04T13:14:24Z
18642,20,2026-08-04T13:14:26Z
18643,22,2026-08-04T13:14:29Z
18644,21,2026-08-04T13:14:32Z
18645,19,2026-08-04T13:14:34Z
18646,19,2026-08-04T13:14:36Z
18647,20,2026-08-04T13:14:38Z
18648,22,2026-08-04T13:14:41Z
18649,21,2026-08-04T13:14:43Z
18650,21,2026-08-04T13:14:45Z
18651,21,2026-08-04T13:14:47Z
18652,22,2026-08-04T13:14:49Z
18653,24,2026-08-04T13:14:52Z
18654,21,2026-08-04T13:14:55Z
18655,20,2026-08-04T13:14:58Z
18656,24,2026-08-04T13:15:01Z
18657,25,2026-08-04T13:15:03Z
18658,24,2026-08-04T13:15:06Z
18659,26,2026-08-04T13:15:08Z
18660,24,2026-08-04T13:15:11Z
18661,23,2026-08-04T13:15:13Z
18662,24,2026-08-04T13:15:16Z
18663,22,2026-08-04T13:15:18Z
18664,24,2026-08-04T13:15:21Z
18665,24,2026-08-04T13:15:23Z
18666,23,2026-08-04T13:15:24Z
18667,24,2026-08-04T13:15:27Z
18668,21,2026-08-04T13:15:30Z
18669,23,2026-08-04T13:15:33Z
18670,20,2026-08-04T13:15:36Z
18671,20,2026-08-04T13:15:39Z
18672,18,2026-08-04T13:15:42Z
18673,16,2026-08-04T13:15:44Z
18674,17,2026-08-04T13:15:47Z
18675,22,2026-08-04T13:15:49Z
18676,25,2026-08-04T13:15:51Z
18677,23,2026-08-04T13:15:53Z
18678,21,2026-08-04T13:15:56Z
18679,18,2026-08-04T13:15:58Z
18680,21,2026-08-04T13:16:00Z
18681,21,2026-08-04T13:16:02Z
18682,22,2026-08-04T13:16:04Z
18683,22,2026-08-04T13:16:07Z
18684,23,2026-08-04T13:16:09Z
18685,23,2026-08-04T13:16:11Z
18686,24,2026-08-04T13:16:13Z
18687,27,2026-08-04T13:16:15Z
18688,28,2026-08-04T13:16:18Z
18689,26,2026-08-04T13:16:21Z
18690,23,2026-08-04T13:16:22Z
18691,23,2026-08-04T13:16:24Z
18692,23,2026-08-04T13:16:26Z
18693,25,2026-08-04T13:16:29Z
18694,23,2026-08-04T13:16:31Z
18695,22,2026-08-04T13:16:34Z
18696,23,2026-08-04T13:16:36Z
18697,23,2026-08-04T13:16:39Z
18698,22,2026-08-04T13:16:41Z
18699,24,2026-08-04T13:16:44Z
18700,23,2026-08-04T13:16:46Z
18701,24,2026-08-04T13:16:47Z
18702,26,2026-08-04T13:16:49Z
18703,24,2026-08-04T13:16:51Z
18704,26,2026-08-04T13:16:54Z
18705,26,2026-08-04T13:16:57Z
18706,26,2026-08-04T13:17:00Z
18707,27,2026-08-04T13:17:03Z
18708,27,2026-08-04T13:17:05Z
18709,27,2026-08-04T13:17:07Z
18710,26,2026-08-04T13:17:08Z
18711,24,2026-08-04T13:17:10Z
18712,26,2026-08-04T13:17:13Z
18713,25,2026-08-04T13:17:15Z
18714,26,2026-08-04T13:17:17Z
18715,26,2026-08-04T13:17:20Z
18716,27,2026-08-04T13:17:22Z
18717,24,2026-08-04T13:17:23Z
18718,24,2026-08-04T13:17:25Z
18719,26,2026-08-04T13:17:28Z
18720,24,2026-08-04T13:17:30Z
18721,24,2026-08-04T13:17:32Z
18722,24,2026-08-04T13:17:34Z
18723,24,2026-08-04T13:17:37Z
18724,25,2026-08-04T13:17:39Z
18725,20,2026-08-04T13:17:41Z
18726,24,2026-08-04T13:17:43Z
18727,22,2026-08-04T13:17:45Z
18728,24,2026-08-04T13:17:48Z
18729,24,2026-08-04T13:17:50Z
18730,22,2026-08-04T13:17:52Z
18731,23,2026-08-04T13:17:55Z
18732,22,2026-08-04T13:17:57Z
18733,21,2026-08-04T13:17:58Z
18734,22,2026-08-04T13:18:00Z
18735,23,2026-08-04T13:18:02Z
18736,24,2026-08-04T13:18:05Z
18737,24,2026-08-04T13:18:07Z
18738,24,2026-08-04T13:18:09Z
18739,24,2026-08-04T13:18:11Z
18740,22,2026-08-04T13:18:13Z
18741,23,2026-08-04T13:18:16Z
18742,21,2026-08-04T13:18:18Z
18743,20,2026-08-04T13:18:20Z
18744,21,2026-08-04T13:18:22Z
18745,19,2026-08-04T13:18:23Z
18746,23,2026-08-04T13:18:25Z
18747,23,2026-08-04T13:18:27Z
18748,24,2026-08-04T13:18:30Z
18749,24,2026-08-04T13:18:32Z
18750,23,2026-08-04T13:18:34Z
18751,22,2026-08-04T13:18:37Z
18752,23,2026-08-04T13:18:39Z
18753,23,2026-08-04T13:18:41Z
18754,26,2026-08-04T13:18:44Z
18755,25,2026-08-04T13:18:47Z
18756,22,2026-08-04T13:18:48Z
18757,22,2026-08-04T13:18:50Z
18758,23,2026-08-04T13:18:51Z
18759,22,2026-08-04T13:18:54Z
18760,25,2026-08-04T13:18:56Z
18761,22,2026-08-04T13:18:59Z
18762,23,2026-08-04T13:19:01Z
18763,23,2026-08-04T13:19:03Z
18764,25,2026-08-04T13:19:05Z
18765,22,2026-08-04T13:19:07Z
18766,22,2026-08-04T13:19:10Z
18767,25,2026-08-04T13:19:12Z
18768,21,2026-08-04T13:19:14Z
18769,24,2026-08-04T13:19:16Z
18770,25,2026-08-04T13:19:19Z
18771,24,2026-08-04T13:19:21Z
18772,26,2026-08-04T13:19:24Z
18773,25,2026-08-04T13:19:25Z
18774,26,2026-08-04T13:19:28Z
18775,25,2026-08-04T13:19:31Z
18776,26,2026-08-04T13:19:34Z
18777,24,2026-08-04T13:19:36Z
18778,26,2026-08-04T13:19:37Z
18779,25,2026-08-04T13:19:40Z
18780,26,2026-08-04T13:19:42Z
18781,25,2026-08-04T13:19:45Z
18782,30,2026-08-04T13:19:48Z
18783,29,2026-08-04T13:19:50Z
18784,29,2026-08-04T13:19:54Z
18785,28,2026-08-04T13:19:56Z
18786,26,2026-08-04T13:19:59Z
18787,25,2026-08-04T13:20:01Z
18788,26,2026-08-04T13:20:03Z
18789,27,2026-08-04T13:20:06Z
18790,26,2026-08-04T13:20:10Z
18791,26,2026-08-04T13:20:11Z
18792,26,2026-08-04T13:20:15Z
18793,25,2026-08-04T13:20:17Z
18794,23,2026-08-04T13:20:20Z
18795,25,2026-08-04T13:20:22Z
18796,25,2026-08-04T13:20:23Z
18797,25,2026-08-04T13:20:26Z
18798,25,2026-08-04T13:20:28Z
18799,25,2026-08-04T13:20:30Z
18800,22,2026-08-04T13:20:33Z
18801,22,2026-08-04T13:20:34Z
18802,21,2026-08-04T13:20:36Z
18803,21,2026-08-04T13:20:38Z
18804,18,2026-08-04T13:20:41Z
18805,19,2026-08-04T13:20:43Z
18806,18,2026-08-04T13:20:45Z
18807,20,2026-08-04T13:20:47Z
18808,21,2026-08-04T13:20:49Z
18809,22,2026-08-04T13:20:52Z
18810,24,2026-08-04T13:20:55Z
18811,26,2026-08-04T13:20:58Z
18812,25,2026-08-04T13:21:00Z
18813,26,2026-08-04T13:21:03Z
18814,20,2026-08-04T13:21:06Z
18815,21,2026-08-04T13:21:10Z
18816,18,2026-08-04T13:21:14Z
18817,21,2026-08-04T13:21:18Z
18818,15,2026-08-04T13:21:22Z
18819,15,2026-08-04T13:21:25Z
18820,16,2026-08-04T13:21:26Z
18821,17,2026-08-04T13:21:30Z
18822,15,2026-08-04T13:21:32Z
18823,16,2026-08-04T13:21:33Z
18824,17,2026-08-04T13:21:36Z
18825,17,2026-08-04T13:21:39Z
18826,18,2026-08-04T13:21:41Z
18827,18,2026-08-04T13:21:44Z
18828,22,2026-08-04T13:21:46Z
18829,21,2026-08-04T13:21:48Z
18830,19,2026-08-04T13:21:50Z
18831,19,2026-08-04T13:21:53Z
18832,17,2026-08-04T13:21:55Z
18833,20,2026-08-04T13:21:57Z
18834,20,2026-08-04T13:22:00Z
18835,21,2026-08-04T13:22:02Z
18836,24,2026-08-04T13:22:04Z
18837,24,2026-08-04T13:22:06Z
18838,21,2026-08-04T13:22:11Z
18839,23,2026-08-04T13:22:13Z
18840,21,2026-08-04T13:22:15Z
18841,21,2026-08-04T13:22:18Z
18842,22,2026-08-04T13:22:20Z
18843,24,2026-08-04T13:22:22Z
18844,22,2026-08-04T13:22:24Z
18845,22,2026-08-04T13:22:27Z
18846,25,2026-08-04T13:22:29Z
18847,22,2026-08-04T13:22:31Z
18848,23,2026-08-04T13:22:33Z
18849,24,2026-08-04T13:22:36Z
18850,25,2026-08-04T13:22:38Z
18851,24,2026-08-04T13:22:40Z
18852,26,2026-08-04T13:22:42Z
18853,25,2026-08-04T13:22:46Z
18854,26,2026-08-04T13:22:50Z
18855,23,2026-08-04T13:22:52Z
18856,29,2026-08-04T13:22:54Z
18857,24,2026-08-04T13:22:56Z
18858,23,2026-08-04T13:22:59Z
18859,21,2026-08-04T13:23:01Z
18860,22,2026-08-04T13:23:03Z
18861,23,2026-08-04T13:23:05Z
18862,25,2026-08-04T13:23:08Z
18863,24,2026-08-04T13:23:11Z
18864,26,2026-08-04T13:23:13Z
18865,23,2026-08-04T13:23:16Z
18866,21,2026-08-04T13:23:20Z
18867,23,2026-08-04T13:23:24Z
18868,25,2026-08-04T13:23:27Z
18869,27,2026-08-04T13:23:29Z
18870,28,2026-08-04T13:23:31Z
18871,24,2026-08-04T13:23:35Z
18872,26,2026-08-04T13:23:38Z
18873,24,2026-08-04T13:23:39Z
18874,25,2026-08-04T13:23:42Z
18875,27,2026-08-04T13:23:45Z
18876,24,2026-08-04T13:23:48Z
18877,24,2026-08-04T13:23:51Z
18878,28,2026-08-04T13:23:54Z
18879,26,2026-08-04T13:23:57Z
18880,27,2026-08-04T13:24:01Z
18881,29,2026-08-04T13:24:05Z
18882,28,2026-08-04T13:24:10Z
18883,27,2026-08-04T13:24:14Z
18884,28,2026-08-04T13:24:18Z
18885,28,2026-08-04T13:24:22Z
18886,27,2026-08-04T13:24:26Z
18887,29,2026-08-04T13:24:30Z
18888,26,2026-08-04T13:24:33Z
18889,25,2026-08-04T13:24:36Z
18890,30,2026-08-04T13:24:38Z
18891,27,2026-08-04T13:24:42Z
18892,28,2026-08-04T13:24:46Z
18893,24,2026-08-04T13:24:49Z
18894,26,2026-08-04T13:24:51Z
18895,18,2026-08-04T13:24:54Z
18896,18,2026-08-04T13:24:56Z
18897,17,2026-08-04T13:24:59Z
18898,17,2026-08-04T13:25:01Z
18899,16,2026-08-04T13:25:03Z
18900,17,2026-08-04T13:25:05Z
18901,17,2026-08-04T13:25:07Z
18902,15,2026-08-04T13:25:09Z
18903,15,2026-08-04T13:25:10Z
18904,17,2026-08-04T13:25:11Z
18905,18,2026-08-04T13:25:13Z
18906,17,2026-08-04T13:25:16Z
18907,20,2026-08-04T13:25:18Z
18908,18,2026-08-04T13:25:21Z
18909,19,2026-08-04T13:25:23Z
18910,23,2026-08-04T13:25:25Z
18911,24,2026-08-04T13:25:28Z
18912,23,2026-08-04T13:25:30Z
18913,23,2026-08-04T13:25:32Z
18914,23,2026-08-04T13:25:35Z
18915,24,2026-08-04T13:25:37Z
18916,23,2026-08-04T13:25:39Z
18917,23,2026-08-04T13:25:41Z
18918,22,2026-08-04T13:25:44Z
18919,23,2026-08-04T13:25:47Z
18920,24,2026-08-04T13:25:49Z
18921,29,2026-08-04T13:25:52Z
18922,30,2026-08-04T13:25:57Z
18923,28,2026-08-04T13:26:00Z
18924,26,2026-08-04T13:26:03Z
18925,29,2026-08-04T13:26:05Z
18926,33,2026-08-04T13:26:08Z
18927,26,2026-08-04T13:26:11Z
18928,28,2026-08-04T13:26:14Z
18929,28,2026-08-04T13:26:16Z
18930,29,2026-08-04T13:26:19Z
18931,23,2026-08-04T13:26:22Z
18932,23,2026-08-04T13:26:24Z
18933,24,2026-08-04T13:26:27Z
18934,24,2026-08-04T13:26:30Z
18935,22,2026-08-04T13:26:32Z
18936,25,2026-08-04T13:26:34Z
18937,26,2026-08-04T13:26:36Z
18938,28,2026-08-04T13:26:39Z
18939,22,2026-08-04T13:26:40Z
18940,23,2026-08-04T13:26:43Z
18941,21,2026-08-04T13:26:45Z
18942,23,2026-08-04T13:26:47Z
18943,25,2026-08-04T13:26:49Z
18944,25,2026-08-04T13:26:51Z
18945,27,2026-08-04T13:26:53Z
18946,25,2026-08-04T13:26:55Z
18947,27,2026-08-04T13:26:58Z
18948,28,2026-08-04T13:27:01Z
18949,27,2026-08-04T13:27:05Z
18950,32,2026-08-04T13:27:09Z
18951,33,2026-08-04T13:27:10Z
18952,26,2026-08-04T13:27:13Z
18953,24,2026-08-04T13:27:16Z
18954,24,2026-08-04T13:27:19Z
18955,25,2026-08-04T13:27:22Z
18956,24,2026-08-04T13:27:25Z
18957,21,2026-08-04T13:27:28Z
18958,23,2026-08-04T13:27:30Z
18959,24,2026-08-04T13:27:33Z
18960,22,2026-08-04T13:27:34Z
18961,21,2026-08-04T13:27:38Z
18962,19,2026-08-04T13:27:40Z
18963,20,2026-08-04T13:27:43Z
18964,21,2026-08-04T13:27:46Z
18965,21,2026-08-04T13:27:48Z
18966,19,2026-08-04T13:27:50Z
18967,22,2026-08-04T13:27:52Z
18968,21,2026-08-04T13:27:54Z
18969,21,2026-08-04T13:27:56Z
18970,22,2026-08-04T13:27:58Z
18971,25,2026-08-04T13:28:00Z
18972,20,2026-08-04T13:28:01Z
18973,19,2026-08-04T13:28:05Z
18974,18,2026-08-04T13:28:06Z
18975,17,2026-08-04T13:28:08Z
18976,18,2026-08-04T13:28:10Z
18977,17,2026-08-04T13:28:12Z
18978,18,2026-08-04T13:28:14Z
18979,19,2026-08-04T13:28:15Z
18980,22,2026-08-04T13:28:17Z
18981,19,2026-08-04T13:28:19Z
18982,20,2026-08-04T13:28:21Z
18983,19,2026-08-04T13:28:23Z
18984,19,2026-08-04T13:28:25Z
18985,20,2026-08-04T13:28:26Z
18986,21,2026-08-04T13:28:29Z
18987,21,2026-08-04T13:28:31Z
18988,21,2026-08-04T13:28:34Z
18989,22,2026-08-04T13:28:36Z
18990,23,2026-08-04T13:28:39Z
18991,26,2026-08-04T13:28:41Z
18992,24,2026-08-04T13:28:43Z
18993,26,2026-08-04T13:28:45Z
18994,27,2026-08-04T13:28:48Z
18995,27,2026-08-04T13:28:50Z
18996,25,2026-08-04T13:28:53Z
18997,27,2026-08-04T13:28:55Z
18998,29,2026-08-04T13:28:58Z
18999,28,2026-08-04T13:29:00Z
19000,26,2026-08-04T13:29:03Z
19001,25,2026-08-04T13:29:06Z
19002,25,2026-08-04T13:29:08Z
19003,27,2026-08-04T13:29:11Z
19004,30,2026-08-04T13:29:16Z
19005,28,2026-08-04T13:29:19Z
19006,27,2026-08-04T13:29:22Z
19007,29,2026-08-04T13:29:25Z
19008,30,2026-08-04T13:29:28Z
19009,27,2026-08-04T13:29:31Z
19010,29,2026-08-04T13:29:34Z
19011,31,2026-08-04T13:29:37Z
19012,30,2026-08-04T13:29:40Z
19013,30,2026-08-04T13:29:43Z
19014,29,2026-08-04T13:29:46Z
19015,32,2026-08-04T13:29:49Z
19016,28,2026-08-04T13:29:53Z
19017,30,2026-08-04T13:29:57Z
19018,31,2026-08-04T13:30:01Z
19019,28,2026-08-04T13:30:05Z
19020,26,2026-08-04T13:30:09Z
19021,25,2026-08-04T13:30:13Z
19022,28,2026-08-04T13:30:16Z
19023,25,2026-08-04T13:30:19Z
19024,26,2026-08-04T13:30:21Z
19025,25,2026-08-04T13:30:23Z
19026,25,2026-08-04T13:30:26Z
19027,26,2026-08-04T13:30:29Z
19028,25,2026-08-04T13:30:32Z
19029,24,2026-08-04T13:30:35Z
19030,27,2026-08-04T13:30:37Z
19031,23,2026-08-04T13:30:40Z
19032,23,2026-08-04T13:30:43Z
19033,25,2026-08-04T13:30:46Z
19034,24,2026-08-04T13:30:49Z
19035,25,2026-08-04T13:30:53Z
19036,24,2026-08-04T13:30:55Z
19037,24,2026-08-04T13:30:57Z
19038,24,2026-08-04T13:31:00Z
19039,23,2026-08-04T13:31:04Z
19040,23,2026-08-04T13:31:07Z
19041,24,2026-08-04T13:31:10Z
19042,23,2026-08-04T13:31:13Z
19043,23,2026-08-04T13:31:16Z
19044,26,2026-08-04T13:31:19Z
19045,26,2026-08-04T13:31:22Z
19046,25,2026-08-04T13:31:25Z
19047,24,2026-08-04T13:31:28Z
19048,22,2026-08-04T13:31:29Z
19049,21,2026-08-04T13:31:31Z
19050,22,2026-08-04T13:31:33Z
19051,19,2026-08-04T13:31:37Z
19052,20,2026-08-04T13:31:41Z
19053,23,2026-08-04T13:31:44Z
19054,28,2026-08-04T13:31:46Z
19055,22,2026-08-04T13:31:47Z
19056,21,2026-08-04T13:31:52Z
19057,23,2026-08-04T13:31:55Z
19058,25,2026-08-04T13:31:58Z
19059,21,2026-08-04T13:32:01Z
19060,22,2026-08-04T13:32:04Z
19061,24,2026-08-04T13:32:08Z
19062,23,2026-08-04T13:32:11Z
19063,22,2026-08-04T13:32:14Z
19064,27,2026-08-04T13:32:17Z
19065,28,2026-08-04T13:32:20Z
19066,24,2026-08-04T13:32:22Z
19067,24,2026-08-04T13:32:25Z
19068,22,2026-08-04T13:32:27Z
19069,21,2026-08-04T13:32:29Z
19070,20,2026-08-04T13:32:32Z
19071,23,2026-08-04T13:32:34Z
19072,21,2026-08-04T13:32:38Z
19073,24,2026-08-04T13:32:41Z
19074,23,2026-08-04T13:32:45Z
19075,23,2026-08-04T13:32:47Z
19076,21,2026-08-04T13:32:49Z
19077,24,2026-08-04T13:32:51Z
19078,25,2026-08-04T13:32:53Z
19079,25,2026-08-04T13:32:55Z
19080,21,2026-08-04T13:32:58Z
19081,20,2026-08-04T13:33:00Z
19082,19,2026-08-04T13:33:02Z
19083,18,2026-08-04T13:33:05Z
19084,17,2026-08-04T13:33:07Z
19085,17,2026-08-04T13:33:09Z
19086,18,2026-08-04T13:33:11Z
19087,18,2026-08-04T13:33:13Z
19088,20,2026-08-04T13:33:16Z
19089,25,2026-08-04T13:33:19Z
19090,24,2026-08-04T13:33:21Z
19091,24,2026-08-04T13:33:23Z
19092,21,2026-08-04T13:33:25Z
19093,24,2026-08-04T13:33:28Z
19094,23,2026-08-04T13:33:30Z
19095,27,2026-08-04T13:33:32Z
19096,25,2026-08-04T13:33:35Z
19097,27,2026-08-04T13:33:39Z
19098,24,2026-08-04T13:33:41Z
19099,21,2026-08-04T13:33:44Z
19100,22,2026-08-04T13:33:47Z
19101,24,2026-08-04T13:33:50Z
19102,24,2026-08-04T13:33:53Z
19103,21,2026-08-04T13:33:55Z
19104,23,2026-08-04T13:33:57Z
19105,24,2026-08-04T13:34:01Z
19106,26,2026-08-04T13:34:04Z
19107,23,2026-08-04T13:34:07Z
19108,26,2026-08-04T13:34:10Z
19109,26,2026-08-04T13:34:12Z
19110,26,2026-08-04T13:34:15Z
19111,26,2026-08-04T13:34:18Z
19112,27,2026-08-04T13:34:20Z
19113,29,2026-08-04T13:34:22Z
19114,27,2026-08-04T13:34:23Z
19115,26,2026-08-04T13:34:27Z
19116,24,2026-08-04T13:34:30Z
19117,24,2026-08-04T13:34:31Z
19118,25,2026-08-04T13:34:33Z
19119,26,2026-08-04T13:34:35Z
19120,26,2026-08-04T13:34:37Z
19121,27,2026-08-04T13:34:40Z
19122,26,2026-08-04T13:34:42Z
19123,25,2026-08-04T13:34:44Z
19124,24,2026-08-04T13:34:47Z
19125,26,2026-08-04T13:34:50Z
19126,25,2026-08-04T13:34:52Z
19127,27,2026-08-04T13:34:55Z
19128,27,2026-08-04T13:34:57Z
19129,25,2026-08-04T13:34:59Z
19130,25,2026-08-04T13:35:01Z
19131,26,2026-08-04T13:35:04Z
19132,26,2026-08-04T13:35:06Z
19133,25,2026-08-04T13:35:09Z
19134,27,2026-08-04T13:35:11Z
19135,25,2026-08-04T13:35:13Z
19136,27,2026-08-04T13:35:15Z
19137,26,2026-08-04T13:35:18Z
19138,27,2026-08-04T13:35:20Z
19139,23,2026-08-04T13:35:22Z
19140,24,2026-08-04T13:35:25Z
19141,24,2026-08-04T13:35:29Z
19142,23,2026-08-04T13:35:31Z
19143,23,2026-08-04T13:35:33Z
19144,25,2026-08-04T13:35:34Z
19145,25,2026-08-04T13:35:36Z
19146,24,2026-08-04T13:35:39Z
19147,26,2026-08-04T13:35:41Z
19148,26,2026-08-04T13:35:43Z
19149,25,2026-08-04T13:35:45Z
19150,24,2026-08-04T13:35:48Z
19151,24,2026-08-04T13:35:51Z
19152,24,2026-08-04T13:35:54Z
19153,22,2026-08-04T13:35:57Z
19154,21,2026-08-04T13:35:59Z
19155,21,2026-08-04T13:36:02Z
19156,20,2026-08-04T13:36:04Z
19157,21,2026-08-04T13:36:06Z
19158,21,2026-08-04T13:36:08Z
19159,25,2026-08-04T13:36:10Z
19160,22,2026-08-04T13:36:13Z
19161,27,2026-08-04T13:36:15Z
19162,24,2026-08-04T13:36:17Z
19163,24,2026-08-04T13:36:20Z
19164,25,2026-08-04T13:36:22Z
19165,24,2026-08-04T13:36:25Z
19166,24,2026-08-04T13:36:27Z
19167,25,2026-08-04T13:36:29Z
19168,24,2026-08-04T13:36:32Z
19169,23,2026-08-04T13:36:34Z
19170,25,2026-08-04T13:36:37Z
19171,24,2026-08-04T13:36:38Z
19172,23,2026-08-04T13:36:40Z
19173,21,2026-08-04T13:36:42Z
19174,21,2026-08-04T13:36:45Z
19175,21,2026-08-04T13:36:47Z
19176,21,2026-08-04T13:36:49Z
19177,21,2026-08-04T13:36:51Z
19178,19,2026-08-04T13:36:52Z
19179,21,2026-08-04T13:36:53Z
19180,20,2026-08-04T13:36:57Z
19181,19,2026-08-04T13:36:59Z
19182,21,2026-08-04T13:37:01Z
19183,20,2026-08-04T13:37:03Z
19184,21,2026-08-04T13:37:05Z
19185,21,2026-08-04T13:37:08Z
19186,19,2026-08-04T13:37:10Z
19187,19,2026-08-04T13:37:11Z
19188,18,2026-08-04T13:37:13Z
19189,21,2026-08-04T13:37:15Z
19190,19,2026-08-04T13:37:17Z
19191,18,2026-08-04T13:37:19Z
19192,18,2026-08-04T13:37:21Z
19193,21,2026-08-04T13:37:23Z
19194,20,2026-08-04T13:37:25Z
19195,20,2026-08-04T13:37:27Z
19196,20,2026-08-04T13:37:29Z
19197,20,2026-08-04T13:37:31Z
19198,21,2026-08-04T13:37:33Z
19199,22,2026-08-04T13:37:35Z
19200,22,2026-08-04T13:37:38Z
19201,20,2026-08-04T13:37:40Z
19202,21,2026-08-04T13:37:42Z
19203,19,2026-08-04T13:37:42Z
19204,21,2026-08-04T13:37:44Z
19205,22,2026-08-04T13:37:47Z
19206,22,2026-08-04T13:37:49Z
19207,20,2026-08-04T13:37:51Z
19208,22,2026-08-04T13:37:53Z
19209,21,2026-08-04T13:37:56Z
19210,23,2026-08-04T13:37:59Z
19211,23,2026-08-04T13:38:01Z
19212,23,2026-08-04T13:38:03Z
19213,23,2026-08-04T13:38:05Z
19214,24,2026-08-04T13:38:08Z
19215,26,2026-08-04T13:38:11Z
19216,24,2026-08-04T13:38:13Z
19217,22,2026-08-04T13:38:15Z
19218,23,2026-08-04T13:38:17Z
19219,22,2026-08-04T13:38:18Z
19220,22,2026-08-04T13:38:20Z
19221,23,2026-08-04T13:38:23Z
19222,27,2026-08-04T13:38:25Z
19223,24,2026-08-04T13:38:27Z
19224,26,2026-08-04T13:38:29Z
19225,26,2026-08-04T13:38:32Z
19226,29,2026-08-04T13:38:34Z
19227,27,2026-08-04T13:38:37Z
19228,27,2026-08-04T13:38:39Z
19229,28,2026-08-04T13:38:42Z
19230,27,2026-08-04T13:38:44Z
19231,23,2026-08-04T13:38:46Z
19232,22,2026-08-04T13:38:48Z
19233,22,2026-08-04T13:38:50Z
19234,23,2026-08-04T13:38:51Z
19235,20,2026-08-04T13:38:53Z
19236,23,2026-08-04T13:38:55Z
19237,21,2026-08-04T13:38:56Z
19238,21,2026-08-04T13:38:58Z
19239,21,2026-08-04T13:39:00Z
19240,21,2026-08-04T13:39:02Z
19241,21,2026-08-04T13:39:04Z
19242,22,2026-08-04T13:39:07Z
19243,20,2026-08-04T13:39:09Z
19244,21,2026-08-04T13:39:11Z
19245,21,2026-08-04T13:39:13Z
19246,19,2026-08-04T13:39:15Z
19247,18,2026-08-04T13:39:17Z
19248,20,2026-08-04T13:39:18Z
19249,20,2026-08-04T13:39:20Z
19250,18,2026-08-04T13:39:22Z
19251,17,2026-08-04T13:39:23Z
19252,20,2026-08-04T13:39:25Z
19253,18,2026-08-04T13:39:27Z
19254,17,2026-08-04T13:39:29Z
19255,19,2026-08-04T13:39:31Z
19256,18,2026-08-04T13:39:33Z
19257,19,2026-08-04T13:39:36Z
19258,19,2026-08-04T13:39:37Z
19259,20,2026-08-04T13:39:39Z
19260,20,2026-08-04T13:39:41Z
19261,21,2026-08-04T13:39:42Z
19262,19,2026-08-04T13:39:44Z
19263,21,2026-08-04T13:39:46Z
19264,19,2026-08-04T13:39:48Z
19265,21,2026-08-04T13:39:50Z
19266,21,2026-08-04T13:39:52Z
19267,20,2026-08-04T13:39:54Z
19268,19,2026-08-04T13:39:56Z
19269,19,2026-08-04T13:39:57Z
19270,20,2026-08-04T13:40:00Z
19271,22,2026-08-04T13:40:03Z
19272,25,2026-08-04T13:40:06Z
19273,21,2026-08-04T13:40:08Z
19274,23,2026-08-04T13:40:10Z
19275,23,2026-08-04T13:40:12Z
19276,23,2026-08-04T13:40:13Z
19277,23,2026-08-04T13:40:16Z
19278,23,2026-08-04T13:40:19Z
19279,23,2026-08-04T13:40:21Z
19280,21,2026-08-04T13:40:23Z
19281,20,2026-08-04T13:40:24Z
19282,20,2026-08-04T13:40:26Z
19283,20,2026-08-04T13:40:28Z
19284,21,2026-08-04T13:40:30Z
19285,25,2026-08-04T13:40:32Z
19286,21,2026-08-04T13:40:35Z
19287,20,2026-08-04T13:40:37Z
19288,18,2026-08-04T13:40:39Z
19289,18,2026-08-04T13:40:40Z
19290,16,2026-08-04T13:40:42Z
19291,18,2026-08-04T13:40:44Z
19292,17,2026-08-04T13:40:46Z
19293,21,2026-08-04T13:40:48Z
19294,22,2026-08-04T13:40:50Z
19295,20,2026-08-04T13:40:52Z
19296,19,2026-08-04T13:40:54Z
19297,20,2026-08-04T13:40:56Z
19298,24,2026-08-04T13:40:59Z
19299,20,2026-08-04T13:41:00Z
19300,21,2026-08-04T13:41:03Z
19301,23,2026-08-04T13:41:07Z
19302,28,2026-08-04T13:41:11Z
19303,28,2026-08-04T13:41:14Z
19304,26,2026-08-04T13:41:16Z
19305,27,2026-08-04T13:41:18Z
19306,31,2026-08-04T13:41:21Z
19307,32,2026-08-04T13:41:24Z
19308,32,2026-08-04T13:41:27Z
19309,29,2026-08-04T13:41:30Z
19310,27,2026-08-04T13:41:32Z
19311,26,2026-08-04T13:41:35Z
19312,24,2026-08-04T13:41:38Z
19313,25,2026-08-04T13:41:41Z
19314,25,2026-08-04T13:41:44Z
19315,21,2026-08-04T13:41:47Z
19316,22,2026-08-04T13:41:49Z
19317,22,2026-08-04T13:41:51Z
19318,21,2026-08-04T13:41:53Z
19319,21,2026-08-04T13:41:55Z
19320,20,2026-08-04T13:41:57Z
19321,22,2026-08-04T13:41:58Z
19322,22,2026-08-04T13:41:59Z
19323,21,2026-08-04T13:42:01Z
19324,20,2026-08-04T13:42:02Z
19325,20,2026-08-04T13:42:05Z
19326,21,2026-08-04T13:42:07Z
19327,20,2026-08-04T13:42:09Z
19328,22,2026-08-04T13:42:11Z
19329,23,2026-08-04T13:42:13Z
19330,23,2026-08-04T13:42:15Z
19331,24,2026-08-04T13:42:17Z
19332,28,2026-08-04T13:42:20Z
19333,27,2026-08-04T13:42:22Z
19334,22,2026-08-04T13:42:24Z
19335,22,2026-08-04T13:42:26Z
19336,23,2026-08-04T13:42:28Z
19337,24,2026-08-04T13:42:30Z
19338,25,2026-08-04T13:42:33Z
19339,28,2026-08-04T13:42:35Z
19340,24,2026-08-04T13:42:36Z
19341,22,2026-08-04T13:42:37Z
19342,22,2026-08-04T13:42:40Z
19343,22,2026-08-04T13:42:42Z
19344,21,2026-08-04T13:42:44Z
19345,21,2026-08-04T13:42:46Z
19346,22,2026-08-04T13:42:48Z
19347,24,2026-08-04T13:42:50Z
19348,23,2026-08-04T13:42:52Z
19349,23,2026-08-04T13:42:54Z
19350,22,2026-08-04T13:42:56Z
19351,22,2026-08-04T13:42:58Z
19352,21,2026-08-04T13:43:01Z
19353,22,2026-08-04T13:43:02Z
19354,22,2026-08-04T13:43:04Z
19355,22,2026-08-04T13:43:05Z
19356,22,2026-08-04T13:43:07Z
19357,20,2026-08-04T13:43:09Z
19358,20,2026-08-04T13:43:11Z
19359,20,2026-08-04T13:43:13Z
19360,19,2026-08-04T13:43:15Z
19361,17,2026-08-04T13:43:17Z
19362,19,2026-08-04T13:43:19Z
19363,19,2026-08-04T13:43:21Z
19364,19,2026-08-04T13:43:22Z
19365,22,2026-08-04T13:43:24Z
19366,20,2026-08-04T13:43:26Z
19367,18,2026-08-04T13:43:28Z
19368,19,2026-08-04T13:43:30Z
19369,19,2026-08-04T13:43:31Z
19370,18,2026-08-04T13:43:32Z
19371,19,2026-08-04T13:43:34Z
19372,20,2026-08-04T13:43:36Z
19373,18,2026-08-04T13:43:38Z
19374,20,2026-08-04T13:43:40Z
19375,17,2026-08-04T13:43:44Z
19376,21,2026-08-04T13:43:45Z
19377,21,2026-08-04T13:43:47Z
19378,21,2026-08-04T13:43:50Z
19379,21,2026-08-04T13:43:53Z
19380,21,2026-08-04T13:43:55Z
19381,21,2026-08-04T13:43:56Z
19382,21,2026-08-04T13:43:58Z
19383,21,2026-08-04T13:44:00Z
19384,19,2026-08-04T13:44:02Z
19385,21,2026-08-04T13:44:04Z
19386,21,2026-08-04T13:44:06Z
19387,19,2026-08-04T13:44:08Z
19388,21,2026-08-04T13:44:12Z
19389,18,2026-08-04T13:44:12Z
19390,20,2026-08-04T13:44:14Z
19391,21,2026-08-04T13:44:17Z
19392,21,2026-08-04T13:44:19Z
19393,20,2026-08-04T13:44:21Z
19394,21,2026-08-04T13:44:23Z
19395,23,2026-08-04T13:44:25Z
19396,22,2026-08-04T13:44:26Z
19397,25,2026-08-04T13:44:29Z
19398,22,2026-08-04T13:44:31Z
19399,22,2026-08-04T13:44:33Z
19400,21,2026-08-04T13:44:35Z
19401,23,2026-08-04T13:44:37Z
19402,19,2026-08-04T13:44:39Z
19403,20,2026-08-04T13:44:41Z
19404,20,2026-08-04T13:44:43Z
19405,21,2026-08-04T13:44:45Z
19406,21,2026-08-04T13:44:47Z
19407,23,2026-08-04T13:44:49Z
19408,22,2026-08-04T13:44:51Z
19409,21,2026-08-04T13:44:53Z
19410,21,2026-08-04T13:44:55Z
19411,20,2026-08-04T13:44:57Z
19412,18,2026-08-04T13:44:59Z
19413,19,2026-08-04T13:45:01Z
19414,20,2026-08-04T13:45:03Z
19415,18,2026-08-04T13:45:05Z
19416,16,2026-08-04T13:45:07Z
19417,17,2026-08-04T13:45:08Z
19418,18,2026-08-04T13:45:12Z
19419,17,2026-08-04T13:45:14Z
19420,18,2026-08-04T13:45:16Z
19421,19,2026-08-04T13:45:18Z
19422,19,2026-08-04T13:45:20Z
19423,20,2026-08-04T13:45:22Z
19424,22,2026-08-04T13:45:24Z
19425,21,2026-08-04T13:45:26Z
19426,21,2026-08-04T13:45:28Z
19427,21,2026-08-04T13:45:30Z
19428,21,2026-08-04T13:45:32Z
19429,18,2026-08-04T13:45:33Z
19430,19,2026-08-04T13:45:36Z
19431,19,2026-08-04T13:45:38Z
19432,19,2026-08-04T13:45:40Z
19433,20,2026-08-04T13:45:43Z
19434,24,2026-08-04T13:45:45Z
19435,23,2026-08-04T13:45:47Z
19436,22,2026-08-04T13:45:50Z
19437,22,2026-08-04T13:45:52Z
19438,21,2026-08-04T13:45:54Z
19439,22,2026-08-04T13:45:56Z
19440,23,2026-08-04T13:45:59Z
19441,22,2026-08-04T13:46:01Z
19442,23,2026-08-04T13:46:04Z
19443,22,2026-08-04T13:46:06Z
19444,23,2026-08-04T13:46:08Z
19445,21,2026-08-04T13:46:09Z
19446,22,2026-08-04T13:46:11Z
19447,23,2026-08-04T13:46:13Z
19448,25,2026-08-04T13:46:19Z
19449,29,2026-08-04T13:46:25Z
19450,23,2026-08-04T13:46:27Z
19451,26,2026-08-04T13:46:28Z
19452,27,2026-08-04T13:46:31Z
19453,26,2026-08-04T13:46:33Z
19454,29,2026-08-04T13:46:36Z
19455,30,2026-08-04T13:46:38Z
19456,30,2026-08-04T13:46:41Z
19457,30,2026-08-04T13:46:45Z
19458,29,2026-08-04T13:46:48Z
19459,31,2026-08-04T13:46:52Z
19460,31,2026-08-04T13:46:55Z
19461,30,2026-08-04T13:46:58Z
19462,33,2026-08-04T13:47:01Z
19463,28,2026-08-04T13:47:04Z
19464,27,2026-08-04T13:47:07Z
19465,28,2026-08-04T13:47:10Z
19466,23,2026-08-04T13:47:13Z
19467,25,2026-08-04T13:47:17Z
19468,27,2026-08-04T13:47:18Z
19469,24,2026-08-04T13:47:22Z
19470,23,2026-08-04T13:47:26Z
19471,23,2026-08-04T13:47:30Z
19472,23,2026-08-04T13:47:33Z
19473,21,2026-08-04T13:47:36Z
19474,22,2026-08-04T13:47:37Z
19475,25,2026-08-04T13:47:40Z
19476,25,2026-08-04T13:47:44Z
19477,23,2026-08-04T13:47:46Z
19478,27,2026-08-04T13:47:49Z
19479,28,2026-08-04T13:47:51Z
19480,28,2026-08-04T13:47:59Z
19481,29,2026-08-04T13:48:00Z
19482,25,2026-08-04T13:48:02Z
19483,27,2026-08-04T13:48:09Z
19484,25,2026-08-04T13:48:12Z
19485,24,2026-08-04T13:48:15Z
19486,27,2026-08-04T13:48:18Z
19487,28,2026-08-04T13:48:21Z
19488,26,2026-08-04T13:48:24Z
19489,24,2026-08-04T13:48:27Z
19490,25,2026-08-04T13:48:30Z
19491,25,2026-08-04T13:48:33Z
19492,24,2026-08-04T13:48:35Z
19493,22,2026-08-04T13:48:38Z
19494,21,2026-08-04T13:48:40Z
19495,21,2026-08-04T13:48:43Z
19496,24,2026-08-04T13:48:45Z
19497,21,2026-08-04T13:48:48Z
19498,23,2026-08-04T13:48:51Z
19499,22,2026-08-04T13:48:54Z
19500,22,2026-08-04T13:48:55Z
19501,23,2026-08-04T13:48:58Z
19502,22,2026-08-04T13:49:01Z
19503,19,2026-08-04T13:49:04Z
19504,22,2026-08-04T13:49:06Z
19505,22,2026-08-04T13:49:08Z
19506,20,2026-08-04T13:49:10Z
19507,20,2026-08-04T13:49:12Z
19508,22,2026-08-04T13:49:15Z
19509,21,2026-08-04T13:49:17Z
19510,22,2026-08-04T13:49:18Z
19511,21,2026-08-04T13:49:19Z
19512,18,2026-08-04T13:49:20Z
19513,21,2026-08-04T13:49:24Z
19514,20,2026-08-04T13:49:27Z
19515,21,2026-08-04T13:49:29Z
19516,25,2026-08-04T13:49:32Z
19517,20,2026-08-04T13:49:34Z
19518,22,2026-08-04T13:49:37Z
19519,23,2026-08-04T13:49:40Z
19520,23,2026-08-04T13:49:42Z
19521,21,2026-08-04T13:49:45Z
19522,24,2026-08-04T13:49:48Z
19523,23,2026-08-04T13:49:51Z
19524,23,2026-08-04T13:49:54Z
19525,22,2026-08-04T13:49:55Z
19526,22,2026-08-04T13:49:57Z
19527,20,2026-08-04T13:50:00Z
19528,22,2026-08-04T13:50:03Z
19529,23,2026-08-04T13:50:06Z
19530,21,2026-08-04T13:50:08Z
19531,22,2026-08-04T13:50:11Z
19532,23,2026-08-04T13:50:13Z
19533,23,2026-08-04T13:50:16Z
19534,22,2026-08-04T13:50:18Z
19535,23,2026-08-04T13:50:20Z
19536,24,2026-08-04T13:50:22Z
19537,25,2026-08-04T13:50:25Z
19538,23,2026-08-04T13:50:28Z
19539,24,2026-08-04T13:50:31Z
19540,23,2026-08-04T13:50:34Z
19541,23,2026-08-04T13:50:36Z
19542,22,2026-08-04T13:50:38Z
19543,25,2026-08-04T13:50:41Z
19544,28,2026-08-04T13:50:45Z
19545,30,2026-08-04T13:50:48Z
19546,28,2026-08-04T13:50:50Z
19547,28,2026-08-04T13:50:54Z
19548,30,2026-08-04T13:50:55Z
19549,28,2026-08-04T13:50:57Z
19550,28,2026-08-04T13:51:00Z
19551,26,2026-08-04T13:51:05Z
19552,29,2026-08-04T13:51:08Z
19553,28,2026-08-04T13:51:11Z
19554,27,2026-08-04T13:51:15Z
19555,27,2026-08-04T13:51:18Z
19556,26,2026-08-04T13:51:21Z
19557,28,2026-08-04T13:51:24Z
19558,28,2026-08-04T13:51:27Z
19559,28,2026-08-04T13:51:29Z
19560,28,2026-08-04T13:51:31Z
19561,30,2026-08-04T13:51:37Z
19562,30,2026-08-04T13:51:39Z
19563,30,2026-08-04T13:51:41Z
19564,26,2026-08-04T13:51:43Z
19565,21,2026-08-04T13:51:46Z
19566,23,2026-08-04T13:51:49Z
19567,26,2026-08-04T13:51:52Z
19568,27,2026-08-04T13:51:55Z
19569,27,2026-08-04T13:51:59Z
19570,23,2026-08-04T13:52:02Z
19571,25,2026-08-04T13:52:05Z
19572,23,2026-08-04T13:52:09Z
19573,20,2026-08-04T13:52:10Z
19574,22,2026-08-04T13:52:12Z
19575,21,2026-08-04T13:52:15Z
19576,21,2026-08-04T13:52:17Z
19577,25,2026-08-04T13:52:20Z
19578,23,2026-08-04T13:52:23Z
19579,24,2026-08-04T13:52:27Z
19580,24,2026-08-04T13:52:30Z
19581,30,2026-08-04T13:52:34Z
19582,30,2026-08-04T13:52:37Z
19583,26,2026-08-04T13:52:41Z
19584,28,2026-08-04T13:52:44Z
19585,30,2026-08-04T13:52:47Z
19586,24,2026-08-04T13:52:50Z
19587,25,2026-08-04T13:52:52Z
19588,23,2026-08-04T13:52:55Z
19589,21,2026-08-04T13:52:57Z
19590,23,2026-08-04T13:53:00Z
19591,22,2026-08-04T13:53:03Z
19592,23,2026-08-04T13:53:06Z
19593,23,2026-08-04T13:53:10Z
19594,20,2026-08-04T13:53:12Z
19595,20,2026-08-04T13:53:14Z
19596,23,2026-08-04T13:53:16Z
19597,22,2026-08-04T13:53:18Z
19598,20,2026-08-04T13:53:20Z
19599,22,2026-08-04T13:53:22Z
19600,23,2026-08-04T13:53:24Z
19601,21,2026-08-04T13:53:26Z
19602,24,2026-08-04T13:53:27Z
19603,21,2026-08-04T13:53:31Z
19604,22,2026-08-04T13:53:34Z
19605,24,2026-08-04T13:53:37Z
19606,24,2026-08-04T13:53:37Z
19607,22,2026-08-04T13:53:42Z
19608,23,2026-08-04T13:53:44Z
19609,25,2026-08-04T13:53:47Z
19610,25,2026-08-04T13:53:49Z
19611,25,2026-08-04T13:53:52Z
19612,23,2026-08-04T13:53:54Z
19613,23,2026-08-04T13:53:56Z
19614,22,2026-08-04T13:53:59Z
19615,22,2026-08-04T13:54:01Z
19616,20,2026-08-04T13:54:03Z
19617,21,2026-08-04T13:54:06Z
19618,21,2026-08-04T13:54:10Z
19619,23,2026-08-04T13:54:13Z
19620,25,2026-08-04T13:54:15Z
19621,25,2026-08-04T13:54:18Z
19622,22,2026-08-04T13:54:21Z
19623,23,2026-08-04T13:54:23Z
19624,22,2026-08-04T13:54:26Z
19625,22,2026-08-04T13:54:29Z
19626,22,2026-08-04T13:54:32Z
19627,19,2026-08-04T13:54:35Z
19628,20,2026-08-04T13:54:37Z
19629,21,2026-08-04T13:54:39Z
19630,21,2026-08-04T13:54:41Z
19631,20,2026-08-04T13:54:45Z
19632,19,2026-08-04T13:54:48Z
19633,18,2026-08-04T13:54:50Z
19634,17,2026-08-04T13:54:52Z
19635,16,2026-08-04T13:54:54Z
19636,17,2026-08-04T13:54:56Z
19637,16,2026-08-04T13:54:57Z
19638,14,2026-08-04T13:55:00Z
19639,14,2026-08-04T13:55:02Z
19640,17,2026-08-04T13:55:03Z
19641,15,2026-08-04T13:55:05Z
19642,14,2026-08-04T13:55:07Z
19643,16,2026-08-04T13:55:08Z
19644,20,2026-08-04T13:55:10Z
19645,20,2026-08-04T13:55:13Z
19646,15,2026-08-04T13:55:15Z
19647,16,2026-08-04T13:55:17Z
19648,19,2026-08-04T13:55:19Z
19649,19,2026-08-04T13:55:22Z
19650,17,2026-08-04T13:55:24Z
19651,18,2026-08-04T13:55:25Z
19652,18,2026-08-04T13:55:28Z
19653,18,2026-08-04T13:55:31Z
19654,19,2026-08-04T13:55:33Z
19655,18,2026-08-04T13:55:35Z
19656,20,2026-08-04T13:55:38Z
19657,22,2026-08-04T13:55:41Z
19658,20,2026-08-04T13:55:44Z
19659,22,2026-08-04T13:55:47Z
19660,28,2026-08-04T13:55:51Z
19661,26,2026-08-04T13:55:53Z
19662,25,2026-08-04T13:55:55Z
19663,28,2026-08-04T13:55:59Z
19664,28,2026-08-04T13:56:01Z
19665,29,2026-08-04T13:56:04Z
19666,29,2026-08-04T13:56:06Z
19667,29,2026-08-04T13:56:09Z
19668,31,2026-08-04T13:56:11Z
19669,31,2026-08-04T13:56:18Z
19670,31,2026-08-04T13:56:21Z
19671,30,2026-08-04T13:56:24Z
19672,29,2026-08-04T13:56:27Z
19673,26,2026-08-04T13:56:29Z
19674,28,2026-08-04T13:56:31Z
19675,28,2026-08-04T13:56:34Z
19676,27,2026-08-04T13:56:37Z
19677,30,2026-08-04T13:56:40Z
19678,29,2026-08-04T13:56:43Z
19679,27,2026-08-04T13:56:46Z
19680,25,2026-08-04T13:56:49Z
19681,27,2026-08-04T13:56:52Z
19682,27,2026-08-04T13:56:56Z
19683,30,2026-08-04T13:56:59Z
19684,34,2026-08-04T13:57:02Z
19685,33,2026-08-04T13:57:05Z
19686,31,2026-08-04T13:57:08Z
19687,30,2026-08-04T13:57:12Z
19688,26,2026-08-04T13:57:15Z
19689,26,2026-08-04T13:57:18Z
19690,27,2026-08-04T13:57:21Z
19691,26,2026-08-04T13:57:24Z
19692,24,2026-08-04T13:57:27Z
19693,26,2026-08-04T13:57:29Z
19694,26,2026-08-04T13:57:32Z
19695,22,2026-08-04T13:57:35Z
19696,23,2026-08-04T13:57:39Z
19697,24,2026-08-04T13:57:43Z
19698,27,2026-08-04T13:57:47Z
19699,25,2026-08-04T13:57:50Z
19700,24,2026-08-04T13:57:54Z
19701,25,2026-08-04T13:57:57Z
19702,27,2026-08-04T13:57:59Z
19703,24,2026-08-04T13:58:01Z
19704,23,2026-08-04T13:58:04Z
19705,24,2026-08-04T13:58:07Z
19706,19,2026-08-04T13:58:10Z
19707,24,2026-08-04T13:58:12Z
19708,23,2026-08-04T13:58:15Z
19709,20,2026-08-04T13:58:18Z
19710,23,2026-08-04T13:58:20Z
19711,23,2026-08-04T13:58:22Z
19712,20,2026-08-04T13:58:25Z
19713,21,2026-08-04T13:58:27Z
19714,22,2026-08-04T13:58:29Z
19715,20,2026-08-04T13:58:31Z
19716,20,2026-08-04T13:58:33Z
19717,20,2026-08-04T13:58:35Z
19718,19,2026-08-04T13:58:37Z
19719,18,2026-08-04T13:58:39Z
19720,18,2026-08-04T13:58:41Z
19721,19,2026-08-04T13:58:42Z
19722,18,2026-08-04T13:58:44Z
19723,18,2026-08-04T13:58:46Z
19724,20,2026-08-04T13:58:48Z
19725,19,2026-08-04T13:58:50Z
19726,21,2026-08-04T13:58:51Z
19727,21,2026-08-04T13:58:54Z
19728,20,2026-08-04T13:58:57Z
19729,22,2026-08-04T13:59:00Z
19730,23,2026-08-04T13:59:03Z
19731,22,2026-08-04T13:59:06Z
19732,24,2026-08-04T13:59:10Z
19733,24,2026-08-04T13:59:15Z
19734,22,2026-08-04T13:59:17Z
19735,22,2026-08-04T13:59:19Z
19736,21,2026-08-04T13:59:21Z
19737,22,2026-08-04T13:59:24Z
19738,21,2026-08-04T13:59:27Z
19739,21,2026-08-04T13:59:29Z
19740,26,2026-08-04T13:59:32Z
19741,23,2026-08-04T13:59:35Z
19742,24,2026-08-04T13:59:38Z
19743,25,2026-08-04T13:59:39Z
19744,24,2026-08-04T13:59:40Z
19745,27,2026-08-04T13:59:43Z
19746,25,2026-08-04T13:59:45Z
19747,26,2026-08-04T13:59:47Z
19748,27,2026-08-04T13:59:50Z
19749,27,2026-08-04T13:59:52Z
19750,26,2026-08-04T13:59:55Z
19751,27,2026-08-04T13:59:59Z
19752,26,2026-08-04T14:00:02Z
19753,24,2026-08-04T14:00:06Z
19754,25,2026-08-04T14:00:08Z
19755,25,2026-08-04T14:00:11Z
19756,25,2026-08-04T14:00:14Z
19757,25,2026-08-04T14:00:17Z
19758,25,2026-08-04T14:00:19Z
19759,24,2026-08-04T14:00:22Z
19760,28,2026-08-04T14:00:25Z
19761,26,2026-08-04T14:00:29Z
19762,24,2026-08-04T14:00:32Z
19763,25,2026-08-04T14:00:34Z
19764,22,2026-08-04T14:00:37Z
19765,21,2026-08-04T14:00:41Z
19766,26,2026-08-04T14:00:42Z
19767,23,2026-08-04T14:00:44Z
19768,23,2026-08-04T14:00:47Z
19769,24,2026-08-04T14:00:51Z
19770,25,2026-08-04T14:00:55Z
19771,21,2026-08-04T14:00:57Z
19772,21,2026-08-04T14:01:00Z
19773,22,2026-08-04T14:01:04Z
19774,21,2026-08-04T14:01:05Z
19775,23,2026-08-04T14:01:07Z
19776,21,2026-08-04T14:01:09Z
19777,21,2026-08-04T14:01:11Z
19778,23,2026-08-04T14:01:14Z
19779,20,2026-08-04T14:01:16Z
19780,19,2026-08-04T14:01:19Z
19781,19,2026-08-04T14:01:22Z
19782,20,2026-08-04T14:01:25Z
19783,17,2026-08-04T14:01:27Z
19784,19,2026-08-04T14:01:30Z
19785,19,2026-08-04T14:01:33Z
19786,19,2026-08-04T14:01:35Z
19787,21,2026-08-04T14:01:37Z
19788,24,2026-08-04T14:01:39Z
19789,22,2026-08-04T14:01:42Z
19790,22,2026-08-04T14:01:44Z
19791,23,2026-08-04T14:01:47Z
19792,23,2026-08-04T14:01:49Z
19793,25,2026-08-04T14:01:52Z
19794,24,2026-08-04T14:01:54Z
19795,19,2026-08-04T14:01:56Z
19796,19,2026-08-04T14:01:59Z
19797,18,2026-08-04T14:02:02Z
19798,16,2026-08-04T14:02:05Z
19799,18,2026-08-04T14:02:06Z
19800,19,2026-08-04T14:02:08Z
19801,18,2026-08-04T14:02:10Z
19802,22,2026-08-04T14:02:13Z
19803,21,2026-08-04T14:02:16Z
19804,21,2026-08-04T14:02:17Z
19805,25,2026-08-04T14:02:19Z
19806,28,2026-08-04T14:02:22Z
19807,25,2026-08-04T14:02:26Z
19808,25,2026-08-04T14:02:29Z
19809,23,2026-08-04T14:02:33Z
19810,26,2026-08-04T14:02:37Z
19811,26,2026-08-04T14:02:40Z
19812,26,2026-08-04T14:02:43Z
19813,27,2026-08-04T14:02:46Z
19814,26,2026-08-04T14:02:47Z
19815,27,2026-08-04T14:02:50Z
19816,26,2026-08-04T14:02:54Z
19817,26,2026-08-04T14:02:57Z
19818,24,2026-08-04T14:03:00Z
19819,27,2026-08-04T14:03:01Z
19820,26,2026-08-04T14:03:03Z
19821,26,2026-08-04T14:03:07Z
19822,24,2026-08-04T14:03:11Z
19823,25,2026-08-04T14:03:14Z
19824,25,2026-08-04T14:03:16Z
19825,29,2026-08-04T14:03:18Z
19826,26,2026-08-04T14:03:20Z
19827,26,2026-08-04T14:03:21Z
19828,24,2026-08-04T14:03:24Z
19829,25,2026-08-04T14:03:27Z
19830,26,2026-08-04T14:03:30Z
19831,27,2026-08-04T14:03:33Z
19832,23,2026-08-04T14:03:36Z
19833,21,2026-08-04T14:03:39Z
19834,23,2026-08-04T14:03:42Z
19835,22,2026-08-04T14:03:45Z
19836,21,2026-08-04T14:03:47Z
19837,21,2026-08-04T14:03:49Z
19838,23,2026-08-04T14:03:51Z
19839,21,2026-08-04T14:03:53Z
19840,19,2026-08-04T14:03:55Z
19841,22,2026-08-04T14:03:57Z
19842,20,2026-08-04T14:03:59Z
19843,21,2026-08-04T14:04:01Z
19844,19,2026-08-04T14:04:04Z
19845,20,2026-08-04T14:04:07Z
19846,21,2026-08-04T14:04:10Z
19847,20,2026-08-04T14:04:14Z
19848,17,2026-08-04T14:04:15Z
19849,19,2026-08-04T14:04:17Z
19850,20,2026-08-04T14:04:19Z
19851,17,2026-08-04T14:04:21Z
19852,16,2026-08-04T14:04:23Z
19853,17,2026-08-04T14:04:25Z
19854,19,2026-08-04T14:04:26Z
19855,17,2026-08-04T14:04:29Z
19856,16,2026-08-04T14:04:31Z
19857,16,2026-08-04T14:04:33Z
19858,18,2026-08-04T14:04:35Z
19859,16,2026-08-04T14:04:38Z
19860,17,2026-08-04T14:04:40Z
19861,17,2026-08-04T14:04:42Z
19862,18,2026-08-04T14:04:44Z
19863,17,2026-08-04T14:04:47Z
19864,18,2026-08-04T14:04:47Z
19865,19,2026-08-04T14:04:51Z
19866,17,2026-08-04T14:04:54Z
19867,19,2026-08-04T14:04:56Z
19868,18,2026-08-04T14:04:59Z
19869,18,2026-08-04T14:05:01Z
19870,19,2026-08-04T14:05:04Z
19871,19,2026-08-04T14:05:06Z
19872,19,2026-08-04T14:05:08Z
19873,20,2026-08-04T14:05:12Z
19874,18,2026-08-04T14:05:15Z
19875,17,2026-08-04T14:05:19Z
19876,18,2026-08-04T14:05:21Z
19877,18,2026-08-04T14:05:24Z
19878,19,2026-08-04T14:05:27Z
19879,20,2026-08-04T14:05:30Z
19880,21,2026-08-04T14:05:33Z
19881,18,2026-08-04T14:05:36Z
19882,18,2026-08-04T14:05:39Z
19883,19,2026-08-04T14:05:42Z
19884,19,2026-08-04T14:05:45Z
19885,23,2026-08-04T14:05:48Z
19886,20,2026-08-04T14:05:51Z
19887,18,2026-08-04T14:05:55Z
19888,20,2026-08-04T14:05:58Z
19889,19,2026-08-04T14:06:01Z
19890,22,2026-08-04T14:06:04Z
19891,22,2026-08-04T14:06:06Z
19892,23,2026-08-04T14:06:09Z
19893,22,2026-08-04T14:06:12Z
19894,22,2026-08-04T14:06:16Z
19895,22,2026-08-04T14:06:18Z
19896,24,2026-08-04T14:06:20Z
19897,24,2026-08-04T14:06:23Z
19898,28,2026-08-04T14:06:25Z
19899,29,2026-08-04T14:06:27Z
19900,25,2026-08-04T14:06:30Z
19901,27,2026-08-04T14:06:33Z
19902,27,2026-08-04T14:06:35Z
19903,26,2026-08-04T14:06:37Z
19904,26,2026-08-04T14:06:39Z
19905,27,2026-08-04T14:06:44Z
19906,26,2026-08-04T14:06:50Z
19907,26,2026-08-04T14:06:51Z
19908,30,2026-08-04T14:06:57Z
19909,28,2026-08-04T14:07:00Z
19910,29,2026-08-04T14:07:02Z
19911,30,2026-08-04T14:07:08Z
19912,30,2026-08-04T14:07:10Z
19913,30,2026-08-04T14:07:13Z
19914,29,2026-08-04T14:07:18Z
19915,29,2026-08-04T14:07:21Z
19916,27,2026-08-04T14:07:25Z
19917,25,2026-08-04T14:07:28Z
19918,21,2026-08-04T14:07:32Z
19919,22,2026-08-04T14:07:34Z
19920,23,2026-08-04T14:07:37Z
19921,21,2026-08-04T14:07:39Z
19922,21,2026-08-04T14:07:42Z
19923,21,2026-08-04T14:07:45Z
19924,24,2026-08-04T14:07:49Z
19925,22,2026-08-04T14:07:51Z
19926,22,2026-08-04T14:07:53Z
19927,21,2026-08-04T14:07:55Z
19928,22,2026-08-04T14:07:57Z
19929,23,2026-08-04T14:08:01Z
19930,23,2026-08-04T14:08:04Z
19931,24,2026-08-04T14:08:08Z
19932,25,2026-08-04T14:08:10Z
19933,27,2026-08-04T14:08:13Z
19934,28,2026-08-04T14:08:15Z
19935,26,2026-08-04T14:08:18Z
19936,25,2026-08-04T14:08:22Z
19937,25,2026-08-04T14:08:24Z
19938,28,2026-08-04T14:08:26Z
19939,30,2026-08-04T14:08:29Z
19940,28,2026-08-04T14:08:32Z
19941,27,2026-08-04T14:08:35Z
19942,24,2026-08-04T14:08:37Z
19943,22,2026-08-04T14:08:40Z
19944,22,2026-08-04T14:08:42Z
19945,22,2026-08-04T14:08:45Z
19946,23,2026-08-04T14:08:47Z
19947,21,2026-08-04T14:08:50Z
19948,21,2026-08-04T14:08:52Z
19949,21,2026-08-04T14:08:55Z
19950,19,2026-08-04T14:08:57Z
19951,22,2026-08-04T14:09:00Z
19952,21,2026-08-04T14:09:02Z
19953,21,2026-08-04T14:09:04Z
19954,22,2026-08-04T14:09:05Z
19955,21,2026-08-04T14:09:08Z
19956,21,2026-08-04T14:09:11Z
19957,21,2026-08-04T14:09:13Z
19958,22,2026-08-04T14:09:15Z
19959,21,2026-08-04T14:09:17Z
19960,21,2026-08-04T14:09:19Z
19961,20,2026-08-04T14:09:22Z
19962,20,2026-08-04T14:09:24Z
19963,21,2026-08-04T14:09:26Z
19964,20,2026-08-04T14:09:28Z
19965,23,2026-08-04T14:09:30Z
19966,21,2026-08-04T14:09:33Z
19967,19,2026-08-04T14:09:34Z
19968,16,2026-08-04T14:09:35Z
19969,19,2026-08-04T14:09:37Z
19970,17,2026-08-04T14:09:39Z
19971,16,2026-08-04T14:09:42Z
19972,18,2026-08-04T14:09:44Z
19973,19,2026-08-04T14:09:47Z
19974,21,2026-08-04T14:09:49Z
19975,21,2026-08-04T14:09:51Z
19976,21,2026-08-04T14:09:52Z
19977,20,2026-08-04T14:09:54Z
19978,20,2026-08-04T14:09:57Z
19979,21,2026-08-04T14:09:59Z
19980,22,2026-08-04T14:10:02Z
19981,21,2026-08-04T14:10:04Z
19982,21,2026-08-04T14:10:06Z
19983,19,2026-08-04T14:10:08Z
19984,20,2026-08-04T14:10:10Z
19985,21,2026-08-04T14:10:11Z
19986,22,2026-08-04T14:10:13Z
19987,22,2026-08-04T14:10:15Z
19988,24,2026-08-04T14:10:17Z
19989,20,2026-08-04T14:10:18Z
19990,23,2026-08-04T14:10:20Z
19991,23,2026-08-04T14:10:23Z
19992,24,2026-08-04T14:10:25Z
19993,20,2026-08-04T14:10:27Z
19994,21,2026-08-04T14:10:29Z
19995,20,2026-08-04T14:10:31Z
19996,17,2026-08-04T14:10:33Z
19997,19,2026-08-04T14:10:35Z
19998,20,2026-08-04T14:10:37Z
19999,21,2026-08-04T14:10:38Z
20000,21,2026-08-04T14:10:40Z
20001,22,2026-08-04T14:10:41Z
20002,24,2026-08-04T14:10:43Z
20003,24,2026-08-04T14:10:45Z
20004,26,2026-08-04T14:10:48Z
20005,25,2026-08-04T14:10:51Z
20006,25,2026-08-04T14:10:54Z
20007,22,2026-08-04T14:10:57Z
20008,20,2026-08-04T14:10:59Z
20009,22,2026-08-04T14:11:01Z
20010,25,2026-08-04T14:11:03Z
20011,22,2026-08-04T14:11:05Z
20012,24,2026-08-04T14:11:07Z
20013,23,2026-08-04T14:11:09Z
20014,19,2026-08-04T14:11:11Z
20015,18,2026-08-04T14:11:12Z
20016,18,2026-08-04T14:11:14Z
20017,17,2026-08-04T14:11:16Z
20018,16,2026-08-04T14:11:19Z
20019,18,2026-08-04T14:11:21Z
20020,20,2026-08-04T14:11:23Z
20021,19,2026-08-04T14:11:25Z
20022,21,2026-08-04T14:11:27Z
20023,23,2026-08-04T14:11:30Z
20024,27,2026-08-04T14:11:31Z
20025,23,2026-08-04T14:11:33Z
20026,24,2026-08-04T14:11:36Z
20027,22,2026-08-04T14:11:39Z
20028,23,2026-08-04T14:11:41Z
20029,25,2026-08-04T14:11:44Z
20030,33,2026-08-04T14:11:47Z
20031,32,2026-08-04T14:11:50Z
20032,26,2026-08-04T14:11:52Z
20033,27,2026-08-04T14:11:54Z
20034,27,2026-08-04T14:11:56Z
20035,27,2026-08-04T14:11:59Z
20036,31,2026-08-04T14:12:01Z
20037,25,2026-08-04T14:12:04Z
20038,24,2026-08-04T14:12:07Z
20039,25,2026-08-04T14:12:10Z
20040,27,2026-08-04T14:12:13Z
20041,24,2026-08-04T14:12:16Z
20042,22,2026-08-04T14:12:19Z
20043,22,2026-08-04T14:12:22Z
20044,22,2026-08-04T14:12:24Z
20045,22,2026-08-04T14:12:27Z
20046,21,2026-08-04T14:12:30Z
20047,22,2026-08-04T14:12:32Z
20048,20,2026-08-04T14:12:35Z
20049,22,2026-08-04T14:12:37Z
20050,20,2026-08-04T14:12:39Z
20051,21,2026-08-04T14:12:41Z
20052,20,2026-08-04T14:12:42Z
20053,20,2026-08-04T14:12:44Z
20054,19,2026-08-04T14:12:46Z
20055,19,2026-08-04T14:12:48Z
20056,20,2026-08-04T14:12:50Z
20057,23,2026-08-04T14:12:52Z
20058,22,2026-08-04T14:12:55Z
20059,20,2026-08-04T14:12:58Z
20060,20,2026-08-04T14:12:58Z
20061,21,2026-08-04T14:12:58Z
20062,21,2026-08-04T14:12:58Z
20063,22,2026-08-04T14:12:58Z
20064,21,2026-08-04T14:12:58Z
20065,21,2026-08-04T14:12:58Z
20066,20,2026-08-04T14:12:58Z
